dataset,model,regime,seq_len,stride,split_size,block,buffer_size,novelty_threshold,retention_threshold,replay_ratio,lambda_ewc,alpha,temperature,bwt,fwt,af,avg_diagonal_auc,final_avg_auc,peak_auc,n_valid_diag,n_valid_bwt_pairs,n_valid_af_pairs,diag_c0,diag_c1,diag_c2,diag_c3,diag_c4,final_c0,final_c1,final_c2,final_c3,final_c4,co2_kg,energy_kwh,cpu_energy_kwh,ram_energy_kwh,cc_duration_s,total_epochs,n_concepts,elapsed_s,run_id,diag_c5,diag_c6,diag_c7,diag_c8,diag_c9,final_c5,final_c6,final_c7,final_c8,final_c9
yahoo-a4,gru,naive,12,12,336,B1,,,,,,,,0.0057038820196952,0.0087992777476581,-0.0057038820196952,0.9457805899523956,0.9532274569076332,0.9758159802384518,5,10,10,0.9656,0.9436,0.9443,0.9098,0.9656,0.9758,0.9506,0.959,0.9152,0.9656,0.0001293370336599,0.000195395004366,8.88161913795759e-05,0.0001065788129864,63.9,58,5,64.0,r-naive_sl12_st12_sp336,,,,,,,,,,
yahoo-a4,gru,cumulative,12,12,336,B1,,,,,,,,0.00657828795808,0.018772962995313,-0.00657828795808,0.9545240969686268,0.960569255162768,0.9820924136792892,5,10,10,0.9656,0.9569,0.9588,0.9166,0.9748,0.9818,0.9589,0.9643,0.9231,0.9748,0.000472444804758,0.000713742630986,0.0003244292395273,0.0003893133914587,233.6,117,5,233.6,r-cumulative_sl12_st12_sp336,,,,,,,,,,
yahoo-a4,gru,experts,12,12,336,B1,,,,,,,,0.0026978576097638,-0.0001602960753518,-0.0026978576097638,0.9422824817822398,0.942704353742426,0.978672415821177,5,10,10,0.9656,0.9385,0.9266,0.9197,0.961,0.9662,0.9397,0.948,0.8987,0.961,0.0002030325904672,0.0003067300430369,0.0001394230935205,0.0001673069495164,100.4,120,5,100.4,r-experts_sl12_st12_sp336,,,,,,,,,,
yahoo-a4,gru,random-buffer,12,12,336,B1,50.0,,,0.5,,,,0.0058055633889444,0.0014936849196823,-0.0058055633889444,0.942420892506864,0.952712337156469,0.975833536695629,5,10,10,0.9656,0.934,0.937,0.9093,0.9662,0.9758,0.9502,0.9552,0.9161,0.9662,5.483536279622396e-07,0.0002306702537859,0.000104850402951,0.0001258198508348,75.5,54,5,75.5,r-random-buffer_sl12_st12_sp336_bu50_re0.5,,,,,,,,,,
yahoo-a4,gru,random-buffer,12,12,336,B1,100.0,,,0.5,,,,0.0059896465122972,0.0088652244027559,-0.0059896465122972,0.946482699058796,0.9535394579208972,0.9772661436012858,5,10,10,0.9656,0.9396,0.9475,0.9125,0.9672,0.9773,0.9501,0.9567,0.9164,0.9672,6.007516840150003e-07,0.0002527120025247,0.0001148693918981,0.0001378426106266,82.7,60,5,82.7,r-random-buffer_sl12_st12_sp336_bu100_re0.5,,,,,,,,,,
yahoo-a4,gru,random-buffer,12,12,336,B1,250.0,,,0.5,,,,0.0084192674977645,0.0125281261991683,-0.0084192674977645,0.9496504115693304,0.958612141183448,0.9816886151642144,5,10,10,0.9656,0.9444,0.9527,0.9156,0.9699,0.9817,0.956,0.9625,0.9229,0.9699,0.0001644666860852,0.0002484668770908,0.0001129398072319,0.0001355270698588,81.3,58,5,81.3,r-random-buffer_sl12_st12_sp336_bu250_re0.5,,,,,,,,,,
yahoo-a4,gru,random-buffer,12,12,336,B1,500.0,,,0.5,,,,0.0073245326728314,0.0156401998415405,-0.0073245326728314,0.9513019540758052,0.9588839103789406,0.9815955659411753,5,10,10,0.9656,0.949,0.9551,0.9161,0.9706,0.9816,0.9565,0.9622,0.9234,0.9706,0.0001694830557349,0.0002560453218863,0.000116384564873,0.0001396607570132,83.8,60,5,83.8,r-random-buffer_sl12_st12_sp336_bu500_re0.5,,,,,,,,,,
yahoo-a4,gru,random-buffer,12,12,336,B1,1000.0,,,0.5,,,,0.0063424904831282,0.0073856760024198,-0.0063424904831282,0.945872599758946,0.9530491174406288,0.9780438946542344,5,10,10,0.9656,0.9387,0.9491,0.9105,0.9655,0.978,0.9516,0.9565,0.9136,0.9655,0.000159717137915,0.0002412915309491,0.0001096782841428,0.0001316132468062,79.0,56,5,79.0,r-random-buffer_sl12_st12_sp336_bu1000_re0.5,,,,,,,,,,
yahoo-a4,gru,random-buffer,12,12,336,B1,50.0,,,,,,,0.0047238890478652,0.0071865098123479,-0.0047238890478652,0.9454327912984422,0.9529122315188966,0.9749855598139718,5,10,10,0.9656,0.9413,0.942,0.9106,0.9677,0.975,0.9501,0.9568,0.915,0.9677,0.0001243891359031,0.000187920002996,8.5418445428109e-05,0.0001025015575679,61.5,55,5,61.5,r-random-buffer_sl12_st12_sp336_bu50,,,,,,,,,,
yahoo-a4,gru,random-buffer,12,12,336,B1,50.0,,,0.3,,,,0.0049575144080087,0.0024693939864219,-0.0049575144080087,0.943572121719354,0.949090483545566,0.9738759917203748,5,10,10,0.9656,0.9352,0.9444,0.9095,0.9632,0.9739,0.9457,0.952,0.9107,0.9632,0.0001348842637443,0.0002037754427901,9.262546209502032e-05,0.0001111499806951,66.7,54,5,66.7,r-random-buffer_sl12_st12_sp336_bu50_re0.3,,,,,,,,,,
yahoo-a4,gru,reservoir,12,12,336,B1,50.0,,,0.5,,,,0.0046805592908144,0.0099980835489175,-0.0046805592908144,0.9473052312565988,0.9515884338165342,0.9759581875415868,5,10,10,0.9656,0.9464,0.9476,0.9128,0.964,0.976,0.949,0.9554,0.9135,0.964,0.0001580827145333,0.0002388223374416,0.0001085559159135,0.000130266421528,78.2,56,5,78.2,r-reservoir_sl12_st12_sp336_bu50_re0.5,,,,,,,,,,
yahoo-a4,gru,reservoir,12,12,336,B1,100.0,,,0.5,,,,0.0056831854282465,0.0098148786998691,-0.0056831854282465,0.9465027578844843,0.9528054816980814,0.9776787203449492,5,10,10,0.9656,0.9452,0.9459,0.9114,0.9645,0.9777,0.951,0.9571,0.9137,0.9645,0.0001631372092028,0.0002464583793397,0.000112026834896,0.0001344315444437,80.7,58,5,80.6,r-reservoir_sl12_st12_sp336_bu100_re0.5,,,,,,,,,,
yahoo-a4,gru,reservoir,12,12,336,B1,250.0,,,0.5,,,,0.0056120001344283,0.0136644108747185,-0.0056120001344283,0.9500146074364773,0.9554574706910144,0.9788620255586904,5,10,10,0.9656,0.9493,0.9512,0.9158,0.9682,0.9789,0.9526,0.9589,0.9187,0.9682,6.087545014395271e-07,0.0002560784650266,0.000116399612387,0.0001396788526396,83.8,60,5,83.8,r-reservoir_sl12_st12_sp336_bu250_re0.5,,,,,,,,,,
yahoo-a4,gru,reservoir,12,12,336,B1,500.0,,,0.5,,,,0.0065018266201883,0.0120221074494258,-0.0065018266201883,0.9494157514375736,0.955823552948053,0.9796678669431224,5,10,10,0.9656,0.9463,0.9502,0.9161,0.9688,0.9797,0.9525,0.9586,0.9196,0.9688,5.997934604167525e-07,0.0002523089165063,0.0001146861751169,0.0001376227413893,82.6,59,5,82.6,r-reservoir_sl12_st12_sp336_bu500_re0.5,,,,,,,,,,
yahoo-a4,gru,reservoir,12,12,336,B1,1000.0,,,0.5,,,,0.0061210508537536,0.0093826664427742,-0.0061210508537536,0.947956834476622,0.95466112882377,0.9785863891810088,5,10,10,0.9656,0.9441,0.9502,0.9126,0.9672,0.9786,0.9514,0.9582,0.9179,0.9672,0.0001624530119825,0.0002454247332519,0.0001115570031843,0.0001338677300675,80.3,57,5,80.3,r-reservoir_sl12_st12_sp336_bu1000_re0.5,,,,,,,,,,
yahoo-a4,gru,reservoir,12,12,336,B1,50.0,,,,,,,0.0040106338723825,0.0082366196064777,-0.0040106338723825,0.9460945368940616,0.9516510101795717,0.9732773165306332,5,10,10,0.9656,0.9438,0.9434,0.9103,0.9674,0.9733,0.9476,0.9557,0.9143,0.9674,4.458978706043615e-07,0.0001875712491538,8.52599080432103e-05,0.0001023113411106,61.4,55,5,61.4,r-reservoir_sl12_st12_sp336_bu50,,,,,,,,,,
yahoo-a4,gru,reservoir,12,12,336,B1,50.0,,,0.3,,,,0.0069454266067496,0.0082311025278761,-0.0069454266067496,0.9458442718440182,0.9532188909363908,0.976948371726379,5,10,10,0.9656,0.9429,0.9483,0.9091,0.9633,0.9769,0.9521,0.9567,0.917,0.9633,0.0001416334656108,0.0002139717515414,9.72601620965482e-05,0.0001167115894448,70.0,58,5,70.0,r-reservoir_sl12_st12_sp336_bu50_re0.3,,,,,,,,,,
yahoo-a4,gru,ewc,12,12,336,B1,,,,,1000.0,,,0.0036583651876446,0.0062698419826553,-0.0036583651876446,0.9433887849002917,0.9476121624623686,0.9720114959681596,5,10,10,0.9656,0.9422,0.9429,0.9063,0.9598,0.9718,0.9465,0.9543,0.9057,0.9598,0.0001376614529788,0.0002079710616878,9.453255439810972e-05,0.0001134385072897,68.1,58,5,68.1,r-ewc_sl12_st12_sp336_la1000.0,,,,,,,,,,
yahoo-a4,gru,ewc,12,12,336,B1,,,,,100.0,,,0.0053653403519618,0.0084136515262099,-0.0053653403519618,0.9455054371168868,0.95138747282891,0.9751365453456956,5,10,10,0.9656,0.9434,0.9441,0.9109,0.9635,0.9751,0.9494,0.9574,0.9115,0.9635,0.000137823413914,0.0002082157430196,9.46437817707192e-05,0.0001135719612489,68.1,58,5,68.2,r-ewc_sl12_st12_sp336_la100,,,,,,,,,,
yahoo-a4,gru,ewc,12,12,336,B1,,,,,500.0,,,0.0044046102461416,0.0071834515577543,-0.0044046102461416,0.9442831657701346,0.9492241459302384,0.9731965568276184,5,10,10,0.9656,0.9427,0.9435,0.9083,0.9613,0.9732,0.9477,0.9556,0.9084,0.9613,0.0001379675382305,0.0002084334778065,9.4742765859054e-05,0.0001136907119474,68.2,58,5,68.2,r-ewc_sl12_st12_sp336_la500,,,,,,,,,,
yahoo-a4,gru,ewc,12,12,336,B1,,,,,5000.0,,,0.0023229361747208,0.000539270534276,-0.0023229361747208,0.9387071466894544,0.9424065438875668,0.967360790461928,5,10,10,0.9656,0.9369,0.9392,0.897,0.9548,0.9672,0.9419,0.9495,0.8986,0.9548,0.0001337613050202,0.0002020789408789,9.185433831040023e-05,0.0001102246025685,66.1,55,5,66.1,r-ewc_sl12_st12_sp336_la5000,,,,,,,,,,
yahoo-a4,gru,ewc,12,12,336,B1,,,,,10000.0,,,0.0005877079185795,-0.000909274122266,-0.0005877079185795,0.937376009621074,0.9390367270279422,0.965612167327082,5,10,10,0.9656,0.9366,0.9374,0.8956,0.9517,0.9628,0.9389,0.9447,0.8971,0.9517,0.0001338710932773,0.000202244802708,9.192971736128028e-05,0.0001103150853468,66.2,55,5,66.2,r-ewc_sl12_st12_sp336_la10000,,,,,,,,,,
yahoo-a4,gru,lwf,12,12,336,B1,,,,,,1.0,2.0,0.0064206844332547,0.0035786193722173,-0.0064206844332547,0.94298952869207,0.9501017374829892,0.9731228197074742,5,10,10,0.9656,0.937,0.9424,0.9069,0.963,0.9731,0.948,0.9565,0.9099,0.963,0.0001307332576289,0.0001975043398038,8.977494785924339e-05,0.0001077293919445,64.6,56,5,64.6,r-lwf_sl12_st12_sp336_al1.0_te2.0,,,,,,,,,,
yahoo-a4,gru,lwf,12,12,336,B1,,,,,,0.1,2.0,0.0066336314833371,0.0070329677222232,-0.0066336314833371,0.9452715243231962,0.9535593942477152,0.9761232182390522,5,10,10,0.9656,0.9396,0.9446,0.9105,0.9661,0.9761,0.9507,0.9591,0.9158,0.9661,4.840848370363383e-07,0.0002036349656845,9.25616208923101e-05,0.0001110733447922,66.6,59,5,66.7,r-lwf_sl12_st12_sp336_al0.1_te2.0,,,,,,,,,,
yahoo-a4,gru,lwf,12,12,336,B1,,,,,,0.5,2.0,0.0056047373359934,0.0056424767399987,-0.0056047373359934,0.9445318129207236,0.9509594317221628,0.97414109422375,5,10,10,0.9656,0.94,0.9441,0.9095,0.9634,0.9741,0.9489,0.9571,0.9113,0.9634,0.0001321339086856,0.0001996203634329,9.073678558925166e-05,0.0001088835778436,65.3,57,5,65.3,r-lwf_sl12_st12_sp336_al0.5_te2.0,,,,,,,,,,
yahoo-a4,gru,lwf,12,12,336,B1,,,,,,2.0,2.0,0.0052054694475087,0.002034079890026,-0.0052054694475087,0.9417749660796916,0.9491607441717188,0.9718271531677992,5,10,10,0.9656,0.9364,0.9414,0.9023,0.9631,0.9718,0.9458,0.9551,0.91,0.9631,0.0001305591971598,0.0001972413791871,8.965542488343393e-05,0.0001075859543036,64.6,56,5,64.6,r-lwf_sl12_st12_sp336_al2.0_te2.0,,,,,,,,,,
yahoo-a4,gru,lwf,12,12,336,B1,,,,,,1.0,1.0,0.0030454517548433,0.005037217441273,-0.0030454517548433,0.9426624035179254,0.947619851784431,0.9729911462786456,5,10,10,0.9656,0.9422,0.9437,0.9003,0.9616,0.973,0.9459,0.9522,0.9054,0.9616,0.0001350190741771,0.0002039791066934,9.2718028010697e-05,0.0001112610786827,66.8,59,5,66.8,r-lwf_sl12_st12_sp336_al1.0_te1.0,,,,,,,,,,
yahoo-a4,gru,lwf,12,12,336,B1,,,,,,1.0,5.0,0.0061532417319273,0.0059417755720937,-0.0061532417319273,0.9440832154952744,0.9519255052504976,0.974413219309996,5,10,10,0.9656,0.9392,0.9436,0.9073,0.9647,0.9744,0.9493,0.958,0.9133,0.9647,0.0001307768312017,0.0001975701682691,8.980488021107805e-05,0.000107765288058,64.7,56,5,64.7,r-lwf_sl12_st12_sp336_al1.0_te5.0,,,,,,,,,,
yahoo-a4,gru,naive,6,6,336,B2,,,,,,,,-0.0008312025856612,-0.0003453411739168,0.0008312025856612,0.975574650413841,0.9765997587058116,0.9919742500487536,5,10,10,0.9904,0.9821,0.978,0.9473,0.9801,0.9876,0.9784,0.9788,0.958,0.9801,0.0001012589696364,0.0001529762687014,6.953486168834691e-05,8.344140701306364e-05,50.1,38,5,50.1,r-naive_sl6_st6_sp336,,,,,,,,,,
yahoo-a4,gru,cumulative,6,6,336,B2,,,,,,,,-0.0003054522522544,-0.0052984581342157,0.0003054522522544,0.9739280940300408,0.9756779556320784,0.9903558310330338,5,10,10,0.9904,0.9753,0.9767,0.9481,0.9791,0.987,0.9767,0.9799,0.9557,0.9791,0.0004803176267028,0.0007256364407846,0.0003298355006425,0.0003958009401421,237.5,91,5,237.5,r-cumulative_sl6_st6_sp336,,,,,,,,,,
yahoo-a4,gru,experts,6,6,336,B2,,,,,,,,0.0006692013660653,0.0016705645546433,-0.0006692013660653,0.9782303834163624,0.9793097754295058,0.99114594118605,5,10,10,0.9904,0.9798,0.9817,0.9523,0.987,0.9911,0.9812,0.9828,0.9543,0.987,5.036340118724953e-07,0.0002118585150344,9.629958593803975e-05,0.0001155589290964,69.3,63,5,69.3,r-experts_sl6_st6_sp336,,,,,,,,,,
yahoo-a4,gru,random-buffer,6,6,336,B2,50.0,,,0.5,,,,-0.0043249160700672,-0.0039708170968368,0.0043249160700672,0.9727101407036068,0.9696433502980456,0.9903558310330338,5,10,10,0.9904,0.9766,0.9757,0.9449,0.976,0.9816,0.9693,0.9719,0.9494,0.976,0.0001862256456331,0.0002813390705806,0.0001278817717593,0.0001534572988213,92.1,52,5,92.1,r-random-buffer_sl6_st6_sp336_bu50_re0.5,,,,,,,,,,
yahoo-a4,gru,reservoir,6,6,336,B2,50.0,,,0.5,,,,-0.0058839497539608,-0.0080923059800939,0.0058839497539608,0.9715482436253566,0.9689934894541776,0.9903558310330338,5,10,10,0.9904,0.974,0.9701,0.9458,0.9775,0.9812,0.9677,0.9713,0.9472,0.9775,0.0001678581710075,0.000253590538833,0.0001152687134848,0.0001383218253481,83.0,46,5,83.0,r-reservoir_sl6_st6_sp336_bu50_re0.5,,,,,,,,,,
yahoo-a4,gru,ewc,6,6,336,B2,,,,,1000.0,,,-0.0016346173947323,0.0016998352669733,0.0016346173947323,0.9770591229098936,0.9742111719781648,0.9918616643780948,5,10,10,0.9904,0.9818,0.9824,0.9505,0.9802,0.9891,0.9787,0.9775,0.9455,0.9802,4.063300716135455e-07,0.0001709266720606,7.769415463036341e-05,9.323251743024836e-05,55.9,36,5,55.9,r-ewc_sl6_st6_sp336_la1000.0,,,,,,,,,,
yahoo-a4,gru,lwf,6,6,336,B2,,,,,,1.0,2.0,-0.0006319702368298,0.0011394272092224,0.0006319702368298,0.9765877936510144,0.9763552907635856,0.9918375388772396,5,10,10,0.9904,0.9816,0.9815,0.9505,0.9789,0.9877,0.9785,0.9796,0.957,0.9789,0.0001128317623738,0.0001704597830782,7.748191689865456e-05,9.297786617962024e-05,55.8,40,5,55.8,r-lwf_sl6_st6_sp336_al1.0_te2.0,,,,,,,,,,
yahoo-a4,gru,naive,8,8,336,B2,,,,,,,,0.0001095797249866,0.0002493780601386,-0.0001095797249866,0.9800338476720292,0.980600715123091,0.9928908212560388,5,10,10,0.9909,0.9838,0.9841,0.9523,0.9892,0.9923,0.9817,0.9858,0.9541,0.9892,3.628264323337934e-07,0.0001526264457074,6.937584716555042e-05,8.32505985419266e-05,50.0,39,5,50.0,r-naive_sl8_st8_sp336,,,,,,,,,,
yahoo-a4,gru,cumulative,8,8,336,B2,,,,,,,,0.0002349747483953,0.004380488607686,-0.0002349747483953,0.982951332509458,0.983221819803198,0.9927826086956522,5,10,10,0.9909,0.985,0.9851,0.9644,0.9893,0.9924,0.9832,0.9864,0.9648,0.9893,0.0004274249908715,0.0006457292671258,0.0002935140265669,0.0003522152405589,211.3,84,5,211.3,r-cumulative_sl8_st8_sp336,,,,,,,,,,
yahoo-a4,gru,experts,8,8,336,B2,,,,,,,,-0.0006028813662992,-0.0012016488526345,0.0006028813662992,0.97921830423604,0.9778685219448864,0.9908676328502416,5,10,10,0.9909,0.9805,0.9803,0.9568,0.9877,0.9896,0.9781,0.9819,0.9521,0.9877,5.380054568000525e-07,0.0002263171955649,0.0001028716957733,0.0001234454997916,74.1,74,5,74.1,r-experts_sl8_st8_sp336,,,,,,,,,,
yahoo-a4,gru,random-buffer,8,8,336,B2,50.0,,,0.5,,,,-0.0013063555030533,-0.0010722281482733,0.0013063555030533,0.9782918113544726,0.9760865008466484,0.9916753623188406,5,10,10,0.9909,0.9803,0.9829,0.9506,0.9868,0.9905,0.9765,0.9808,0.9459,0.9868,0.0001532826652751,0.0002315706971401,0.0001052596972802,0.0001263109998599,75.8,45,5,75.8,r-random-buffer_sl8_st8_sp336_bu50_re0.5,,,,,,,,,,
yahoo-a4,gru,reservoir,8,8,336,B2,50.0,,,0.5,,,,0.0003191937310618,-0.0003714907129291,-0.0003191937310618,0.9791688029567476,0.9797095837580454,0.9917584541062802,5,10,10,0.9909,0.9818,0.9817,0.954,0.9875,0.9917,0.9813,0.9819,0.9561,0.9875,0.00015954864399,0.0002410369799495,0.0001095625530074,0.0001314744269421,78.9,47,5,78.9,r-reservoir_sl8_st8_sp336_bu50_re0.5,,,,,,,,,,
yahoo-a4,gru,ewc,8,8,336,B2,,,,,1000.0,,,0.0003021318250686,0.0005903473018613,-0.0003021318250686,0.9801099399362692,0.9807443027139516,0.9927342995169082,5,10,10,0.9909,0.9836,0.9839,0.9536,0.9885,0.9923,0.9814,0.9849,0.9567,0.9885,4.110690839891206e-07,0.0001729201834219,7.860031516110111e-05,9.431986826083931e-05,56.6,39,5,56.6,r-ewc_sl8_st8_sp336_la1000.0,,,,,,,,,,
yahoo-a4,gru,lwf,8,8,336,B2,,,,,,1.0,2.0,0.0006901981959951,0.0004239847972948,-0.0006901981959951,0.9799268226467108,0.9812455312831188,0.9927033816425122,5,10,10,0.9909,0.9836,0.9839,0.9522,0.989,0.9923,0.9818,0.9853,0.9578,0.989,0.0001077165601612,0.0001627320276908,7.396930526334068e-05,8.87627224274911e-05,53.3,39,5,53.3,r-lwf_sl8_st8_sp336_al1.0_te2.0,,,,,,,,,,
yahoo-a4,gru,naive,10,10,336,B2,,,,,,,,-7.659686601231286e-05,0.0041259877678169,7.659686601231286e-05,0.9833469040374344,0.9821175473858712,0.9937713638872936,5,10,10,0.9929,0.9817,0.9871,0.9653,0.9897,0.9935,0.9835,0.9877,0.9562,0.9897,0.0001060815626013,0.0001602619667475,7.284653709502892e-05,8.741542965251332e-05,52.4,42,5,52.5,r-naive_sl10_st10_sp336,,,,,,,,,,
yahoo-a4,gru,cumulative,10,10,336,B2,,,,,,,,0.0013122861078361,0.0069822050332678,-0.0013122861078361,0.9860540734189612,0.986434452140626,0.9945780568365368,5,10,10,0.9929,0.9833,0.9896,0.9732,0.9913,0.9945,0.9874,0.99,0.9689,0.9913,0.0005031419307959,0.0007601180959743,0.0003455090535364,0.0004146090424379,248.8,107,5,248.7,r-cumulative_sl10_st10_sp336,,,,,,,,,,
yahoo-a4,gru,experts,10,10,336,B2,,,,,,,,-0.0016594529514158,0.00421847966845,0.0016594529514158,0.9832946496463773,0.9816835282483278,0.9936356759027432,5,10,10,0.9929,0.9838,0.9866,0.9649,0.9882,0.9916,0.9808,0.9859,0.9619,0.9882,0.0001733085392205,0.0002618246438734,0.0001190115070009,0.0001428131368725,85.7,94,5,85.7,r-experts_sl10_st10_sp336,,,,,,,,,,
yahoo-a4,gru,random-buffer,10,10,336,B2,50.0,,,0.5,,,,-0.0001549477543805,0.0055287254612131,0.0001549477543805,0.983696237971288,0.9828007828714668,0.9938141148961244,5,10,10,0.9929,0.9833,0.9878,0.9648,0.9897,0.9938,0.9846,0.9884,0.9575,0.9897,0.0001755469417261,0.0002652062945497,0.000120548623438,0.0001446576711116,86.8,56,5,86.8,r-random-buffer_sl10_st10_sp336_bu50_re0.5,,,,,,,,,,
yahoo-a4,gru,reservoir,10,10,336,B2,50.0,,,0.5,,,,0.0007172108135364,0.0059120753220007,-0.0007172108135364,0.9838802421797632,0.9847156791702968,0.9939925538895054,5,10,10,0.9929,0.9838,0.9874,0.9649,0.9903,0.994,0.9851,0.9886,0.9655,0.9903,0.0001759502746279,0.0002658156268645,0.0001208255809589,0.0001449900459055,87.0,56,5,87.0,r-reservoir_sl10_st10_sp336_bu50_re0.5,,,,,,,,,,
yahoo-a4,gru,ewc,10,10,336,B2,,,,,1000.0,,,0.0009282102767361,0.0039890289095581,-0.0009282102767361,0.9829105250761916,0.9835371623765358,0.9934814005230492,5,10,10,0.9929,0.9811,0.9862,0.9652,0.9892,0.9935,0.9839,0.9886,0.9624,0.9892,0.0001171834045871,0.0001770339956236,8.047021527632347e-05,9.6563780347351e-05,57.9,42,5,57.9,r-ewc_sl10_st10_sp336_la1000.0,,,,,,,,,,
yahoo-a4,gru,lwf,10,10,336,B2,,,,,,1.0,2.0,-0.0001774832725716,0.0062694427065685,0.0001774832725716,0.9840737407093764,0.9834164982615468,0.993663556995459,5,10,10,0.9929,0.9842,0.9877,0.9649,0.9907,0.9935,0.9836,0.9882,0.9611,0.9907,0.0001179438296859,0.000178182802437,8.099239334308851e-05,9.719040909394002e-05,58.3,46,5,58.3,r-lwf_sl10_st10_sp336_al1.0_te2.0,,,,,,,,,,
yahoo-a4,gru,naive,16,16,336,B2,,,,,,,,0.002318770426064,0.0125030531585747,-0.002318770426064,0.9554684210690244,0.956063229527496,0.9802520254332888,5,10,10,0.9744,0.9561,0.9549,0.9142,0.9777,0.9778,0.953,0.9612,0.9106,0.9777,0.0001358307795102,0.0002052053847563,9.327540642310242e-05,0.0001119299783332,67.2,62,5,67.2,r-naive_sl16_st16_sp336,,,,,,,,,,
yahoo-a4,gru,cumulative,16,16,336,B2,,,,,,,,0.0118710637048923,0.0226106179742014,-0.0118710637048923,0.9650655341239978,0.9786298810515112,0.9911563557583838,5,10,10,0.9744,0.9581,0.9782,0.9264,0.9882,0.9912,0.9778,0.9852,0.9508,0.9882,0.0005389762706172,0.0008142545701743,0.0003701166227414,0.0004441379474328,266.5,130,5,266.5,r-cumulative_sl16_st16_sp336,,,,,,,,,,
yahoo-a4,gru,experts,16,16,336,B2,,,,,,,,0.0024667511779456,0.0222557527162807,-0.0024667511779456,0.96323589400184,0.9631203502791766,0.9866327812532047,5,10,10,0.9744,0.9663,0.9675,0.9269,0.9811,0.9832,0.9601,0.9663,0.925,0.9811,7.80780600226468e-07,0.0003284429062221,0.0001492926337943,0.0001791502724277,107.5,133,5,107.5,r-experts_sl16_st16_sp336,,,,,,,,,,
yahoo-a4,gru,random-buffer,16,16,336,B2,50.0,,,0.5,,,,0.0006661460980142,0.0102388732556031,-0.0006661460980142,0.9537212475913208,0.9530387482490852,0.9792056583940107,5,10,10,0.9744,0.9545,0.9575,0.9102,0.9721,0.9775,0.9519,0.9576,0.9061,0.9721,0.0001813884017474,0.00027403123876,0.0001245599436922,0.0001494712950677,89.7,63,5,89.7,r-random-buffer_sl16_st16_sp336_bu50_re0.5,,,,,,,,,,
yahoo-a4,gru,reservoir,16,16,336,B2,50.0,,,0.5,,,,0.0049998787685352,0.0122911560430087,-0.0049998787685352,0.9558375751017184,0.9589469291311296,0.9850576222951491,5,10,10,0.9744,0.9561,0.9568,0.9175,0.9744,0.9851,0.9584,0.9618,0.9151,0.9744,0.0001929275498739,0.0002914639247799,0.0001324839552663,0.0001589799695136,95.4,68,5,95.4,r-reservoir_sl16_st16_sp336_bu50_re0.5,,,,,,,,,,
yahoo-a4,gru,ewc,16,16,336,B2,,,,,1000.0,,,0.0031363059469707,0.0119880345455476,-0.0031363059469707,0.954722538066732,0.9571098601801696,0.9807071069633884,5,10,10,0.9744,0.9546,0.9511,0.9188,0.9746,0.9791,0.9551,0.9605,0.9162,0.9746,0.0001385825441329,0.0002093625936024,9.516507471174311e-05,0.0001141975188907,68.5,55,5,68.5,r-ewc_sl16_st16_sp336_la1000.0,,,,,,,,,,
yahoo-a4,gru,lwf,16,16,336,B2,,,,,,1.0,2.0,0.0014653130177397,0.0128393612881518,-0.0014653130177397,0.9560180125468664,0.9558981445792392,0.9802456158342734,5,10,10,0.9744,0.9554,0.9549,0.9189,0.9765,0.9776,0.9533,0.9601,0.9119,0.9765,0.000136836804417,0.0002067252297342,9.39662662606376e-05,0.0001127589634736,67.7,56,5,67.7,r-lwf_sl16_st16_sp336_al1.0_te2.0,,,,,,,,,,
yahoo-a4,gru,naive,24,24,336,B2,,,,,,,,-0.0064749873650558,0.0144996572931343,0.0064749873650558,0.8919430431171358,0.8922436747679766,0.9135495281177656,5,10,10,0.9135,0.8883,0.898,0.8507,0.9091,0.906,0.8886,0.8983,0.8592,0.9091,0.0001668330816953,0.0002520418924401,0.0001145647818856,0.0001374771105544,82.5,78,5,82.5,r-naive_sl24_st24_sp336,,,,,,,,,,
yahoo-a4,gru,cumulative,24,24,336,B2,,,,,,,,-0.0196737338419662,0.005417469710963,0.0196737338419662,0.8840114593588393,0.8679228694246349,0.9135495281177656,5,10,10,0.9135,0.8856,0.8868,0.8456,0.8885,0.8615,0.8628,0.881,0.8458,0.8885,2.1142303229532976e-06,0.0008893714207196,0.0004042607162057,0.0004851107045138,291.1,160,5,291.1,r-cumulative_sl24_st24_sp336,,,,,,,,,,
yahoo-a4,gru,experts,24,24,336,B2,,,,,,,,-0.0187602084775888,-0.0009010181215891,0.0187602084775888,0.8785505332009984,0.8783314562923599,0.9135495281177656,5,10,10,0.9135,0.8727,0.8781,0.8329,0.8955,0.8864,0.8764,0.8823,0.8511,0.8955,1.0347657984216465e-06,0.00043528423477,0.0001978569619221,0.0002374272728478,142.5,195,5,142.5,r-experts_sl24_st24_sp336,,,,,,,,,,
yahoo-a4,gru,random-buffer,24,24,336,B2,50.0,,,0.5,,,,-0.0035637934589777,0.0172730972551931,0.0035637934589777,0.8950811017472061,0.8937621638205678,0.9142152305331724,5,10,10,0.9135,0.8926,0.9037,0.8569,0.9087,0.9091,0.8891,0.9003,0.8616,0.9087,0.0001960785029612,0.0002962242047619,0.0001346477050379,0.0001615764997239,96.9,73,5,97.0,r-random-buffer_sl24_st24_sp336_bu50_re0.5,,,,,,,,,,
yahoo-a4,gru,reservoir,24,24,336,B2,50.0,,,0.5,,,,-0.0031150591096002,0.0134115212555998,0.0031150591096002,0.8909080318534415,0.8914822186718689,0.9135495281177656,5,10,10,0.9135,0.884,0.8986,0.8548,0.9036,0.9107,0.8871,0.8977,0.8583,0.9036,0.0001899100018524,0.000286905185553,0.0001304117770826,0.0001564934084704,93.9,70,5,93.9,r-reservoir_sl24_st24_sp336_bu50_re0.5,,,,,,,,,,
yahoo-a4,gru,ewc,24,24,336,B2,,,,,1000.0,,,-0.0079959100261595,0.0138653689800143,0.0079959100261595,0.8913483942397346,0.8862366701410138,0.9135495281177656,5,10,10,0.9135,0.8891,0.8982,0.8522,0.9037,0.8963,0.8825,0.8961,0.8525,0.9037,0.0001657339048253,0.0002503813187959,0.0001138100053248,0.000136571313471,81.9,70,5,82.0,r-ewc_sl24_st24_sp336_la1000.0,,,,,,,,,,
yahoo-a4,gru,lwf,24,24,336,B2,,,,,,1.0,2.0,-0.0041879805026904,0.0135196374994017,0.0041879805026904,0.8922269130697398,0.8918234290518198,0.9135495281177656,5,10,10,0.9135,0.8935,0.8948,0.8523,0.907,0.9116,0.8845,0.8991,0.8569,0.907,0.0001575087751138,0.0002379552625427,0.0001081617778917,0.000129793484651,77.9,65,5,77.9,r-lwf_sl24_st24_sp336_al1.0_te2.0,,,,,,,,,,
yahoo-a4,gru,naive,8,4,336,B3,,,,,,,,0.0008469372812668,9.224218985310894e-05,-0.0008469372812668,0.982309587131349,0.9843881362212648,0.9933932367149758,5,10,10,0.9929,0.9845,0.9866,0.9578,0.9897,0.993,0.9851,0.9878,0.9664,0.9897,0.0002246454277611,0.00033938148337,0.0001542647078141,0.0001851167755558,111.1,61,5,111.1,r-naive_sl8_st4_sp336,,,,,,,,,,
yahoo-a4,gru,cumulative,8,4,336,B3,,,,,,,,0.0005310805453874,0.0002794360109613,-0.0005310805453874,0.9836358096611888,0.984984114704648,0.9941951690821256,5,10,10,0.9929,0.986,0.9885,0.9593,0.9915,0.9942,0.9875,0.9894,0.9624,0.9915,0.0007384148886721,0.0011155550449327,0.0005070716663218,0.0006084833786108,365.1,96,5,365.1,r-cumulative_sl8_st4_sp336,,,,,,,,,,
yahoo-a4,gru,experts,8,4,336,B3,,,,,,,,-0.0009245414352633,0.0012700873966928,0.0009245414352633,0.9844309494048786,0.9825243038187456,0.9935285024154588,5,10,10,0.9929,0.9858,0.9869,0.9671,0.9894,0.9932,0.9843,0.9853,0.9604,0.9894,0.0003310916758929,0.0005001943961907,0.0002273616054968,0.0002728327906938,163.7,100,5,163.7,r-experts_sl8_st4_sp336,,,,,,,,,,
yahoo-a4,gru,random-buffer,8,4,336,B3,50.0,,,0.5,,,,-0.00058390751296,-0.0007109621089117,0.00058390751296,0.981421018168982,0.9812073261458354,0.9934260869565216,5,10,10,0.9929,0.9848,0.9861,0.955,0.9883,0.9916,0.9819,0.9856,0.9586,0.9883,0.0003828126145421,0.0005783314366593,0.0002628785545737,0.0003154528820856,189.3,76,5,189.3,r-random-buffer_sl8_st4_sp336_bu50_re0.5,,,,,,,,,,
yahoo-a4,gru,reservoir,8,4,336,B3,50.0,,,0.5,,,,0.0001057603990121,-0.0002262602378545,-0.0001057603990121,0.9826188726212643,0.9830964552841216,0.9928927536231884,5,10,10,0.9929,0.9839,0.9856,0.9627,0.988,0.9926,0.9844,0.9866,0.9639,0.988,0.0003505057779675,0.0005295241129182,0.0002406933489598,0.0002888307639583,173.3,70,5,173.2,r-reservoir_sl8_st4_sp336_bu50_re0.5,,,,,,,,,,
yahoo-a4,gru,ewc,8,4,336,B3,,,,,1000.0,,,0.0003300764401272,0.0011570425920349,-0.0003300764401272,0.983884538471706,0.9843963045913716,0.993696618357488,5,10,10,0.9929,0.9855,0.9864,0.9649,0.9897,0.9931,0.9851,0.9872,0.9669,0.9897,8.926064161091361e-07,0.0003754835165401,0.0001706747655672,0.0002048087509729,122.9,60,5,122.9,r-ewc_sl8_st4_sp336_la1000.0,,,,,,,,,,
yahoo-a4,gru,lwf,8,4,336,B3,,,,,,1.0,2.0,-0.0052844147638165,0.0001800473456254,0.0052844147638165,0.9829897155143468,0.9716122078862346,0.9932657004830916,5,10,10,0.9929,0.9833,0.9866,0.965,0.9872,0.9909,0.976,0.9689,0.9351,0.9872,0.0002329177575593,0.0003518788468187,0.0001599452982068,0.0001919335486118,115.2,59,5,115.2,r-lwf_sl8_st4_sp336_al1.0_te2.0,,,,,,,,,,
yahoo-a4,gru,naive,12,6,336,B3,,,,,,,,0.0024854286665054,0.017605626729893,-0.0024854286665054,0.9782339272130008,0.9808644032468812,0.9928053638487968,5,10,10,0.9887,0.9784,0.985,0.9482,0.9909,0.9928,0.9817,0.9863,0.9526,0.9909,0.0001939516237918,0.0002930110371731,0.0001331871977981,0.0001598238393749,95.9,54,5,95.9,r-naive_sl12_st6_sp336,,,,,,,,,,
yahoo-a4,gru,cumulative,12,6,336,B3,,,,,,,,0.0024546925969816,0.0203789350598566,-0.0024546925969816,0.9785035554888292,0.9828978207527548,0.9924788137453014,5,10,10,0.9887,0.981,0.9842,0.947,0.9915,0.9921,0.9821,0.9873,0.9615,0.9915,0.0008240399488266,0.001244912495999,0.0005658705950236,0.0006790419009754,407.4,107,5,407.4,r-cumulative_sl12_st6_sp336,,,,,,,,,,
yahoo-a4,gru,experts,12,6,336,B3,,,,,,,,-0.0011937615027264,0.0123688708416854,0.0011937615027264,0.9731176574927094,0.9724428670355568,0.9928036082030792,5,10,10,0.9887,0.9774,0.9773,0.9388,0.9834,0.9901,0.9739,0.9754,0.9395,0.9834,0.0003204572532925,0.0004841285178291,0.0002200589362292,0.0002640695815999,158.4,107,5,158.6,r-experts_sl12_st6_sp336,,,,,,,,,,
yahoo-a4,gru,random-buffer,12,6,336,B3,50.0,,,0.5,,,,0.00234045794895,0.0163386898214119,-0.00234045794895,0.9776737635918044,0.979531032665137,0.9929352816319078,5,10,10,0.9887,0.9788,0.9821,0.9492,0.9895,0.9929,0.9812,0.9849,0.9491,0.9895,1.150259195555623e-06,0.0004838676485909,0.0002199403615118,0.000263927287079,158.4,60,5,158.4,r-random-buffer_sl12_st6_sp336_bu50_re0.5,,,,,,,,,,
yahoo-a4,gru,reservoir,12,6,336,B3,50.0,,,0.5,,,,0.0022666464232457,0.0164321393558922,-0.0022666464232457,0.9768872325681162,0.9791605440019454,0.9925543065111632,5,10,10,0.9887,0.9776,0.9814,0.948,0.9887,0.9926,0.9803,0.9846,0.9497,0.9887,0.0003157582981809,0.0004770296047911,0.0002168321315955,0.0002601974731955,156.1,59,5,156.1,r-reservoir_sl12_st6_sp336_bu50_re0.5,,,,,,,,,,
yahoo-a4,gru,ewc,12,6,336,B3,,,,,1000.0,,,0.0011889947146622,0.0093426051860149,-0.0011889947146622,0.9723222477256088,0.9723153926390928,0.9919275409899384,5,10,10,0.9887,0.9715,0.9787,0.9373,0.9854,0.9919,0.9753,0.9795,0.9295,0.9854,0.0001804247252352,0.0002725753713183,0.0001238982204845,0.0001486771508337,89.2,40,5,89.2,r-ewc_sl12_st6_sp336_la1000.0,,,,,,,,,,
yahoo-a4,gru,lwf,12,6,336,B3,,,,,,1.0,2.0,0.0021093512753508,0.0171459953814412,-0.0021093512753508,0.977637029730796,0.9795615662871014,0.9932548091525324,5,10,10,0.9887,0.9775,0.9845,0.9488,0.9887,0.9933,0.9815,0.9854,0.9489,0.9887,0.0002023827662933,0.0003057483257847,0.0001389768495353,0.0001667714762493,100.1,51,5,100.1,r-lwf_sl12_st6_sp336_al1.0_te2.0,,,,,,,,,,
yahoo-a4,gru,naive,24,12,336,B3,,,,,,,,0.0108846429717657,0.0174799625973102,-0.0108846429717657,0.884077111865469,0.8904162252165813,0.9138334097448046,5,10,10,0.8835,0.8787,0.902,0.8511,0.9051,0.9138,0.88,0.9009,0.8523,0.9051,0.0002343865685492,0.0003540978425825,0.0001609539645264,0.000193143878056,115.9,74,5,115.9,r-naive_sl24_st12_sp336,,,,,,,,,,
yahoo-a4,gru,cumulative,24,12,336,B3,,,,,,,,0.012518422701223,0.0183419490611453,-0.012518422701223,0.8862665740038036,0.8904224517086596,0.9185799105488994,5,10,10,0.8835,0.883,0.9067,0.8597,0.8985,0.9071,0.8873,0.9026,0.8566,0.8985,0.0008902827512944,0.0013449883390203,0.0006113598326369,0.0007336285063833,440.2,143,5,440.1,r-cumulative_sl24_st12_sp336,,,,,,,,,,
yahoo-a4,gru,experts,24,12,336,B3,,,,,,,,-0.0024511583879611,0.016856435134763,0.0024511583879611,0.881884722673119,0.8688835811259121,0.9141584542077644,5,10,10,0.8835,0.8893,0.8959,0.854,0.8868,0.8775,0.867,0.8814,0.8318,0.8868,0.0004583775713832,0.0006924906581448,0.0003147692801534,0.0003777213779914,226.6,188,5,226.6,r-experts_sl24_st12_sp336,,,,,,,,,,
yahoo-a4,gru,random-buffer,24,12,336,B3,50.0,,,0.5,,,,0.0161054242113483,0.0161690540091914,-0.0161054242113483,0.8846906684431575,0.8953521412209371,0.92224624176211,5,10,10,0.8835,0.8787,0.9031,0.8523,0.9058,0.9222,0.8851,0.9083,0.8552,0.9058,0.0003481269278064,0.0005259302819445,0.0002390598170135,0.0002868704649309,172.1,84,5,172.2,r-random-buffer_sl24_st12_sp336_bu50_re0.5,,,,,,,,,,
yahoo-a4,gru,reservoir,24,12,336,B3,50.0,,,0.5,,,,0.0164370950285352,0.0208134289925129,-0.0164370950285352,0.8869698566505247,0.89449701137461,0.9268451241201444,5,10,10,0.8835,0.8846,0.9068,0.8518,0.9082,0.9223,0.888,0.903,0.851,0.9082,0.0003516352521478,0.0005312304580086,0.0002414690030085,0.000289761455,173.9,85,5,173.9,r-reservoir_sl24_st12_sp336_bu50_re0.5,,,,,,,,,,
yahoo-a4,gru,ewc,24,12,336,B3,,,,,1000.0,,,0.0118679198026545,0.0182055263310145,-0.0118679198026545,0.8855339097613699,0.8937139014599065,0.9125218766278838,5,10,10,0.8835,0.8782,0.9021,0.8523,0.9115,0.9115,0.8839,0.9066,0.855,0.9115,0.0002464339844496,0.0003722983905295,0.0001692270067119,0.0002030713838175,121.8,72,5,121.9,r-ewc_sl24_st12_sp336_la1000.0,,,,,,,,,,
yahoo-a4,gru,lwf,24,12,336,B3,,,,,,1.0,2.0,0.0052401782655456,0.0163992649360624,-0.0052401782655456,0.8824728514112014,0.8867435022846358,0.910240887754624,5,10,10,0.8835,0.8821,0.9005,0.8461,0.9001,0.9102,0.8768,0.896,0.8505,0.9001,0.0002524613678183,0.0003814042171154,0.0001733660223964,0.0002080381947189,124.8,76,5,124.8,r-lwf_sl24_st12_sp336_al1.0_te2.0,,,,,,,,,,
yahoo-a4,gru,naive,12,12,168,B5,,,,,,,,0.0324131185921514,0.0560398884377224,-0.0324131185921514,0.9151826061780358,0.9390251631010426,0.9933589958158996,10,45,45,0.9193,0.8611,0.9284,0.9548,0.8955,0.9914,0.9455,0.9534,0.9681,0.9262,0.0001648655130225,0.0002490694020517,0.000113213654689,0.0001358557473627,81.5,90,10,81.5,r-naive_sl12_st12_sp168,0.9322,0.8882,0.9438,0.8843,0.9444,0.9396,0.8851,0.943,0.8935,0.9444
yahoo-a4,gru,cumulative,12,12,168,B5,,,,,,,,0.0283005042167674,0.0856224142735998,-0.0283005042167674,0.9350768761235072,0.933413664269708,0.9989020920502092,10,45,45,0.9193,0.8588,0.9403,0.9726,0.9603,0.9535,0.9371,0.951,0.9452,0.9403,2.897567811187895e-06,0.0012188899065962,0.0005540421638883,0.0006648477427079,398.9,238,10,398.7,r-cumulative_sl12_st12_sp168,0.9594,0.9149,0.9486,0.9248,0.9517,0.9336,0.8869,0.9379,0.897,0.9517
yahoo-a4,gru,experts,12,12,168,B5,,,,,,,,0.0185387547099141,0.049240490633316,-0.0185387547099141,0.8979284953455288,0.9111537387366768,0.9935799163179916,10,45,45,0.9193,0.8529,0.9411,0.9404,0.8742,0.9712,0.9017,0.934,0.9487,0.894,0.0002666406488473,0.0004028254651536,0.0001831029079298,0.0002197225572238,131.8,266,10,131.8,r-experts_sl12_st12_sp168,0.9061,0.8902,0.9102,0.8237,0.9212,0.9194,0.87,0.9126,0.8388,0.9212
yahoo-a4,gru,random-buffer,12,12,168,B5,50.0,,,0.5,,,,0.0222315181712784,0.048534600278891,-0.0222315181712784,0.904881466272719,0.9246131736287708,0.9802376569037656,10,45,45,0.9193,0.8853,0.9237,0.9409,0.8785,0.9789,0.9242,0.9434,0.9572,0.9035,0.0002063937203855,0.0003118078461724,0.0001417311886015,0.0001700766575708,102.0,95,10,102.1,r-random-buffer_sl12_st12_sp168_bu50_re0.5,0.9117,0.8721,0.9274,0.8595,0.9303,0.9295,0.8787,0.9297,0.8706,0.9303
yahoo-a4,gru,reservoir,12,12,168,B5,50.0,,,0.5,,,,0.0195070080696719,0.0400935207479218,-0.0195070080696719,0.8982746171355084,0.9121270390577472,0.9707179916317992,10,45,45,0.9193,0.8785,0.9238,0.9432,0.8687,0.9707,0.9145,0.9361,0.9472,0.895,7.293525601416982e-07,0.000306809204076,0.0001394590643525,0.0001673501397234,100.4,93,10,100.4,r-reservoir_sl12_st12_sp168_bu50_re0.5,0.9108,0.8707,0.921,0.8426,0.9042,0.9143,0.8718,0.9224,0.845,0.9042
yahoo-a4,gru,ewc,12,12,168,B5,,,,,1000.0,,,0.0298531424268106,0.0434582190808407,-0.0298531424268106,0.9006237586050705,0.9209295825943816,0.98215230125523,10,45,45,0.9193,0.8449,0.9083,0.9464,0.8819,0.9809,0.9236,0.9443,0.9558,0.8999,0.0001759055208428,0.0002657480154018,0.000120794857001,0.0001449531584007,87.0,93,10,87.0,r-ewc_sl12_st12_sp168_la1000.0,0.9192,0.8777,0.9316,0.8589,0.9181,0.9243,0.8706,0.9283,0.8636,0.9181
yahoo-a4,gru,lwf,12,12,168,B5,,,,,,1.0,2.0,0.0355662670930555,0.0531329407394272,-0.0355662670930555,0.9113791912362272,0.9402863711309728,0.992073640167364,10,45,45,0.9193,0.8467,0.9244,0.9475,0.8873,0.9909,0.9466,0.9542,0.9659,0.9253,0.0001676242971992,0.0002532372156393,0.0001151081364006,0.0001381290792386,82.9,86,10,82.9,r-lwf_sl12_st12_sp168_al1.0_te2.0,0.9269,0.8895,0.9447,0.8819,0.9456,0.9435,0.8924,0.9453,0.8932,0.9456
yahoo-a4,lstm,naive,12,12,336,B1,,,,,,,,0.008969694876069,0.033468748213506,-0.008969694876069,0.9425806452820223,0.9481111292092635,0.9650341021907788,5,10,10,0.9488,0.9316,0.9517,0.9168,0.964,0.9637,0.9422,0.9533,0.9173,0.964,0.0001039464358691,0.0001570363392118,7.138038206030616e-05,8.565595715151478e-05,51.4,39,5,51.4,r-naive_sl12_st12_sp336,,,,,,,,,,
yahoo-a4,lstm,cumulative,12,12,336,B1,,,,,,,,0.0141942291246996,0.0374062008210398,-0.0141942291246996,0.9467494715261968,0.9616404271952932,0.9780877857971771,5,10,10,0.9488,0.9434,0.9475,0.9195,0.9745,0.9781,0.9579,0.966,0.9318,0.9745,0.0004317090935304,0.0006522014447693,0.0002964559511572,0.000355745493612,213.4,102,5,213.5,r-cumulative_sl12_st12_sp336,,,,,,,,,,
yahoo-a4,lstm,experts,12,12,336,B1,,,,,,,,-0.0047097311449481,0.0235567793727886,0.0047097311449481,0.9324594999295024,0.929293838937524,0.981318173917776,5,10,10,0.9488,0.9303,0.9667,0.87,0.9464,0.9445,0.9234,0.9367,0.8954,0.9464,0.000159832969695,0.0002414665229874,0.0001097578100704,0.0001317087129169,79.0,87,5,79.0,r-experts_sl12_st12_sp336,,,,,,,,,,
yahoo-a4,lstm,random-buffer,12,12,336,B1,50.0,,,0.5,,,,0.0061700332429211,0.0302042928597579,-0.0061700332429211,0.9392940647971711,0.9449900984338252,0.9604014108368988,5,10,10,0.9488,0.9268,0.9502,0.9117,0.959,0.9604,0.9392,0.9492,0.9172,0.959,5.274925662700233e-07,0.0002218948465497,0.0001008615432863,0.0001210333032634,72.6,45,5,72.6,r-random-buffer_sl12_st12_sp336_bu50_re0.5,,,,,,,,,,
yahoo-a4,lstm,random-buffer,12,12,336,B1,100.0,,,0.5,,,,0.0093572195635569,0.0280607133965563,-0.0093572195635569,0.9388234535558844,0.948726187968538,0.9649845239829984,5,10,10,0.9488,0.9262,0.9421,0.9135,0.9635,0.965,0.9445,0.9521,0.9186,0.9635,0.000146710756354,0.0002216422324459,0.0001007467336241,0.0001208954988218,72.5,45,5,72.5,r-random-buffer_sl12_st12_sp336_bu100_re0.5,,,,,,,,,,
yahoo-a4,lstm,random-buffer,12,12,336,B1,250.0,,,0.5,,,,0.0094025585238726,0.0374109218689561,-0.0094025585238726,0.9460559538901154,0.9544444576753356,0.9693622265801252,5,10,10,0.9488,0.9402,0.952,0.9206,0.9687,0.9694,0.9497,0.9589,0.9256,0.9687,0.0001708498039493,0.0002581101270373,0.0001173230856482,0.000140787041389,84.5,54,5,84.5,r-random-buffer_sl12_st12_sp336_bu250_re0.5,,,,,,,,,,
yahoo-a4,lstm,random-buffer,12,12,336,B1,500.0,,,0.5,,,,0.0116405155869989,0.0380452141407019,-0.0116405155869989,0.9462603227658604,0.9561319404923146,0.973198312473336,5,10,10,0.9488,0.9405,0.9531,0.92,0.9689,0.9732,0.9514,0.9597,0.9275,0.9689,0.0001710152904158,0.0002583601345405,0.0001174366991908,0.0001409234353496,84.6,54,5,84.6,r-random-buffer_sl12_st12_sp336_bu500_re0.5,,,,,,,,,,
yahoo-a4,lstm,random-buffer,12,12,336,B1,1000.0,,,0.5,,,,0.0115191324449368,0.0389747950762556,-0.0115191324449368,0.9473472463356132,0.9559983807061154,0.9732211358676665,5,10,10,0.9488,0.9425,0.9551,0.9219,0.9685,0.9732,0.9515,0.9615,0.9253,0.9685,0.0001757073929622,0.0002654486951143,0.0001206587893513,0.000144789905763,86.9,56,5,87.1,r-random-buffer_sl12_st12_sp336_bu1000_re0.5,,,,,,,,,,
yahoo-a4,lstm,random-buffer,12,12,336,B1,50.0,,,,,,,0.0078700497633759,0.0323291512486378,-0.0078700497633759,0.9419441832441274,0.9488248680126512,0.9649695614456368,5,10,10,0.9488,0.9326,0.9502,0.9135,0.9646,0.9626,0.9431,0.9541,0.9196,0.9646,0.000110726870485,0.0001672798326173,7.603648379639103e-05,9.124334882091111e-05,54.7,44,5,54.8,r-random-buffer_sl12_st12_sp336_bu50,,,,,,,,,,
yahoo-a4,lstm,random-buffer,12,12,336,B1,50.0,,,0.3,,,,0.0057423930534308,0.0306280688829005,-0.0057423930534308,0.9404242068898002,0.9447618698498974,0.9625701643321268,5,10,10,0.9488,0.9306,0.947,0.9131,0.9626,0.9578,0.939,0.9507,0.9137,0.9626,0.0001190697618052,0.0001798837963839,8.176556110912417e-05,9.81182352748389e-05,58.9,41,5,58.9,r-random-buffer_sl12_st12_sp336_bu50_re0.3,,,,,,,,,,
yahoo-a4,lstm,reservoir,12,12,336,B1,50.0,,,0.5,,,,0.0079191981734575,0.0357254062804116,-0.0079191981734575,0.9429429025456976,0.9466282429889402,0.9655120955211722,5,10,10,0.9488,0.934,0.9501,0.9169,0.9649,0.9628,0.9399,0.9509,0.9147,0.9649,0.0001402928087414,0.0002119463637044,9.633952141351377e-05,0.0001156068422909,69.4,42,5,69.4,r-reservoir_sl12_st12_sp336_bu50_re0.5,,,,,,,,,,
yahoo-a4,lstm,reservoir,12,12,336,B1,100.0,,,0.5,,,,0.0133001936922555,0.0352829185244493,-0.0133001936922555,0.9450659930020552,0.9552417339367524,0.9732018237647716,5,10,10,0.9488,0.9324,0.9529,0.9205,0.9707,0.9732,0.9514,0.9592,0.9217,0.9707,0.0001607271114705,0.00024281734132,0.0001103718090285,0.0001324455322915,79.5,51,5,79.5,r-reservoir_sl12_st12_sp336_bu100_re0.5,,,,,,,,,,
yahoo-a4,lstm,reservoir,12,12,336,B1,250.0,,,0.5,,,,0.0105484172771638,0.0353240786506103,-0.0105484172771638,0.9442175691754228,0.953318680099622,0.9697800702609416,5,10,10,0.9488,0.9364,0.9504,0.9187,0.9668,0.9698,0.9486,0.9578,0.9236,0.9668,0.0001710089162929,0.0002583505048795,0.0001174323460636,0.0001409181588158,84.6,54,5,84.6,r-reservoir_sl12_st12_sp336_bu250_re0.5,,,,,,,,,,
yahoo-a4,lstm,reservoir,12,12,336,B1,500.0,,,0.5,,,,0.0086652675268575,0.0301676969506081,-0.0086652675268575,0.9394737598727314,0.948649279798189,0.967747032519826,5,10,10,0.9488,0.9309,0.9452,0.9099,0.9626,0.9677,0.9453,0.9534,0.9141,0.9626,0.0001415955814072,0.0002139145182501,9.723411811218184e-05,0.0001166804001379,70.0,42,5,70.0,r-reservoir_sl12_st12_sp336_bu500_re0.5,,,,,,,,,,
yahoo-a4,lstm,reservoir,12,12,336,B1,1000.0,,,0.5,,,,0.0104505403370942,0.0316360843402582,-0.0104505403370942,0.9414821773203867,0.9512074664887396,0.9683948657896632,5,10,10,0.9488,0.9316,0.9486,0.9132,0.9652,0.9684,0.9467,0.957,0.9188,0.9652,5.880522425695606e-07,0.0002473698597326,0.0001124411492479,0.0001349287104847,81.0,51,5,81.0,r-reservoir_sl12_st12_sp336_bu1000_re0.5,,,,,,,,,,
yahoo-a4,lstm,reservoir,12,12,336,B1,50.0,,,,,,,0.0102136496900618,0.0298330552384686,-0.0102136496900618,0.93995540992881,0.9500930602980088,0.9651574550861935,5,10,10,0.9488,0.9263,0.9479,0.912,0.9647,0.9652,0.944,0.955,0.9217,0.9647,0.0001060934876189,0.0001602799823831,7.285475405062445e-05,8.74252283324798e-05,52.5,41,5,52.5,r-reservoir_sl12_st12_sp336_bu50,,,,,,,,,,
yahoo-a4,lstm,reservoir,12,12,336,B1,50.0,,,0.3,,,,0.0115803939279485,0.0337424736858477,-0.0115803939279485,0.9425379807244568,0.9517020894597948,0.9673590348162102,5,10,10,0.9488,0.9323,0.9496,0.9163,0.9657,0.9674,0.9472,0.9562,0.922,0.9657,0.000115776573153,0.0001749086350333,7.950412517400563e-05,9.54045098593148e-05,57.2,39,5,57.3,r-reservoir_sl12_st12_sp336_bu50_re0.3,,,,,,,,,,
yahoo-a4,lstm,ewc,12,12,336,B1,,,,,1000.0,,,0.0102798863787017,0.0330185154738657,-0.0102798863787017,0.9422604211661596,0.9501872064141882,0.9664460990429976,5,10,10,0.9488,0.931,0.9497,0.9162,0.9656,0.9664,0.9445,0.9551,0.9193,0.9656,4.0563971614922915e-07,0.0001706362673618,7.756214201540894e-05,9.307412534641722e-05,55.8,39,5,55.9,r-ewc_sl12_st12_sp336_la1000.0,,,,,,,,,,
yahoo-a4,lstm,ewc,12,12,336,B1,,,,,100.0,,,0.0092395702376128,0.0334751596216741,-0.0092395702376128,0.9426058481256748,0.9484961817760738,0.9650758638494,5,10,10,0.9488,0.9316,0.9514,0.9169,0.9643,0.9643,0.9426,0.9536,0.9176,0.9643,4.056483174431757e-07,0.0001706398855792,7.756379328655182e-05,9.307609229270992e-05,55.8,39,5,55.9,r-ewc_sl12_st12_sp336_la100,,,,,,,,,,
yahoo-a4,lstm,ewc,12,12,336,B1,,,,,500.0,,,0.0099576654321057,0.0332839564416269,-0.0099576654321057,0.9424714697548816,0.9495165816345162,0.965663081052896,5,10,10,0.9488,0.9312,0.9507,0.9167,0.965,0.9657,0.9438,0.9545,0.9187,0.965,0.0001134892896511,0.0001714531377391,7.79334515611279e-05,9.351968617799382e-05,56.1,39,5,56.1,r-ewc_sl12_st12_sp336_la500,,,,,,,,,,
yahoo-a4,lstm,ewc,12,12,336,B1,,,,,5000.0,,,0.0105514799364351,0.0313866821308493,-0.0105514799364351,0.9412345950003792,0.9508414183832636,0.9687916417218672,5,10,10,0.9488,0.9303,0.9467,0.9143,0.9661,0.9688,0.9443,0.9552,0.9198,0.9661,0.0001132947096838,0.0001711591774364,7.77998364608114e-05,9.335934097568192e-05,56.0,39,5,56.0,r-ewc_sl12_st12_sp336_la5000,,,,,,,,,,
yahoo-a4,lstm,ewc,12,12,336,B1,,,,,10000.0,,,0.0102417651825639,0.0301468203462113,-0.0102417651825639,0.9402112438920855,0.9496371402176662,0.9692603991284976,5,10,10,0.9488,0.93,0.946,0.911,0.9653,0.9693,0.9432,0.9528,0.9176,0.9653,0.0001131872391132,0.0001709968170358,7.77260582169725e-05,9.327075881883504e-05,56.0,39,5,56.0,r-ewc_sl12_st12_sp336_la10000,,,,,,,,,,
yahoo-a4,lstm,lwf,12,12,336,B1,,,,,,1.0,2.0,0.0087280586115102,0.0313264870244267,-0.0087280586115102,0.9433882767933348,0.9488401911582972,0.9654517187769908,5,10,10,0.9488,0.9335,0.9506,0.9186,0.9655,0.9623,0.9426,0.9546,0.9192,0.9655,0.0001120101091105,0.0001692184762504,7.691771076319532e-05,9.23007654872102e-05,55.4,41,5,55.4,r-lwf_sl12_st12_sp336_al1.0_te2.0,,,,,,,,,,
yahoo-a4,lstm,lwf,12,12,336,B1,,,,,,0.1,2.0,0.0089550067044457,0.0335001605843158,-0.0089550067044457,0.9425631043071104,0.948092947477171,0.9649296980442256,5,10,10,0.9488,0.9319,0.9514,0.9167,0.964,0.9637,0.9423,0.9532,0.9173,0.964,0.000108977397768,0.0001646368291441,7.483513275575307e-05,8.980169638836137e-05,53.9,39,5,53.9,r-lwf_sl12_st12_sp336_al0.1_te2.0,,,,,,,,,,
yahoo-a4,lstm,lwf,12,12,336,B1,,,,,,0.5,2.0,0.008730214650699,0.0333127203227505,-0.008730214650699,0.943524274577654,0.9483943700281128,0.9658066928752712,5,10,10,0.9488,0.9326,0.9516,0.9188,0.9658,0.9614,0.9424,0.9548,0.9175,0.9658,4.075554534513575e-07,0.0001714421407747,7.792846174690768e-05,9.351367902786784e-05,56.1,42,5,56.1,r-lwf_sl12_st12_sp336_al0.5_te2.0,,,,,,,,,,
yahoo-a4,lstm,lwf,12,12,336,B1,,,,,,2.0,2.0,0.0087232940067303,0.0290927910345465,-0.0087232940067303,0.9420693586609502,0.948126246976402,0.9644361511696112,5,10,10,0.9488,0.9327,0.9474,0.917,0.9644,0.9623,0.9416,0.954,0.9183,0.9644,0.0001119363019606,0.0001691069726233,7.686702054213837e-05,9.223995208119354e-05,55.3,41,5,55.4,r-lwf_sl12_st12_sp336_al2.0_te2.0,,,,,,,,,,
yahoo-a4,lstm,lwf,12,12,336,B1,,,,,,1.0,1.0,0.0082619038057578,0.0265140608603788,-0.0082619038057578,0.9397358826784098,0.9464797891547642,0.9630138116648612,5,10,10,0.9488,0.9309,0.9421,0.9139,0.9629,0.9624,0.9402,0.9516,0.9153,0.9629,0.0001089116046125,0.0001645374326021,7.47899425325967e-05,8.974749006951849e-05,53.8,39,5,53.9,r-lwf_sl12_st12_sp336_al1.0_te1.0,,,,,,,,,,
yahoo-a4,lstm,lwf,12,12,336,B1,,,,,,1.0,5.0,0.0090735916821742,0.0334730463953106,-0.0090735916821742,0.9425104737591624,0.9481282693541732,0.9648651572990836,5,10,10,0.9488,0.9319,0.9512,0.9167,0.964,0.9637,0.9423,0.9532,0.9174,0.964,3.913947644714607e-07,0.0001646439907521,7.483838130719959e-05,8.980560944493238e-05,53.9,39,5,53.9,r-lwf_sl12_st12_sp336_al1.0_te5.0,,,,,,,,,,
yahoo-a4,lstm,naive,6,6,336,B2,,,,,,,,0.0004575218183062,0.0003719717391822,-0.0004575218183062,0.9721641797540028,0.9744113311453774,0.988711276058054,5,10,10,0.9887,0.9756,0.9725,0.9437,0.9803,0.9886,0.977,0.9756,0.9506,0.9803,0.0001108028299071,0.0001673945877743,7.608864270732739e-05,9.130594506704558e-05,54.8,44,5,54.8,r-naive_sl6_st6_sp336,,,,,,,,,,
yahoo-a4,lstm,cumulative,6,6,336,B2,,,,,,,,0.0001485679361745,-0.0022474454313678,-0.0001485679361745,0.967586862596176,0.9697877119651966,0.9892400266184692,5,10,10,0.9887,0.9723,0.9708,0.9295,0.9766,0.9892,0.9757,0.9688,0.9386,0.9766,1.3214775499234789e-06,0.0005558923042891,0.0002526789737283,0.0003032133305608,181.9,73,5,181.9,r-cumulative_sl6_st6_sp336,,,,,,,,,,
yahoo-a4,lstm,experts,6,6,336,B2,,,,,,,,0.0019753440216478,0.0092765561270921,-0.0019753440216478,0.9797909290750292,0.9810327169768536,0.992460780982672,5,10,10,0.9887,0.9809,0.9818,0.9588,0.9887,0.9919,0.9831,0.9819,0.9596,0.9887,0.0001418107944736,0.0002142396498606,9.73819138896134e-05,0.0001168577359709,70.1,65,5,70.1,r-experts_sl6_st6_sp336,,,,,,,,,,
yahoo-a4,lstm,random-buffer,6,6,336,B2,50.0,,,0.5,,,,-0.0001052495754253,-0.001442476202039,0.0001052495754253,0.969591866989702,0.9721247043878952,0.988711276058054,5,10,10,0.9887,0.9752,0.9694,0.9379,0.9767,0.9863,0.9751,0.9752,0.9473,0.9767,0.0001555183740856,0.0002349482783356,0.0001067949652788,0.0001281533130568,76.9,44,5,76.9,r-random-buffer_sl6_st6_sp336_bu50_re0.5,,,,,,,,,,
yahoo-a4,lstm,reservoir,6,6,336,B2,50.0,,,0.5,,,,-0.0007712875073593,0.0022470412696348,0.0007712875073593,0.9737496978766986,0.973742386290753,0.988711276058054,5,10,10,0.9887,0.9737,0.9731,0.9544,0.9788,0.9862,0.9748,0.974,0.9549,0.9788,0.0001676188199208,0.0002532289408799,0.0001151043518523,0.0001381245890275,82.9,48,5,82.9,r-reservoir_sl6_st6_sp336_bu50_re0.5,,,,,,,,,,
yahoo-a4,lstm,ewc,6,6,336,B2,,,,,1000.0,,,0.0008053028887699,0.0005869835863687,-0.0008053028887699,0.9711877289536204,0.9734247457459926,0.9893043612874172,5,10,10,0.9887,0.9758,0.9722,0.9397,0.9795,0.9893,0.9767,0.9755,0.9461,0.9795,0.0001281961843565,0.0001936714743891,8.803274786009247e-05,0.000105638726529,63.4,45,5,63.4,r-ewc_sl6_st6_sp336_la1000.0,,,,,,,,,,
yahoo-a4,lstm,lwf,6,6,336,B2,,,,,,1.0,2.0,0.0001478481240312,0.0023426747654983,-0.0001478481240312,0.9731028059986876,0.9751293184636672,0.988711276058054,5,10,10,0.9887,0.9783,0.9752,0.9428,0.9805,0.9884,0.9776,0.9757,0.9534,0.9805,4.286574797322553e-07,0.0001803189120942,8.196334716437074e-05,9.835556492985535e-05,59.0,44,5,59.0,r-lwf_sl6_st6_sp336_al1.0_te2.0,,,,,,,,,,
yahoo-a4,lstm,naive,8,8,336,B2,,,,,,,,1.6117151262085016e-05,0.0183959528203401,-1.6117151262085016e-05,0.9814120243531792,0.980412331475962,0.9921004830917874,5,10,10,0.9892,0.9827,0.9844,0.9624,0.9884,0.99,0.9815,0.9833,0.9588,0.9884,0.0001032499057048,0.0001559840612165,7.090204948067872e-05,8.508201173584288e-05,51.0,41,5,51.1,r-naive_sl8_st8_sp336,,,,,,,,,,
yahoo-a4,lstm,cumulative,8,8,336,B2,,,,,,,,0.0022081872551131,0.0180925896442097,-0.0022081872551131,0.9795918371695372,0.9812794105709848,0.9928405797101448,5,10,10,0.9892,0.981,0.9799,0.9587,0.9892,0.9928,0.985,0.9872,0.9522,0.9892,0.0003853103588388,0.0005821048861033,0.0002645937785325,0.0003175111075708,190.5,84,5,190.5,r-cumulative_sl8_st8_sp336,,,,,,,,,,
yahoo-a4,lstm,experts,8,8,336,B2,,,,,,,,0.0016627800366917,0.0154625074749855,-0.0016627800366917,0.9782019101913216,0.9803846769227484,0.9916985507246376,5,10,10,0.9892,0.9804,0.9837,0.9505,0.9872,0.9911,0.981,0.9844,0.9581,0.9872,0.0001558053452044,0.0002353818179139,0.0001069920340281,0.0001283897838857,77.0,80,5,77.0,r-experts_sl8_st8_sp336,,,,,,,,,,
yahoo-a4,lstm,random-buffer,8,8,336,B2,50.0,,,0.5,,,,0.0022324533717367,0.0162056067026062,-0.0022324533717367,0.977494724284961,0.9801467353221002,0.9914473429951692,5,10,10,0.9892,0.9798,0.983,0.9475,0.9881,0.991,0.9821,0.9852,0.9543,0.9881,0.0001861529695908,0.0002812292757662,0.0001278318277786,0.0001533974479876,92.0,59,5,92.1,r-random-buffer_sl8_st8_sp336_bu50_re0.5,,,,,,,,,,
yahoo-a4,lstm,reservoir,8,8,336,B2,50.0,,,0.5,,,,0.0020386589417396,0.0172023526299021,-0.0020386589417396,0.9786840803906248,0.9803213100544728,0.9931342995169082,5,10,10,0.9892,0.9814,0.9838,0.9526,0.9864,0.9931,0.9835,0.9837,0.9548,0.9864,6.33082206052066e-07,0.0002663121491145,0.000121051269388,0.0001452608797264,87.2,55,5,87.2,r-reservoir_sl8_st8_sp336_bu50_re0.5,,,,,,,,,,
yahoo-a4,lstm,ewc,8,8,336,B2,,,,,1000.0,,,0.0007342808940015,0.0169072736032155,-0.0007342808940015,0.9808299749433926,0.9806717340377488,0.9921140096618356,5,10,10,0.9892,0.9822,0.9837,0.9613,0.9877,0.9914,0.9823,0.9841,0.9579,0.9877,0.0001168952973833,0.0001765987397131,8.027235491964448e-05,9.632638479350136e-05,57.8,41,5,57.8,r-ewc_sl8_st8_sp336_la1000.0,,,,,,,,,,
yahoo-a4,lstm,lwf,8,8,336,B2,,,,,,1.0,2.0,0.0006544082184056,0.0181012591773351,-0.0006544082184056,0.9810108558691376,0.9806038379406457,0.9919826086956522,5,10,10,0.9892,0.9821,0.9846,0.9606,0.9885,0.9906,0.9816,0.9841,0.9583,0.9885,0.0001107449114532,0.0001673070878817,7.604890399250306e-05,9.125818388924624e-05,54.8,41,5,54.8,r-lwf_sl8_st8_sp336_al1.0_te2.0,,,,,,,,,,
yahoo-a4,lstm,naive,10,10,336,B2,,,,,,,,0.0011216953253874,0.0038007049038011,-0.0011216953253874,0.9840765647883136,0.9847962352341132,0.9933754523707292,5,10,10,0.9916,0.985,0.9853,0.9683,0.9901,0.9932,0.9861,0.988,0.9665,0.9901,3.8808722472807195e-07,0.0001632526421896,7.420594566113627e-05,8.904669652848195e-05,53.4,44,5,53.4,r-naive_sl10_st10_sp336,,,,,,,,,,
yahoo-a4,lstm,cumulative,10,10,336,B2,,,,,,,,0.0019873701994929,0.0016860854624609,-0.0019873701994929,0.9846276390952406,0.987016968137186,0.9941077957393972,5,10,10,0.9916,0.9862,0.9878,0.9669,0.9906,0.9941,0.9874,0.9892,0.9737,0.9906,1.334386421966289e-06,0.0005613225460863,0.0002551472205998,0.0003061753254864,183.7,82,5,183.7,r-cumulative_sl10_st10_sp336,,,,,,,,,,
yahoo-a4,lstm,experts,10,10,336,B2,,,,,,,,0.0011092393982385,0.001383943838607,-0.0011092393982385,0.9815564566032092,0.9831811967310502,0.9933011027901538,5,10,10,0.9916,0.9847,0.9873,0.9544,0.9897,0.993,0.9835,0.9868,0.9629,0.9897,0.0001609322579049,0.0002431272648377,0.0001105126751153,0.0001326145897223,79.6,87,5,79.6,r-experts_sl10_st10_sp336,,,,,,,,,,
yahoo-a4,lstm,random-buffer,10,10,336,B2,50.0,,,0.5,,,,0.0017942245746904,0.0006759982393978,-0.0017942245746904,0.981693580962342,0.9840230669476152,0.9935631850616824,5,10,10,0.9916,0.9842,0.9879,0.9546,0.9901,0.9934,0.9859,0.9885,0.9623,0.9901,0.0001653869257925,0.0002498571226882,0.0001135717084489,0.0001362854142393,81.8,52,5,81.8,r-random-buffer_sl10_st10_sp336_bu50_re0.5,,,,,,,,,,
yahoo-a4,lstm,reservoir,10,10,336,B2,50.0,,,0.5,,,,0.0004493206477821,0.0015771670912801,-0.0004493206477821,0.9837701863115108,0.9842705520697006,0.9934479432117904,5,10,10,0.9916,0.9857,0.9866,0.9653,0.9896,0.9934,0.9855,0.9884,0.9644,0.9896,0.0001523773135994,0.0002302029435306,0.0001046379910309,0.0001255649524996,75.3,47,5,75.4,r-reservoir_sl10_st10_sp336_bu50_re0.5,,,,,,,,,,
yahoo-a4,lstm,ewc,10,10,336,B2,,,,,1000.0,,,0.0013128303843344,0.0033731015565878,-0.0013128303843344,0.983796571265386,0.9854367440176824,0.9933568649755854,5,10,10,0.9916,0.9849,0.9867,0.9657,0.9901,0.9933,0.9863,0.9882,0.9692,0.9901,0.0001253437641928,0.0001893622008998,8.60739833326079e-05,0.0001032882175672,62.0,48,5,62.0,r-ewc_sl10_st10_sp336_la1000.0,,,,,,,,,,
yahoo-a4,lstm,lwf,10,10,336,B2,,,,,,1.0,2.0,0.0008040046907894,0.0039489622956803,-0.0008040046907894,0.9842942578607712,0.9844926827655804,0.9934628131279054,5,10,10,0.9916,0.9846,0.9871,0.9682,0.99,0.9933,0.9861,0.9881,0.9651,0.99,0.0001151191161512,0.0001739153865405,7.905264855427151e-05,9.486273798625915e-05,56.9,44,5,56.9,r-lwf_sl10_st10_sp336_al1.0_te2.0,,,,,,,,,,
yahoo-a4,lstm,naive,16,16,336,B2,,,,,,,,0.0061946746966016,0.0136443732773389,-0.0061946746966016,0.9676182443918484,0.9731445994349808,0.989919303148395,5,10,10,0.9779,0.9646,0.9751,0.9386,0.9819,0.9899,0.9735,0.9793,0.9411,0.9819,4.349216462971403e-07,0.0001829539943068,8.316111145864448e-05,9.979288284822056e-05,59.9,50,5,59.9,r-naive_sl16_st16_sp336,,,,,,,,,,
yahoo-a4,lstm,cumulative,16,16,336,B2,,,,,,,,0.0063517247612678,0.0207338347818959,-0.0063517247612678,0.9718668596994624,0.9776601215213214,0.9926289611321916,5,10,10,0.9779,0.9728,0.9855,0.9345,0.9886,0.9926,0.9805,0.9876,0.939,0.9886,0.0004469374541457,0.0006752075823366,0.0003069132498303,0.0003682943325062,221.0,114,5,221.0,r-cumulative_sl16_st16_sp336,,,,,,,,,,
yahoo-a4,lstm,experts,16,16,336,B2,,,,,,,,0.0004157608404038,0.0060403208679129,-0.0004157608404038,0.962395192707587,0.9606439246427756,0.98788906266024,5,10,10,0.9779,0.9674,0.971,0.9273,0.9684,0.9857,0.9608,0.9699,0.9185,0.9684,0.0001967568437088,0.0002972490032251,0.0001351135141248,0.0001621354891002,97.3,120,5,97.3,r-experts_sl16_st16_sp336,,,,,,,,,,
yahoo-a4,lstm,random-buffer,16,16,336,B2,50.0,,,0.5,,,,0.0050107432625836,0.0152430442585673,-0.0050107432625836,0.967356911410859,0.9717519739701456,0.98920944005743,5,10,10,0.9779,0.9675,0.9737,0.9328,0.9849,0.9892,0.973,0.9762,0.9355,0.9849,0.0001726924659175,0.0002608939155095,0.0001185884471064,0.0001423054684031,85.4,58,5,85.4,r-random-buffer_sl16_st16_sp336_bu50_re0.5,,,,,,,,,,
yahoo-a4,lstm,reservoir,16,16,336,B2,50.0,,,0.5,,,,0.0048591690411867,0.0168942215221761,-0.0048591690411867,0.9686740994079578,0.9720700744031804,0.9883088913957542,5,10,10,0.9779,0.9704,0.9776,0.9347,0.9828,0.9883,0.9737,0.9787,0.9368,0.9828,6.562431473740491e-07,0.0002760550229467,0.000125479901214,0.0001505751217327,90.3,63,5,90.4,r-reservoir_sl16_st16_sp336_bu50_re0.5,,,,,,,,,,
yahoo-a4,lstm,ewc,16,16,336,B2,,,,,1000.0,,,0.006510465908667,0.0125276636890471,-0.006510465908667,0.9665275109048715,0.9721048428286324,0.9888505025125628,5,10,10,0.9779,0.9633,0.972,0.9376,0.9818,0.9889,0.9723,0.9783,0.9393,0.9818,0.000131586556027,0.000198793454294,9.036092123909232e-05,0.0001084325330549,65.1,51,5,65.1,r-ewc_sl16_st16_sp336_la1000.0,,,,,,,,,,
yahoo-a4,lstm,lwf,16,16,336,B2,,,,,,1.0,2.0,0.0069001567210663,0.0126999879229721,-0.0069001567210663,0.9658750168368276,0.9719893798739878,0.9892014280586606,5,10,10,0.9779,0.961,0.9709,0.9373,0.9823,0.9892,0.972,0.9776,0.9389,0.9823,0.0001243655400995,0.0001878843558035,8.540221996825292e-05,0.0001024821358352,61.5,47,5,61.5,r-lwf_sl16_st16_sp336_al1.0_te2.0,,,,,,,,,,
yahoo-a4,lstm,naive,24,24,336,B2,,,,,,,,0.0305644756544168,0.0296252982693027,-0.0305644756544168,0.8595359925191796,0.881654901725701,0.89545775202656,5,10,10,0.8172,0.8775,0.875,0.8348,0.8932,0.8955,0.8818,0.8872,0.8506,0.8932,0.0001376133827296,0.0002078984399005,9.449953246835826e-05,0.0001133989074321,68.0,53,5,68.0,r-naive_sl24_st24_sp336,,,,,,,,,,
yahoo-a4,lstm,cumulative,24,24,336,B2,,,,,,,,0.0444121599334392,0.0458356608970133,-0.0444121599334392,0.8761495535796706,0.8996967027817828,0.932546886599226,5,10,10,0.8172,0.8766,0.9089,0.8627,0.9154,0.9227,0.8975,0.9027,0.8602,0.9154,0.0004002762440098,0.0006047144907586,0.0002748708844353,0.0003298436063233,197.9,106,5,197.9,r-cumulative_sl24_st24_sp336,,,,,,,,,,
yahoo-a4,lstm,experts,24,24,336,B2,,,,,,,,0.036936445394444,0.0397066263763454,-0.036936445394444,0.8642262760846998,0.8859712314079333,0.9112742168770468,5,10,10,0.8172,0.8625,0.8955,0.8569,0.8891,0.9113,0.8869,0.8936,0.8491,0.8891,7.225144105739327e-07,0.0003039326703653,0.0001381515477997,0.0001657811225655,99.5,117,5,99.5,r-experts_sl24_st24_sp336,,,,,,,,,,
yahoo-a4,lstm,random-buffer,24,24,336,B2,50.0,,,0.5,,,,0.0350513430051961,0.0348420071030655,-0.0350513430051961,0.8632019320394384,0.8835567129536752,0.9024142712971543,5,10,10,0.8172,0.882,0.8742,0.8502,0.8924,0.9024,0.8826,0.886,0.8543,0.8924,0.000190801594097,0.0002882521521998,0.0001310240577557,0.0001572280944441,94.3,61,5,94.4,r-random-buffer_sl24_st24_sp336_bu50_re0.5,,,,,,,,,,
yahoo-a4,lstm,reservoir,24,24,336,B2,50.0,,,0.5,,,,0.0346582571771424,0.0359917160597796,-0.0346582571771424,0.8651882929789128,0.8843407062616724,0.9038450346974318,5,10,10,0.8172,0.8865,0.8792,0.848,0.8949,0.9038,0.8859,0.8837,0.8533,0.8949,0.0001907962235642,0.0002882440387056,0.0001310203693289,0.0001572236693766,94.3,61,5,94.3,r-reservoir_sl24_st24_sp336_bu50_re0.5,,,,,,,,,,
yahoo-a4,lstm,ewc,24,24,336,B2,,,,,1000.0,,,0.0301566820917635,0.0305002722703321,-0.0301566820917635,0.8603501506212187,0.8816694281135569,0.8978991340190967,5,10,10,0.8172,0.878,0.8765,0.8374,0.8926,0.8979,0.8828,0.8855,0.8495,0.8926,0.0001484760432229,0.0002243091270367,0.000101958943635,0.0001223501834017,73.4,55,5,73.4,r-ewc_sl24_st24_sp336_la1000.0,,,,,,,,,,
yahoo-a4,lstm,lwf,24,24,336,B2,,,,,,1.0,2.0,0.0272418923626294,0.0291938746850194,-0.0272418923626294,0.8604995880648003,0.8781569770064174,0.8932079901322746,5,10,10,0.8172,0.878,0.8749,0.8426,0.8898,0.8932,0.8807,0.882,0.8451,0.8898,5.247205992482346e-07,0.0002207287918292,0.0001003315234957,0.0001203972683334,72.2,54,5,72.2,r-lwf_sl24_st24_sp336_al1.0_te2.0,,,,,,,,,,
yahoo-a4,lstm,naive,8,4,336,B3,,,,,,,,0.0002933020522112,0.004852379934349,-0.0002933020522112,0.9832225584999932,0.9846366162482234,0.993400966183575,5,10,10,0.9927,0.9846,0.9855,0.9641,0.9892,0.9934,0.9851,0.9872,0.9683,0.9892,0.000165850271792,0.0002505571193638,0.0001138898913774,0.0001366672279864,82.0,40,5,82.0,r-naive_sl8_st4_sp336,,,,,,,,,,
yahoo-a4,lstm,cumulative,8,4,336,B3,,,,,,,,0.0009137875087639,0.0052664414847766,-0.0009137875087639,0.983234726329792,0.985096977809514,0.993903381642512,5,10,10,0.9927,0.985,0.9875,0.9617,0.9893,0.9939,0.9866,0.9874,0.9683,0.9893,0.0007750797960703,0.0011709462931964,0.0005322495250018,0.0006386967681945,383.2,86,5,383.3,r-cumulative_sl8_st4_sp336,,,,,,,,,,
yahoo-a4,lstm,experts,8,4,336,B3,,,,,,,,-0.0010680662401709,0.0068469602989292,0.0010680662401709,0.9830823998664264,0.9825581248289356,0.9930144927536232,5,10,10,0.9927,0.9867,0.9853,0.9602,0.9905,0.993,0.985,0.9876,0.9567,0.9905,0.0002643382915706,0.0003993471952614,0.0001815218956048,0.0002178252996566,130.7,78,5,130.7,r-experts_sl8_st4_sp336,,,,,,,,,,
yahoo-a4,lstm,random-buffer,8,4,336,B3,50.0,,,0.5,,,,0.0003111530674668,0.0061519628549334,-0.0003111530674668,0.9832454038338528,0.9836708749204182,0.9931884057971014,5,10,10,0.9927,0.9842,0.9859,0.9647,0.9887,0.993,0.9845,0.9868,0.9653,0.9887,0.0003340455098701,0.000504656879878,0.0002293900530694,0.0002752668268086,165.2,59,5,165.2,r-random-buffer_sl8_st4_sp336_bu50_re0.5,,,,,,,,,,
yahoo-a4,lstm,reservoir,8,4,336,B3,50.0,,,0.5,,,,0.0001051937112517,0.0031664789054063,-0.0001051937112517,0.9819958909166424,0.9819787084280333,0.9934357487922706,5,10,10,0.9927,0.9837,0.9839,0.9616,0.9881,0.9932,0.9838,0.9849,0.9599,0.9881,0.0003262057524719,0.0004928130221081,0.0002240064412038,0.0002688065809042,161.3,57,5,161.3,r-reservoir_sl8_st4_sp336_bu50_re0.5,,,,,,,,,,
yahoo-a4,lstm,ewc,8,4,336,B3,,,,,1000.0,,,-0.0005217836581293,0.0043448198065847,0.0005217836581293,0.9816549310346518,0.982002644760286,0.9932193236714976,5,10,10,0.9927,0.9846,0.9859,0.956,0.9891,0.9932,0.9837,0.9851,0.9589,0.9891,0.0001901490233493,0.0002872662855807,0.0001305759273165,0.0001566903582642,94.0,40,5,94.0,r-ewc_sl8_st4_sp336_la1000.0,,,,,,,,,,
yahoo-a4,lstm,lwf,8,4,336,B3,,,,,,1.0,2.0,-3.630796970353067e-05,0.0040310246168133,3.630796970353067e-05,0.982682257699002,0.9838497665250888,0.9930280193236716,5,10,10,0.9927,0.9846,0.9853,0.9618,0.989,0.993,0.9847,0.9863,0.9663,0.989,0.000189152604995,0.0002857609536338,0.0001298916696751,0.0001558692839586,93.5,43,5,93.5,r-lwf_sl8_st4_sp336_al1.0_te2.0,,,,,,,,,,
yahoo-a4,lstm,naive,12,6,336,B3,,,,,,,,0.0004785361890421,0.0065949283920836,-0.0004785361890421,0.9784206507113716,0.9781597537240584,0.991967920841446,5,10,10,0.9885,0.9784,0.9824,0.9516,0.9911,0.9913,0.9772,0.9842,0.9471,0.9911,0.0001901993440241,0.0002873423071826,0.0001306104793368,0.0001567318278457,94.0,54,5,94.1,r-naive_sl12_st6_sp336,,,,,,,,,,
yahoo-a4,lstm,cumulative,12,6,336,B3,,,,,,,,0.0025030675786368,0.0076106675688604,-0.0025030675786368,0.9781863847693286,0.9801961572788012,0.993800814970742,5,10,10,0.9885,0.9812,0.9814,0.9503,0.9895,0.9938,0.9832,0.9881,0.9464,0.9895,0.000744954643178,0.0011254349325725,0.0005115625638883,0.0006138723686841,368.3,106,5,368.3,r-cumulative_sl12_st6_sp336,,,,,,,,,,
yahoo-a4,lstm,experts,12,6,336,B3,,,,,,,,-0.0008264604673396,0.0044738271692301,0.0008264604673396,0.9766603260860568,0.9736753336067896,0.9916343481550796,5,10,10,0.9885,0.9769,0.9856,0.9443,0.988,0.991,0.9754,0.978,0.936,0.988,0.0003915459295465,0.000591525230232,0.0002688757648161,0.0003226494654159,193.6,142,5,193.6,r-experts_sl12_st6_sp336,,,,,,,,,,
yahoo-a4,lstm,random-buffer,12,6,336,B3,50.0,,,0.5,,,,0.0023625463319157,0.0040070857613843,-0.0023625463319157,0.9759315140556326,0.9778496636018386,0.9912007036628036,5,10,10,0.9885,0.974,0.9826,0.9453,0.9893,0.9911,0.9776,0.9838,0.9475,0.9893,0.0002975628671466,0.0004495409866762,0.0002043373277184,0.0002452036589578,147.1,62,5,147.1,r-random-buffer_sl12_st6_sp336_bu50_re0.5,,,,,,,,,,
yahoo-a4,lstm,reservoir,12,6,336,B3,50.0,,,0.5,,,,0.002016131760093,0.0035343495046451,-0.002016131760093,0.97481209327952,0.9770096905753126,0.9909900261766776,5,10,10,0.9885,0.9742,0.981,0.9434,0.987,0.991,0.9781,0.9828,0.9462,0.987,0.0002907177778847,0.0004391998167238,0.0001996367549193,0.0002395630618045,143.7,61,5,143.8,r-reservoir_sl12_st6_sp336_bu50_re0.5,,,,,,,,,,
yahoo-a4,lstm,ewc,12,6,336,B3,,,,,1000.0,,,0.0009817955499799,0.005713585023409,-0.0009817955499799,0.9777472867882866,0.9784218981370938,0.9919012063041728,5,10,10,0.9885,0.9786,0.9826,0.949,0.99,0.9913,0.9781,0.9842,0.9486,0.99,0.0002050551770746,0.0003097856513789,0.0001408120483205,0.0001689736030584,101.4,52,5,101.4,r-ewc_sl12_st6_sp336_la1000.0,,,,,,,,,,
yahoo-a4,lstm,lwf,12,6,336,B3,,,,,,1.0,2.0,0.0006878879586516,0.0079570872294755,-0.0006878879586516,0.978814745668511,0.9788464674350116,0.9913393996745034,5,10,10,0.9885,0.9787,0.9838,0.952,0.991,0.9913,0.978,0.9846,0.9493,0.991,0.000213914287748,0.0003231694898645,0.0001468956263891,0.0001762738634754,105.8,58,5,105.8,r-lwf_sl12_st6_sp336_al1.0_te2.0,,,,,,,,,,
yahoo-a4,lstm,naive,24,12,336,B3,,,,,,,,0.0148369072606553,0.0533838426315685,-0.0148369072606553,0.9112624476517868,0.9241030451591704,0.9533653457181424,5,10,10,0.9155,0.9075,0.9223,0.8739,0.9371,0.9534,0.9146,0.9299,0.8855,0.9371,0.0002012235656679,0.0003039970716786,0.0001381808402217,0.0001658162314568,99.5,59,5,99.5,r-naive_sl24_st12_sp336,,,,,,,,,,
yahoo-a4,lstm,cumulative,24,12,336,B3,,,,,,,,0.0176044173887205,0.0500579819917906,-0.0176044173887205,0.9066159995869296,0.922437414262298,0.959102593400604,5,10,10,0.9155,0.896,0.9203,0.8808,0.9205,0.9591,0.9161,0.9293,0.8871,0.9205,0.0007492584011473,0.0011319368043365,0.0005145179578749,0.0006174188464616,370.5,115,5,370.5,r-cumulative_sl24_st12_sp336,,,,,,,,,,
yahoo-a4,lstm,experts,24,12,336,B3,,,,,,,,0.0164777200193724,0.0575159618749849,-0.0164777200193724,0.911214496338508,0.9221306162596904,0.955826599424572,5,10,10,0.9155,0.9082,0.9222,0.8753,0.9349,0.9558,0.9123,0.9243,0.8834,0.9349,0.000298238962914,0.0004505623935516,0.0002048015645258,0.0002457608290257,147.5,111,5,147.5,r-experts_sl24_st12_sp336,,,,,,,,,,
yahoo-a4,lstm,random-buffer,24,12,336,B3,50.0,,,0.5,,,,0.0132290783151647,0.0563423320872271,-0.0132290783151647,0.91143816883118,0.9209083743848404,0.944770829459532,5,10,10,0.9155,0.9057,0.9265,0.8741,0.9354,0.9447,0.9134,0.9287,0.8824,0.9354,0.0002913443794571,0.0004401464505959,0.0002000670668436,0.0002400793837523,144.0,66,5,144.1,r-random-buffer_sl24_st12_sp336_bu50_re0.5,,,,,,,,,,
yahoo-a4,lstm,reservoir,24,12,336,B3,50.0,,,0.5,,,,0.0182787492911164,0.0605828358055605,-0.0182787492911164,0.9154870974921068,0.926830664940648,0.9558890533825206,5,10,10,0.9155,0.907,0.9289,0.8847,0.9413,0.9554,0.9189,0.9328,0.8857,0.9413,0.0002754374690545,0.0004161151987602,0.0001891437770249,0.0002269714217353,136.2,62,5,136.2,r-reservoir_sl24_st12_sp336_bu50_re0.5,,,,,,,,,,
yahoo-a4,lstm,ewc,24,12,336,B3,,,,,1000.0,,,0.01277939439777,0.0523820095585106,-0.01277939439777,0.9115149920187944,0.9200947050680852,0.9462725632665692,5,10,10,0.9155,0.9073,0.9247,0.8755,0.9346,0.9463,0.9127,0.9258,0.8812,0.9346,0.0002164408196357,0.000326986429957,0.0001486306043988,0.0001783558255581,107.0,59,5,107.0,r-ewc_sl24_st12_sp336_la1000.0,,,,,,,,,,
yahoo-a4,lstm,lwf,24,12,336,B3,,,,,,1.0,2.0,0.0131373766897949,0.0536090609947457,-0.0131373766897949,0.9109959299374086,0.9182351027361056,0.9461675270645646,5,10,10,0.9155,0.9062,0.9212,0.8782,0.9338,0.9453,0.9112,0.9245,0.8763,0.9338,0.0002134365242068,0.0003224477119902,0.000146567539698,0.0001758801722922,105.5,59,5,105.5,r-lwf_sl24_st12_sp336_al1.0_te2.0,,,,,,,,,,
yahoo-a4,lstm,naive,12,12,168,B5,,,,,,,,0.0146463926916983,0.0722837967897393,-0.0146463926916983,0.9321703721723752,0.94256072019229,0.982165690376569,10,45,45,0.9585,0.8999,0.965,0.9567,0.9101,0.9734,0.9462,0.9688,0.9515,0.9404,0.0001571016977988,0.0002373402733822,0.00010788222859,0.0001294580447922,77.7,77,10,77.7,r-naive_sl12_st12_sp168,0.9427,0.9075,0.9395,0.8933,0.9485,0.9465,0.9093,0.9414,0.8996,0.9485
yahoo-a4,lstm,cumulative,12,12,168,B5,,,,,,,,0.0119700950844303,0.0904181020088296,-0.0119700950844303,0.9468894958473308,0.9493516138751013,0.9970410041841004,10,45,45,0.9585,0.9124,0.9634,0.9716,0.9455,0.982,0.957,0.9581,0.9616,0.947,0.0007305165608046,0.0011036227022425,0.0005016478623826,0.0006019748398599,361.2,192,10,361.2,r-cumulative_sl12_st12_sp168,0.967,0.9173,0.9494,0.9175,0.9661,0.9565,0.899,0.952,0.9141,0.9661
yahoo-a4,lstm,experts,12,12,168,B5,,,,,,,,-0.0172237714051061,0.0525800515485778,0.0172237714051061,0.905997877163688,0.9010119174326072,0.9828217573221758,10,45,45,0.9585,0.9364,0.9511,0.9467,0.8752,0.9503,0.873,0.9169,0.9301,0.8881,0.0002121489796067,0.0003205025631365,0.0001456833318858,0.0001748192312506,104.9,178,10,104.9,r-experts_sl12_st12_sp168,0.8921,0.8602,0.905,0.8263,0.9085,0.9104,0.871,0.9162,0.8456,0.9085
yahoo-a4,lstm,random-buffer,12,12,168,B5,50.0,,,0.5,,,,-0.0007368152536508,0.0741952528908077,0.0007368152536508,0.92855288265207,0.9299708099622022,0.9741991631799164,10,45,45,0.9585,0.9166,0.9683,0.9448,0.9076,0.9495,0.9269,0.9448,0.9377,0.9283,0.0001924980145577,0.0002908150073539,0.00013218896638,0.0001586260409738,95.2,80,10,95.2,r-random-buffer_sl12_st12_sp168_bu50_re0.5,0.9287,0.8981,0.935,0.8817,0.9462,0.9329,0.9034,0.9383,0.8918,0.9462
yahoo-a4,lstm,reservoir,12,12,168,B5,50.0,,,0.5,,,,0.0126190326995587,0.0815242770934608,-0.0126190326995587,0.9378621134477504,0.9441474813521477,0.9909355648535564,10,45,45,0.9585,0.9149,0.9825,0.9673,0.93,0.9899,0.9578,0.9806,0.9607,0.939,0.0001904164095455,0.0002876702373763,0.000130759542652,0.0001569106947242,94.1,78,10,94.2,r-reservoir_sl12_st12_sp168_bu50_re0.5,0.9484,0.9036,0.9413,0.8878,0.9442,0.945,0.8943,0.9401,0.8899,0.9442
yahoo-a4,lstm,ewc,12,12,168,B5,,,,,1000.0,,,0.0144752649659184,0.071505676891514,-0.0144752649659184,0.931179169948118,0.939904314130004,0.982942259414226,10,45,45,0.9585,0.8975,0.965,0.9578,0.91,0.9742,0.9419,0.9676,0.9496,0.9384,5.983377643039212e-07,0.0002516965638662,0.0001144078292832,0.000137288734583,82.4,77,10,82.4,r-ewc_sl12_st12_sp168_la1000.0,0.9432,0.9078,0.9393,0.891,0.9416,0.944,0.9064,0.9385,0.8967,0.9416
yahoo-a4,lstm,lwf,12,12,168,B5,,,,,,1.0,2.0,0.0159930342036187,0.0705587590121446,-0.0159930342036187,0.9318794683470948,0.9424561012344213,0.983484518828452,10,45,45,0.9585,0.8925,0.9701,0.9539,0.9154,0.9751,0.9458,0.9696,0.951,0.941,0.0001653514072917,0.0002498034633655,0.000113547321006,0.0001362561423595,81.8,80,10,81.7,r-lwf_sl12_st12_sp168_al1.0_te2.0,0.9414,0.9036,0.9401,0.8972,0.946,0.947,0.9081,0.9426,0.8982,0.946
yahoo-a4,tcn,naive,12,12,336,B1,,,,,,,,-0.0061617236702052,0.0079647665178991,0.0061617236702052,0.9338564212049482,0.928277912289064,0.9649836461601394,5,10,10,0.965,0.933,0.9329,0.8968,0.9416,0.957,0.9278,0.9285,0.8866,0.9416,3.470611090149571e-05,5.2432010378041825e-05,2.383283663010742e-05,2.8599173747934404e-05,17.2,45,5,17.2,r-naive_sl12_st12_sp336,,,,,,,,,,
yahoo-a4,tcn,cumulative,12,12,336,B1,,,,,,,,-0.0051720461072531,-0.0011490382024116,0.0051720461072531,0.9250778425124576,0.9219029157323496,0.9649836461601394,5,10,10,0.965,0.9243,0.9298,0.881,0.9253,0.9517,0.9275,0.9248,0.8803,0.9253,7.577014230066356e-05,0.0001144692039603,5.203161770995292e-05,6.243758625040452e-05,37.5,63,5,37.5,r-cumulative_sl12_st12_sp336,,,,,,,,,,
yahoo-a4,tcn,experts,12,12,336,B1,,,,,,,,0.0050967563299624,0.0164817140540332,-0.0050967563299624,0.9415742069573227,0.941824706592208,0.9777524574650934,5,10,10,0.965,0.9278,0.9462,0.9077,0.9612,0.9732,0.9391,0.9387,0.8969,0.9612,4.121918407702543e-05,6.22715893876739e-05,2.8305380151141432e-05,3.396620923653245e-05,20.4,70,5,20.4,r-experts_sl12_st12_sp336,,,,,,,,,,
yahoo-a4,tcn,random-buffer,12,12,336,B1,50.0,,,0.5,,,,-0.0049236863534434,0.0030303247315504,0.0049236863534434,0.9291149884176712,0.9250924067036528,0.9649836461601394,5,10,10,0.965,0.938,0.9146,0.8977,0.9303,0.9558,0.9241,0.9251,0.8902,0.9303,4.052788021470911e-05,6.12272069909765e-05,2.7830660186009484e-05,3.3396546804967025e-05,20.0,39,5,20.0,r-random-buffer_sl12_st12_sp336_bu50_re0.5,,,,,,,,,,
yahoo-a4,tcn,random-buffer,12,12,336,B1,100.0,,,0.5,,,,-0.0031163341065814,-0.0013295985752809,0.0031163341065814,0.9283982634807196,0.928336386249748,0.9649836461601394,5,10,10,0.965,0.9251,0.9194,0.8949,0.9376,0.9558,0.9286,0.9307,0.889,0.9376,4.812666740364898e-05,7.270702072988368e-05,3.3048756423199345e-05,3.965826430668434e-05,23.8,52,5,23.8,r-random-buffer_sl12_st12_sp336_bu100_re0.5,,,,,,,,,,
yahoo-a4,tcn,random-buffer,12,12,336,B1,250.0,,,0.5,,,,-0.0039671434038088,0.0034615345134191,0.0039671434038088,0.9310192339946838,0.9326744054364372,0.9649836461601394,5,10,10,0.965,0.9323,0.9242,0.8897,0.9439,0.9549,0.9311,0.9372,0.8962,0.9439,4.502228688221996e-05,6.801709992086723e-05,3.0916976794186565e-05,3.710012312668065e-05,22.3,46,5,22.3,r-random-buffer_sl12_st12_sp336_bu250_re0.5,,,,,,,,,,
yahoo-a4,tcn,random-buffer,12,12,336,B1,500.0,,,0.5,,,,-0.0013402314711564,0.0034519470062401,0.0013402314711564,0.9306064055753572,0.9379003033107376,0.9649836461601394,5,10,10,0.965,0.927,0.9225,0.8903,0.9482,0.9571,0.9366,0.9448,0.9028,0.9482,4.29909092509601e-05,6.494821060203119e-05,2.95220615736778e-05,3.5426149028353395e-05,21.3,42,5,21.3,r-random-buffer_sl12_st12_sp336_bu500_re0.5,,,,,,,,,,
yahoo-a4,tcn,random-buffer,12,12,336,B1,1000.0,,,0.5,,,,-0.0050921028583306,0.0040535599786505,0.0050921028583306,0.9302243071348149,0.9294018591115254,0.9649836461601394,5,10,10,0.965,0.933,0.9227,0.8894,0.941,0.9522,0.9304,0.931,0.8924,0.941,4.655174736769972e-05,7.032772147898665e-05,3.1967259604587326e-05,3.8360461874399335e-05,23.0,48,5,23.0,r-random-buffer_sl12_st12_sp336_bu1000_re0.5,,,,,,,,,,
yahoo-a4,tcn,random-buffer,12,12,336,B1,50.0,,,,,,,0.0019448133006989,-0.0025843436392081,-0.0019448133006989,0.9282406452973682,0.935395267450908,0.9649906687430102,5,10,10,0.965,0.9214,0.9308,0.8783,0.9457,0.965,0.9355,0.9408,0.8899,0.9457,3.263021414474235e-05,4.9295864106776816e-05,2.2407323552761227e-05,2.688854055401559e-05,16.1,36,5,16.1,r-random-buffer_sl12_st12_sp336_bu50,,,,,,,,,,
yahoo-a4,tcn,random-buffer,12,12,336,B1,50.0,,,0.3,,,,-0.0023714102298438,0.0057796820836221,0.0023714102298438,0.9315111112497932,0.9304503548736228,0.9649836461601394,5,10,10,0.965,0.9323,0.9235,0.8978,0.939,0.9586,0.933,0.933,0.8886,0.939,3.7406241020997825e-05,5.6511212765472e-05,2.568703096088332e-05,3.0824181804588685e-05,18.5,41,5,18.5,r-random-buffer_sl12_st12_sp336_bu50_re0.3,,,,,,,,,,
yahoo-a4,tcn,reservoir,12,12,336,B1,50.0,,,0.5,,,,-0.0021364666018969,-0.0011622904248294,0.0021364666018969,0.9276129274986266,0.9282365422411072,0.9649836461601394,5,10,10,0.965,0.9281,0.92,0.8873,0.9376,0.9579,0.9284,0.9288,0.8884,0.9376,1.555190576548987e-07,6.542059479229566e-05,2.9736737847431663e-05,3.5683856944864e-05,21.4,45,5,21.4,r-reservoir_sl12_st12_sp336_bu50_re0.5,,,,,,,,,,
yahoo-a4,tcn,reservoir,12,12,336,B1,100.0,,,0.5,,,,-0.0063171943972009,0.0015425125450096,0.0063171943972009,0.9285159292405932,0.9228637930690488,0.9649836461601394,5,10,10,0.965,0.9253,0.9242,0.8964,0.9317,0.9484,0.9259,0.9249,0.8834,0.9317,4.404848834708461e-05,6.654594070498003e-05,3.02482554967153e-05,3.6297685208264736e-05,21.8,44,5,21.8,r-reservoir_sl12_st12_sp336_bu100_re0.5,,,,,,,,,,
yahoo-a4,tcn,reservoir,12,12,336,B1,250.0,,,0.5,,,,-0.0032790524997766,0.003869263634361,0.0032790524997766,0.9307790819978392,0.9327802258036484,0.9649836461601394,5,10,10,0.965,0.9324,0.9242,0.8915,0.9408,0.9553,0.9343,0.9362,0.8973,0.9408,4.360173005170833e-05,6.587100378548105e-05,2.994147309024508e-05,3.592953069523598e-05,21.6,43,5,21.6,r-reservoir_sl12_st12_sp336_bu250_re0.5,,,,,,,,,,
yahoo-a4,tcn,reservoir,12,12,336,B1,500.0,,,0.5,,,,-0.0010101495033885,0.0023147581276859,0.0010101495033885,0.9313099321180112,0.9347382902329924,0.9649836461601394,5,10,10,0.965,0.9303,0.9238,0.8926,0.9449,0.9584,0.9349,0.9376,0.8979,0.9449,4.310168062103129e-05,6.5115557662082e-05,2.9598092245739988e-05,3.5517465416342014e-05,21.3,43,5,21.3,r-reservoir_sl12_st12_sp336_bu500_re0.5,,,,,,,,,,
yahoo-a4,tcn,reservoir,12,12,336,B1,1000.0,,,0.5,,,,-0.0045933241185368,0.0002699691981555,0.0045933241185368,0.9282189343790088,0.9288406749679056,0.9649836461601394,5,10,10,0.965,0.9244,0.9246,0.8878,0.9393,0.9494,0.9302,0.934,0.8912,0.9393,4.472871202833298e-05,6.757358379687907e-05,3.071537893524186e-05,3.685820486163721e-05,22.1,46,5,22.1,r-reservoir_sl12_st12_sp336_bu1000_re0.5,,,,,,,,,,
yahoo-a4,tcn,reservoir,12,12,336,B1,50.0,,,,,,,0.0010777581338654,-0.0035547917104516,-0.0010777581338654,0.9260648117333308,0.9324895778843938,0.9649836461601394,5,10,10,0.965,0.9199,0.9294,0.8759,0.9402,0.9626,0.9341,0.9379,0.8877,0.9402,3.31988284370096e-05,5.015489410751292e-05,2.279778396930649e-05,2.7357110138206436e-05,16.4,36,5,16.4,r-reservoir_sl12_st12_sp336_bu50,,,,,,,,,,
yahoo-a4,tcn,reservoir,12,12,336,B1,50.0,,,0.3,,,,0.0020644508288703,0.0081121806407344,-0.0020644508288703,0.9333877822741368,0.9353712511757954,0.966258244951202,5,10,10,0.965,0.9269,0.9309,0.9032,0.9409,0.9633,0.9358,0.9373,0.8995,0.9409,3.701734190525278e-05,5.592368619037896e-05,2.541995445563872e-05,3.0503731734740233e-05,18.3,40,5,18.3,r-reservoir_sl12_st12_sp336_bu50_re0.3,,,,,,,,,,
yahoo-a4,tcn,ewc,12,12,336,B1,,,,,1000.0,,,-0.0003345523803367,0.0081332572109325,0.0003345523803367,0.9345887698292844,0.933353520852094,0.972088744379739,5,10,10,0.965,0.9356,0.9349,0.8903,0.9472,0.9645,0.933,0.9333,0.8888,0.9472,3.812637477887469e-05,5.759914972198507e-05,2.6181540971932315e-05,3.1417608750052754e-05,18.9,40,5,18.8,r-ewc_sl12_st12_sp336_la1000.0,,,,,,,,,,
yahoo-a4,tcn,ewc,12,12,336,B1,,,,,100.0,,,-0.0032957440843812,0.0075387936209024,0.0032957440843812,0.9347450688548372,0.930119647517731,0.9653224857836588,5,10,10,0.965,0.9347,0.9296,0.9018,0.9427,0.9598,0.9302,0.9291,0.8887,0.9427,3.7143429753745224e-05,5.6114172511346013e-05,2.550655237282626e-05,3.060762013851975e-05,18.4,40,5,18.4,r-ewc_sl12_st12_sp336_la100,,,,,,,,,,
yahoo-a4,tcn,ewc,12,12,336,B1,,,,,500.0,,,-0.0035628077124304,0.0091694456341929,0.0035628077124304,0.9354272116598285,0.9301040461820442,0.9669517250097,5,10,10,0.965,0.9354,0.9422,0.8916,0.9429,0.9611,0.9318,0.9292,0.8856,0.9429,3.9601682198687646e-05,5.982795992102991e-05,2.7194637210858573e-05,3.263332271017134e-05,19.6,46,5,19.6,r-ewc_sl12_st12_sp336_la500,,,,,,,,,,
yahoo-a4,tcn,ewc,12,12,336,B1,,,,,5000.0,,,0.0009629561011872,0.008031123495044,-0.0009629561011872,0.9356832172792172,0.9377300773713504,0.9741077369551134,5,10,10,0.965,0.9349,0.9344,0.8905,0.9537,0.9701,0.9353,0.9376,0.8919,0.9537,1.3096327305715936e-07,5.509096665411361e-05,2.5041452487413257e-05,3.004951416670035e-05,18.0,40,5,18.0,r-ewc_sl12_st12_sp336_la5000,,,,,,,,,,
yahoo-a4,tcn,ewc,12,12,336,B1,,,,,10000.0,,,0.0023780706265206,0.0060757564912938,-0.0023780706265206,0.9330807332161346,0.9396359555954756,0.9726154380950542,5,10,10,0.965,0.9334,0.9236,0.8885,0.9549,0.9726,0.934,0.9385,0.8982,0.9549,3.616663113419771e-05,5.463848093925561e-05,2.483578489563014e-05,2.980269604362547e-05,17.9,38,5,17.9,r-ewc_sl12_st12_sp336_la10000,,,,,,,,,,
yahoo-a4,tcn,lwf,12,12,336,B1,,,,,,1.0,2.0,-0.0025933526609773,0.0030582654100559,0.0025933526609773,0.933945629423998,0.930254125313193,0.9649836461601394,5,10,10,0.965,0.9286,0.9367,0.8974,0.9421,0.9602,0.9288,0.9297,0.8905,0.9421,3.61548702924635e-05,5.462071333119337e-05,2.482771215145476e-05,2.9793001179738593e-05,17.9,42,5,17.9,r-lwf_sl12_st12_sp336_al1.0_te2.0,,,,,,,,,,
yahoo-a4,tcn,lwf,12,12,336,B1,,,,,,0.1,2.0,-0.0061614840167447,0.0042324214440745,0.0061614840167447,0.928770756457664,0.9289692101527006,0.9649836461601394,5,10,10,0.965,0.9327,0.9342,0.8712,0.9407,0.9568,0.9285,0.9299,0.8889,0.9407,3.613715274203151e-05,5.4593946667802e-05,2.4815539583667287e-05,2.9778407084134717e-05,17.9,44,5,17.9,r-lwf_sl12_st12_sp336_al0.1_te2.0,,,,,,,,,,
yahoo-a4,tcn,lwf,12,12,336,B1,,,,,,0.5,2.0,-0.001316963804991,-1.5683572394042943e-05,0.001316963804991,0.9267014929402412,0.9298133821462632,0.9649836461601394,5,10,10,0.965,0.9293,0.9257,0.8727,0.9409,0.9589,0.9301,0.9299,0.8894,0.9409,3.539193766632094e-05,5.3468118288631864e-05,2.4303806481960543e-05,2.9164311806671324e-05,17.5,40,5,17.5,r-lwf_sl12_st12_sp336_al0.5_te2.0,,,,,,,,,,
yahoo-a4,tcn,lwf,12,12,336,B1,,,,,,2.0,2.0,-0.0023658562031562,0.0083299554203985,0.0023658562031562,0.9294896600264084,0.929349058475801,0.9698625856096744,5,10,10,0.965,0.9351,0.9317,0.8731,0.9425,0.9587,0.9318,0.9296,0.8841,0.9425,3.4569776956675084e-05,5.222604483986894e-05,2.3739217477850616e-05,2.8486827362018328e-05,17.1,38,5,17.1,r-lwf_sl12_st12_sp336_al2.0_te2.0,,,,,,,,,,
yahoo-a4,tcn,lwf,12,12,336,B1,,,,,,1.0,1.0,-0.0016801295875539,0.0042403165993493,0.0016801295875539,0.9286216642298976,0.9295754358515118,0.9673994146677176,5,10,10,0.965,0.9312,0.9275,0.8771,0.9424,0.9601,0.9315,0.9292,0.8847,0.9424,3.501543673823317e-05,5.2899322187424536e-05,2.404525468720951e-05,2.8854067500215028e-05,17.3,41,5,17.3,r-lwf_sl12_st12_sp336_al1.0_te1.0,,,,,,,,,,
yahoo-a4,tcn,lwf,12,12,336,B1,,,,,,1.0,5.0,-0.0061057811459672,0.0043436377042659,0.0061057811459672,0.9288521607466412,0.9289795099617524,0.9649836461601394,5,10,10,0.965,0.933,0.9343,0.8712,0.9408,0.9568,0.9286,0.9297,0.889,0.9408,3.680323709182051e-05,5.560022886519114e-05,2.527295081009571e-05,3.0327278055095424e-05,18.2,44,5,18.2,r-lwf_sl12_st12_sp336_al1.0_te5.0,,,,,,,,,,
yahoo-a4,tcn,naive,6,6,336,B2,,,,,,,,0.0166159719694897,0.0480643868735418,-0.0166159719694897,0.9597116569911046,0.969299779124753,0.986377889414237,5,10,10,0.9399,0.9648,0.9708,0.9367,0.9864,0.9836,0.9716,0.9706,0.9343,0.9864,4.263054738910202e-05,6.440379648042533e-05,2.927456238345864e-05,3.512923409696669e-05,21.1,37,5,21.1,r-naive_sl6_st6_sp336,,,,,,,,,,
yahoo-a4,tcn,cumulative,6,6,336,B2,,,,,,,,0.0248205952114038,0.0403664943680368,-0.0248205952114038,0.958070393510312,0.9774730186881282,0.9890128448187472,5,10,10,0.9399,0.957,0.955,0.9563,0.9822,0.989,0.978,0.9793,0.9589,0.9822,0.0001502317501043,0.0002269615487295,0.0001031645851875,0.0001237969635419,74.3,73,5,74.3,r-cumulative_sl6_st6_sp336,,,,,,,,,,
yahoo-a4,tcn,experts,6,6,336,B2,,,,,,,,0.0209598403793008,0.0443794023118689,-0.0209598403793008,0.9583227324938702,0.9668548842464624,0.9889786670258686,5,10,10,0.9399,0.9702,0.9551,0.9537,0.9727,0.9796,0.9694,0.9739,0.9387,0.9727,7.08681111536354e-05,0.0001070634952451,4.8665372744047395e-05,5.8398122501093896e-05,35.0,89,5,35.0,r-experts_sl6_st6_sp336,,,,,,,,,,
yahoo-a4,tcn,random-buffer,6,6,336,B2,50.0,,,0.5,,,,0.0215763866830396,0.0556011829527629,-0.0215763866830396,0.9652462113227588,0.9794296051447228,0.9907157030874608,5,10,10,0.9399,0.98,0.9707,0.9509,0.9848,0.9907,0.9813,0.9819,0.9584,0.9848,6.916222698555652e-05,0.0001044863428624,4.749394230376412e-05,5.69924005586654e-05,34.2,48,5,34.2,r-random-buffer_sl6_st6_sp336_bu50_re0.5,,,,,,,,,,
yahoo-a4,tcn,reservoir,6,6,336,B2,50.0,,,0.5,,,,0.0205012844280879,0.0573619139362561,-0.0205012844280879,0.9661711884715148,0.9765485571631468,0.9912283699806392,5,10,10,0.9399,0.977,0.9763,0.9541,0.9835,0.9911,0.9761,0.9769,0.9551,0.9835,6.516711937227377e-05,9.845076243005071e-05,4.475049513857812e-05,5.370026729147261e-05,32.2,45,5,32.2,r-reservoir_sl6_st6_sp336_bu50_re0.5,,,,,,,,,,
yahoo-a4,tcn,ewc,6,6,336,B2,,,,,1000.0,,,0.0106136535222133,0.032908085500116,-0.0106136535222133,0.9477095882485588,0.9558278639189772,0.9768093623026984,5,10,10,0.9399,0.962,0.9506,0.9306,0.9555,0.9737,0.9652,0.9537,0.9311,0.9555,1.857620778175302e-07,7.81426135415677e-05,3.551947708280447e-05,4.262313645876323e-05,25.6,39,5,25.6,r-ewc_sl6_st6_sp336_la1000.0,,,,,,,,,,
yahoo-a4,tcn,lwf,6,6,336,B2,,,,,,1.0,2.0,0.0186012003214464,0.0456215283631827,-0.0186012003214464,0.9561224047092658,0.9676130444029,0.9839317375886524,5,10,10,0.9399,0.9625,0.9578,0.9365,0.9839,0.9814,0.9703,0.9683,0.9341,0.9839,4.5327452367381416e-05,6.847812650867531e-05,3.112652893630891e-05,3.7351597572366395e-05,22.4,36,5,22.4,r-lwf_sl6_st6_sp336_al1.0_te2.0,,,,,,,,,,
yahoo-a4,tcn,naive,8,8,336,B2,,,,,,,,0.0005128254064767,0.0167295999902662,-0.0005128254064767,0.9817658227391878,0.983639172694082,0.9931265700483092,5,10,10,0.9931,0.9781,0.9847,0.9611,0.9918,0.9922,0.98,0.9864,0.9677,0.9918,3.8426821886955426e-05,5.805304805515334e-05,2.6387859721823286e-05,3.1665188333330054e-05,19.0,39,5,19.0,r-naive_sl8_st8_sp336,,,,,,,,,,
yahoo-a4,tcn,cumulative,8,8,336,B2,,,,,,,,0.001618765808775,0.014797576581886,-0.001618765808775,0.9807654652636384,0.982970091379678,0.9931497584541062,5,10,10,0.9931,0.9763,0.9795,0.9634,0.9915,0.9931,0.9824,0.9839,0.9639,0.9915,0.0001043198502703,0.0001576004723644,7.163678819455932e-05,8.5963684169886e-05,51.6,68,5,51.6,r-cumulative_sl8_st8_sp336,,,,,,,,,,
yahoo-a4,tcn,experts,8,8,336,B2,,,,,,,,0.0045460326140041,0.0069489022130103,-0.0045460326140041,0.9709609485013044,0.9800041456534389,0.9931265700483092,5,10,10,0.9931,0.9711,0.9739,0.9279,0.9888,0.9915,0.9812,0.9839,0.9546,0.9888,1.6708803727635614e-07,7.028719789154518e-05,3.194883865653538e-05,3.83383592350098e-05,23.0,61,5,23.0,r-experts_sl8_st8_sp336,,,,,,,,,,
yahoo-a4,tcn,random-buffer,8,8,336,B2,50.0,,,0.5,,,,0.0009171202919266,0.0173022823391321,-0.0009171202919266,0.9830659804024008,0.984258169754187,0.9939285024154588,5,10,10,0.9931,0.9789,0.9854,0.9647,0.9932,0.9939,0.9811,0.9874,0.9657,0.9932,5.464369225740097e-05,8.255256970930431e-05,3.752400109984187e-05,4.502856860946243e-05,27.0,46,5,27.0,r-random-buffer_sl8_st8_sp336_bu50_re0.5,,,,,,,,,,
yahoo-a4,tcn,reservoir,8,8,336,B2,50.0,,,0.5,,,,0.000601507846492,0.0178647327662602,-0.000601507846492,0.9830141916764858,0.9834829920677256,0.9931265700483092,5,10,10,0.9931,0.9787,0.9868,0.965,0.9914,0.992,0.9816,0.9862,0.9662,0.9914,2.193214952919819e-07,9.225970687512824e-05,4.193638124981792e-05,5.0323325625310345e-05,30.2,55,5,30.2,r-reservoir_sl8_st8_sp336_bu50_re0.5,,,,,,,,,,
yahoo-a4,tcn,ewc,8,8,336,B2,,,,,1000.0,,,-0.0007380927580939,0.0156343993849819,0.0007380927580939,0.9803632622398908,0.9798886113823218,0.9931265700483092,5,10,10,0.9931,0.9758,0.9823,0.9608,0.9898,0.9914,0.9775,0.9825,0.9582,0.9898,4.4099679361675875e-05,6.66232771664444e-05,3.0283434317809427e-05,3.6339842848634967e-05,21.8,39,5,21.8,r-ewc_sl8_st8_sp336_la1000.0,,,,,,,,,,
yahoo-a4,tcn,lwf,8,8,336,B2,,,,,,1.0,2.0,-0.0005353239216687,0.0165583321126887,0.0005353239216687,0.9808760589150662,0.976850343836902,0.9931265700483092,5,10,10,0.9931,0.9697,0.9846,0.9639,0.993,0.9928,0.9734,0.9834,0.9417,0.993,4.105185582291787e-05,6.201879941703131e-05,2.8190474072471264e-05,3.382832534456005e-05,20.3,38,5,20.3,r-lwf_sl8_st8_sp336_al1.0_te2.0,,,,,,,,,,
yahoo-a4,tcn,naive,10,10,336,B2,,,,,,,,-0.0004173606891702,0.0230606622915253,0.0004173606891702,0.9836246438438284,0.9820352400941392,0.993475824304506,5,10,10,0.9916,0.9864,0.9871,0.9597,0.9934,0.9924,0.9852,0.9876,0.9516,0.9934,3.7147041097182097e-05,5.6119628322776406e-05,2.550903408555314e-05,3.0610594237223264e-05,18.4,44,5,18.4,r-naive_sl10_st10_sp336,,,,,,,,,,
yahoo-a4,tcn,cumulative,10,10,336,B2,,,,,,,,0.0018419422228496,0.0253472139286866,-0.0018419422228496,0.9833068209402333,0.9860777512613156,0.995161701044054,5,10,10,0.9916,0.9876,0.9896,0.954,0.9937,0.9952,0.9865,0.9876,0.9674,0.9937,0.0001183217254094,0.0001787537057154,8.125188391034802e-05,9.750182180510216e-05,58.5,94,5,58.5,r-cumulative_sl10_st10_sp336,,,,,,,,,,
yahoo-a4,tcn,experts,10,10,336,B2,,,,,,,,0.0021688054633275,0.0166070832250953,-0.0021688054633275,0.9818245716525644,0.9834240191427648,0.9937100254833188,5,10,10,0.9916,0.9828,0.9778,0.9675,0.9895,0.9937,0.9848,0.9842,0.9649,0.9895,4.314598442355105e-05,6.518248931685876e-05,2.962851209514257e-05,3.5553977221716196e-05,21.3,65,5,21.3,r-experts_sl10_st10_sp336,,,,,,,,,,
yahoo-a4,tcn,random-buffer,10,10,336,B2,50.0,,,0.5,,,,0.0023659975331117,0.0256222267379849,-0.0023659975331117,0.985279604879376,0.9868978373149894,0.9950018494458168,5,10,10,0.9916,0.9855,0.9885,0.9676,0.9932,0.9945,0.989,0.9906,0.9671,0.9932,5.4172809163826264e-05,8.1841186422389e-05,3.7200651562307034e-05,4.464053486008197e-05,26.8,55,5,26.8,r-random-buffer_sl10_st10_sp336_bu50_re0.5,,,,,,,,,,
yahoo-a4,tcn,reservoir,10,10,336,B2,50.0,,,0.5,,,,0.0016708469544533,0.0248883531953306,-0.0016708469544533,0.985177155364083,0.9876251936160568,0.9950520354127051,5,10,10,0.9916,0.9867,0.9856,0.9684,0.9936,0.9951,0.9877,0.9885,0.9733,0.9936,2.013234062824631e-07,8.468863677039432e-05,3.849494079865205e-05,4.619369597174227e-05,27.7,58,5,27.7,r-reservoir_sl10_st10_sp336_bu50_re0.5,,,,,,,,,,
yahoo-a4,tcn,ewc,10,10,336,B2,,,,,1000.0,,,-0.0002259064785282,0.024120443424861,0.0002259064785282,0.984184852373606,0.9825713420312184,0.9946059379292528,5,10,10,0.9916,0.9857,0.9877,0.9633,0.9925,0.9939,0.9849,0.987,0.9546,0.9925,1.438833566782743e-07,6.05259247100912e-05,2.7511901447239023e-05,3.301402326285218e-05,19.8,38,5,19.8,r-ewc_sl10_st10_sp336_la1000.0,,,,,,,,,,
yahoo-a4,tcn,lwf,10,10,336,B2,,,,,,1.0,2.0,0.0015976653599085,0.0227545159538789,-0.0015976653599085,0.984555972157946,0.9846629692354394,0.9941728516224008,5,10,10,0.9916,0.9831,0.988,0.9663,0.9938,0.9942,0.9865,0.9891,0.9597,0.9938,4.463937346109097e-05,6.74386161913733e-05,3.065403813638518e-05,3.678457805498813e-05,22.1,59,5,22.1,r-lwf_sl10_st10_sp336_al1.0_te2.0,,,,,,,,,,
yahoo-a4,tcn,naive,16,16,336,B2,,,,,,,,0.001391302890427,0.0040686085543773,-0.001391302890427,0.940582604630627,0.9377522770764584,0.9706264101117832,5,10,10,0.9565,0.9392,0.9418,0.9037,0.9617,0.9697,0.933,0.9364,0.888,0.9617,3.961609533602531e-05,5.9849734465824445e-05,2.7204552314166603e-05,3.264518215165784e-05,19.6,65,5,31.5,r-naive_sl16_st16_sp336,,,,,,,,,,
yahoo-a4,tcn,cumulative,16,16,336,B2,,,,,,,,0.0026868189479874,-0.002917658382773,-0.0026868189479874,0.937205685732102,0.9422175518160464,0.9731197441288072,5,10,10,0.9565,0.9499,0.9365,0.8858,0.9573,0.9731,0.9409,0.9382,0.9015,0.9573,5.099935316522548e-07,0.0002145337084986,9.751563981666954e-05,0.0001170180686819,70.2,152,5,70.2,r-cumulative_sl16_st16_sp336,,,,,,,,,,
yahoo-a4,tcn,experts,16,16,336,B2,,,,,,,,0.0054642693277714,-0.001638131910016,-0.0054642693277714,0.9357246872809344,0.9441586352499252,0.9746612526920316,5,10,10,0.9565,0.9498,0.9167,0.8977,0.9579,0.9747,0.9362,0.9442,0.9078,0.9579,4.909191144768508e-05,7.416525630914193e-05,3.371158547557166e-05,4.045367083357026e-05,24.3,104,5,24.3,r-experts_sl16_st16_sp336,,,,,,,,,,
yahoo-a4,tcn,random-buffer,16,16,336,B2,50.0,,,0.5,,,,0.0063832530150117,0.0122708098669923,-0.0063832530150117,0.9476620714643376,0.9516737955377886,0.974044328786791,5,10,10,0.9565,0.9495,0.9493,0.9119,0.9711,0.974,0.9469,0.9513,0.9151,0.9711,5.865062240437378e-05,8.860601095042916e-05,4.0275589352111435e-05,4.8330421598317726e-05,29.0,87,5,29.0,r-random-buffer_sl16_st16_sp336_bu50_re0.5,,,,,,,,,,
yahoo-a4,tcn,reservoir,16,16,336,B2,50.0,,,0.5,,,,0.0065516196479833,0.0068902492003943,-0.0065516196479833,0.9463977916761784,0.9497095006011328,0.9761082196697776,5,10,10,0.9565,0.946,0.9535,0.9076,0.9684,0.9749,0.9474,0.9493,0.9086,0.9684,6.000730028809954e-05,9.06556024209648e-05,4.120724658649932e-05,4.9448355834465475e-05,29.7,75,5,29.7,r-reservoir_sl16_st16_sp336_bu50_re0.5,,,,,,,,,,
yahoo-a4,tcn,ewc,16,16,336,B2,,,,,1000.0,,,-0.0083565624698626,-0.002591867985071,0.0083565624698626,0.9398483201078284,0.928127125434197,0.9656627802690584,5,10,10,0.9565,0.9396,0.9352,0.9085,0.9594,0.9419,0.9271,0.923,0.8892,0.9594,5.2001124053213e-05,7.856032857632575e-05,3.570936614608702e-05,4.285096243023873e-05,25.7,60,5,25.7,r-ewc_sl16_st16_sp336_la1000.0,,,,,,,,,,
yahoo-a4,tcn,lwf,16,16,336,B2,,,,,,1.0,2.0,-0.0001825609533058,0.0060869499098695,0.0001825609533058,0.9428844788410556,0.9396876035191573,0.9693829479027792,5,10,10,0.9565,0.9477,0.9452,0.9018,0.9632,0.9684,0.9339,0.9407,0.8922,0.9632,4.301230054734819e-05,6.498052735101536e-05,2.9536726446692937e-05,3.5443800904322415e-05,21.3,65,5,21.3,r-lwf_sl16_st16_sp336_al1.0_te2.0,,,,,,,,,,
yahoo-a4,tcn,naive,24,24,336,B2,,,,,,,,0.0027976111001375,0.0167683324273715,-0.0027976111001375,0.8315771790243964,0.832738699414304,0.857649616826154,5,10,10,0.8215,0.8391,0.8298,0.8113,0.8561,0.8375,0.837,0.8228,0.8103,0.8561,3.6992318170196726e-05,5.588588176049396e-05,2.5402787731986284e-05,3.048309402850767e-05,18.3,55,5,18.3,r-naive_sl24_st24_sp336,,,,,,,,,,
yahoo-a4,tcn,cumulative,24,24,336,B2,,,,,,,,-0.0004678803250162,0.0125189402635358,0.0004678803250162,0.8259726123239656,0.819311746312183,0.8524015500205014,5,10,10,0.8215,0.8363,0.8314,0.8084,0.8322,0.8204,0.8311,0.815,0.7979,0.8322,7.565620661724475e-05,0.0001142970764364,5.195340463024978e-05,6.234367180615663e-05,37.4,112,5,37.4,r-cumulative_sl24_st24_sp336,,,,,,,,,,
yahoo-a4,tcn,experts,24,24,336,B2,,,,,,,,0.0035399465085611,0.0100679945663069,-0.0035399465085611,0.8259503804154307,0.8235240595999427,0.8467463429564734,5,10,10,0.8215,0.8449,0.8175,0.8105,0.8354,0.8241,0.8392,0.8183,0.8005,0.8354,4.7764513483838896e-05,7.21598992694635e-05,3.2800059200963004e-05,3.9359840068500495e-05,23.6,101,5,23.6,r-experts_sl24_st24_sp336,,,,,,,,,,
yahoo-a4,tcn,random-buffer,24,24,336,B2,50.0,,,0.5,,,,0.0009747832407837,0.0137298584814745,-0.0009747832407837,0.8291935757295267,0.8309445817365694,0.8577218048152276,5,10,10,0.8215,0.8371,0.82,0.8097,0.8577,0.8301,0.8335,0.823,0.8104,0.8577,1.5954552645433512e-07,6.711436781113864e-05,3.0506721700981463e-05,3.6607646110157174e-05,22.0,51,5,22.0,r-random-buffer_sl24_st24_sp336_bu50_re0.5,,,,,,,,,,
yahoo-a4,tcn,reservoir,24,24,336,B2,50.0,,,0.5,,,,0.0034648033865536,0.0188707525220529,-0.0034648033865536,0.8328300160124599,0.8342611446975695,0.8626493569493934,5,10,10,0.8215,0.8359,0.8293,0.8148,0.8626,0.8324,0.8353,0.8273,0.8137,0.8626,1.6637273254727125e-07,6.998629804338433e-05,3.181206012636216e-05,3.817423791702216e-05,22.9,56,5,22.9,r-reservoir_sl24_st24_sp336_bu50_re0.5,,,,,,,,,,
yahoo-a4,tcn,ewc,24,24,336,B2,,,,,1000.0,,,0.0030535027243469,0.0173616863080047,-0.0030535027243469,0.8321611517087965,0.8343344759690334,0.8602801471479969,5,10,10,0.8215,0.8401,0.8294,0.8109,0.859,0.8384,0.8388,0.8246,0.8108,0.859,3.8794909022861976e-05,5.860913307962215e-05,2.6640643287424206e-05,3.1968489792197946e-05,19.2,55,5,19.2,r-ewc_sl24_st24_sp336_la1000.0,,,,,,,,,,
yahoo-a4,tcn,lwf,24,24,336,B2,,,,,,1.0,2.0,0.0072239696316507,0.0129753408792823,-0.0072239696316507,0.828227523431352,0.8365921657204458,0.8581635953083581,5,10,10,0.8215,0.8287,0.82,0.8154,0.8555,0.8384,0.8381,0.833,0.8179,0.8555,3.9657102462620626e-05,5.991168569087878e-05,2.723272326337691e-05,3.267896242750187e-05,19.6,51,5,19.6,r-lwf_sl24_st24_sp336_al1.0_te2.0,,,,,,,,,,
yahoo-a4,tcn,naive,8,4,336,B3,,,,,,,,0.00114665361428,0.0027709677326285,-0.00114665361428,0.986711299258397,0.9876247255414904,0.9946995169082126,5,10,10,0.9934,0.9842,0.9895,0.9719,0.9945,0.9945,0.9869,0.99,0.9721,0.9945,2.380567577064859e-07,0.0001001408760979,4.5518750057090067e-05,5.4622126040825e-05,32.8,46,5,32.8,r-naive_sl8_st4_sp336,,,,,,,,,,
yahoo-a4,tcn,cumulative,8,4,336,B3,,,,,,,,0.0009984885072563,0.0042190846540087,-0.0009984885072563,0.9853473735308536,0.986774732818222,0.994191304347826,5,10,10,0.9934,0.9847,0.9893,0.9683,0.991,0.9939,0.987,0.989,0.973,0.991,0.0002472796405388,0.0003735759594559,0.0001698078030662,0.0002037681563897,122.3,77,5,122.3,r-cumulative_sl8_st4_sp336,,,,,,,,,,
yahoo-a4,tcn,experts,8,4,336,B3,,,,,,,,-0.0002675984927172,0.0016946402746461,0.0002675984927172,0.9842994658450028,0.9843762465180288,0.994351690821256,5,10,10,0.9934,0.9838,0.9869,0.9668,0.9906,0.994,0.9843,0.9861,0.9668,0.9906,9.429602992608626e-05,0.0001424570570216,6.475341105186898e-05,7.770364596974105e-05,46.6,68,5,46.6,r-experts_sl8_st4_sp336,,,,,,,,,,
yahoo-a4,tcn,random-buffer,8,4,336,B3,50.0,,,0.5,,,,0.0008926522836883,0.005107682854492,-0.0008926522836883,0.9866922860225332,0.9875628255735958,0.994912077294686,5,10,10,0.9934,0.9864,0.9893,0.9708,0.9935,0.9949,0.9866,0.9907,0.9721,0.9935,9.800050421849336e-05,0.00014805356523,6.729728946682169e-05,8.075627576326952e-05,48.5,49,5,48.5,r-random-buffer_sl8_st4_sp336_bu50_re0.5,,,,,,,,,,
yahoo-a4,tcn,reservoir,8,4,336,B3,50.0,,,0.5,,,,0.0018267848888317,0.0023760936840049,-0.0018267848888317,0.985725715024064,0.987956010578644,0.9951652173913044,5,10,10,0.9934,0.9862,0.9864,0.9688,0.9939,0.9952,0.9885,0.9904,0.9718,0.9939,0.0001116904690055,0.0001687355822336,7.669821382927088e-05,9.203736840436856e-05,55.2,49,5,55.2,r-reservoir_sl8_st4_sp336_bu50_re0.5,,,,,,,,,,
yahoo-a4,tcn,ewc,8,4,336,B3,,,,,1000.0,,,0.0007767215566681,0.0021811707354741,-0.0007767215566681,0.9855008116177164,0.9868340308410714,0.994168115942029,5,10,10,0.9934,0.9843,0.9883,0.9689,0.9926,0.994,0.9862,0.9894,0.9719,0.9926,6.838458595408364e-05,0.000103311527201,4.695994004723616e-05,5.6351587153815974e-05,33.8,40,5,33.8,r-ewc_sl8_st4_sp336_la1000.0,,,,,,,,,,
yahoo-a4,tcn,lwf,8,4,336,B3,,,,,,1.0,2.0,0.0013484708405491,0.0028108287478061,-0.0013484708405491,0.9863649207626392,0.9874556000421536,0.994544927536232,5,10,10,0.9934,0.9828,0.9889,0.9724,0.9942,0.9945,0.9874,0.99,0.9711,0.9942,7.22997322208194e-05,0.0001092263065974,4.964850034771695e-05,5.957780624972656e-05,35.7,45,5,35.8,r-lwf_sl8_st4_sp336_al1.0_te2.0,,,,,,,,,,
yahoo-a4,tcn,naive,12,6,336,B3,,,,,,,,0.0030329578851192,0.0022374678608927,-0.0030329578851192,0.9686301366288804,0.974775143828887,0.9928387211174332,5,10,10,0.9908,0.9702,0.974,0.9238,0.9844,0.9928,0.976,0.9745,0.9462,0.9844,4.7321035874270205e-05,7.148991862273155e-05,3.2495550983973466e-05,3.899436763875807e-05,23.4,42,5,23.4,r-naive_sl12_st6_sp336,,,,,,,,,,
yahoo-a4,tcn,cumulative,12,6,336,B3,,,,,,,,-0.0003389209301877,0.001406526273933,0.0003389209301877,0.963325401921618,0.9656096379254914,0.9919889885900584,5,10,10,0.9908,0.9729,0.9653,0.9209,0.9667,0.992,0.9712,0.9628,0.9353,0.9667,0.0001889089281115,0.000285392820514,0.0001297250800947,0.0001556677404193,93.4,94,5,93.4,r-cumulative_sl12_st6_sp336,,,,,,,,,,
yahoo-a4,tcn,experts,12,6,336,B3,,,,,,,,0.0017014765472567,-0.0023203490383172,-0.0017014765472567,0.9655984077926132,0.9714137499177952,0.9919995224643648,5,10,10,0.9908,0.9647,0.9693,0.9155,0.9876,0.9915,0.9677,0.9726,0.9377,0.9876,6.985383401271735e-05,0.0001055311832632,4.796888437445483e-05,5.756229888880626e-05,34.5,75,5,34.5,r-experts_sl12_st6_sp336,,,,,,,,,,
yahoo-a4,tcn,random-buffer,12,6,336,B3,50.0,,,0.5,,,,0.0026350386812882,0.0059895298983489,-0.0026350386812882,0.975132778185808,0.9782370747406456,0.9942151473601234,5,10,10,0.9908,0.975,0.9764,0.9461,0.9874,0.9942,0.98,0.9814,0.9482,0.9874,0.0001018695162759,0.0001538986476977,6.99541358231929e-05,8.39445118745789e-05,50.4,74,5,50.4,r-random-buffer_sl12_st6_sp336_bu50_re0.5,,,,,,,,,,
yahoo-a4,tcn,reservoir,12,6,336,B3,50.0,,,0.5,,,,0.0025359464934443,0.0042517202960519,-0.0025359464934443,0.9736960835909256,0.9773599590234158,0.9933583922498777,5,10,10,0.9908,0.9767,0.9657,0.9481,0.9871,0.9934,0.9782,0.9776,0.9505,0.9871,7.666389686594235e-05,0.0001158194373176,5.264535231528699e-05,6.317408500239254e-05,37.9,51,5,37.9,r-reservoir_sl12_st6_sp336_bu50_re0.5,,,,,,,,,,
yahoo-a4,tcn,ewc,12,6,336,B3,,,,,1000.0,,,0.001865010889528,0.001148030251435,-0.001865010889528,0.9700845184078548,0.9723698329606548,0.992636821859896,5,10,10,0.9908,0.973,0.9559,0.9446,0.9862,0.9924,0.9712,0.9702,0.9418,0.9862,5.896318128637792e-05,8.907820705997033e-05,4.049021469868927e-05,4.858799236128107e-05,29.2,43,5,29.2,r-ewc_sl12_st6_sp336_la1000.0,,,,,,,,,,
yahoo-a4,tcn,lwf,12,6,336,B3,,,,,,1.0,2.0,0.0029236625679565,4.262852590050104e-05,-0.0029236625679565,0.967970647971054,0.9756492018308516,0.9929370372776256,5,10,10,0.9908,0.9744,0.9621,0.9251,0.9874,0.9929,0.9741,0.9773,0.9465,0.9874,2.0247100599327886e-07,8.517138568102382e-05,3.871437297396672e-05,4.64570127070571e-05,27.9,36,5,27.9,r-lwf_sl12_st6_sp336_al1.0_te2.0,,,,,,,,,,
yahoo-a4,tcn,naive,24,12,336,B3,,,,,,,,0.0103976568983697,0.0006483102549672,-0.0103976568983697,0.8754694334868655,0.8867453720822764,0.9396212167450416,5,10,10,0.9181,0.8679,0.855,0.8457,0.8907,0.9396,0.8769,0.8808,0.8458,0.8907,4.093712229957211e-05,6.184546656208113e-05,2.8111694617352134e-05,3.373377194472899e-05,20.2,54,5,20.3,r-naive_sl24_st12_sp336,,,,,,,,,,
yahoo-a4,tcn,cumulative,24,12,336,B3,,,,,,,,0.0078609229505474,0.0212201004954193,-0.0078609229505474,0.8805939167796974,0.8841543659245993,0.9361195368755136,5,10,10,0.9181,0.875,0.8706,0.8566,0.8827,0.9305,0.8858,0.8833,0.8385,0.8827,0.0001435961280957,0.0002169368299413,9.860789334310943e-05,0.0001183289365982,71.0,135,5,71.0,r-cumulative_sl24_st12_sp336,,,,,,,,,,
yahoo-a4,tcn,experts,24,12,336,B3,,,,,,,,0.0018098146978838,0.0211627361617873,-0.0018098146978838,0.875966805445368,0.8763090696288078,0.9385807905819432,5,10,10,0.9181,0.8787,0.8655,0.8309,0.8865,0.9232,0.8729,0.8608,0.8381,0.8865,5.795102761835329e-05,8.75491030996717e-05,3.979517546184878e-05,4.775392763782292e-05,28.7,130,5,28.7,r-experts_sl24_st12_sp336,,,,,,,,,,
yahoo-a4,tcn,random-buffer,24,12,336,B3,50.0,,,0.5,,,,0.0002604662856454,0.0246006593436685,-0.0002604662856454,0.876548258351822,0.875177241742748,0.9311445113616524,5,10,10,0.9181,0.8843,0.8654,0.8326,0.8823,0.9311,0.8762,0.8556,0.8306,0.8823,6.37637669108692e-05,9.63306576730166e-05,4.378682343780787e-05,5.254383423520874e-05,31.5,83,5,31.5,r-random-buffer_sl24_st12_sp336_bu50_re0.5,,,,,,,,,,
yahoo-a4,tcn,reservoir,24,12,336,B3,50.0,,,0.5,,,,-0.0002170556265382,0.0168044434791929,0.0002170556265382,0.8704445213442625,0.8704879928526428,0.9202902973518104,5,10,10,0.9181,0.8804,0.8435,0.8278,0.8824,0.9197,0.8763,0.8483,0.8256,0.8824,6.508373864580198e-05,9.832479559014448e-05,4.469324461857063e-05,5.363155097157385e-05,32.2,86,5,32.2,r-reservoir_sl24_st12_sp336_bu50_re0.5,,,,,,,,,,
yahoo-a4,tcn,ewc,24,12,336,B3,,,,,1000.0,,,0.0071227408975256,0.010103756792587,-0.0071227408975256,0.8716691215423348,0.8789636401520544,0.9325227566609277,5,10,10,0.9181,0.8791,0.8425,0.8438,0.8748,0.9317,0.8811,0.866,0.8412,0.8748,4.474156755143225e-05,6.759300518703337e-05,3.07242008120132e-05,3.686880437502016e-05,22.1,57,5,22.1,r-ewc_sl24_st12_sp336_la1000.0,,,,,,,,,,
yahoo-a4,tcn,lwf,24,12,336,B3,,,,,,1.0,2.0,0.0050973191041698,0.0250345816560715,-0.0050973191041698,0.8809564280466453,0.8830692615126455,0.9381180635298692,5,10,10,0.9181,0.8806,0.8747,0.8469,0.8845,0.9381,0.881,0.871,0.8408,0.8845,4.300001850320203e-05,6.49619723401136e-05,2.952828206147792e-05,3.5433690278635674e-05,21.3,58,5,21.3,r-lwf_sl24_st12_sp336_al1.0_te2.0,,,,,,,,,,
yahoo-a4,tcn,naive,12,12,168,B5,,,,,,,,0.0058021159085614,0.0601310147105344,-0.0058021159085614,0.9191150411304416,0.9210356316026326,0.986905439330544,10,45,45,0.9824,0.8972,0.9656,0.9447,0.9124,0.9783,0.9157,0.9581,0.9506,0.906,5.5220676588901214e-05,8.342424468732337e-05,3.7920230034635305e-05,4.5504014652688056e-05,27.3,81,10,27.3,r-naive_sl12_st12_sp168,0.9162,0.8708,0.9336,0.8421,0.926,0.9235,0.8805,0.934,0.8377,0.926
yahoo-a4,tcn,cumulative,12,12,168,B5,,,,,,,,0.0028442183355437,0.0479379968274061,-0.0028442183355437,0.9080965827677112,0.9037410981904588,0.9826878661087866,10,45,45,0.9824,0.8918,0.9644,0.9297,0.883,0.9706,0.9102,0.946,0.9422,0.8837,0.0001520856661559,0.0002297623392281,0.0001044377087414,0.0001253246304866,75.2,159,10,75.2,r-cumulative_sl12_st12_sp168,0.9095,0.8586,0.9214,0.8355,0.9046,0.9031,0.845,0.9158,0.8162,0.9046
yahoo-a4,tcn,experts,12,12,168,B5,,,,,,,,0.0119220474832861,0.0678895582361664,-0.0119220474832861,0.9278112656152306,0.931578182495463,0.9974761506276152,10,45,45,0.9824,0.9159,0.9586,0.9439,0.9089,0.9971,0.9572,0.9621,0.9481,0.9291,6.713557702332745e-05,0.0001014245958359,4.610224548701404e-05,5.532235034896682e-05,33.2,183,10,33.2,r-experts_sl12_st12_sp168,0.9427,0.8943,0.9297,0.8729,0.9289,0.9329,0.862,0.9432,0.8553,0.9289
yahoo-a4,tcn,random-buffer,12,12,168,B5,50.0,,,0.5,,,,0.00818669055353,0.0541977040441001,-0.00818669055353,0.9179397465991372,0.92476376951158,0.9866309623430962,10,45,45,0.9824,0.8982,0.9635,0.9513,0.8964,0.9845,0.925,0.9616,0.9484,0.9112,6.14180192495654e-05,9.278683606561068e-05,4.217598530101693e-05,5.061085076459373e-05,30.4,78,10,30.4,r-random-buffer_sl12_st12_sp168_bu50_re0.5,0.9143,0.8569,0.9352,0.8535,0.9278,0.9301,0.871,0.9377,0.8502,0.9278
yahoo-a4,tcn,reservoir,12,12,168,B5,50.0,,,0.5,,,,0.0047361728707575,0.0640013560066755,-0.0047361728707575,0.925881267541229,0.9283633205171952,0.9909958158995816,10,45,45,0.9824,0.9171,0.9652,0.9519,0.905,0.9873,0.9336,0.9638,0.9509,0.9112,2.238386474964468e-07,9.4159890611061e-05,4.280011359822109e-05,5.135977701283991e-05,30.8,79,10,30.8,r-reservoir_sl12_st12_sp168_bu50_re0.5,0.9247,0.8812,0.9333,0.8608,0.9372,0.9298,0.88,0.9339,0.8559,0.9372
yahoo-a4,tcn,ewc,12,12,168,B5,,,,,1000.0,,,0.0086772540574097,0.0672740320303692,-0.0086772540574097,0.9254397793962984,0.930806684227716,0.990694560669456,10,45,45,0.9824,0.8974,0.9649,0.947,0.9106,0.9845,0.9344,0.9635,0.9546,0.9182,2.0872256521010397e-07,8.78011644908434e-05,3.990973205978258e-05,4.789143243106083e-05,28.7,81,10,28.7,r-ewc_sl12_st12_sp168_la1000.0,0.9371,0.8858,0.9358,0.8572,0.9361,0.9352,0.8878,0.9414,0.8524,0.9361
yahoo-a4,tcn,lwf,12,12,168,B5,,,,,,1.0,2.0,0.0070948711762044,0.0589632863301173,-0.0070948711762044,0.917881891238846,0.9235519584476004,0.9884451882845188,10,45,45,0.9824,0.8947,0.9665,0.9409,0.9135,0.9855,0.9267,0.9594,0.9467,0.9128,2.0199018529764098e-07,8.496912380796856e-05,3.862245075288229e-05,4.634667305508628e-05,27.8,77,10,27.8,r-lwf_sl12_st12_sp168_al1.0_te2.0,0.9199,0.8681,0.9335,0.8371,0.9222,0.9307,0.8721,0.9371,0.8423,0.9222
yahoo-a4,vgru,naive,12,12,336,B1,,,,,,,,-0.0028613019637352,-0.0083057534336384,0.0028613019637352,0.7092298172356892,0.7077787292412858,0.8004778867643625,5,10,10,0.7997,0.7958,0.6555,0.6864,0.6088,0.8005,0.7916,0.6543,0.6838,0.6088,0.0001200633127206,0.0001813847963678,8.244784282481609e-05,9.893695354306452e-05,59.4,47,5,59.4,r-naive_sl12_st12_sp336,,,,,,,,,,
yahoo-a4,vgru,cumulative,12,12,336,B1,,,,,,,,0.0009962521179298,-0.0076664648735326,-0.0009962521179298,0.7069085133998857,0.7088553486324691,0.8018069105726741,5,10,10,0.7997,0.7985,0.6497,0.6817,0.605,0.7999,0.7982,0.6559,0.6853,0.605,0.0003364402737785,0.0005082747524323,0.000231034580902,0.0002772401715302,166.3,72,5,166.4,r-cumulative_sl12_st12_sp336,,,,,,,,,,
yahoo-a4,vgru,experts,12,12,336,B1,,,,,,,,-0.0044642106119921,-0.0076682492444225,0.0044642106119921,0.710336210571409,0.7085813826682638,0.7997141808771557,5,10,10,0.7997,0.7951,0.6526,0.6909,0.6135,0.7976,0.7948,0.654,0.683,0.6135,0.0001381337753793,0.0002086846193975,9.485690405061983e-05,0.0001138277153469,68.3,61,5,68.3,r-experts_sl12_st12_sp336,,,,,,,,,,
yahoo-a4,vgru,random-buffer,12,12,336,B1,50.0,,,0.5,,,,-0.0047554116933939,-0.0058439356356987,0.0047554116933939,0.711559292921906,0.7080076230202741,0.8000578395915328,5,10,10,0.7997,0.798,0.6488,0.6929,0.6183,0.7951,0.8001,0.6368,0.6899,0.6183,7.022257794850432e-07,0.0002953980615953,0.0001342722211802,0.000161125840415,96.7,56,5,96.7,r-random-buffer_sl12_st12_sp336_bu50_re0.5,,,,,,,,,,
yahoo-a4,vgru,random-buffer,12,12,336,B1,100.0,,,0.5,,,,-0.0046500455338587,-0.0056740654679164,0.0046500455338587,0.7123976016850782,0.7076137684067794,0.8003337410913733,5,10,10,0.7997,0.8002,0.6487,0.6915,0.6219,0.7967,0.7972,0.6346,0.6877,0.6219,0.0002137521616254,0.000322924558977,0.0001467842991871,0.0001761402597899,105.7,61,5,105.7,r-random-buffer_sl12_st12_sp336_bu100_re0.5,,,,,,,,,,
yahoo-a4,vgru,random-buffer,12,12,336,B1,250.0,,,0.5,,,,-0.0039703354098321,-0.0060768147088887,0.0039703354098321,0.711954582943559,0.7078379099271545,0.8019442745452612,5,10,10,0.7997,0.8019,0.6558,0.689,0.6133,0.7979,0.7954,0.6463,0.6863,0.6133,0.0001713817769609,0.0002589138014838,0.0001176885533579,0.0001412252481258,84.7,44,5,84.7,r-random-buffer_sl12_st12_sp336_bu250_re0.5,,,,,,,,,,
yahoo-a4,vgru,random-buffer,12,12,336,B1,500.0,,,0.5,,,,-0.001814530797914,-0.0067358037658611,0.001814530797914,0.7102115359732581,0.7085276083772413,0.8003320790341454,5,10,10,0.7997,0.8003,0.6529,0.6881,0.61,0.7998,0.7957,0.6523,0.6848,0.61,0.000166358783242,0.0002513253494227,0.0001142390917831,0.0001370862576396,82.3,45,5,82.3,r-random-buffer_sl12_st12_sp336_bu500_re0.5,,,,,,,,,,
yahoo-a4,vgru,random-buffer,12,12,336,B1,1000.0,,,0.5,,,,-0.000233845964914,-0.0060335428460792,0.000233845964914,0.7106353611449141,0.7094605335574187,0.8014259354519295,5,10,10,0.7997,0.8003,0.6555,0.6879,0.6098,0.8009,0.797,0.6546,0.685,0.6098,0.0001792579363415,0.0002708126532898,0.000123096994676,0.0001477156586137,88.6,50,5,88.6,r-random-buffer_sl12_st12_sp336_bu1000_re0.5,,,,,,,,,,
yahoo-a4,vgru,random-buffer,12,12,336,B1,50.0,,,,,,,-0.0030414902719141,-0.0064235516976638,0.0030414902719141,0.7112927137606355,0.7082649399537915,0.8000775995407231,5,10,10,0.7997,0.7987,0.6547,0.6891,0.6143,0.8001,0.7969,0.646,0.684,0.6143,0.0001279794975912,0.0001933441163986,8.788394473247333e-05,0.0001054601716661,63.3,52,5,63.3,r-random-buffer_sl12_st12_sp336_bu50,,,,,,,,,,
yahoo-a4,vgru,random-buffer,12,12,336,B1,50.0,,,0.3,,,,-0.0069719082697333,-0.0066978170648125,0.0069719082697333,0.7116929088642567,0.706129034492429,0.7997141808771557,5,10,10,0.7997,0.7983,0.6555,0.6923,0.6126,0.794,0.7945,0.6402,0.6894,0.6126,5.457995991764512e-07,0.0002295958768908,0.0001043620565408,0.00012523382035,75.1,54,5,75.2,r-random-buffer_sl12_st12_sp336_bu50_re0.3,,,,,,,,,,
yahoo-a4,vgru,reservoir,12,12,336,B1,50.0,,,0.5,,,,-0.0018169869498372,-0.0058151416727003,0.0018169869498372,0.7102192316696145,0.7091229062662499,0.8016135251568982,5,10,10,0.7997,0.8016,0.6487,0.6867,0.6144,0.8012,0.7972,0.6481,0.6847,0.6144,0.0001720124903663,0.0002598666472783,0.0001181215170712,0.000141745130207,85.0,50,5,85.1,r-reservoir_sl12_st12_sp336_bu50_re0.5,,,,,,,,,,
yahoo-a4,vgru,reservoir,12,12,336,B1,100.0,,,0.5,,,,-0.0030740478561905,-0.0079863982903147,0.0030740478561905,0.7102310612955574,0.7076156740013324,0.7997141808771557,5,10,10,0.7997,0.7959,0.6575,0.6902,0.6078,0.798,0.7984,0.6475,0.6864,0.6078,0.0001773018752485,0.0002678575478959,0.0001217537407414,0.0001461038071545,87.7,52,5,87.7,r-reservoir_sl12_st12_sp336_bu100_re0.5,,,,,,,,,,
yahoo-a4,vgru,reservoir,12,12,336,B1,250.0,,,0.5,,,,-0.0019722785272333,-0.0070020520554174,0.0019722785272333,0.7108150814775481,0.709329556091707,0.8002426302381883,5,10,10,0.7997,0.7995,0.6583,0.6882,0.6083,0.8002,0.7984,0.6535,0.6862,0.6083,6.062964698931349e-07,0.0002550444702982,0.0001159295925909,0.0001391148777073,83.5,48,5,83.5,r-reservoir_sl12_st12_sp336_bu250_re0.5,,,,,,,,,,
yahoo-a4,vgru,reservoir,12,12,336,B1,500.0,,,0.5,,,,-0.0020994601975793,-0.0067790479362451,0.0020994601975793,0.7104181013284845,0.7081214375555709,0.8011801450514493,5,10,10,0.7997,0.8004,0.6587,0.6889,0.6045,0.8003,0.7971,0.6525,0.6864,0.6045,0.0001633727949629,0.0002468142888524,0.0001121885928791,0.0001346256959733,80.8,46,5,80.8,r-reservoir_sl12_st12_sp336_bu500_re0.5,,,,,,,,,,
yahoo-a4,vgru,reservoir,12,12,336,B1,1000.0,,,0.5,,,,-0.0019564761513658,-0.0065062945086976,0.0019564761513658,0.7109803146869955,0.708938467235854,0.8026473247526857,5,10,10,0.7997,0.8026,0.658,0.6874,0.6071,0.8004,0.7989,0.6529,0.6854,0.6071,0.0001744931517628,0.0002636142888522,0.0001198249862852,0.000143789302567,86.3,50,5,86.3,r-reservoir_sl12_st12_sp336_bu1000_re0.5,,,,,,,,,,
yahoo-a4,vgru,reservoir,12,12,336,B1,50.0,,,,,,,-0.0027709609385385,-0.0063494489836829,0.0027709609385385,0.7109266652353258,0.7085665929081343,0.8006692521475937,5,10,10,0.7997,0.7981,0.6535,0.6882,0.6151,0.8007,0.7963,0.6455,0.6851,0.6151,0.0001179487639737,0.0001781902568773,8.099577951490776e-05,9.719447736240304e-05,58.3,45,5,58.3,r-reservoir_sl12_st12_sp336_bu50,,,,,,,,,,
yahoo-a4,vgru,reservoir,12,12,336,B1,50.0,,,0.3,,,,-0.0046050736308938,-0.006657877796508,0.0046050736308938,0.7114739354824862,0.7076909100274049,0.7997141808771557,5,10,10,0.7997,0.798,0.6582,0.6906,0.6109,0.7983,0.7935,0.6472,0.6885,0.6109,0.0001516357860191,0.0002290826860089,0.0001041287668417,0.0001249539191671,75.0,54,5,75.0,r-reservoir_sl12_st12_sp336_bu50_re0.3,,,,,,,,,,
yahoo-a4,vgru,ewc,12,12,336,B1,,,,,1000.0,,,-0.0011125758658528,-0.0092444176530596,0.0011125758658528,0.7082221704716478,0.7076644165519135,0.801194190217191,5,10,10,0.7997,0.7952,0.6531,0.6854,0.6077,0.8012,0.7915,0.655,0.6829,0.6077,0.0001324679385536,0.0002001249966818,9.096616591495048e-05,0.0001091588307668,65.5,47,5,65.5,r-ewc_sl12_st12_sp336_la1000.0,,,,,,,,,,
yahoo-a4,vgru,ewc,12,12,336,B1,,,,,100.0,,,-0.0023772223554703,-0.0085261908177081,0.0023772223554703,0.7089087203317749,0.7077203140334556,0.8005410900102002,5,10,10,0.7997,0.7958,0.6551,0.6859,0.608,0.8005,0.7915,0.6548,0.6837,0.608,0.0001321631160662,0.0001996644882754,9.075686591418668e-05,0.0001089076223612,65.3,47,5,65.4,r-ewc_sl12_st12_sp336_la100,,,,,,,,,,
yahoo-a4,vgru,ewc,12,12,336,B1,,,,,500.0,,,-0.0016114315898459,-0.0089271219787056,0.0016114315898459,0.7084935803488314,0.7076230909501721,0.8009870240225003,5,10,10,0.7997,0.7956,0.654,0.6856,0.6076,0.801,0.7912,0.6553,0.6829,0.6076,0.0001331136507646,0.0002011005018153,9.140957806634508e-05,0.000109690923749,65.8,47,5,65.8,r-ewc_sl12_st12_sp336_la500,,,,,,,,,,
yahoo-a4,vgru,ewc,12,12,336,B1,,,,,5000.0,,,-0.0007786456665202,-0.0096732666891011,0.0007786456665202,0.7074981564546738,0.7073497397667569,0.7997141808771557,5,10,10,0.7997,0.794,0.65,0.6855,0.6083,0.7992,0.7928,0.6536,0.6829,0.6083,0.0001220248153406,0.0001843481225101,8.37948648724705e-05,0.0001005532576376,60.3,40,5,60.3,r-ewc_sl12_st12_sp336_la5000,,,,,,,,,,
yahoo-a4,vgru,ewc,12,12,336,B1,,,,,10000.0,,,-0.0006016969211438,-0.0097118072140914,0.0006016969211438,0.7072708047305983,0.7068639013476528,0.8000635543749813,5,10,10,0.7997,0.7934,0.6502,0.685,0.6081,0.7984,0.7941,0.65,0.6837,0.6081,4.805736792592795e-07,0.000202157963228,9.189026822892226e-05,0.0001102676949991,66.2,48,5,66.2,r-ewc_sl12_st12_sp336_la10000,,,,,,,,,,
yahoo-a4,vgru,lwf,12,12,336,B1,,,,,,1.0,2.0,-0.0049302698372244,-0.0072896135185306,0.0049302698372244,0.7110149618467269,0.7073847003982593,0.7997141808771557,5,10,10,0.7997,0.7985,0.6544,0.6896,0.6128,0.7977,0.7942,0.6453,0.6869,0.6128,5.083685886022779e-07,0.0002138501604985,9.720488674679978e-05,0.0001166452737517,70.0,56,5,70.0,r-lwf_sl12_st12_sp336_al1.0_te2.0,,,,,,,,,,
yahoo-a4,vgru,lwf,12,12,336,B1,,,,,,0.1,2.0,-0.0047506818375152,-0.0074306744475669,0.0047506818375152,0.7107372654160129,0.7078329988651244,0.7997141808771557,5,10,10,0.7997,0.7977,0.6522,0.6899,0.6142,0.7981,0.7945,0.6458,0.6866,0.6142,0.0001416402736829,0.000213982036788,9.726484213089052e-05,0.0001167171946571,70.0,56,5,70.0,r-lwf_sl12_st12_sp336_al0.1_te2.0,,,,,,,,,,
yahoo-a4,vgru,lwf,12,12,336,B1,,,,,,0.5,2.0,-0.0045553593483688,-0.0073872578159513,0.0045553593483688,0.7106018743629888,0.7075574744219473,0.7997141808771557,5,10,10,0.7997,0.7973,0.6529,0.6898,0.6134,0.7979,0.7942,0.6454,0.6868,0.6134,5.073233869208983e-07,0.0002134104863087,9.700503339279548e-05,0.0001164054529159,69.8,56,5,69.9,r-lwf_sl12_st12_sp336_al0.5_te2.0,,,,,,,,,,
yahoo-a4,vgru,lwf,12,12,336,B1,,,,,,2.0,2.0,-0.004426974203066,-0.0065967320307422,0.004426974203066,0.7112519404014312,0.7073230042774993,0.7999441704661766,5,10,10,0.7997,0.7972,0.6585,0.6894,0.6114,0.7975,0.7943,0.6464,0.687,0.6114,0.0001452889694277,0.0002194942779522,9.97703758682797e-05,0.0001197239020839,71.8,52,5,71.8,r-lwf_sl12_st12_sp336_al2.0_te2.0,,,,,,,,,,
yahoo-a4,vgru,lwf,12,12,336,B1,,,,,,1.0,1.0,-0.0039717749773666,-0.0060455064949297,0.0039717749773666,0.7115282466004234,0.7077532712760147,0.8003953714156298,5,10,10,0.7997,0.8003,0.6584,0.6901,0.6092,0.7977,0.7964,0.6482,0.6873,0.6092,0.0001349434356077,0.0002038648362623,9.266612285929215e-05,0.000111198713403,66.7,47,5,66.7,r-lwf_sl12_st12_sp336_al1.0_te1.0,,,,,,,,,,
yahoo-a4,vgru,lwf,12,12,336,B1,,,,,,1.0,5.0,-0.004686554234241,-0.0074139446734818,0.004686554234241,0.7106993393734401,0.7077963742612605,0.7997141808771557,5,10,10,0.7997,0.7975,0.6523,0.6899,0.6141,0.7981,0.7944,0.6458,0.6867,0.6141,0.0001631216945138,0.0002464349406335,0.000112016261746,0.0001344186788874,80.7,56,5,80.7,r-lwf_sl12_st12_sp336_al1.0_te5.0,,,,,,,,,,
yahoo-a4,vgru,naive,6,6,336,B2,,,,,,,,-0.0057262731829705,0.0002451998978024,0.0057262731829705,0.7030855380166583,0.6997079070834392,0.7861846668272847,5,10,10,0.7776,0.7849,0.6572,0.6817,0.6139,0.7712,0.7849,0.6489,0.6796,0.6139,0.000127356044135,0.0001924022385206,8.745582338112096e-05,0.0001049464151395,63.0,44,5,63.0,r-naive_sl6_st6_sp336,,,,,,,,,,
yahoo-a4,vgru,cumulative,6,6,336,B2,,,,,,,,-0.0019483107346285,-0.0020896815556009,0.0019483107346285,0.6987031662345071,0.6980335359280334,0.786254024574545,5,10,10,0.7776,0.7857,0.6473,0.68,0.603,0.7657,0.7857,0.6547,0.6811,0.603,0.0002610727663628,0.0003944138262627,0.0001792794454273,0.0002151343808354,129.1,40,5,129.1,r-cumulative_sl6_st6_sp336,,,,,,,,,,
yahoo-a4,vgru,experts,6,6,336,B2,,,,,,,,-0.0054080477035597,-0.0009564317388778,0.0054080477035597,0.7018695868588504,0.6983498013709915,0.7862375977396675,5,10,10,0.7776,0.7842,0.6554,0.6819,0.6103,0.7684,0.7862,0.647,0.6799,0.6103,9.793978006877968e-05,0.0001479618266524,6.725557713976338e-05,8.070624951273205e-05,48.4,31,5,48.4,r-experts_sl6_st6_sp336,,,,,,,,,,
yahoo-a4,vgru,random-buffer,6,6,336,B2,50.0,,,0.5,,,,-0.0013960646015955,-0.0030570829349362,0.0013960646015955,0.7006271348861757,0.699212284868026,0.7878985332661658,5,10,10,0.7776,0.7859,0.6472,0.6831,0.6093,0.7761,0.7874,0.6451,0.6781,0.6093,0.0001644363392634,0.0002484210308454,0.000112918950982,0.0001355020798634,81.3,37,5,81.3,r-random-buffer_sl6_st6_sp336_bu50_re0.5,,,,,,,,,,
yahoo-a4,vgru,reservoir,6,6,336,B2,50.0,,,0.5,,,,-0.0008809928835925,-0.0010178416634612,0.0008809928835925,0.6996772184169269,0.6991453180042447,0.7870133093866586,5,10,10,0.7776,0.7859,0.6409,0.6774,0.6166,0.7747,0.7865,0.6413,0.6766,0.6166,0.0001686528280628,0.0002547910613314,0.0001158144159145,0.0001389766454168,83.4,38,5,83.4,r-reservoir_sl6_st6_sp336_bu50_re0.5,,,,,,,,,,
yahoo-a4,vgru,ewc,6,6,336,B2,,,,,1000.0,,,-0.004973527428498,-0.0014757922255204,0.004973527428498,0.7014802695115924,0.6988330524166068,0.7861846668272847,5,10,10,0.7776,0.7854,0.655,0.6808,0.6086,0.7696,0.7856,0.6507,0.6798,0.6086,0.0001645096725644,0.0002485318186087,0.0001129693170116,0.000135562501597,81.3,53,5,81.3,r-ewc_sl6_st6_sp336_la1000.0,,,,,,,,,,
yahoo-a4,vgru,lwf,6,6,336,B2,,,,,,1.0,2.0,-0.0049088841616834,-0.0006898061777805,0.0049088841616834,0.7022183742392852,0.699233526218727,0.7861846668272847,5,10,10,0.7776,0.7858,0.6541,0.6816,0.6121,0.77,0.786,0.648,0.68,0.6121,4.324977409147072e-07,0.0001819343550791,8.269763362218834e-05,9.92367214569822e-05,59.5,35,5,59.6,r-lwf_sl6_st6_sp336_al1.0_te2.0,,,,,,,,,,
yahoo-a4,vgru,naive,8,8,336,B2,,,,,,,,-0.004999980998774,0.0001202031684019,0.004999980998774,0.7039013843740233,0.700648801145728,0.7892739752513535,5,10,10,0.7808,0.7882,0.6452,0.6905,0.6148,0.7744,0.7891,0.6371,0.6878,0.6148,0.0001124574373596,0.0001698942742234,7.722487089081875e-05,9.266940333259604e-05,55.6,37,5,55.6,r-naive_sl8_st8_sp336,,,,,,,,,,
yahoo-a4,vgru,cumulative,8,8,336,B2,,,,,,,,-0.0011295211285145,-0.0017756957773927,0.0011295211285145,0.7010846603330155,0.7004319065431543,0.7891945641365594,5,10,10,0.7808,0.7874,0.639,0.6866,0.6117,0.7769,0.7889,0.6388,0.6858,0.6117,0.0003246499050804,0.0004904625367193,0.0002229380535899,0.0002675244831293,160.5,48,5,160.5,r-cumulative_sl8_st8_sp336,,,,,,,,,,
yahoo-a4,vgru,experts,8,8,336,B2,,,,,,,,-0.0032936369457473,-0.0008074934038505,0.0032936369457473,0.7027804226472559,0.7000418560136834,0.7889010882775385,5,10,10,0.7808,0.7874,0.643,0.6873,0.6153,0.776,0.7889,0.6348,0.6852,0.6153,0.0001512030876972,0.0002284289900944,0.0001038316109948,0.0001245973790995,74.8,56,5,74.8,r-experts_sl8_st8_sp336,,,,,,,,,,
yahoo-a4,vgru,random-buffer,8,8,336,B2,50.0,,,0.5,,,,-0.0022605118181242,-0.0013774889759867,0.0022605118181242,0.7028552405204026,0.7012689009809586,0.7888941829632083,5,10,10,0.7808,0.7886,0.641,0.6906,0.6132,0.778,0.7887,0.64,0.6865,0.6132,0.000191942621185,0.0002899759507634,0.0001318075857642,0.0001581683649991,94.9,51,5,94.8,r-random-buffer_sl8_st8_sp336_bu50_re0.5,,,,,,,,,,
yahoo-a4,vgru,reservoir,8,8,336,B2,50.0,,,0.5,,,,0.0014932641722341,-0.0013780218173428,-0.0014932641722341,0.6999658675106286,0.7016980173770347,0.7887681609766877,5,10,10,0.7808,0.7877,0.6338,0.6861,0.6114,0.7766,0.7888,0.6437,0.688,0.6114,0.000155555109336,0.0002350037758541,0.0001068202023122,0.0001281835735418,76.9,39,5,76.9,r-reservoir_sl8_st8_sp336_bu50_re0.5,,,,,,,,,,
yahoo-a4,vgru,ewc,8,8,336,B2,,,,,1000.0,,,-0.0045820516864358,0.0007213139062437,0.0045820516864358,0.7037968721885688,0.7014683040089403,0.788100071815269,5,10,10,0.7808,0.7859,0.6446,0.6915,0.6162,0.7729,0.7881,0.6401,0.6901,0.6162,0.0001291384502344,0.0001950949958673,8.867979114487147e-05,0.0001064152047224,63.8,42,5,63.9,r-ewc_sl8_st8_sp336_la1000.0,,,,,,,,,,
yahoo-a4,vgru,lwf,8,8,336,B2,,,,,,1.0,2.0,-0.0031725451938695,-0.0008219391600082,0.0031725451938695,0.702499276645125,0.7006696111293204,0.7886386863330018,5,10,10,0.7808,0.7882,0.6426,0.687,0.6138,0.7762,0.7886,0.6384,0.6864,0.6138,0.000106058772444,0.0001602275366794,7.283091938588769e-05,8.739661729351307e-05,52.4,33,5,52.4,r-lwf_sl8_st8_sp336_al1.0_te2.0,,,,,,,,,,
yahoo-a4,vgru,naive,10,10,336,B2,,,,,,,,-0.0038718105717124,-0.0005623041243476,0.0038718105717124,0.7046830132979771,0.7023155101948048,0.7881936917407326,5,10,10,0.7852,0.7874,0.6474,0.685,0.6183,0.7802,0.7882,0.6413,0.6836,0.6183,4.672059180740436e-07,0.0001965346852776,8.933421041518968e-05,0.0001072004748624,64.3,55,5,64.3,r-naive_sl10_st10_sp336,,,,,,,,,,
yahoo-a4,vgru,cumulative,10,10,336,B2,,,,,,,,-0.0005181102894211,-0.0018264883436479,0.0005181102894211,0.7008860462187424,0.7009447406351955,0.7877431985692609,5,10,10,0.7852,0.7856,0.6376,0.6825,0.6135,0.7766,0.787,0.6447,0.6829,0.6135,0.0002268999232383,0.0003427874463888,0.0001558128923611,0.0001869745540277,112.2,47,5,112.2,r-cumulative_sl10_st10_sp336,,,,,,,,,,
yahoo-a4,vgru,experts,10,10,336,B2,,,,,,,,-0.0036885946792855,-0.0015363020193768,0.0036885946792855,0.7041325841226707,0.7020344281369978,0.7909982657706481,5,10,10,0.7852,0.7872,0.648,0.6844,0.6158,0.7808,0.791,0.6408,0.6819,0.6158,5.392889357910832e-07,0.0002268571034081,0.0001031171100718,0.0001237399933363,74.2,70,5,74.3,r-experts_sl10_st10_sp336,,,,,,,,,,
yahoo-a4,vgru,random-buffer,10,10,336,B2,50.0,,,0.5,,,,-0.0043809347925613,-0.0018696349147212,0.0043809347925613,0.7047593317406119,0.7015638661220552,0.7868591480598309,5,10,10,0.7852,0.7862,0.6469,0.6871,0.6185,0.7785,0.7869,0.6415,0.6825,0.6185,0.0001614482408919,0.000243906782468,0.0001108670342021,0.0001330397482658,79.8,46,5,79.8,r-random-buffer_sl10_st10_sp336_bu50_re0.5,,,,,,,,,,
yahoo-a4,vgru,reservoir,10,10,336,B2,50.0,,,0.5,,,,-0.0015261437824157,-0.0001381984143904,0.0015261437824157,0.7029553199683551,0.7028324644053505,0.7885154725774984,5,10,10,0.7852,0.7866,0.642,0.6842,0.6168,0.7778,0.7885,0.6458,0.6852,0.6168,5.880648629778167e-07,0.0002473751686293,0.0001124435707784,0.0001349315978509,81.0,47,5,81.0,r-reservoir_sl10_st10_sp336_bu50_re0.5,,,,,,,,,,
yahoo-a4,vgru,ewc,10,10,336,B2,,,,,1000.0,,,-0.0032292425997441,-0.0010384686566046,0.0032292425997441,0.7037621284773004,0.7019757731082059,0.7874061754823325,5,10,10,0.7852,0.7873,0.6455,0.6844,0.6164,0.7796,0.7874,0.6422,0.6843,0.6164,5.225391347329541e-07,0.0002198111376956,9.991440457201356e-05,0.0001198967331236,71.9,55,5,71.9,r-ewc_sl10_st10_sp336_la1000.0,,,,,,,,,,
yahoo-a4,vgru,lwf,10,10,336,B2,,,,,,1.0,2.0,-0.0046735511489714,-0.0014536926207333,0.0046735511489714,0.703713443258672,0.7007918532439363,0.7872368171471927,5,10,10,0.7852,0.7866,0.6457,0.6844,0.6167,0.7781,0.7872,0.639,0.6829,0.6167,0.0001175423598944,0.0001775762848029,8.071668778947142e-05,9.685959701348718e-05,58.1,41,5,58.1,r-lwf_sl10_st10_sp336_al1.0_te2.0,,,,,,,,,,
yahoo-a4,vgru,naive,16,16,336,B2,,,,,,,,-0.0030036433597186,0.0007407730879498,0.0030036433597186,0.7086797961532414,0.706771980650615,0.8009643241718798,5,10,10,0.801,0.7722,0.6658,0.6802,0.6242,0.7952,0.7721,0.6631,0.6792,0.6242,0.0001527373613339,0.0002307468830865,0.0001048852394716,0.0001258616436148,75.5,71,5,75.5,r-naive_sl16_st16_sp336,,,,,,,,,,
yahoo-a4,vgru,cumulative,16,16,336,B2,,,,,,,,-0.0009840077490073,-0.0002588545690381,0.0009840077490073,0.7069786907335363,0.706844694400405,0.8009643241718798,5,10,10,0.801,0.7722,0.6612,0.6783,0.6223,0.7944,0.7739,0.6647,0.679,0.6223,0.0002676463411609,0.0004043448076688,0.0001837935390591,0.0002205512686097,132.3,53,5,132.3,r-cumulative_sl16_st16_sp336,,,,,,,,,,
yahoo-a4,vgru,experts,16,16,336,B2,,,,,,,,-0.0011996474549596,0.0007418382090284,0.0011996474549596,0.7082892159991729,0.7076265633701473,0.8009643241718798,5,10,10,0.801,0.7716,0.6617,0.679,0.6282,0.7953,0.7724,0.6641,0.6781,0.6282,0.000136994271343,0.0002069631217734,9.40743928833399e-05,0.0001128887288901,67.7,58,5,67.7,r-experts_sl16_st16_sp336,,,,,,,,,,
yahoo-a4,vgru,random-buffer,16,16,336,B2,50.0,,,0.5,,,,-0.0023811065939763,0.0002956080327522,0.0023811065939763,0.7092525978283512,0.7068347498586892,0.8009643241718798,5,10,10,0.801,0.7722,0.6644,0.6813,0.6274,0.7976,0.7733,0.66,0.6758,0.6274,0.000150574630745,0.0002274795532204,0.000103400137038,0.0001240794161823,74.4,39,5,74.5,r-random-buffer_sl16_st16_sp336_bu50_re0.5,,,,,,,,,,
yahoo-a4,vgru,reservoir,16,16,336,B2,50.0,,,0.5,,,,-0.0020368260513594,-1.646808476850614e-05,0.0020368260513594,0.708222632942501,0.7066738494672177,0.8009643241718798,5,10,10,0.801,0.7703,0.6635,0.6773,0.6291,0.7976,0.7723,0.6596,0.6749,0.6291,6.384605973226093e-07,0.000268574621388,0.0001220796590276,0.0001464949623603,87.9,50,5,87.9,r-reservoir_sl16_st16_sp336_bu50_re0.5,,,,,,,,,,
yahoo-a4,vgru,ewc,16,16,336,B2,,,,,1000.0,,,-0.0028896891061081,0.0008565469721619,0.0028896891061081,0.7090685164063221,0.7070216188123114,0.8009643241718798,5,10,10,0.801,0.7715,0.6673,0.6814,0.6242,0.7943,0.7729,0.6646,0.6791,0.6242,0.000141139337761,0.0002132252514042,9.692081556875365e-05,0.0001163044358355,69.8,51,5,69.8,r-ewc_sl16_st16_sp336_la1000.0,,,,,,,,,,
yahoo-a4,vgru,lwf,16,16,336,B2,,,,,,1.0,2.0,-0.0024085732805631,0.0006815311730463,0.0024085732805631,0.7087024611109454,0.7072261189693838,0.8009643241718798,5,10,10,0.801,0.7734,0.6652,0.68,0.624,0.7963,0.7739,0.6631,0.6789,0.624,0.0001360533428739,0.0002055416207763,9.342826938825765e-05,0.000112113351388,67.3,49,5,67.3,r-lwf_sl16_st16_sp336_al1.0_te2.0,,,,,,,,,,
yahoo-a4,vgru,naive,24,24,336,B2,,,,,,,,0.0016972228200624,0.0046568749365858,-0.0016972228200624,0.7066980512518585,0.7057282611005744,0.7969054063836462,5,10,10,0.7881,0.777,0.6883,0.6757,0.6043,0.7955,0.7769,0.6845,0.6674,0.6043,4.796460470541419e-07,0.0002017677457748,9.171286313729875e-05,0.0001100548826375,66.0,43,5,66.0,r-naive_sl24_st24_sp336,,,,,,,,,,
yahoo-a4,vgru,cumulative,24,24,336,B2,,,,,,,,0.0006627511758756,0.0052321767146522,-0.0006627511758756,0.7076951587866598,0.705025905105837,0.7948515228120179,5,10,10,0.7881,0.7786,0.6887,0.6727,0.6103,0.7949,0.7751,0.6848,0.66,0.6103,1.1741422096040103e-06,0.0004939142692947,0.0002245070323477,0.000269407236947,161.6,70,5,161.7,r-cumulative_sl24_st24_sp336,,,,,,,,,,
yahoo-a4,vgru,experts,24,24,336,B2,,,,,,,,0.0029117032339252,-0.0007531499141198,-0.0029117032339252,0.7029119825468442,0.7044283962918951,0.7951396626634626,5,10,10,0.7881,0.7753,0.6854,0.6701,0.5956,0.7944,0.7784,0.6807,0.6731,0.5956,5.826902588575796e-07,0.0002451142894572,0.000111415913137,0.0001336983763201,80.2,69,5,80.2,r-experts_sl24_st24_sp336,,,,,,,,,,
yahoo-a4,vgru,random-buffer,24,24,336,B2,50.0,,,0.5,,,,-0.0012935939025963,0.005465960964343,0.0012935939025963,0.7091919772180916,0.7070591492423574,0.7952674093956302,5,10,10,0.7881,0.7835,0.6908,0.6755,0.6081,0.7953,0.7781,0.6839,0.67,0.6081,0.0002092315942696,0.0003160951439732,0.0001436799791104,0.0001724151648627,103.4,54,5,103.5,r-random-buffer_sl24_st24_sp336_bu50_re0.5,,,,,,,,,,
yahoo-a4,vgru,reservoir,24,24,336,B2,50.0,,,0.5,,,,0.0021519183739853,0.0033204908046126,-0.0021519183739853,0.7065555803184491,0.7075762961537764,0.7964653898617354,5,10,10,0.7881,0.7763,0.6921,0.6662,0.6101,0.7965,0.7808,0.6863,0.6642,0.6101,7.630771957673744e-07,0.0003209957980218,0.000145907608159,0.0001750881898628,105.1,48,5,105.1,r-reservoir_sl24_st24_sp336_bu50_re0.5,,,,,,,,,,
yahoo-a4,vgru,ewc,24,24,336,B2,,,,,1000.0,,,0.0017663382056596,0.0054938027237144,-0.0017663382056596,0.7073866446992106,0.7068217368330837,0.7976094328187032,5,10,10,0.7881,0.7781,0.689,0.6776,0.6041,0.7974,0.7773,0.6867,0.6686,0.6041,0.00016147137315,0.0002439417293625,0.000110882959086,0.0001330587702764,79.8,43,5,79.8,r-ewc_sl24_st24_sp336_la1000.0,,,,,,,,,,
yahoo-a4,vgru,lwf,24,24,336,B2,,,,,,1.0,2.0,-0.0003936326325221,0.0046060221688079,0.0003936326325221,0.707007849021378,0.7056487622202657,0.7944441526772167,5,10,10,0.7881,0.7799,0.6884,0.6716,0.607,0.7941,0.7784,0.6807,0.6679,0.607,5.418453255305755e-07,0.0002279324734611,0.0001036059354755,0.0001243265379856,74.6,48,5,74.6,r-lwf_sl24_st24_sp336_al1.0_te2.0,,,,,,,,,,
yahoo-a4,vgru,naive,8,4,336,B3,,,,,,,,-0.005878575652313,-0.0010116240852557,0.005878575652313,0.7042828044036089,0.7005301610439846,0.7892204590652967,5,10,10,0.783,0.7889,0.6467,0.6891,0.6137,0.7752,0.7892,0.6373,0.6871,0.6137,0.0002108072005759,0.0003184754800021,0.0001447620104176,0.0001737134695844,104.2,45,5,104.2,r-naive_sl8_st4_sp336,,,,,,,,,,
yahoo-a4,vgru,cumulative,8,4,336,B3,,,,,,,,-0.0010526674535442,-0.0018160436650328,0.0010526674535442,0.7009502635929232,0.7005675896407193,0.7894725030383383,5,10,10,0.783,0.7875,0.6347,0.6874,0.6121,0.776,0.7892,0.6389,0.6866,0.6121,0.0005144604401809,0.0007772174535839,0.0003532814842027,0.0004239359693811,254.4,44,5,254.4,r-cumulative_sl8_st4_sp336,,,,,,,,,,
yahoo-a4,vgru,experts,8,4,336,B3,,,,,,,,-0.0059260347440075,-0.0011420165358102,0.0059260347440075,0.7046429795164095,0.7009152775015028,0.7894500607667662,5,10,10,0.783,0.7887,0.6483,0.6896,0.6136,0.7727,0.7895,0.6398,0.689,0.6136,0.0001807959324461,0.0002731361699739,0.0001241531042815,0.0001489830656923,89.4,38,5,89.4,r-experts_sl8_st4_sp336,,,,,,,,,,
yahoo-a4,vgru,random-buffer,8,4,336,B3,50.0,,,0.5,,,,-0.0015900673401645,-0.0008548253692608,0.0015900673401645,0.7031488482330528,0.7010069656093941,0.7883849160313777,5,10,10,0.783,0.7868,0.6333,0.687,0.6257,0.7839,0.7873,0.628,0.6802,0.6257,0.0003464678788833,0.0005234238855752,0.0002379205335617,0.0002855033520135,171.3,49,5,171.3,r-random-buffer_sl8_st4_sp336_bu50_re0.5,,,,,,,,,,
yahoo-a4,vgru,reservoir,8,4,336,B3,50.0,,,0.5,,,,-0.0029083134216457,-0.0009231399912118,0.0029083134216457,0.7031047843768489,0.7002918593067765,0.7890340155783891,5,10,10,0.783,0.7872,0.6396,0.6871,0.6185,0.7794,0.7872,0.633,0.6833,0.6185,1.184306752535335e-06,0.0004981900825255,0.0002264505703713,0.0002717395121542,163.0,45,5,163.1,r-reservoir_sl8_st4_sp336_bu50_re0.5,,,,,,,,,,
yahoo-a4,vgru,ewc,8,4,336,B3,,,,,1000.0,,,-0.005938481529119,-0.0015500593913753,0.005938481529119,0.7038390486834216,0.7003938754648259,0.7891237846646779,5,10,10,0.783,0.7891,0.6475,0.6889,0.6106,0.7732,0.789,0.641,0.6881,0.6106,0.0002270742920991,0.000343050872906,0.0001559326708911,0.0001871182020148,112.3,38,5,112.3,r-ewc_sl8_st4_sp336_la1000.0,,,,,,,,,,
yahoo-a4,vgru,lwf,8,4,336,B3,,,,,,1.0,2.0,-0.0029635328784514,-0.001620335290953,0.0029635328784514,0.7023453729153443,0.7005769311982781,0.7890961634073583,5,10,10,0.783,0.7883,0.6416,0.6875,0.6113,0.7759,0.7891,0.6399,0.6866,0.6113,0.0001868798483599,0.0002823274027005,0.0001283309656855,0.000153996437015,92.4,32,5,92.4,r-lwf_sl8_st4_sp336_al1.0_te2.0,,,,,,,,,,
yahoo-a4,vgru,naive,12,6,336,B3,,,,,,,,-0.0047394729168261,0.0007472123755448,0.0047394729168261,0.7077549165892749,0.704745079982593,0.7954391835545155,5,10,10,0.7954,0.7874,0.6502,0.6854,0.6203,0.7902,0.788,0.6421,0.6832,0.6203,0.0001855777519574,0.0002803602698147,0.0001274370113439,0.0001529232584708,91.8,39,5,91.8,r-naive_sl12_st6_sp336,,,,,,,,,,
yahoo-a4,vgru,cumulative,12,6,336,B3,,,,,,,,-0.0011634644604693,-0.0005163618186366,0.0011634644604693,0.7049139330698749,0.7044976813796435,0.7954391835545155,5,10,10,0.7954,0.7858,0.6398,0.684,0.6195,0.7898,0.7877,0.6418,0.6838,0.6195,0.0004973626093603,0.0007513870271908,0.0003415405380229,0.0004098464891679,245.9,50,5,245.9,r-cumulative_sl12_st6_sp336,,,,,,,,,,
yahoo-a4,vgru,experts,12,6,336,B3,,,,,,,,-0.0038321784565663,0.0005491741913997,0.0038321784565663,0.7063933170127169,0.7033871912064515,0.7954391835545155,5,10,10,0.7954,0.7883,0.6448,0.6835,0.62,0.7902,0.7884,0.6377,0.6808,0.62,0.0002127550111127,0.000321418120927,0.0001460995807894,0.0001753185401375,105.2,51,5,105.2,r-experts_sl12_st6_sp336,,,,,,,,,,
yahoo-a4,vgru,random-buffer,12,6,336,B3,50.0,,,0.5,,,,-0.0027042118615751,-0.0011924116750252,0.0027042118615751,0.705432127045561,0.7036350282651403,0.7954391835545155,5,10,10,0.7954,0.7866,0.6409,0.6877,0.6164,0.7872,0.7875,0.6433,0.6838,0.6164,0.0002728655089172,0.0004122296282624,0.0001873777541648,0.0002248518740975,134.9,41,5,134.9,r-random-buffer_sl12_st6_sp336_bu50_re0.5,,,,,,,,,,
yahoo-a4,vgru,reservoir,12,6,336,B3,50.0,,,0.5,,,,-0.0016577488947498,0.0003342074712996,0.0016577488947498,0.7061730645729938,0.704680462030945,0.7954391835545155,5,10,10,0.7954,0.789,0.641,0.6845,0.621,0.7914,0.7888,0.6395,0.6826,0.621,0.0002965285058467,0.0004479783326939,0.000203627310126,0.0002443510225679,146.6,44,5,146.6,r-reservoir_sl12_st6_sp336_bu50_re0.5,,,,,,,,,,
yahoo-a4,vgru,ewc,12,6,336,B3,,,,,1000.0,,,-0.004384627821916,0.0006183165139027,0.004384627821916,0.7074512279180553,0.704980371171563,0.7954391835545155,5,10,10,0.7954,0.7876,0.6495,0.6854,0.6193,0.7893,0.789,0.6428,0.6845,0.6193,0.0001969844850277,0.0002975929107298,0.0001352700053837,0.0001623229053461,97.4,39,5,97.4,r-ewc_sl12_st6_sp336_la1000.0,,,,,,,,,,
yahoo-a4,vgru,lwf,12,6,336,B3,,,,,,1.0,2.0,-0.0031736649321708,-0.0002013811350137,0.0031736649321708,0.7061791465175574,0.7039860202174738,0.7954391835545155,5,10,10,0.7954,0.7875,0.645,0.6856,0.6173,0.7878,0.7883,0.643,0.6835,0.6173,0.0002088766468165,0.0003155589096312,0.0001434362758093,0.0001721226338219,103.3,45,5,103.3,r-lwf_sl12_st6_sp336_al1.0_te2.0,,,,,,,,,,
yahoo-a4,vgru,naive,24,12,336,B3,,,,,,,,0.0001983191596344,0.0030000745504473,-0.0001983191596344,0.7027169487197087,0.7013694165875723,0.7964370016990316,5,10,10,0.7918,0.7766,0.6813,0.6668,0.5971,0.7955,0.7768,0.6736,0.6639,0.5971,0.0002077358487255,0.0003138354570232,0.0001426530266762,0.0001711824303469,102.7,48,5,102.7,r-naive_sl24_st12_sp336,,,,,,,,,,
yahoo-a4,vgru,cumulative,24,12,336,B3,,,,,,,,0.0009367512891542,0.0030820050518043,-0.0009367512891542,0.7021830118185106,0.7022567332051691,0.7936095406937215,5,10,10,0.7918,0.77,0.6812,0.6654,0.6024,0.7927,0.7731,0.6769,0.6662,0.6024,0.0006820607390799,0.0010304184139615,0.0004683735072949,0.0005620449066666,337.2,84,5,337.2,r-cumulative_sl24_st12_sp336,,,,,,,,,,
yahoo-a4,vgru,experts,24,12,336,B3,,,,,,,,-0.0008244626922984,0.0019248071663846,0.0008244626922984,0.7022962371212336,0.6997664399213536,0.7970657995029233,5,10,10,0.7918,0.7755,0.6781,0.6693,0.5968,0.7922,0.777,0.6674,0.6654,0.5968,0.0002556882109323,0.0003862791474158,0.0001755820559596,0.0002106970914561,126.4,66,5,126.4,r-experts_sl24_st12_sp336,,,,,,,,,,
yahoo-a4,vgru,random-buffer,24,12,336,B3,50.0,,,0.5,,,,0.0012360413180035,0.0022642774917031,-0.0012360413180035,0.7024536708001986,0.7025009606120783,0.79508430574619,5,10,10,0.7918,0.7726,0.6756,0.6749,0.5974,0.7946,0.777,0.6758,0.6677,0.5974,9.218144187826884e-07,0.0003877701451785,0.000176259670662,0.0002115104745165,126.9,43,5,126.9,r-random-buffer_sl24_st12_sp336_bu50_re0.5,,,,,,,,,,
yahoo-a4,vgru,reservoir,24,12,336,B3,50.0,,,0.5,,,,0.003669572178532,0.0024986746516876,-0.003669572178532,0.7015755031940444,0.7034321715521962,0.7979784789338542,5,10,10,0.7918,0.7676,0.6796,0.6716,0.5973,0.797,0.7753,0.6779,0.6696,0.5973,1.087412580116542e-06,0.0004574306123543,0.000207924022629,0.0002495065897253,149.7,49,5,149.7,r-reservoir_sl24_st12_sp336_bu50_re0.5,,,,,,,,,,
yahoo-a4,vgru,ewc,24,12,336,B3,,,,,1000.0,,,0.0002306605758307,0.0031806711523761,-0.0002306605758307,0.7027301153364404,0.7012596331236208,0.7959018848320628,5,10,10,0.7918,0.775,0.6824,0.6665,0.598,0.7948,0.7771,0.6733,0.6631,0.598,0.000248318790328,0.0003751458476144,0.0001705216049785,0.0002046242426359,122.8,48,5,122.8,r-ewc_sl24_st12_sp336_la1000.0,,,,,,,,,,
yahoo-a4,vgru,lwf,24,12,336,B3,,,,,,1.0,2.0,0.0002511163556194,0.0024904465060191,-0.0002511163556194,0.7022117963439234,0.701166885958127,0.7942865983742099,5,10,10,0.7918,0.7734,0.6784,0.6698,0.5978,0.7943,0.7761,0.6742,0.6636,0.5978,0.0002474066121577,0.0003737677809267,0.000169894933566,0.0002038728473607,122.3,49,5,122.3,r-lwf_sl24_st12_sp336_al1.0_te2.0,,,,,,,,,,
yahoo-a4,vgru,naive,12,12,168,B5,,,,,,,,-0.0002845878178759,0.0103546193974256,0.0002845878178759,0.7252973357236855,0.7296471472107522,0.8332251046025104,10,45,45,0.8332,0.7405,0.7952,0.7819,0.7965,0.829,0.7578,0.812,0.7863,0.7996,5.772328178504352e-07,0.0002428185641479,0.0001103723504651,0.0001324462136828,79.5,74,10,79.5,r-naive_sl12_st12_sp168,0.5968,0.8147,0.6989,0.6561,0.5391,0.5942,0.823,0.6962,0.6593,0.5391
yahoo-a4,vgru,cumulative,12,12,168,B5,,,,,,,,0.0001090945804583,0.0088822225952214,-0.0001090945804583,0.7237923340814565,0.716453918785624,0.8332251046025104,10,45,45,0.8332,0.7337,0.8,0.7898,0.8013,0.8095,0.7297,0.7831,0.7828,0.7929,0.0006022895447539,0.0009099046490905,0.0004135939552034,0.000496310693887,297.8,152,10,297.8,r-cumulative_sl12_st12_sp168,0.5954,0.8196,0.6848,0.6577,0.5224,0.5977,0.8093,0.7037,0.6335,0.5224
yahoo-a4,vgru,experts,12,12,168,B5,,,,,,,,0.00040548191638,0.0102076159908072,-0.00040548191638,0.7244282375511883,0.7309032516524073,0.8332251046025104,10,45,45,0.8332,0.7306,0.7842,0.7857,0.796,0.8287,0.7501,0.8057,0.7913,0.8021,6.864993964357501e-07,0.0002887826065602,0.0001312651532973,0.0001575174532628,94.5,124,10,94.5,r-experts_sl12_st12_sp168,0.5959,0.8107,0.7008,0.6579,0.5493,0.5973,0.8247,0.6956,0.6641,0.5493
yahoo-a4,vgru,random-buffer,12,12,168,B5,50.0,,,0.5,,,,-0.002211376990288,0.0089110463620934,0.002211376990288,0.7256467387653645,0.7319221105258847,0.8336401673640168,10,45,45,0.8332,0.7398,0.8047,0.7826,0.7922,0.8336,0.7557,0.8104,0.7897,0.8017,0.0002109124588449,0.000318634498184,0.0001448342080447,0.0001738002901392,104.3,87,10,104.3,r-random-buffer_sl12_st12_sp168_bu50_re0.5,0.5973,0.8087,0.6952,0.656,0.5468,0.5957,0.8254,0.6968,0.6633,0.5468
yahoo-a4,vgru,reservoir,12,12,168,B5,50.0,,,0.5,,,,-0.0014129927072657,0.0110085292206242,0.0014129927072657,0.7270661290873852,0.7275617969689976,0.8372016736401673,10,45,45,0.8332,0.7433,0.8093,0.7924,0.7992,0.8338,0.7437,0.8058,0.7885,0.8041,8.219623902533208e-07,0.0003457664242448,0.0001571669697334,0.0001885994545114,113.2,101,10,113.2,r-reservoir_sl12_st12_sp168_bu50_re0.5,0.5924,0.8253,0.6926,0.655,0.5279,0.5938,0.8276,0.6931,0.6572,0.5279
yahoo-a4,vgru,ewc,12,12,168,B5,,,,,1000.0,,,-0.0008955205042784,0.0096809156906305,0.0008955205042784,0.724369591799616,0.7276426154925717,0.8332251046025104,10,45,45,0.8332,0.7407,0.7962,0.783,0.7949,0.8258,0.755,0.8067,0.7875,0.7993,0.0001733352623524,0.0002618650156549,0.0001190298519705,0.0001428351636844,85.7,76,10,85.7,r-ewc_sl12_st12_sp168_la1000.0,0.5947,0.8142,0.6994,0.6525,0.5349,0.5946,0.8196,0.6978,0.6553,0.5349
yahoo-a4,vgru,lwf,12,12,168,B5,,,,,,1.0,2.0,-0.0007766563130444,0.0093037383360869,0.0007766563130444,0.7253660147111489,0.7290166870963516,0.8332251046025104,10,45,45,0.8332,0.7387,0.7986,0.7845,0.7947,0.8298,0.7488,0.8098,0.7889,0.8018,6.417007073757668e-07,0.0002699376049996,0.0001226992045134,0.0001472384004861,88.3,89,10,88.4,r-lwf_sl12_st12_sp168_al1.0_te2.0,0.5978,0.814,0.6947,0.658,0.5395,0.5935,0.821,0.6952,0.6619,0.5395
yahoo-a4,vlstm,naive,12,12,336,B1,,,,,,,,-0.0023602423227756,-0.0067042374303323,0.0023602423227756,0.7087177353313392,0.7076210225800773,0.7998151792362515,5,10,10,0.7989,0.7945,0.6513,0.6879,0.611,0.7989,0.792,0.6516,0.6847,0.611,0.0001143412356927,0.0001727402091665,7.851848888935315e-05,9.422172027717654e-05,56.5,43,5,56.5,r-naive_sl12_st12_sp336,,,,,,,,,,
yahoo-a4,vlstm,cumulative,12,12,336,B1,,,,,,,,0.0019061051067743,-0.005126798948369,-0.0019061051067743,0.7084810774578264,0.7083861637980672,0.802328337350836,5,10,10,0.7989,0.7953,0.6541,0.6861,0.608,0.8018,0.7958,0.6528,0.6836,0.608,0.000311594492968,0.0004707391656591,0.000213972890452,0.000256766275207,154.1,61,5,154.1,r-cumulative_sl12_st12_sp336,,,,,,,,,,
yahoo-a4,vlstm,experts,12,12,336,B1,,,,,,,,-0.0018058952346474,-0.0047627343409993,0.0018058952346474,0.7111193436472965,0.7086562073798823,0.8018911815671245,5,10,10,0.7989,0.7943,0.6602,0.6878,0.6144,0.8019,0.792,0.6523,0.6827,0.6144,0.0001127847492251,0.000170388758298,7.744964149379585e-05,9.293911680423965e-05,55.8,43,5,55.8,r-experts_sl12_st12_sp336,,,,,,,,,,
yahoo-a4,vlstm,random-buffer,12,12,336,B1,50.0,,,0.5,,,,-0.0056482471405619,-0.0046805171126988,0.0056482471405619,0.711978767336623,0.7079225356148178,0.8010550739283055,5,10,10,0.7989,0.8011,0.6504,0.6954,0.6141,0.797,0.7965,0.6437,0.6883,0.6141,0.0001728016154011,0.0002610588123161,0.0001186633884279,0.0001423954238882,85.4,49,5,85.5,r-random-buffer_sl12_st12_sp336_bu50_re0.5,,,,,,,,,,
yahoo-a4,vlstm,random-buffer,12,12,336,B1,100.0,,,0.5,,,,-0.0053471983582606,-0.0029969925104611,0.0053471983582606,0.7135327173201321,0.7080860023945156,0.8005867367988609,5,10,10,0.7989,0.8004,0.6568,0.6914,0.6202,0.7966,0.7952,0.6401,0.6884,0.6202,0.0001655212341317,0.0002500600280571,0.0001136639340289,0.0001363960940282,81.8,46,5,81.9,r-random-buffer_sl12_st12_sp336_bu100_re0.5,,,,,,,,,,
yahoo-a4,vlstm,random-buffer,12,12,336,B1,250.0,,,0.5,,,,-0.0035880234914398,-0.0046583508270696,0.0035880234914398,0.7116115587805971,0.7079324012871238,0.8035151538560125,5,10,10,0.7989,0.8035,0.6534,0.6897,0.6125,0.7984,0.7947,0.6467,0.6873,0.6125,0.000148164718762,0.00022383879582,0.0001017451497105,0.0001220936461095,73.3,38,5,73.3,r-random-buffer_sl12_st12_sp336_bu250_re0.5,,,,,,,,,,
yahoo-a4,vlstm,random-buffer,12,12,336,B1,500.0,,,0.5,,,,-0.0006761415009066,-0.0048087524584743,0.0006761415009066,0.7109585681254595,0.7092119716223543,0.8034466836730216,5,10,10,0.7989,0.8001,0.6562,0.6884,0.6112,0.8007,0.7966,0.6513,0.6863,0.6112,0.0001632351275269,0.0002466063087518,0.0001120940798621,0.0001345122288897,80.7,44,5,80.7,r-random-buffer_sl12_st12_sp336_bu500_re0.5,,,,,,,,,,
yahoo-a4,vlstm,random-buffer,12,12,336,B1,1000.0,,,0.5,,,,-0.0018297487865149,-0.0058316872636816,0.0018297487865149,0.7112836318339835,0.7090321670347741,0.8041498244867568,5,10,10,0.7989,0.8041,0.6571,0.6878,0.6084,0.8004,0.7966,0.6533,0.6865,0.6084,0.000149967069713,0.0002265616847094,0.0001029828340856,0.0001235788506238,74.1,39,5,74.2,r-random-buffer_sl12_st12_sp336_bu1000_re0.5,,,,,,,,,,
yahoo-a4,vlstm,random-buffer,12,12,336,B1,50.0,,,,,,,-0.0016674798334901,-0.005260612999716,0.0016674798334901,0.7104460647259756,0.7088750689297625,0.8016576806866682,5,10,10,0.7989,0.799,0.6502,0.6899,0.6141,0.7999,0.7968,0.6469,0.6867,0.6141,0.0001222353638909,0.0001846662072361,8.39394370960589e-05,0.00010072677014,60.4,49,5,60.4,r-random-buffer_sl12_st12_sp336_bu50,,,,,,,,,,
yahoo-a4,vlstm,random-buffer,12,12,336,B1,50.0,,,0.3,,,,-0.005080296914627,-0.0048047566546081,0.005080296914627,0.7107844540198551,0.706618442404739,0.7998151792362515,5,10,10,0.7989,0.7975,0.6544,0.6929,0.6102,0.7948,0.7945,0.6443,0.6893,0.6102,0.0001342547007027,0.0002028243348995,9.21931203144292e-05,0.0001106312145851,66.4,44,5,66.4,r-random-buffer_sl12_st12_sp336_bu50_re0.3,,,,,,,,,,
yahoo-a4,vlstm,reservoir,12,12,336,B1,50.0,,,0.5,,,,-0.0001105199121139,-0.0044480794019933,0.0001105199121139,0.7098105830943623,0.708931191133858,0.8031850924610817,5,10,10,0.7989,0.7986,0.6515,0.6862,0.6138,0.802,0.7977,0.649,0.6822,0.6138,0.0001530320286296,0.0002311920496091,0.0001050875821771,0.000126104467432,75.7,41,5,75.7,r-reservoir_sl12_st12_sp336_bu50_re0.5,,,,,,,,,,
yahoo-a4,vlstm,reservoir,12,12,336,B1,100.0,,,0.5,,,,-0.0033306877969394,-0.0055002768815968,0.0033306877969394,0.7105171329230495,0.7076362098461393,0.80286339219232,5,10,10,0.7989,0.8029,0.6547,0.6893,0.6068,0.7985,0.7979,0.6482,0.6867,0.6068,6.417482046000741e-07,0.0002699575851661,0.0001227082922485,0.0001472492929175,88.4,51,5,88.2,r-reservoir_sl12_st12_sp336_bu100_re0.5,,,,,,,,,,
yahoo-a4,vlstm,reservoir,12,12,336,B1,250.0,,,0.5,,,,-0.0011403680316906,-0.00584160058618,0.0011403680316906,0.7105263931050507,0.7094299644825578,0.8005621577588129,5,10,10,0.7989,0.7993,0.6588,0.6891,0.6065,0.8006,0.7985,0.6545,0.6871,0.6065,0.000160753191623,0.0002428567417249,0.0001103897278371,0.0001324670138877,79.5,43,5,79.5,r-reservoir_sl12_st12_sp336_bu250_re0.5,,,,,,,,,,
yahoo-a4,vlstm,reservoir,12,12,336,B1,500.0,,,0.5,,,,-0.0019039802733144,-0.0052097484598443,0.0019039802733144,0.7103552420913432,0.7079150716012117,0.8029764120838209,5,10,10,0.7989,0.803,0.6573,0.6883,0.6043,0.8008,0.7961,0.652,0.6864,0.6043,0.0001505775460781,0.0002274839575393,0.0001034020352455,0.0001240819222937,74.4,39,5,74.5,r-reservoir_sl12_st12_sp336_bu500_re0.5,,,,,,,,,,
yahoo-a4,vlstm,reservoir,12,12,336,B1,1000.0,,,0.5,,,,-0.00085752968852,-0.0054830423903298,0.00085752968852,0.7099721045471784,0.7083078308291192,0.803815369273742,5,10,10,0.7989,0.8022,0.6559,0.6871,0.6057,0.8011,0.7976,0.6522,0.685,0.6057,5.694954701819533e-07,0.0002395637740648,0.0001088929258694,0.0001306708481954,78.4,42,5,78.4,r-reservoir_sl12_st12_sp336_bu1000_re0.5,,,,,,,,,,
yahoo-a4,vlstm,reservoir,12,12,336,B1,50.0,,,,,,,-0.0019268026808373,-0.0051166262210318,0.0019268026808373,0.7103123444716646,0.7087439361389002,0.802389784950956,5,10,10,0.7989,0.7994,0.6493,0.6893,0.6146,0.7998,0.7969,0.6463,0.6861,0.6146,4.572154539185586e-07,0.0001923320999665,8.742392968787397e-05,0.0001049081702786,62.9,53,5,63.0,r-reservoir_sl12_st12_sp336_bu50,,,,,,,,,,
yahoo-a4,vlstm,reservoir,12,12,336,B1,50.0,,,0.3,,,,-0.0021391130157701,-0.005054816577515,0.0021391130157701,0.7101718363949512,0.7080558471538623,0.8037030079478081,5,10,10,0.7989,0.7985,0.6559,0.6882,0.6093,0.7991,0.7951,0.6511,0.6857,0.6093,0.0001358090980315,0.0002051726296165,9.326052968713664e-05,0.0001119120999293,67.1,45,5,67.2,r-reservoir_sl12_st12_sp336_bu50_re0.3,,,,,,,,,,
yahoo-a4,vlstm,ewc,12,12,336,B1,,,,,1000.0,,,-0.0024578058358002,-0.0062828731651449,0.0024578058358002,0.7089506141318063,0.7076122595687555,0.7998151792362515,5,10,10,0.7989,0.7949,0.651,0.6889,0.6111,0.7991,0.7911,0.6509,0.6859,0.6111,0.0001263032101202,0.0001908116770156,8.673283506973853e-05,0.0001040788419459,62.4,43,5,62.5,r-ewc_sl12_st12_sp336_la1000.0,,,,,,,,,,
yahoo-a4,vlstm,ewc,12,12,336,B1,,,,,100.0,,,-0.0022628837044806,-0.0065743055618843,0.0022628837044806,0.7087058970477127,0.7076581295207249,0.7998151792362515,5,10,10,0.7989,0.7945,0.6507,0.6881,0.6113,0.799,0.7917,0.651,0.6853,0.6113,0.0001264628014106,0.0001910527784233,8.684241898008621e-05,0.0001042103594432,62.5,43,5,62.5,r-ewc_sl12_st12_sp336_la100,,,,,,,,,,
yahoo-a4,vlstm,ewc,12,12,336,B1,,,,,500.0,,,-0.0023199838077461,-0.0064815283408819,0.0023199838077461,0.7087983897766985,0.7076408556726748,0.7998151792362515,5,10,10,0.7989,0.7947,0.6507,0.6883,0.6113,0.7995,0.7913,0.6508,0.6853,0.6113,0.0001264484608911,0.0001910311135854,8.683256261542232e-05,0.0001041985509699,62.5,43,5,62.5,r-ewc_sl12_st12_sp336_la500,,,,,,,,,,
yahoo-a4,vlstm,ewc,12,12,336,B1,,,,,5000.0,,,-0.0027582426398481,-0.0061386764476647,0.0027582426398481,0.7088922544447863,0.7073689805872319,0.7998151792362515,5,10,10,0.7989,0.796,0.6524,0.689,0.6082,0.7968,0.7919,0.6526,0.6873,0.6082,0.0001283167545285,0.0001938536249196,8.811553304419955e-05,0.0001057380918754,63.4,44,5,63.5,r-ewc_sl12_st12_sp336_la5000,,,,,,,,,,
yahoo-a4,vlstm,ewc,12,12,336,B1,,,,,10000.0,,,-0.0026080267496422,-0.0056583831125599,0.0026080267496422,0.70917265135986,0.7074862755895976,0.7998151792362515,5,10,10,0.7989,0.7961,0.6535,0.6883,0.6091,0.7962,0.7926,0.6522,0.6874,0.6091,0.0001278697539353,0.0001931783219504,8.780856313339123e-05,0.000105369758817,63.2,44,5,63.2,r-ewc_sl12_st12_sp336_la10000,,,,,,,,,,
yahoo-a4,vlstm,lwf,12,12,336,B1,,,,,,1.0,2.0,-0.0039758436986527,-0.0051862789053963,0.0039758436986527,0.7104504003972606,0.708048620598804,0.7998151792362515,5,10,10,0.7989,0.7997,0.6511,0.6906,0.612,0.7967,0.7961,0.6485,0.6869,0.612,0.0001312197293472,0.0001982392734946,9.010900335593356e-05,0.0001081302701386,64.9,49,5,64.9,r-lwf_sl12_st12_sp336_al1.0_te2.0,,,,,,,,,,
yahoo-a4,vlstm,lwf,12,12,336,B1,,,,,,0.1,2.0,-0.0035389190699344,-0.0055120111829337,0.0035389190699344,0.7102225466839578,0.708419875553856,0.7998151792362515,5,10,10,0.7989,0.7978,0.6504,0.691,0.613,0.7976,0.7956,0.6496,0.6863,0.613,4.774427197785323e-07,0.0002008408948598,9.12915649293508e-05,0.0001095493299304,65.7,50,5,65.7,r-lwf_sl12_st12_sp336_al0.1_te2.0,,,,,,,,,,
yahoo-a4,vlstm,lwf,12,12,336,B1,,,,,,0.5,2.0,-0.0035406261024462,-0.0052911853754003,0.0035406261024462,0.7101532921712863,0.7082012840060452,0.7998151792362515,5,10,10,0.7989,0.7981,0.6505,0.6908,0.6124,0.7973,0.7958,0.649,0.6865,0.6124,4.7193373326787995e-07,0.0001985234864362,9.02382216435702e-05,0.0001082852647926,65.0,49,5,65.0,r-lwf_sl12_st12_sp336_al0.5_te2.0,,,,,,,,,,
yahoo-a4,vlstm,lwf,12,12,336,B1,,,,,,2.0,2.0,-0.0039963311543641,-0.005190372062414,0.0039963311543641,0.7107593303657238,0.7080904038533526,0.8010600600999894,5,10,10,0.7989,0.8011,0.6531,0.6898,0.6109,0.7965,0.7964,0.649,0.6877,0.6109,0.0001299708808495,0.0001963525845027,8.92514309600099e-05,0.0001071011535427,64.3,48,5,64.3,r-lwf_sl12_st12_sp336_al2.0_te2.0,,,,,,,,,,
yahoo-a4,vlstm,lwf,12,12,336,B1,,,,,,1.0,1.0,-0.0032423433087931,-0.0046789902281938,0.0032423433087931,0.7108832936668904,0.7080383609082992,0.8012129693649612,5,10,10,0.7989,0.8012,0.657,0.6894,0.6078,0.7966,0.7973,0.6503,0.6882,0.6078,0.0001251388073577,0.0001890525638178,8.593322430646772e-05,0.0001031193395114,61.9,45,5,61.9,r-lwf_sl12_st12_sp336_al1.0_te1.0,,,,,,,,,,
yahoo-a4,vlstm,lwf,12,12,336,B1,,,,,,1.0,5.0,-0.0034579710922387,-0.0054774577837191,0.0034579710922387,0.7101964415811637,0.7084997242556692,0.7998151792362515,5,10,10,0.7989,0.7978,0.6504,0.691,0.6129,0.798,0.7956,0.6498,0.6862,0.6129,0.0001315550614951,0.0001987458741538,9.033930595938324e-05,0.0001084065681944,65.0,49,5,65.1,r-lwf_sl12_st12_sp336_al1.0_te5.0,,,,,,,,,,
yahoo-a4,vlstm,naive,6,6,336,B2,,,,,,,,-0.0056800372534841,-0.0012016898800755,0.0056800372534841,0.7024173100607484,0.6992225003679775,0.7865551832139651,5,10,10,0.7776,0.7839,0.6569,0.6807,0.6128,0.7709,0.785,0.6484,0.679,0.6128,3.514837809203577e-07,0.0001478550497565,6.720704288131351e-05,8.064800687522317e-05,48.4,31,5,48.4,r-naive_sl6_st6_sp336,,,,,,,,,,
yahoo-a4,vlstm,cumulative,6,6,336,B2,,,,,,,,-0.0022517386715042,-0.002473808067491,0.0022517386715042,0.699070768829793,0.6980715888224645,0.7865551832139651,5,10,10,0.7776,0.7858,0.6477,0.6799,0.6043,0.7656,0.7855,0.654,0.6809,0.6043,8.804308097399674e-07,0.000370361730036,0.0001683466734384,0.0002020150565976,121.2,39,5,121.2,r-cumulative_sl6_st6_sp336,,,,,,,,,,
yahoo-a4,vlstm,experts,6,6,336,B2,,,,,,,,-0.0057850364090635,-0.0016836927280559,0.0057850364090635,0.7022134435291474,0.6988205874853914,0.7865551832139651,5,10,10,0.7776,0.7843,0.6563,0.6815,0.6113,0.7695,0.7855,0.6483,0.6795,0.6113,0.0001128157371523,0.0001704355730887,7.747091788203558e-05,9.296465520669395e-05,55.8,40,5,55.8,r-experts_sl6_st6_sp336,,,,,,,,,,
yahoo-a4,vlstm,random-buffer,6,6,336,B2,50.0,,,0.5,,,,-0.0018822771448289,-0.0033124780002881,0.0018822771448289,0.7005268459652837,0.6989568609223306,0.7874203298508443,5,10,10,0.7776,0.7847,0.6485,0.682,0.6098,0.7718,0.7874,0.6467,0.679,0.6098,0.0001601442594481,0.0002419368017696,0.0001099715602435,0.000131965241526,79.2,37,5,79.2,r-random-buffer_sl6_st6_sp336_bu50_re0.5,,,,,,,,,,
yahoo-a4,vlstm,reservoir,6,6,336,B2,50.0,,,0.5,,,,-0.0007690341626006,-0.0013975804074888,0.0007690341626006,0.699428488425466,0.6989808052447313,0.7865551832139651,5,10,10,0.7776,0.786,0.6395,0.6767,0.6174,0.7751,0.7861,0.6408,0.6756,0.6174,0.0001520528154533,0.0002297127102627,0.0001044151556128,0.0001252975546498,75.2,35,5,75.2,r-reservoir_sl6_st6_sp336_bu50_re0.5,,,,,,,,,,
yahoo-a4,vlstm,ewc,6,6,336,B2,,,,,1000.0,,,-0.0057025723172636,-0.001176002898824,0.0057025723172636,0.7022670050447836,0.6988988981489158,0.7865551832139651,5,10,10,0.7776,0.7846,0.6556,0.6809,0.6127,0.7688,0.7842,0.6492,0.6796,0.6127,0.0001141454658234,0.0001724444512277,7.838405393607293e-05,9.406039729171124e-05,56.4,31,5,56.4,r-ewc_sl6_st6_sp336_la1000.0,,,,,,,,,,
yahoo-a4,vlstm,lwf,6,6,336,B2,,,,,,1.0,2.0,-0.0049145230911905,-0.0012031804674389,0.0049145230911905,0.701944949507382,0.6991667249427045,0.7865551832139651,5,10,10,0.7776,0.7861,0.6535,0.681,0.6115,0.7696,0.7855,0.6491,0.6801,0.6115,4.064106149522194e-07,0.0001709605533945,7.770953929413939e-05,9.325101410038768e-05,56.0,35,5,56.0,r-lwf_sl6_st6_sp336_al1.0_te2.0,,,,,,,,,,
yahoo-a4,vlstm,naive,8,8,336,B2,,,,,,,,-0.005053581068605,-0.0011162403271791,0.005053581068605,0.703375364799772,0.7002170593896613,0.7883711054027178,5,10,10,0.783,0.7883,0.6443,0.6888,0.6124,0.7746,0.7884,0.6386,0.6871,0.6124,3.40786966070955e-07,0.0001433553311986,6.516173084706275e-05,7.819360035161178e-05,46.9,31,5,46.9,r-naive_sl8_st8_sp336,,,,,,,,,,
yahoo-a4,vlstm,cumulative,8,8,336,B2,,,,,,,,-0.0018945613899392,-0.0014418597216766,0.0018945613899392,0.7014415944069612,0.700530527683385,0.7888354877914042,5,10,10,0.783,0.7873,0.6378,0.6867,0.6124,0.7763,0.7888,0.6388,0.6863,0.6124,0.0002630659360279,0.0003974249931683,0.0001806481428237,0.0002167768503446,130.1,44,5,130.1,r-cumulative_sl8_st8_sp336,,,,,,,,,,
yahoo-a4,vlstm,experts,8,8,336,B2,,,,,,,,-0.0043626223092946,-0.0010508831909486,0.0043626223092946,0.7033348812521678,0.7004934633420612,0.7888700143630537,5,10,10,0.783,0.7889,0.6436,0.6882,0.6129,0.7775,0.7886,0.6374,0.6861,0.6129,9.952441423171306e-05,0.0001503558014516,6.834373617053239e-05,8.201206528116018e-05,49.2,34,5,49.2,r-experts_sl8_st8_sp336,,,,,,,,,,
yahoo-a4,vlstm,random-buffer,8,8,336,B2,50.0,,,0.5,,,,-0.0034386820820619,-0.0020445919739243,0.0034386820820619,0.7025593969349918,0.7004459851471323,0.7886663075903215,5,10,10,0.783,0.7886,0.64,0.6905,0.6106,0.7766,0.7887,0.6391,0.6872,0.6106,0.000161496094448,0.0002439790768878,0.0001108998561918,0.000133079220696,79.8,41,5,79.9,r-random-buffer_sl8_st8_sp336_bu50_re0.5,,,,,,,,,,
yahoo-a4,vlstm,reservoir,8,8,336,B2,50.0,,,0.5,,,,0.000346066693106,-0.0015544412397317,-0.000346066693106,0.7002046640047013,0.7011213785245782,0.7889459728206828,5,10,10,0.783,0.788,0.6339,0.6865,0.6096,0.7755,0.7885,0.6442,0.6877,0.6096,0.0001467922659503,0.0002217653724892,0.0001008026722818,0.0001209627002074,72.6,36,5,72.6,r-reservoir_sl8_st8_sp336_bu50_re0.5,,,,,,,,,,
yahoo-a4,vlstm,ewc,8,8,336,B2,,,,,1000.0,,,-0.004781173423731,-0.0012331814157157,0.004781173423731,0.7028503090081838,0.7001808762911075,0.7881156087725113,5,10,10,0.783,0.7881,0.6433,0.6894,0.6105,0.7725,0.788,0.6414,0.6885,0.6105,4.269119591178151e-07,0.0001795846419762,8.162958419998177e-05,9.795505777622264e-05,58.8,37,5,58.8,r-ewc_sl8_st8_sp336_la1000.0,,,,,,,,,,
yahoo-a4,vlstm,lwf,8,8,336,B2,,,,,,1.0,2.0,-0.0046179261408719,-0.0006240605990244,0.0046179261408719,0.7036253412088465,0.7006977854671574,0.7885799911611976,5,10,10,0.783,0.7886,0.6442,0.6878,0.6145,0.7753,0.788,0.6389,0.6867,0.6145,0.0001006817613712,0.0001521042554171,6.913849375107222e-05,8.296576166603094e-05,49.8,30,5,49.8,r-lwf_sl8_st8_sp336_al1.0_te2.0,,,,,,,,,,
yahoo-a4,vlstm,naive,10,10,336,B2,,,,,,,,-0.0035987155746203,-7.671106409992134e-05,0.0035987155746203,0.7043118489992337,0.7019169927729042,0.7887220897463689,5,10,10,0.7843,0.7883,0.6457,0.6851,0.6181,0.7794,0.7887,0.64,0.6833,0.6181,3.432549609117418e-07,0.0001443935170831,6.563361736092096e-05,7.8759899722257e-05,47.3,31,5,47.3,r-naive_sl10_st10_sp336,,,,,,,,,,
yahoo-a4,vlstm,cumulative,10,10,336,B2,,,,,,,,-0.0010923914721286,-0.0004336441625112,0.0010923914721286,0.7028105581942958,0.701650564618838,0.7886475720789075,5,10,10,0.7843,0.7872,0.6383,0.6841,0.6201,0.781,0.7877,0.6385,0.681,0.6201,0.0002142321498643,0.0003236496977976,0.0001471138894661,0.0001765358083314,105.9,39,5,105.9,r-cumulative_sl10_st10_sp336,,,,,,,,,,
yahoo-a4,vlstm,experts,10,10,336,B2,,,,,,,,-0.0037840892176685,5.380883622084776e-05,0.0037840892176685,0.7047928881043193,0.7022540012217723,0.7883139361586821,5,10,10,0.7843,0.7878,0.6473,0.6849,0.6196,0.782,0.7883,0.6393,0.6819,0.6196,4.103991082178078e-07,0.0001726383516379,7.847217615473913e-05,9.416617548326032e-05,56.5,45,5,56.5,r-experts_sl10_st10_sp336,,,,,,,,,,
yahoo-a4,vlstm,random-buffer,10,10,336,B2,50.0,,,0.5,,,,-0.0036516065368875,-0.0015853285510074,0.0036516065368875,0.7048073412188902,0.7018457727907527,0.7881801430739215,5,10,10,0.7843,0.7869,0.6461,0.6884,0.6183,0.7803,0.7877,0.6405,0.6825,0.6183,0.0001611182570451,0.0002434082617168,0.0001106404077572,0.0001327678539596,79.7,43,5,79.7,r-random-buffer_sl10_st10_sp336_bu50_re0.5,,,,,,,,,,
yahoo-a4,vlstm,reservoir,10,10,336,B2,50.0,,,0.5,,,,-0.0021920678039186,0.0003863495607494,0.0021920678039186,0.7026430334357403,0.7020300005031788,0.7885882966616085,5,10,10,0.7843,0.7881,0.6424,0.6851,0.6134,0.7775,0.7886,0.6454,0.6853,0.6134,0.0001452051807422,0.000219367694791,9.97128229161414e-05,0.0001196548718749,71.8,37,5,71.8,r-reservoir_sl10_st10_sp336_bu50_re0.5,,,,,,,,,,
yahoo-a4,vlstm,ewc,10,10,336,B2,,,,,1000.0,,,-0.003435535721801,-0.0003526641670825,0.003435535721801,0.7041098263614209,0.7019414034104441,0.7885188597442011,5,10,10,0.7843,0.7883,0.647,0.6848,0.6162,0.7794,0.7885,0.642,0.6836,0.6162,4.458843370297012e-07,0.0001875655561248,8.525736904056329e-05,0.0001023081870842,61.4,41,5,61.4,r-ewc_sl10_st10_sp336_la1000.0,,,,,,,,,,
yahoo-a4,vlstm,lwf,10,10,336,B2,,,,,,1.0,2.0,-0.0034797414209211,-0.0004929810837964,0.0034797414209211,0.7041278001730579,0.7017243915355758,0.7885493442445264,5,10,10,0.7843,0.7885,0.6468,0.6852,0.6159,0.7783,0.7882,0.6425,0.6838,0.6159,3.668782232379548e-07,0.0001543308707144,7.015059467521497e-05,8.418027603921171e-05,50.5,31,5,50.5,r-lwf_sl10_st10_sp336_al1.0_te2.0,,,,,,,,,,
yahoo-a4,vlstm,naive,16,16,336,B2,,,,,,,,-0.0043190391687487,0.000798427636163,0.0043190391687487,0.7093085591614697,0.7067493640691049,0.8021597143882679,5,10,10,0.8022,0.7729,0.6669,0.6804,0.6242,0.7942,0.7727,0.6636,0.679,0.6242,0.0001078252715677,0.0001628962626754,7.404395920263294e-05,8.885230347281321e-05,53.3,35,5,53.3,r-naive_sl16_st16_sp336,,,,,,,,,,
yahoo-a4,vlstm,cumulative,16,16,336,B2,,,,,,,,-0.0014459871469167,-6.411623570592439e-05,0.0014459871469167,0.707397010936135,0.7066757964891056,0.8021597143882679,5,10,10,0.8022,0.7711,0.6614,0.6795,0.6228,0.7936,0.7735,0.6638,0.6797,0.6228,0.0002280447052402,0.0003445169176619,0.00015659897523,0.0001879179424319,112.8,42,5,112.8,r-cumulative_sl16_st16_sp336,,,,,,,,,,
yahoo-a4,vlstm,experts,16,16,336,B2,,,,,,,,-0.0039972298391791,0.0006833249621475,0.0039972298391791,0.7089459191562242,0.7067855310145863,0.8021597143882679,5,10,10,0.8022,0.773,0.6658,0.6815,0.6222,0.7937,0.7737,0.6636,0.6806,0.6222,0.0001068599654995,0.0001614379333937,7.338108339269337e-05,8.805685000106072e-05,52.8,34,5,52.8,r-experts_sl16_st16_sp336,,,,,,,,,,
yahoo-a4,vlstm,random-buffer,16,16,336,B2,50.0,,,0.5,,,,-0.0026269196459039,0.0004316313367598,0.0026269196459039,0.7092523944296232,0.7068855704997179,0.8021597143882679,5,10,10,0.8022,0.7706,0.6632,0.6812,0.629,0.7972,0.7729,0.6592,0.6762,0.629,5.659488569363331e-07,0.0002380718569228,0.0001082147914353,0.0001298570654874,77.9,42,5,77.9,r-random-buffer_sl16_st16_sp336_bu50_re0.5,,,,,,,,,,
yahoo-a4,vlstm,reservoir,16,16,336,B2,50.0,,,0.5,,,,-0.0029005144510101,-2.9972442693848576e-05,0.0029005144510101,0.7086621051755639,0.706334302425301,0.8021597143882679,5,10,10,0.8022,0.7707,0.6631,0.679,0.6284,0.7973,0.772,0.6584,0.6757,0.6284,0.0001483045208484,0.0002240500008285,0.0001018411753459,0.0001222088254825,73.3,38,5,73.3,r-reservoir_sl16_st16_sp336_bu50_re0.5,,,,,,,,,,
yahoo-a4,vlstm,ewc,16,16,336,B2,,,,,1000.0,,,-0.004068699134549,0.0008970926776115,0.004068699134549,0.7091050093467617,0.7066092724450479,0.8021597143882679,5,10,10,0.8022,0.7731,0.6659,0.6805,0.6239,0.794,0.7727,0.6631,0.6794,0.6239,0.0001246580063618,0.0001883261971306,8.560307824195155e-05,0.0001027231188886,61.6,40,5,61.6,r-ewc_sl16_st16_sp336_la1000.0,,,,,,,,,,
yahoo-a4,vlstm,lwf,16,16,336,B2,,,,,,1.0,2.0,-0.0034936297318281,0.0008283670682931,0.0034936297318281,0.7091627356275303,0.7070284977390304,0.8021597143882679,5,10,10,0.8022,0.7738,0.6653,0.6802,0.6244,0.7958,0.774,0.6628,0.6782,0.6244,4.128250521780721e-07,0.0001736588484131,7.893605063565904e-05,9.472279777750372e-05,56.8,35,5,56.8,r-lwf_sl16_st16_sp336_al1.0_te2.0,,,,,,,,,,
yahoo-a4,vlstm,naive,24,24,336,B2,,,,,,,,-0.0002539973365224,0.0053373096182769,0.0002539973365224,0.7060135395157541,0.7045237492185981,0.7932475916192467,5,10,10,0.7874,0.7799,0.6858,0.6709,0.606,0.7932,0.7775,0.6815,0.6643,0.606,0.0001353389682712,0.0002044623844224,9.293769455980508e-05,0.0001115246898626,66.9,47,5,66.9,r-naive_sl24_st24_sp336,,,,,,,,,,
yahoo-a4,vlstm,cumulative,24,24,336,B2,,,,,,,,0.0044088306747604,0.004308484773462,-0.0044088306747604,0.7053006935210948,0.7095625812846365,0.7949437843408055,5,10,10,0.7874,0.7792,0.6851,0.6657,0.6091,0.7932,0.7799,0.6955,0.67,0.6091,0.0003122517074918,0.0004717320478298,0.0002144242007505,0.0002573078470793,154.4,73,5,154.4,r-cumulative_sl24_st24_sp336,,,,,,,,,,
yahoo-a4,vlstm,experts,24,24,336,B2,,,,,,,,-0.0003435907550979,0.0053945617087626,0.0003435907550979,0.7061823078615784,0.7040694187887286,0.7937543203235115,5,10,10,0.7874,0.7797,0.6896,0.6699,0.6043,0.7938,0.7759,0.6812,0.6652,0.6043,0.0001496526046075,0.0002260866087863,0.0001027668914938,0.0001233197172925,74.0,61,5,74.0,r-experts_sl24_st24_sp336,,,,,,,,,,
yahoo-a4,vlstm,random-buffer,24,24,336,B2,50.0,,,0.5,,,,0.0006046064685242,0.0069343714718716,-0.0006046064685242,0.7091551557535669,0.7082739212548272,0.7962794473960249,5,10,10,0.7874,0.7814,0.6927,0.6768,0.6075,0.7963,0.7827,0.6842,0.6707,0.6075,0.0001798355075455,0.0002716852148813,0.0001234935641185,0.0001481916507628,88.9,52,5,88.9,r-random-buffer_sl24_st24_sp336_bu50_re0.5,,,,,,,,,,
yahoo-a4,vlstm,reservoir,24,24,336,B2,50.0,,,0.5,,,,0.004053268653287,0.0050061052603798,-0.004053268653287,0.7072038166056795,0.7088458418849015,0.7971154787876551,5,10,10,0.7874,0.7779,0.6925,0.6663,0.6119,0.7967,0.7834,0.6874,0.6648,0.6119,0.0001779492490171,0.0002688355632157,0.0001221982804398,0.0001466372827758,88.0,51,5,88.0,r-reservoir_sl24_st24_sp336_bu50_re0.5,,,,,,,,,,
yahoo-a4,vlstm,ewc,24,24,336,B2,,,,,1000.0,,,-0.0003992620589761,0.005840969901263,0.0003992620589761,0.7063373958937345,0.7048649455553481,0.7927507987719281,5,10,10,0.7874,0.7799,0.6868,0.6713,0.6062,0.7925,0.7771,0.6826,0.6659,0.6062,0.0001439201780913,0.0002174263861691,9.883043964251152e-05,0.0001185959465266,71.2,47,5,71.2,r-ewc_sl24_st24_sp336_la1000.0,,,,,,,,,,
yahoo-a4,vlstm,lwf,24,24,336,B2,,,,,,1.0,2.0,-0.0001711507906233,0.006181883975968,0.0001711507906233,0.7069955264175632,0.7053699724694505,0.7939729091763317,5,10,10,0.7874,0.7806,0.6911,0.6692,0.6067,0.7937,0.7798,0.6811,0.6656,0.6067,0.0001421419967618,0.0002147400113636,9.760935289151448e-05,0.0001171306584721,70.3,47,5,70.3,r-lwf_sl24_st24_sp336_al1.0_te2.0,,,,,,,,,,
yahoo-a4,vlstm,naive,8,4,336,B3,,,,,,,,-0.0053195142731184,-0.0012529412833645,0.0053195142731184,0.7036885971415182,0.7001966031103084,0.7895260192243951,5,10,10,0.7832,0.7892,0.6457,0.6879,0.6125,0.7753,0.7894,0.6375,0.6863,0.6125,0.0001465615484043,0.0002214168175964,0.0001006442689828,0.0001207725486136,72.5,30,5,72.5,r-naive_sl8_st4_sp336,,,,,,,,,,
yahoo-a4,vlstm,cumulative,8,4,336,B3,,,,,,,,-0.0011214953299728,-0.0015006733128722,0.0011214953299728,0.7010720859920012,0.7005590589160675,0.7890340155783891,5,10,10,0.7832,0.7873,0.6354,0.6876,0.6119,0.7763,0.789,0.639,0.6867,0.6119,0.0003934805133565,0.0005944478889733,0.0002702042100136,0.0003242436789597,194.5,36,5,194.6,r-cumulative_sl8_st4_sp336,,,,,,,,,,
yahoo-a4,vlstm,experts,8,4,336,B3,,,,,,,,-0.0061946163655587,-0.0011039545277083,0.0061946163655587,0.7048168649907917,0.7004328883159678,0.788961509777925,5,10,10,0.7832,0.789,0.648,0.6884,0.6155,0.7777,0.7881,0.6356,0.6852,0.6155,0.0001653698135334,0.0002498312704644,0.0001135599653941,0.0001362713050702,81.8,37,5,81.8,r-experts_sl8_st4_sp336,,,,,,,,,,
yahoo-a4,vlstm,random-buffer,8,4,336,B3,50.0,,,0.5,,,,-0.00188358566127,-0.0004777573114975,0.00188358566127,0.7033336024568151,0.7009031880710312,0.7890098469782345,5,10,10,0.7832,0.7878,0.6335,0.6876,0.6247,0.7838,0.7871,0.6286,0.6803,0.6247,0.0003066169424476,0.0004632193665872,0.0002105547799192,0.000252664586668,151.6,46,5,151.6,r-random-buffer_sl8_st4_sp336_bu50_re0.5,,,,,,,,,,
yahoo-a4,vlstm,reservoir,8,4,336,B3,50.0,,,0.5,,,,-0.0026594258337925,-0.0006086930103018,0.0026594258337925,0.7027452740856017,0.7000011341060789,0.7895346508673075,5,10,10,0.7832,0.7871,0.6381,0.6869,0.6185,0.7788,0.7867,0.6332,0.6829,0.6185,0.0002840774368748,0.000429167968738,0.0001950767958918,0.0002340911728461,140.5,42,5,140.5,r-reservoir_sl8_st4_sp336_bu50_re0.5,,,,,,,,,,
yahoo-a4,vlstm,ewc,8,4,336,B3,,,,,1000.0,,,-0.0049669646062044,-0.0014407782623707,0.0049669646062044,0.7034993872200853,0.700379119258212,0.7890202049497292,5,10,10,0.7832,0.7889,0.6456,0.6883,0.6115,0.7748,0.789,0.6393,0.6873,0.6115,6.814350032156491e-07,0.0002866522206016,0.0001302967976856,0.000156355422916,93.8,35,5,93.8,r-ewc_sl8_st4_sp336_la1000.0,,,,,,,,,,
yahoo-a4,vlstm,lwf,8,4,336,B3,,,,,,1.0,2.0,-0.0031124495913077,-0.0012570872088414,0.0031124495913077,0.7025641908911221,0.7006698887636891,0.7895639984532096,5,10,10,0.7832,0.7886,0.642,0.688,0.6111,0.776,0.7896,0.6397,0.687,0.6111,0.0001589201016407,0.0002400874140625,0.0001091309307298,0.0001309564833327,78.6,30,5,78.6,r-lwf_sl8_st4_sp336_al1.0_te2.0,,,,,,,,,,
yahoo-a4,vlstm,naive,12,6,336,B3,,,,,,,,-0.004821055832244,0.0006875642073187,0.004821055832244,0.7076735072491505,0.7044838198465847,0.7948229519075969,5,10,10,0.7948,0.7884,0.65,0.6857,0.6195,0.7899,0.7877,0.642,0.6834,0.6195,5.378784979588166e-07,0.0002262637891012,0.0001028474298629,0.0001234163592383,74.1,34,5,74.1,r-naive_sl12_st6_sp336,,,,,,,,,,
yahoo-a4,vlstm,cumulative,12,6,336,B3,,,,,,,,-0.0006404667938072,-0.0007171858624328,0.0006404667938072,0.7044635640073473,0.7043718099324707,0.7948229519075969,5,10,10,0.7948,0.7866,0.6384,0.6841,0.6184,0.7892,0.788,0.6422,0.6841,0.6184,0.0003872020782121,0.0005849627877015,0.0002658928958951,0.0003190698918063,191.4,43,5,191.6,r-cumulative_sl12_st6_sp336,,,,,,,,,,
yahoo-a4,vlstm,experts,12,6,336,B3,,,,,,,,-0.0040791003257081,0.0003887296231734,0.0040791003257081,0.7071143516972582,0.7041009235229739,0.7948229519075969,5,10,10,0.7948,0.7881,0.6473,0.6855,0.6199,0.79,0.7875,0.6406,0.6824,0.6199,5.559082025175309e-07,0.0002338481585923,0.0001062949272021,0.0001275532313901,76.5,36,5,76.5,r-experts_sl12_st6_sp336,,,,,,,,,,
yahoo-a4,vlstm,random-buffer,12,6,336,B3,50.0,,,0.5,,,,-0.0014973824902709,-0.0013808553443495,0.0014973824902709,0.7052804433586566,0.7041926640954363,0.7948229519075969,5,10,10,0.7948,0.7862,0.6412,0.6877,0.6165,0.7878,0.7884,0.644,0.6843,0.6165,8.435473452007997e-07,0.0003548463441757,0.0001612941839693,0.0001935521602064,116.1,38,5,116.1,r-random-buffer_sl12_st6_sp336_bu50_re0.5,,,,,,,,,,
yahoo-a4,vlstm,reservoir,12,6,336,B3,50.0,,,0.5,,,,-0.0019989845340974,1.6228047473831887e-05,0.0019989845340974,0.7067825975607942,0.7047491956719985,0.7948229519075969,5,10,10,0.7948,0.7872,0.6438,0.6856,0.6225,0.7921,0.7889,0.6382,0.6821,0.6225,7.721009285971171e-07,0.0003247917184567,0.000147632983389,0.0001771587350677,106.3,34,5,106.3,r-reservoir_sl12_st6_sp336_bu50_re0.5,,,,,,,,,,
yahoo-a4,vlstm,ewc,12,6,336,B3,,,,,1000.0,,,-0.0044249764950821,0.0005596313944985,0.0044249764950821,0.7076308326223245,0.7046792011163008,0.7948229519075969,5,10,10,0.7948,0.7882,0.6501,0.6859,0.6192,0.7891,0.788,0.643,0.6841,0.6192,0.0001747894022543,0.0002640618471767,0.0001200284002322,0.0001440334469444,86.4,35,5,86.4,r-ewc_sl12_st6_sp336_la1000.0,,,,,,,,,,
yahoo-a4,vlstm,lwf,12,6,336,B3,,,,,,1.0,2.0,-0.0032080034057591,-2.259807252649182e-05,0.0032080034057591,0.7063762681453063,0.7041139534284087,0.7948229519075969,5,10,10,0.7948,0.7874,0.6463,0.6857,0.6177,0.788,0.7879,0.643,0.684,0.6177,0.0001714071306242,0.0002589521043504,0.0001177058087946,0.0001412462955558,84.7,37,5,84.8,r-lwf_sl12_st6_sp336_al1.0_te2.0,,,,,,,,,,
yahoo-a4,vlstm,naive,24,12,336,B3,,,,,,,,-0.002513523300398,-0.0023797963997159,0.002513523300398,0.7038404474915448,0.7012387487850366,0.7957798157324361,5,10,10,0.7958,0.7776,0.6807,0.6681,0.597,0.7938,0.7766,0.6744,0.6644,0.597,0.0001685566139258,0.0002546457065077,0.0001157483584506,0.0001388973480571,83.3,39,5,83.4,r-naive_sl24_st12_sp336,,,,,,,,,,
yahoo-a4,vlstm,cumulative,24,12,336,B3,,,,,,,,-0.0009451445438346,-0.0023714863557778,0.0009451445438346,0.7032920745892556,0.702294521671669,0.7957798157324361,5,10,10,0.7958,0.7748,0.6789,0.6668,0.6002,0.7941,0.7748,0.6762,0.6662,0.6002,2.01678411084341e-06,0.0008483797297164,0.0003856280708316,0.0004627516588848,277.7,75,5,277.7,r-cumulative_sl24_st12_sp336,,,,,,,,,,
yahoo-a4,vlstm,experts,24,12,336,B3,,,,,,,,-0.0042563176187195,-0.0025765239365586,0.0042563176187195,0.7047886612211705,0.7002717719165863,0.7957798157324361,5,10,10,0.7958,0.7775,0.685,0.6672,0.5985,0.7922,0.7752,0.6747,0.6608,0.5985,0.0001949834229595,0.0002945698204323,0.0001338957169571,0.0001606741034751,96.4,53,5,96.4,r-experts_sl24_st12_sp336,,,,,,,,,,
yahoo-a4,vlstm,random-buffer,24,12,336,B3,50.0,,,0.5,,,,-0.0006614621818322,-0.0027919281168576,0.0006614621818322,0.703285968589915,0.7017340080511532,0.7957798157324361,5,10,10,0.7958,0.7705,0.6793,0.6738,0.5971,0.7929,0.7764,0.6748,0.6676,0.5971,0.000218171565781,0.0003296011423952,0.0001498190966997,0.0001797820456954,107.9,36,5,107.9,r-random-buffer_sl24_st12_sp336_bu50_re0.5,,,,,,,,,,
yahoo-a4,vlstm,reservoir,24,12,336,B3,50.0,,,0.5,,,,0.0010667303138862,-0.002515167949647,-0.0010667303138862,0.703146143394619,0.7036540425769047,0.7983148786618955,5,10,10,0.7958,0.7724,0.6795,0.6702,0.5979,0.7969,0.7756,0.6782,0.6697,0.5979,0.0002497453058785,0.0003773009458436,0.0001715008850112,0.0002058000608324,123.5,44,5,123.5,r-reservoir_sl24_st12_sp336_bu50_re0.5,,,,,,,,,,
yahoo-a4,vlstm,ewc,24,12,336,B3,,,,,1000.0,,,-0.0032976080227223,-0.0020207093714716,0.0032976080227223,0.7054788930095042,0.7015931999799456,0.7957798157324361,5,10,10,0.7958,0.7786,0.6835,0.6713,0.5982,0.7939,0.7773,0.6733,0.6653,0.5982,0.0001846572418077,0.0002789696156484,0.0001268047356499,0.0001521648799985,91.3,39,5,91.3,r-ewc_sl24_st12_sp336_la1000.0,,,,,,,,,,
yahoo-a4,vlstm,lwf,24,12,336,B3,,,,,,1.0,2.0,-0.0023305067356866,-0.0020977471843333,0.0023305067356866,0.7040911160999034,0.7017633722261871,0.7957798157324361,5,10,10,0.7958,0.7757,0.6812,0.6699,0.5978,0.7938,0.7767,0.6757,0.6648,0.5978,0.0001922870425972,0.000290496282964,0.0001320441285885,0.0001584521543754,95.1,44,5,95.1,r-lwf_sl24_st12_sp336_al1.0_te2.0,,,,,,,,,,
yahoo-a4,vlstm,naive,12,12,168,B5,,,,,,,,-0.0021785172079643,0.0132143258674728,0.0021785172079643,0.7270720124522346,0.7304048336346677,0.8418811715481171,10,45,45,0.8419,0.7417,0.7925,0.7798,0.7959,0.8276,0.7545,0.811,0.785,0.8009,0.0001549430165423,0.0002340790610164,0.0001063998553235,0.0001276792056928,76.6,65,10,76.6,r-naive_sl12_st12_sp168,0.5989,0.814,0.6997,0.6612,0.5452,0.5962,0.8218,0.6966,0.6653,0.5452
yahoo-a4,vlstm,cumulative,12,12,168,B5,,,,,,,,-0.0047830366525758,0.010576354454113,0.0047830366525758,0.7255917337034898,0.7269192317489697,0.8418811715481171,10,45,45,0.8419,0.7402,0.8122,0.7863,0.802,0.8316,0.7439,0.806,0.7901,0.8052,1.5897155767167237e-06,0.0006687292229494,0.0003039685651032,0.0003647606578461,218.9,97,10,218.9,r-cumulative_sl12_st12_sp168,0.5984,0.8205,0.6942,0.638,0.5222,0.5988,0.8232,0.6929,0.6552,0.5222
yahoo-a4,vlstm,experts,12,12,168,B5,,,,,,,,-0.0046677411457365,0.0135033999418176,0.0046677411457365,0.7266125908172845,0.72921998242493,0.8418811715481171,10,45,45,0.8419,0.7358,0.8001,0.7798,0.797,0.8281,0.7468,0.8111,0.7842,0.8014,0.0001764510895446,0.0002665722294405,0.0001211694850676,0.0001454027443728,87.2,101,10,87.3,r-experts_sl12_st12_sp168,0.5975,0.8186,0.696,0.6568,0.5427,0.5943,0.826,0.695,0.6626,0.5427
yahoo-a4,vlstm,random-buffer,12,12,168,B5,50.0,,,0.5,,,,-0.0040265988401522,0.0108593391791634,0.0040265988401522,0.7263082252219902,0.7310527168705068,0.8418811715481171,10,45,45,0.8419,0.7394,0.7992,0.7803,0.7939,0.8295,0.7552,0.809,0.787,0.8005,0.0002012572168965,0.0003040479100331,0.0001382039102421,0.0001658439997909,99.5,76,10,99.5,r-random-buffer_sl12_st12_sp168_bu50_re0.5,0.5965,0.8109,0.698,0.657,0.5461,0.5974,0.8217,0.7003,0.6638,0.5461
yahoo-a4,vlstm,reservoir,12,12,168,B5,50.0,,,0.5,,,,-0.0032595294214766,0.0129906483894193,0.0032595294214766,0.7281115321849194,0.7273096928225622,0.8418811715481171,10,45,45,0.8419,0.7458,0.8067,0.7915,0.8011,0.8338,0.7429,0.8061,0.788,0.8033,0.0002213222018523,0.0003343609434473,0.0001519826240727,0.0001823783193745,109.4,93,10,109.4,r-reservoir_sl12_st12_sp168_bu50_re0.5,0.5933,0.8248,0.6908,0.6561,0.5292,0.5941,0.8262,0.6915,0.658,0.5292
yahoo-a4,vlstm,ewc,12,12,168,B5,,,,,1000.0,,,-0.0027041231767958,0.0130387320947622,0.0027041231767958,0.7267019503129557,0.7296177129194501,0.8418811715481171,10,45,45,0.8419,0.7421,0.7929,0.78,0.7958,0.8254,0.753,0.8096,0.7849,0.8012,5.961639533652255e-07,0.0002507821292836,0.0001139921574103,0.0001367899718733,82.1,65,10,82.1,r-ewc_sl12_st12_sp168_la1000.0,0.5988,0.8142,0.6988,0.66,0.5425,0.5972,0.8206,0.6986,0.6633,0.5425
yahoo-a4,vlstm,lwf,12,12,168,B5,,,,,,1.0,2.0,-0.0025217269360631,0.0124986995202177,0.0025217269360631,0.727118628220982,0.7296967736539358,0.8418811715481171,10,45,45,0.8419,0.7396,0.7992,0.7827,0.796,0.8287,0.7512,0.8102,0.787,0.8033,0.000172803129273,0.0002610610993872,0.000118664421817,0.0001423966775702,85.4,80,10,85.5,r-lwf_sl12_st12_sp168_al1.0_te2.0,0.5987,0.8176,0.6973,0.6593,0.5391,0.5936,0.8224,0.6987,0.6628,0.5391
yahoo-a4,vtcn,naive,12,12,336,B1,,,,,,,,0.0008383141796443,-0.0041392089282723,-0.0008383141796443,0.7067493020446962,0.707829402403998,0.8002724762153897,5,10,10,0.7917,0.7944,0.6527,0.6898,0.6052,0.8003,0.7906,0.6575,0.6856,0.6052,4.284809929956917e-05,6.473246148295907e-05,2.94239498843025e-05,3.5308511598656574e-05,21.2,56,5,21.2,r-naive_sl12_st12_sp336,,,,,,,,,,
yahoo-a4,vtcn,cumulative,12,12,336,B1,,,,,,,,0.0033920072739532,-0.0014512574566105,-0.0033920072739532,0.7069769376884819,0.7063832641853214,0.8031359343809856,5,10,10,0.7917,0.797,0.6487,0.6876,0.6099,0.799,0.7941,0.6465,0.6824,0.6099,8.617374137928202e-05,0.0001301863673269,5.9175774131694595e-05,7.101059319529062e-05,42.6,60,5,42.6,r-cumulative_sl12_st12_sp336,,,,,,,,,,
yahoo-a4,vtcn,experts,12,12,336,B1,,,,,,,,-0.0041327747738619,-0.0010043058403569,0.0041327747738619,0.710205978723951,0.7052188017757575,0.7988279172428465,5,10,10,0.7917,0.7988,0.6571,0.6956,0.6079,0.7868,0.7944,0.6509,0.6862,0.6079,1.6946401858780248e-07,7.128667739556275e-05,3.240315225622099e-05,3.888352513934175e-05,23.3,70,5,23.3,r-experts_sl12_st12_sp336,,,,,,,,,,
yahoo-a4,vtcn,random-buffer,12,12,336,B1,50.0,,,0.5,,,,0.0008811785075644,-0.0018025565640072,-0.0008811785075644,0.7110022692703425,0.7128690758706496,0.8071980374428251,5,10,10,0.7917,0.7929,0.6495,0.6933,0.6276,0.796,0.8072,0.6365,0.6971,0.6276,6.027519572865986e-05,9.106032355378072e-05,4.139116695538784e-05,4.966915659839287e-05,29.8,60,5,29.8,r-random-buffer_sl12_st12_sp336_bu50_re0.5,,,,,,,,,,
yahoo-a4,vtcn,random-buffer,12,12,336,B1,100.0,,,0.5,,,,0.000416645693407,-8.328072147979481e-05,-0.000416645693407,0.7109013936354824,0.7102449964560825,0.8054711599829805,5,10,10,0.7917,0.7935,0.6495,0.6927,0.6272,0.7957,0.8055,0.6346,0.6883,0.6272,2.1079459903201565e-07,8.867278554554407e-05,4.030591811363896e-05,4.836686743190512e-05,29.0,58,5,29.0,r-random-buffer_sl12_st12_sp336_bu100_re0.5,,,,,,,,,,
yahoo-a4,vtcn,random-buffer,12,12,336,B1,250.0,,,0.5,,,,0.0015782947169209,-0.0012734130327254,-0.0015782947169209,0.709332731896673,0.7084101236585612,0.8026223938942665,5,10,10,0.7917,0.8026,0.6481,0.6896,0.6146,0.7978,0.7959,0.6463,0.6874,0.6146,5.2447170924183466e-05,7.923419071645994e-05,3.601564467470679e-05,4.3218546041753146e-05,25.9,47,5,25.9,r-random-buffer_sl12_st12_sp336_bu250_re0.5,,,,,,,,,,
yahoo-a4,vtcn,random-buffer,12,12,336,B1,500.0,,,0.5,,,,0.003078548464133,-0.0041111922876602,-0.003078548464133,0.7069858969387626,0.7091902639599543,0.8014452475548244,5,10,10,0.7917,0.7924,0.6538,0.6853,0.6117,0.8014,0.7962,0.6526,0.684,0.6117,5.401114890021047e-05,8.15969593280978e-05,3.708964085607376e-05,4.450731847202406e-05,26.7,51,5,26.7,r-random-buffer_sl12_st12_sp336_bu500_re0.5,,,,,,,,,,
yahoo-a4,vtcn,random-buffer,12,12,336,B1,1000.0,,,0.5,,,,0.0029194857601746,-0.0034650957108607,-0.0029194857601746,0.7090387697923176,0.7102368828391861,0.8009712232110409,5,10,10,0.7917,0.7958,0.6591,0.6883,0.6104,0.801,0.7984,0.6557,0.6857,0.6104,1.8184685544864008e-07,7.649563740900097e-05,3.47708591434639e-05,4.172477826553707e-05,25.0,46,5,25.0,r-random-buffer_sl12_st12_sp336_bu1000_re0.5,,,,,,,,,,
yahoo-a4,vtcn,random-buffer,12,12,336,B1,50.0,,,,,,,0.0008037820342771,-0.0016599837943708,-0.0008037820342771,0.7106947002765562,0.7109379169920947,0.8013608924582492,5,10,10,0.7917,0.7957,0.658,0.6894,0.6187,0.8002,0.8014,0.6487,0.6857,0.6187,4.162676465144714e-05,6.288733884368817e-05,2.8585259260014737e-05,3.430207958367343e-05,20.6,52,5,20.6,r-random-buffer_sl12_st12_sp336_bu50,,,,,,,,,,
yahoo-a4,vtcn,random-buffer,12,12,336,B1,50.0,,,0.3,,,,-0.0022750087347722,-0.002798548826217,0.0022750087347722,0.709699565544374,0.7062702368235854,0.8042911492632432,5,10,10,0.7917,0.8007,0.6516,0.6926,0.6119,0.7961,0.7951,0.6414,0.6868,0.6119,1.7282273756773597e-07,7.269955499860872e-05,3.304537326394994e-05,3.965418173465878e-05,23.8,54,5,23.8,r-random-buffer_sl12_st12_sp336_bu50_re0.3,,,,,,,,,,
yahoo-a4,vtcn,reservoir,12,12,336,B1,50.0,,,0.5,,,,0.0021141986973755,-0.0014475396194763,-0.0021141986973755,0.7080298011129637,0.7090353999680541,0.8014698265948725,5,10,10,0.7917,0.7973,0.6507,0.6848,0.6156,0.7994,0.7974,0.6492,0.6836,0.6156,1.869971585112839e-07,7.866216217322896e-05,3.575563703586037e-05,4.290652513736859e-05,25.7,49,5,25.8,r-reservoir_sl12_st12_sp336_bu50_re0.5,,,,,,,,,,
yahoo-a4,vtcn,reservoir,12,12,336,B1,100.0,,,0.5,,,,-0.0005100001471314,-0.0050541867448387,0.0005100001471314,0.7066259062153134,0.7076927250734235,0.7990171895272222,5,10,10,0.7917,0.794,0.65,0.6885,0.6089,0.799,0.7969,0.6488,0.6849,0.6089,2.112872634470633e-07,8.888002959364611e-05,4.040012320555332e-05,4.847990638809278e-05,29.1,59,5,29.1,r-reservoir_sl12_st12_sp336_bu100_re0.5,,,,,,,,,,
yahoo-a4,vtcn,reservoir,12,12,336,B1,250.0,,,0.5,,,,0.0027972440193789,-0.0018178336793847,-0.0027972440193789,0.7078307495013245,0.7085401053615177,0.8008342828450591,5,10,10,0.7917,0.795,0.6595,0.6881,0.6049,0.7979,0.7988,0.6525,0.6886,0.6049,1.7428707847570185e-07,7.331554415532285e-05,3.3325363599902225e-05,3.999018055542062e-05,24.0,43,5,24.0,r-reservoir_sl12_st12_sp336_bu250_re0.5,,,,,,,,,,
yahoo-a4,vtcn,reservoir,12,12,336,B1,500.0,,,0.5,,,,0.0023039022901553,-0.0014486793351339,-0.0023039022901553,0.7087875916417964,0.709091990658383,0.8027532036145234,5,10,10,0.7917,0.7986,0.659,0.6877,0.6069,0.8007,0.7975,0.6528,0.6876,0.6069,1.905474303663821e-07,8.015561834469231e-05,3.643448674766761e-05,4.37211315970247e-05,26.2,50,5,26.2,r-reservoir_sl12_st12_sp336_bu500_re0.5,,,,,,,,,,
yahoo-a4,vtcn,reservoir,12,12,336,B1,1000.0,,,0.5,,,,0.0013911214798142,-0.0017649032967738,-0.0013911214798142,0.7096189453268981,0.7093295557405648,0.803629600574407,5,10,10,0.7917,0.8036,0.6578,0.685,0.6099,0.8026,0.7995,0.6517,0.683,0.6099,2.0859944697333073e-07,8.774937361452935e-05,3.988619722400068e-05,4.786317639052868e-05,28.7,56,5,28.7,r-reservoir_sl12_st12_sp336_bu1000_re0.5,,,,,,,,,,
yahoo-a4,vtcn,reservoir,12,12,336,B1,50.0,,,,,,,1.0037559361530946e-05,-0.0017077046012465,-1.0037559361530946e-05,0.7094573279347746,0.7087303243382131,0.8015523419436051,5,10,10,0.7917,0.7968,0.6525,0.6907,0.6156,0.8016,0.7973,0.6447,0.6845,0.6156,4.276403740162002e-05,6.460546556808468e-05,2.9366225290060455e-05,3.523924027802422e-05,21.1,55,5,21.2,r-reservoir_sl12_st12_sp336_bu50,,,,,,,,,,
yahoo-a4,vtcn,reservoir,12,12,336,B1,50.0,,,0.3,,,,-0.0013025196010662,-0.0001248159370423,0.0013025196010662,0.7113276384407632,0.7068542423607004,0.8033237820444633,5,10,10,0.7917,0.8033,0.6573,0.6891,0.6151,0.7982,0.7946,0.6434,0.6829,0.6151,4.7154377692586505e-05,7.123814095924091e-05,3.238107644590653e-05,3.885706451333438e-05,23.3,52,5,23.3,r-reservoir_sl12_st12_sp336_bu50_re0.3,,,,,,,,,,
yahoo-a4,vtcn,ewc,12,12,336,B1,,,,,1000.0,,,0.0003677717066261,-0.0029154144767038,-0.0003677717066261,0.7074690512406445,0.7079931495956024,0.798879441016913,5,10,10,0.7917,0.7989,0.6543,0.6884,0.6041,0.7977,0.794,0.6555,0.6887,0.6041,1.735504594401116e-07,7.300567823811434e-05,3.318451226805337e-05,3.9821165970060975e-05,23.9,54,5,23.9,r-ewc_sl12_st12_sp336_la1000.0,,,,,,,,,,
yahoo-a4,vtcn,ewc,12,12,336,B1,,,,,100.0,,,0.0020306455599442,-0.0042200676548164,-0.0020306455599442,0.7061164994813206,0.7078391681917666,0.8002619423410834,5,10,10,0.7917,0.8002,0.6447,0.6879,0.606,0.8003,0.7919,0.655,0.6861,0.606,1.8244610345828436e-07,7.674771687636773e-05,3.488543298638736e-05,4.186228388998037e-05,25.1,59,5,25.1,r-ewc_sl12_st12_sp336_la100,,,,,,,,,,
yahoo-a4,vtcn,ewc,12,12,336,B1,,,,,500.0,,,-0.0001907143681295,-0.0027112242533925,0.0001907143681295,0.7082988188971726,0.7075516880527069,0.7994192323965793,5,10,10,0.7917,0.7993,0.6538,0.6879,0.6088,0.7994,0.7921,0.6536,0.6838,0.6088,4.613315133401374e-05,6.969533049617894e-05,3.1679800635902214e-05,3.801552986027673e-05,22.8,50,5,22.8,r-ewc_sl12_st12_sp336_la500,,,,,,,,,,
yahoo-a4,vtcn,ewc,12,12,336,B1,,,,,5000.0,,,0.0001977448137752,-0.0049140097678476,-0.0001977448137752,0.7071091227558713,0.7073798622305711,0.7976594910115946,5,10,10,0.7917,0.7977,0.6569,0.6871,0.6022,0.7941,0.7932,0.6612,0.6863,0.6022,1.6262535719490814e-07,6.840992838066693e-05,3.109553206013516e-05,3.731439632053176e-05,22.4,49,5,22.4,r-ewc_sl12_st12_sp336_la5000,,,,,,,,,,
yahoo-a4,vtcn,ewc,12,12,336,B1,,,,,10000.0,,,-1.7072190737876802e-05,-0.002339799769309,1.7072190737876802e-05,0.7085946923711847,0.7088037035181965,0.7993630996702479,5,10,10,0.7917,0.7994,0.6545,0.6876,0.6098,0.7969,0.7944,0.6564,0.6865,0.6098,4.251455851169763e-05,6.422856710825323e-05,2.9194903704855176e-05,3.5033663403398054e-05,21.0,41,5,21.0,r-ewc_sl12_st12_sp336_la10000,,,,,,,,,,
yahoo-a4,vtcn,lwf,12,12,336,B1,,,,,,1.0,2.0,-0.0017802849707886,-0.0011853759779786,0.0017802849707886,0.7100915746178396,0.707808147008093,0.7993103823620809,5,10,10,0.7917,0.797,0.6503,0.6923,0.6192,0.7993,0.7937,0.6475,0.6794,0.6192,4.438041206833384e-05,6.704739210777917e-05,3.047623599607808e-05,3.657115611170108e-05,21.9,52,5,22.0,r-lwf_sl12_st12_sp336_al1.0_te2.0,,,,,,,,,,
yahoo-a4,vtcn,lwf,12,12,336,B1,,,,,,0.1,2.0,-0.0035930842945219,-0.0005939459094037,0.0035930842945219,0.7117057765080707,0.7082967895282404,0.7994545128177853,5,10,10,0.7917,0.7995,0.6529,0.693,0.6215,0.7976,0.7945,0.6488,0.6791,0.6215,4.414601798113984e-05,6.669328290645757e-05,3.0315236169715515e-05,3.637804673674206e-05,21.8,53,5,21.8,r-lwf_sl12_st12_sp336_al0.1_te2.0,,,,,,,,,,
yahoo-a4,vtcn,lwf,12,12,336,B1,,,,,,0.5,2.0,-0.0015133147878364,-0.0011579718138238,0.0015133147878364,0.7106309670123305,0.7080033982957554,0.8002090867992766,5,10,10,0.7917,0.7983,0.6521,0.6925,0.6186,0.7983,0.7939,0.6485,0.6808,0.6186,4.5972309291225294e-05,6.945233952318733e-05,3.156936521861806e-05,3.788297430456926e-05,22.7,56,5,22.7,r-lwf_sl12_st12_sp336_al0.5_te2.0,,,,,,,,,,
yahoo-a4,vtcn,lwf,12,12,336,B1,,,,,,2.0,2.0,-0.0006406085219682,-0.001830365077078,0.0006406085219682,0.7090284036988246,0.7073356522823964,0.799898523677516,5,10,10,0.7917,0.7961,0.6495,0.692,0.6158,0.7992,0.7933,0.6472,0.6812,0.6158,1.5749627201077802e-07,6.625232912211989e-05,3.011481516296044e-05,3.6137513959159455e-05,21.7,52,5,21.7,r-lwf_sl12_st12_sp336_al2.0_te2.0,,,,,,,,,,
yahoo-a4,vtcn,lwf,12,12,336,B1,,,,,,1.0,1.0,-3.196824434402723e-05,-0.001952453771853,3.196824434402723e-05,0.7085309055007553,0.7077307950397536,0.7990066556529158,5,10,10,0.7917,0.7977,0.651,0.6898,0.6124,0.799,0.7945,0.6487,0.6841,0.6124,4.413775284637517e-05,6.668079641285456e-05,3.0309565856845844e-05,3.6371230556008714e-05,21.8,52,5,21.8,r-lwf_sl12_st12_sp336_al1.0_te1.0,,,,,,,,,,
yahoo-a4,vtcn,lwf,12,12,336,B1,,,,,,1.0,5.0,-0.0035406755551896,-0.0006688746505058,0.0035406755551896,0.7116382812595112,0.7082353669089889,0.7993414929262844,5,10,10,0.7917,0.7993,0.653,0.693,0.6212,0.7977,0.7945,0.6486,0.6791,0.6212,4.410371071221619e-05,6.66293675006212e-05,3.028618784737773e-05,3.6343179653243475e-05,21.8,53,5,21.8,r-lwf_sl12_st12_sp336_al1.0_te5.0,,,,,,,,,,
yahoo-a4,vtcn,naive,6,6,336,B2,,,,,,,,-0.0059649368962197,-0.0014591766213016,0.0059649368962197,0.703301590827361,0.6996323690209898,0.785330471413657,5,10,10,0.7812,0.7836,0.6559,0.6803,0.6155,0.7693,0.7834,0.6509,0.679,0.6155,4.715682848203132e-05,7.12418434719762e-05,3.2382765277806256e-05,3.885907819416995e-05,23.3,33,5,23.3,r-naive_sl6_st6_sp336,,,,,,,,,,
yahoo-a4,vtcn,cumulative,6,6,336,B2,,,,,,,,-0.0049641164157268,-0.0016135634492524,0.0049641164157268,0.7022445481706667,0.6986061074158222,0.7864164677194442,5,10,10,0.7812,0.7864,0.6428,0.6832,0.6176,0.7735,0.7858,0.6403,0.6759,0.6176,4.984937150479474e-07,0.000209696199491,9.531670706023255e-05,0.0001143794924307,68.6,54,5,68.6,r-cumulative_sl6_st6_sp336,,,,,,,,,,
yahoo-a4,vtcn,experts,6,6,336,B2,,,,,,,,-0.0050720588079829,-0.0007734444143647,0.0050720588079829,0.7050748551820126,0.7029940428548648,0.7906764935643311,5,10,10,0.7812,0.786,0.6484,0.6853,0.6245,0.7746,0.7907,0.6453,0.68,0.6245,5.808279900505394e-05,8.774817578559225e-05,3.988565023044228e-05,4.786252555514996e-05,28.7,50,5,28.7,r-experts_sl6_st6_sp336,,,,,,,,,,
yahoo-a4,vtcn,random-buffer,6,6,336,B2,50.0,,,0.5,,,,0.0053460088777774,-0.0025349454809401,-0.0053460088777774,0.7022392650162426,0.7182547557856387,0.8105073336691708,5,10,10,0.7812,0.7867,0.6477,0.6824,0.6132,0.7907,0.8105,0.6837,0.6932,0.6132,8.43094198214972e-05,0.0001273698567838,5.789554525464256e-05,6.947431152919307e-05,41.7,48,5,41.7,r-random-buffer_sl6_st6_sp336_bu50_re0.5,,,,,,,,,,
yahoo-a4,vtcn,reservoir,6,6,336,B2,50.0,,,0.5,,,,-0.0011058656845826,-0.0014170485461972,0.0011058656845826,0.6999239612783337,0.6990763360335372,0.7862722766132977,5,10,10,0.7812,0.7863,0.637,0.6777,0.6175,0.7744,0.7858,0.6415,0.6762,0.6175,7.326617108839853e-05,0.0001106863472478,5.0312182524551946e-05,6.037416472332552e-05,36.2,39,5,36.2,r-reservoir_sl6_st6_sp336_bu50_re0.5,,,,,,,,,,
yahoo-a4,vtcn,ewc,6,6,336,B2,,,,,1000.0,,,-0.0045864645881726,-0.0010821635333029,0.0045864645881726,0.7026170685015994,0.7011921867293369,0.7869622036781508,5,10,10,0.7812,0.7853,0.6509,0.684,0.6117,0.7681,0.787,0.6551,0.6841,0.6117,6.747250168547157e-05,0.0001019336023746,4.633360480333472e-05,5.559999757135908e-05,33.4,45,5,33.4,r-ewc_sl6_st6_sp336_la1000.0,,,,,,,,,,
yahoo-a4,vtcn,lwf,6,6,336,B2,,,,,,1.0,2.0,-0.0061956908542328,-0.0010676384163944,0.0061956908542328,0.7027819465226685,0.6991287287385781,0.7861682399924073,5,10,10,0.7812,0.7862,0.6536,0.6802,0.6128,0.7705,0.7855,0.6478,0.6791,0.6128,1.8052849937588333e-07,7.594105818425304e-05,3.4518774364066e-05,4.142228382018705e-05,24.9,32,5,24.9,r-lwf_sl6_st6_sp336_al1.0_te2.0,,,,,,,,,,
yahoo-a4,vtcn,naive,8,8,336,B2,,,,,,,,-0.0041237116082151,0.0041826617706485,0.0041237116082151,0.7038603506650286,0.7015613234289353,0.7898367583692409,5,10,10,0.7831,0.7885,0.6434,0.688,0.6162,0.7741,0.7898,0.6379,0.6898,0.6162,5.036579716626192e-05,7.608977010460674e-05,3.458636684097453e-05,4.1503403263632216e-05,24.9,52,5,24.9,r-naive_sl8_st8_sp336,,,,,,,,,,
yahoo-a4,vtcn,cumulative,8,8,336,B2,,,,,,,,-0.0056878689239523,0.0048646466015947,0.0056878689239523,0.7032364806159334,0.7003127315088807,0.7894155341951166,5,10,10,0.7831,0.7894,0.6434,0.6833,0.617,0.7777,0.7868,0.6376,0.6825,0.617,0.0001055049164567,0.0001593908026829,7.245056643538799e-05,8.694023624761029e-05,52.2,57,5,52.2,r-cumulative_sl8_st8_sp336,,,,,,,,,,
yahoo-a4,vtcn,experts,8,8,336,B2,,,,,,,,-0.00149522009849,0.0036189432538208,0.00149522009849,0.7038288099696705,0.7015323795543219,0.7914664125510993,5,10,10,0.7831,0.7857,0.6396,0.6886,0.6222,0.7741,0.7862,0.6383,0.6868,0.6222,1.9492009520383377e-07,8.199502207312939e-05,3.727057262763588e-05,4.472444944549352e-05,26.8,60,5,26.8,r-experts_sl8_st8_sp336,,,,,,,,,,
yahoo-a4,vtcn,random-buffer,8,8,336,B2,50.0,,,0.5,,,,0.0014503207857791,0.0051147908448517,-0.0014503207857791,0.7070059175230801,0.715924391463725,0.8025649790078445,5,10,10,0.7831,0.7876,0.6419,0.691,0.6315,0.7937,0.8026,0.6566,0.6951,0.6315,7.049983658721573e-05,0.0001065071270613,4.841247997699409e-05,5.809464708436281e-05,34.9,51,5,34.9,r-random-buffer_sl8_st8_sp336_bu50_re0.5,,,,,,,,,,
yahoo-a4,vtcn,reservoir,8,8,336,B2,50.0,,,0.5,,,,0.0008821405695327,0.0036875426664283,-0.0008821405695327,0.7003232849008003,0.7020365116319911,0.7891997431223069,5,10,10,0.7831,0.7877,0.6311,0.6866,0.6131,0.777,0.7885,0.6433,0.6882,0.6131,2.501465657178587e-07,0.0001052265706935,4.783041458318217e-05,5.7396156110335146e-05,34.4,51,5,34.4,r-reservoir_sl8_st8_sp336_bu50_re0.5,,,,,,,,,,
yahoo-a4,vtcn,ewc,8,8,336,B2,,,,,1000.0,,,-0.0058880619903915,0.008437877616158,0.0058880619903915,0.7064818382722552,0.7046030436275823,0.7900093912274886,5,10,10,0.7831,0.7865,0.644,0.6935,0.6253,0.7687,0.7894,0.6444,0.6952,0.6253,5.765818623363309e-05,8.710669505901428e-05,3.9594064294619285e-05,4.7512630764394995e-05,28.5,48,5,28.5,r-ewc_sl8_st8_sp336_la1000.0,,,,,,,,,,
yahoo-a4,vtcn,lwf,8,8,336,B2,,,,,,1.0,2.0,-0.0033825465062312,0.0037259742279138,0.0033825465062312,0.7030831407723197,0.7005943077926113,0.7897279996685449,5,10,10,0.7831,0.787,0.644,0.6881,0.6132,0.7762,0.7887,0.6387,0.6861,0.6132,4.772307091236025e-05,7.20972901991465e-05,3.27716160306914e-05,3.9325674168455105e-05,23.6,41,5,23.6,r-lwf_sl8_st8_sp336_al1.0_te2.0,,,,,,,,,,
yahoo-a4,vtcn,naive,10,10,336,B2,,,,,,,,-0.0041810743735043,3.2988373363929126e-05,0.0041810743735043,0.7047437534144418,0.7025020923156482,0.7908153587686972,5,10,10,0.7855,0.7889,0.6468,0.686,0.6165,0.782,0.7908,0.6411,0.6821,0.6165,4.6734646916622976e-05,7.060403567260234e-05,3.209285150579591e-05,3.851118416680644e-05,23.1,56,5,23.1,r-naive_sl10_st10_sp336,,,,,,,,,,
yahoo-a4,vtcn,cumulative,10,10,336,B2,,,,,,,,-0.0039231045762006,0.0007574830788576,0.0039231045762006,0.7036456653310964,0.7015933606388118,0.7898567905918058,5,10,10,0.7855,0.7899,0.6402,0.6809,0.6218,0.782,0.7879,0.636,0.6804,0.6218,0.0001079884435667,0.0001631427736132,7.415600034744583e-05,8.898677326583615e-05,53.4,74,5,53.4,r-cumulative_sl10_st10_sp336,,,,,,,,,,
yahoo-a4,vtcn,experts,10,10,336,B2,,,,,,,,-0.0012105937411681,0.0011111746498418,0.0012105937411681,0.7026068933448818,0.7024023786667877,0.7880920767396488,5,10,10,0.7855,0.7857,0.6356,0.6802,0.6261,0.7848,0.7878,0.634,0.6792,0.6261,5.084123483068964e-05,7.680803417706759e-05,3.491285237186174e-05,4.189518180520584e-05,25.1,69,5,25.1,r-experts_sl10_st10_sp336,,,,,,,,,,
yahoo-a4,vtcn,random-buffer,10,10,336,B2,50.0,,,0.5,,,,-0.0057022950491776,-0.0001051761784594,0.0057022950491776,0.7060438454709546,0.7017799951696809,0.7888846737481031,5,10,10,0.7855,0.7889,0.6501,0.6872,0.6186,0.7794,0.7869,0.6418,0.6823,0.6186,6.176144398856173e-05,9.330566254923016e-05,4.241181504848e-05,5.0893847500750184e-05,30.5,56,5,30.5,r-random-buffer_sl10_st10_sp336_bu50_re0.5,,,,,,,,,,
yahoo-a4,vtcn,reservoir,10,10,336,B2,50.0,,,0.5,,,,-0.0009864058188908,0.0002602014424859,0.0009864058188908,0.7023763572730529,0.7027562574280993,0.789445249837416,5,10,10,0.7855,0.785,0.6413,0.6849,0.6152,0.7804,0.7891,0.6454,0.6836,0.6152,5.532384571599407e-05,8.3580106712826e-05,3.799106504561173e-05,4.558904166721428e-05,27.4,47,5,27.4,r-reservoir_sl10_st10_sp336_bu50_re0.5,,,,,,,,,,
yahoo-a4,vtcn,ewc,10,10,336,B2,,,,,1000.0,,,-0.0048281297259287,1.6921574846306965e-05,0.0048281297259287,0.7045601229861236,0.7027917716669264,0.7914098065250379,5,10,10,0.7855,0.7881,0.6492,0.6865,0.6136,0.7799,0.7914,0.6448,0.6842,0.6136,5.21578279005785e-05,7.87970677999935e-05,3.581695717487794e-05,4.298011062511554e-05,25.8,53,5,25.8,r-ewc_sl10_st10_sp336_la1000.0,,,,,,,,,,
yahoo-a4,vtcn,lwf,10,10,336,B2,,,,,,1.0,2.0,-0.0027311383742024,0.0003843686627096,0.0027311383742024,0.7038867987389146,0.7020936107863922,0.7889490299154563,5,10,10,0.7855,0.7874,0.6434,0.6845,0.6186,0.7814,0.7882,0.6402,0.682,0.6186,4.51900742224491e-05,6.827058345260513e-05,3.103219143684126e-05,3.723839201576387e-05,22.3,45,5,22.4,r-lwf_sl10_st10_sp336_al1.0_te2.0,,,,,,,,,,
yahoo-a4,vtcn,naive,16,16,336,B2,,,,,,,,-0.0036375645294941,0.0011841653971523,0.0036375645294941,0.7091427684227171,0.7070279314172515,0.8036307173623217,5,10,10,0.8036,0.7746,0.6642,0.682,0.6212,0.7922,0.7746,0.6667,0.6806,0.6212,3.719722333674512e-05,5.6195440784536515e-05,2.5543491549453596e-05,3.065194923508291e-05,18.4,50,5,18.4,r-naive_sl16_st16_sp336,,,,,,,,,,
yahoo-a4,vtcn,cumulative,16,16,336,B2,,,,,,,,-0.0060240149286074,0.0014172735779891,0.0060240149286074,0.7090183604051827,0.7068530925724146,0.8036307173623217,5,10,10,0.8036,0.772,0.6678,0.6783,0.6234,0.7947,0.7742,0.6622,0.6797,0.6234,2.7996409128935026e-07,0.0001177696010303,5.353178894729353e-05,6.423781208305929e-05,38.5,70,5,38.6,r-cumulative_sl16_st16_sp336,,,,,,,,,,
yahoo-a4,vtcn,experts,16,16,336,B2,,,,,,,,-0.004179964248476,0.0004144473888946,0.004179964248476,0.7073990704194619,0.7070550272170772,0.8036307173623217,5,10,10,0.8036,0.7703,0.6607,0.6835,0.6189,0.7864,0.7729,0.673,0.6841,0.6189,4.158093005141534e-05,6.281809454744993e-05,2.8553785936674105e-05,3.426430861077582e-05,20.6,68,5,20.6,r-experts_sl16_st16_sp336,,,,,,,,,,
yahoo-a4,vtcn,random-buffer,16,16,336,B2,50.0,,,0.5,,,,-0.0041259645930437,0.0014996701403987,0.0041259645930437,0.7097422190968067,0.7068978711121586,0.8036307173623217,5,10,10,0.8036,0.773,0.6614,0.6811,0.6296,0.7969,0.7724,0.6604,0.6751,0.6296,4.773082573451031e-05,7.210900574159394e-05,3.277692337999017e-05,3.933208236160378e-05,23.6,53,5,23.6,r-random-buffer_sl16_st16_sp336_bu50_re0.5,,,,,,,,,,
yahoo-a4,vtcn,reservoir,16,16,336,B2,50.0,,,0.5,,,,-0.0042715176651108,0.0013076937095967,0.0042715176651108,0.7100432029714613,0.7065785231026365,0.8036307173623217,5,10,10,0.8036,0.7732,0.6647,0.6799,0.6288,0.7978,0.7726,0.658,0.6756,0.6288,5.219412610711925e-05,7.885190505754306e-05,3.58418823497939e-05,4.301002270774916e-05,25.8,60,5,25.8,r-reservoir_sl16_st16_sp336_bu50_re0.5,,,,,,,,,,
yahoo-a4,vtcn,ewc,16,16,336,B2,,,,,1000.0,,,-0.0027072359641245,0.0012802039356992,0.0027072359641245,0.7092431323099933,0.7086194389542078,0.8036307173623217,5,10,10,0.8036,0.7731,0.6621,0.6823,0.6251,0.7937,0.7743,0.6692,0.6807,0.6251,4.415953995432219e-05,6.671371113133823e-05,3.032451793874821e-05,3.6389193192590025e-05,21.8,58,5,21.8,r-ewc_sl16_st16_sp336_la1000.0,,,,,,,,,,
yahoo-a4,vtcn,lwf,16,16,336,B2,,,,,,1.0,2.0,-0.006289505317955,0.0001717656944953,0.006289505317955,0.7098772988063642,0.7063877430598856,0.8036307173623217,5,10,10,0.8036,0.7727,0.6693,0.6859,0.6178,0.7897,0.7747,0.6672,0.6825,0.6178,3.7226817882097544e-05,5.624015053359067e-05,2.5563806713843305e-05,3.067634381974737e-05,18.4,42,5,18.4,r-lwf_sl16_st16_sp336_al1.0_te2.0,,,,,,,,,,
yahoo-a4,vtcn,naive,24,24,336,B2,,,,,,,,0.0024814727025261,0.008476319731366,-0.0024814727025261,0.7069567324801176,0.7071628351542817,0.7987321846536432,5,10,10,0.7843,0.7804,0.6851,0.6762,0.6088,0.7987,0.7758,0.6864,0.6661,0.6088,3.324541821336801e-05,5.022527928101934e-05,2.2829775809724295e-05,2.739550347129504e-05,16.4,40,5,16.4,r-naive_sl24_st24_sp336,,,,,,,,,,
yahoo-a4,vtcn,cumulative,24,24,336,B2,,,,,,,,0.0042698019225562,0.006891571537521,-0.0042698019225562,0.7061512512579887,0.7088191952279653,0.7926258908560309,5,10,10,0.7843,0.7757,0.6892,0.6715,0.61,0.7926,0.7762,0.6956,0.6697,0.61,6.3203763405776e-05,9.548463635780434e-05,4.340226857780686e-05,5.208236777999749e-05,31.2,69,5,31.3,r-cumulative_sl24_st24_sp336,,,,,,,,,,
yahoo-a4,vtcn,experts,24,24,336,B2,,,,,,,,0.0006678810082659,0.0058756927643425,-0.0006678810082659,0.7048011934127819,0.7051062214866579,0.7960977631547198,5,10,10,0.7843,0.7815,0.6849,0.6768,0.5965,0.7899,0.7756,0.6868,0.6767,0.5965,3.640214720066955e-05,5.499428516279698e-05,2.4997508217994535e-05,2.999677694480245e-05,18.0,60,5,18.0,r-experts_sl24_st24_sp336,,,,,,,,,,
yahoo-a4,vtcn,random-buffer,24,24,336,B2,50.0,,,0.5,,,,0.0016046065239396,0.0083057651094325,-0.0016046065239396,0.7077206182282183,0.7074115314045402,0.7950218517882414,5,10,10,0.7843,0.7844,0.6888,0.6752,0.6059,0.795,0.7819,0.6845,0.6697,0.6059,4.2372858669947754e-05,6.401449507943147e-05,2.909760758112599e-05,3.491688749830549e-05,21.0,54,5,21.0,r-random-buffer_sl24_st24_sp336_bu50_re0.5,,,,,,,,,,
yahoo-a4,vtcn,reservoir,24,24,336,B2,50.0,,,0.5,,,,0.0057286612342159,0.006770566240669,-0.0057286612342159,0.7055898140483852,0.7083510362207981,0.7974078768635056,5,10,10,0.7843,0.7747,0.6928,0.6674,0.6088,0.7974,0.7842,0.6853,0.666,0.6088,4.500339583653464e-05,6.798856040786227e-05,3.0903996239390434e-05,3.708456416847184e-05,22.3,62,5,22.3,r-reservoir_sl24_st24_sp336_bu50_re0.5,,,,,,,,,,
yahoo-a4,vtcn,ewc,24,24,336,B2,,,,,1000.0,,,0.0013113486035684,0.0084158538588757,-0.0013113486035684,0.7071721375937832,0.7057654134079439,0.7970587024622473,5,10,10,0.7843,0.7841,0.6848,0.6778,0.6048,0.7971,0.7767,0.6823,0.668,0.6048,3.595898051152366e-05,5.432477423688397e-05,2.4693191319238395e-05,2.963158291764557e-05,17.8,43,5,17.8,r-ewc_sl24_st24_sp336_la1000.0,,,,,,,,,,
yahoo-a4,vtcn,lwf,24,24,336,B2,,,,,,1.0,2.0,0.0024541702544613,0.008409629781812,-0.0024541702544613,0.7060987374003274,0.7062137666602541,0.7965576513905233,5,10,10,0.7843,0.7783,0.689,0.6723,0.6066,0.7927,0.7782,0.6844,0.6691,0.6066,3.522535262591948e-05,5.3216451122813544e-05,2.418941730284132e-05,2.902703381997223e-05,17.4,46,5,17.4,r-lwf_sl24_st24_sp336_al1.0_te2.0,,,,,,,,,,
yahoo-a4,vtcn,naive,8,4,336,B3,,,,,,,,-0.0040219175445602,-0.0011280763647406,0.0040219175445602,0.7028853008064027,0.7005404496975716,0.7895346508673075,5,10,10,0.7804,0.7895,0.6456,0.6883,0.6106,0.7763,0.789,0.6399,0.6869,0.6106,7.630475081925778e-05,0.0001152768599802,5.2398729979500385e-05,6.287813000070552e-05,37.7,49,5,37.7,r-naive_sl8_st4_sp336,,,,,,,,,,
yahoo-a4,vtcn,cumulative,8,4,336,B3,,,,,,,,-0.0024019453391574,-0.0012686144923836,0.0024019453391574,0.7017502062641237,0.700115631586943,0.7897418102972047,5,10,10,0.7804,0.7883,0.6447,0.6872,0.6082,0.7727,0.7895,0.6423,0.6878,0.6082,0.000256557927441,0.0003875930654499,0.0001761790935758,0.000211413971874,126.8,83,5,126.9,r-cumulative_sl8_st4_sp336,,,,,,,,,,
yahoo-a4,vtcn,experts,8,4,336,B3,,,,,,,,-0.0053278447006518,0.00113667407857,0.0053278447006518,0.7049979943116303,0.7011567023924596,0.7894483344381836,5,10,10,0.7804,0.7894,0.6455,0.6861,0.6236,0.7844,0.7882,0.6288,0.6808,0.6236,9.184256101609272e-05,0.0001387504963033,6.306859901330124e-05,7.568189729005099e-05,45.4,65,5,45.4,r-experts_sl8_st4_sp336,,,,,,,,,,
yahoo-a4,vtcn,random-buffer,8,4,336,B3,50.0,,,0.5,,,,-0.0001744708731109,-0.0002824195681438,0.0001744708731109,0.7023823330996899,0.701217270416637,0.7891600375649099,5,10,10,0.7804,0.7874,0.6332,0.6865,0.6244,0.7846,0.7876,0.6287,0.6808,0.6244,4.2569903159594595e-07,0.0001790744122904,8.139765104149572e-05,9.767676124892508e-05,58.6,55,5,58.6,r-random-buffer_sl8_st4_sp336_bu50_re0.5,,,,,,,,,,
yahoo-a4,vtcn,reservoir,8,4,336,B3,50.0,,,0.5,,,,-0.0020252148544717,-0.0002436140161355,0.0020252148544717,0.7028196888364107,0.6998056876410796,0.7891980167937245,5,10,10,0.7804,0.7876,0.6389,0.688,0.6193,0.779,0.7862,0.632,0.6826,0.6193,0.0001089807342841,0.0001646418697621,7.483740711985675e-05,8.980446264225369e-05,53.9,51,5,53.9,r-reservoir_sl8_st4_sp336_bu50_re0.5,,,,,,,,,,
yahoo-a4,vtcn,ewc,8,4,336,B3,,,,,1000.0,,,-0.0031381716642598,-0.0004903488517656,0.0031381716642598,0.702949773701361,0.7007304212912965,0.7891479532648328,5,10,10,0.7804,0.7891,0.6432,0.6873,0.6148,0.7757,0.7886,0.6378,0.6867,0.6148,3.547741333306345e-07,0.0001492391683012,6.783618072966217e-05,8.140298757158841e-05,48.8,55,5,48.9,r-ewc_sl8_st4_sp336_la1000.0,,,,,,,,,,
yahoo-a4,vtcn,lwf,8,4,336,B3,,,,,,1.0,2.0,-0.0015554655935024,-0.0005836106868569,0.0015554655935024,0.7020178065429411,0.7007703098888148,0.7895398298530549,5,10,10,0.7804,0.7886,0.6402,0.6874,0.6134,0.7773,0.7891,0.638,0.686,0.6134,2.747092590400439e-07,0.0001155591050534,5.252702054244259e-05,6.30320845109721e-05,37.8,44,5,37.8,r-lwf_sl8_st4_sp336_al1.0_te2.0,,,,,,,,,,
yahoo-a4,vtcn,naive,12,6,336,B3,,,,,,,,-0.0050530880397935,0.0013416407799729,0.0050530880397935,0.7078688046300374,0.7044478524775718,0.7946087631300354,5,10,10,0.7946,0.7881,0.6509,0.686,0.6197,0.79,0.7876,0.6417,0.6833,0.6197,2.04559782834114e-07,8.605004984846649e-05,3.911376915445241e-05,4.6936280694014086e-05,28.2,46,5,28.2,r-naive_sl12_st6_sp336,,,,,,,,,,
yahoo-a4,vtcn,cumulative,12,6,336,B3,,,,,,,,-0.0017817756454695,0.0007428336442551,0.0017817756454695,0.7056479153166821,0.7042561032918011,0.7946087631300354,5,10,10,0.7946,0.7877,0.6391,0.6883,0.6185,0.7892,0.7885,0.6415,0.6835,0.6185,5.097548057945296e-07,0.0002144332861591,9.746993067221612e-05,0.0001169633554869,70.2,67,5,70.2,r-cumulative_sl12_st6_sp336,,,,,,,,,,
yahoo-a4,vtcn,experts,12,6,336,B3,,,,,,,,-0.006296100255554,0.0009559105880053,0.006296100255554,0.707464451282854,0.7029896727641155,0.7946087631300354,5,10,10,0.7946,0.7884,0.6495,0.6816,0.6232,0.7895,0.7829,0.6392,0.6801,0.6232,6.454956588323549e-05,9.751779788561788e-05,4.432643628679216e-05,5.319136159882571e-05,31.9,58,5,31.9,r-experts_sl12_st6_sp336,,,,,,,,,,
yahoo-a4,vtcn,random-buffer,12,6,336,B3,50.0,,,0.5,,,,-0.0029383058809223,-2.550431595864655e-05,0.0029383058809223,0.706429963450689,0.7041543900811968,0.7946087631300354,5,10,10,0.7946,0.7873,0.6463,0.6875,0.6164,0.7874,0.7883,0.6442,0.6844,0.6164,8.718839563081578e-05,0.000131719249026,5.9872532289915e-05,7.18467167361329e-05,43.1,56,5,43.1,r-random-buffer_sl12_st6_sp336_bu50_re0.5,,,,,,,,,,
yahoo-a4,vtcn,reservoir,12,6,336,B3,50.0,,,0.5,,,,-0.0026483715908934,0.0011174308708295,0.0026483715908934,0.7070718518881056,0.704430293683564,0.7946087631300354,5,10,10,0.7946,0.7905,0.6432,0.6855,0.6216,0.7916,0.7888,0.6378,0.6823,0.6216,8.109399555055393e-05,0.0001225121774194,5.5687504224867253e-05,6.682467319459344e-05,40.1,52,5,40.1,r-reservoir_sl12_st6_sp336_bu50_re0.5,,,,,,,,,,
yahoo-a4,vtcn,ewc,12,6,336,B3,,,,,1000.0,,,-0.0034382683904703,0.0006119172594985,0.0034382683904703,0.7062244289469,0.7040699355316269,0.7946087631300354,5,10,10,0.7946,0.7879,0.6464,0.6859,0.6163,0.7874,0.7884,0.6431,0.6852,0.6163,2.657305967927889e-07,0.0001117821439946,5.081021302159772e-05,6.0971930973076566e-05,36.6,56,5,36.6,r-ewc_sl12_st6_sp336_la1000.0,,,,,,,,,,
yahoo-a4,vtcn,lwf,12,6,336,B3,,,,,,1.0,2.0,-0.0024092125952675,0.0002305625313732,0.0024092125952675,0.7058050163551315,0.704485921927246,0.7946087631300354,5,10,10,0.7946,0.7876,0.6445,0.6863,0.616,0.7873,0.7883,0.6454,0.6855,0.616,2.1972422625768885e-07,9.242911954850164e-05,4.201339357661911e-05,5.041572597188254e-05,30.2,46,5,30.3,r-lwf_sl12_st6_sp336_al1.0_te2.0,,,,,,,,,,
yahoo-a4,vtcn,naive,24,12,336,B3,,,,,,,,-0.0024702198651552,0.002993792703553,0.0024702198651552,0.7041993551135354,0.7021173142477865,0.7948486839957475,5,10,10,0.7941,0.7777,0.6841,0.6672,0.5979,0.7948,0.7771,0.6755,0.6652,0.5979,4.2169904934670305e-05,6.37078841663121e-05,2.89582423613562e-05,3.4749641804955904e-05,20.8,49,5,20.9,r-naive_sl24_st12_sp336,,,,,,,,,,
yahoo-a4,vtcn,cumulative,24,12,336,B3,,,,,,,,-0.0006550374189908,0.0029726961753751,0.0006550374189908,0.7035554371413684,0.7043521718876503,0.7958408502822494,5,10,10,0.7941,0.7749,0.6836,0.6641,0.6011,0.7958,0.7747,0.6824,0.6677,0.6011,8.900815770372203e-05,0.0001344684416441,6.112217094956173e-05,7.334627069455261e-05,44.0,68,5,44.0,r-cumulative_sl24_st12_sp336,,,,,,,,,,
yahoo-a4,vtcn,experts,24,12,336,B3,,,,,,,,-0.0009674516581577,0.0008274727953165,0.0009674516581577,0.7020355935592691,0.7021875333779652,0.7947294537123911,5,10,10,0.7941,0.7737,0.6789,0.6674,0.596,0.7879,0.7762,0.679,0.6718,0.596,4.4931489761703605e-05,6.78799288163686e-05,3.0854620484428275e-05,3.702530833194032e-05,22.2,55,5,22.2,r-experts_sl24_st12_sp336,,,,,,,,,,
yahoo-a4,vtcn,random-buffer,24,12,336,B3,50.0,,,0.5,,,,0.0003623771598842,0.0017659618378628,-0.0003623771598842,0.7023827804396714,0.7022219036206255,0.797092768257492,5,10,10,0.7941,0.7742,0.6764,0.6709,0.5963,0.7928,0.7764,0.6775,0.6681,0.5963,5.356943728352861e-05,8.092964664256821e-05,3.678631087920318e-05,4.414333576336503e-05,26.5,47,5,26.5,r-random-buffer_sl24_st12_sp336_bu50_re0.5,,,,,,,,,,
yahoo-a4,vtcn,reservoir,24,12,336,B3,50.0,,,0.5,,,,0.0010610319594527,0.0032264436142509,-0.0010610319594527,0.7038554978160032,0.7044276371244061,0.7987080547153449,5,10,10,0.7941,0.7697,0.6867,0.6708,0.598,0.7972,0.7758,0.6793,0.6718,0.598,6.103119554860236e-05,9.220244490864894e-05,4.191034803257531e-05,5.029209687607363e-05,30.2,61,5,30.2,r-reservoir_sl24_st12_sp336_bu50_re0.5,,,,,,,,,,
yahoo-a4,vtcn,ewc,24,12,336,B3,,,,,1000.0,,,-0.0021740164259198,0.0018727392885471,0.0021740164259198,0.7032484814814332,0.7003952670153065,0.7940893006434177,5,10,10,0.7941,0.7743,0.6825,0.6649,0.6005,0.7931,0.7777,0.6701,0.6606,0.6005,1.6845199495051e-07,7.086095987068903e-05,3.2209636052397806e-05,3.8651323818291225e-05,23.2,46,5,23.2,r-ewc_sl24_st12_sp336_la1000.0,,,,,,,,,,
yahoo-a4,vtcn,lwf,24,12,336,B3,,,,,,1.0,2.0,-0.0011762255856802,0.0029629735168618,0.0011762255856802,0.7034207779521464,0.7013144764135335,0.79457615763379,5,10,10,0.7941,0.7719,0.682,0.6688,0.6003,0.7946,0.7786,0.6709,0.6622,0.6003,4.1154367095270454e-05,6.217366759316065e-05,2.8260878009799245e-05,3.39127895833614e-05,20.3,40,5,20.4,r-lwf_sl24_st12_sp336_al1.0_te2.0,,,,,,,,,,
yahoo-a4,vtcn,naive,12,12,168,B5,,,,,,,,0.0055613509553847,0.0048647189598579,-0.0055613509553847,0.7215136616833193,0.7300376350643323,0.8326092050209205,10,45,45,0.8174,0.7184,0.7998,0.7844,0.7963,0.8324,0.76,0.8113,0.7864,0.8001,6.089356762569158e-05,9.199452450227304e-05,4.181583790535417e-05,5.017868659691885e-05,30.1,67,10,30.1,r-naive_sl12_st12_sp168,0.5909,0.8095,0.6993,0.6564,0.5426,0.5873,0.823,0.6934,0.664,0.5426
yahoo-a4,vtcn,cumulative,12,12,168,B5,,,,,,,,-0.0005605990536463,0.0073120129364184,0.0005605990536463,0.7198041263732966,0.7136441242453656,0.848997489539749,10,45,45,0.8174,0.7411,0.8138,0.7858,0.7863,0.8028,0.7237,0.779,0.783,0.7941,0.0001430549790344,0.000216119292843,9.823629340131044e-05,0.0001178829994417,70.7,113,10,70.7,r-cumulative_sl12_st12_sp168,0.5849,0.8105,0.6769,0.6572,0.5241,0.5981,0.7997,0.7076,0.6244,0.5241
yahoo-a4,vtcn,experts,12,12,168,B5,,,,,,,,-0.0014244833449442,0.0104204375440604,0.0014244833449442,0.7280538789796478,0.7361244626289285,0.8319330543933054,10,45,45,0.8174,0.7257,0.8092,0.7932,0.7993,0.8319,0.7641,0.8275,0.7873,0.8043,2.584945974120668e-07,0.0001087382509146,4.942661730326816e-05,5.931163361140837e-05,35.6,143,10,35.6,r-experts_sl12_st12_sp168,0.5951,0.8009,0.6953,0.6737,0.5709,0.5956,0.824,0.6716,0.684,0.5709
yahoo-a4,vtcn,random-buffer,12,12,168,B5,50.0,,,0.5,,,,0.0020796979997036,0.007140168789565,-0.0020796979997036,0.7240868208981893,0.733291260828729,0.8415665271966527,10,45,45,0.8174,0.7446,0.7868,0.7862,0.7965,0.8385,0.7573,0.815,0.7867,0.8028,2.776405406962967e-07,0.0001167921770148,5.30874951386876e-05,6.37046818761155e-05,38.2,95,10,38.2,r-random-buffer_sl12_st12_sp168_bu50_re0.5,0.5942,0.81,0.6956,0.6582,0.5513,0.5899,0.8274,0.6933,0.6707,0.5513
yahoo-a4,vtcn,reservoir,12,12,168,B5,50.0,,,0.5,,,,0.0022107585738617,0.0095531198684732,-0.0022107585738617,0.7253232741850695,0.7284907780871477,0.8401673640167364,10,45,45,0.8174,0.7462,0.8005,0.795,0.8,0.8374,0.7461,0.81,0.7879,0.8035,2.846531826006846e-07,0.0001197421126134,5.442838587849918e-05,6.531372673499087e-05,39.2,99,10,39.2,r-reservoir_sl12_st12_sp168_bu50_re0.5,0.5925,0.8263,0.6895,0.6578,0.5282,0.5925,0.8296,0.6886,0.6612,0.5282
yahoo-a4,vtcn,ewc,12,12,168,B5,,,,,1000.0,,,0.0007638556422447,0.0129373092340742,-0.0007638556422447,0.7278172906256015,0.7309398289703247,0.8532820083682009,10,45,45,0.8174,0.758,0.8074,0.7933,0.7992,0.8289,0.7606,0.8066,0.793,0.8054,2.386059364649565e-07,0.0001003718934508,4.562373935219107e-05,5.474815409863368e-05,32.8,80,10,32.9,r-ewc_sl12_st12_sp168_la1000.0,0.5871,0.8079,0.7037,0.6578,0.5463,0.5873,0.8168,0.7019,0.6626,0.5463
yahoo-a4,vtcn,lwf,12,12,168,B5,,,,,,1.0,2.0,0.003997179938664,0.0070991875593921,-0.003997179938664,0.7237852642201936,0.7309002770571937,0.8318995815899581,10,45,45,0.8174,0.7383,0.786,0.7834,0.7936,0.8319,0.7512,0.8113,0.7904,0.801,2.2624052092761953e-07,9.517026188550516e-05,4.3259361052575214e-05,5.1910900832929955e-05,31.1,79,10,31.2,r-lwf_sl12_st12_sp168_al1.0_te2.0,0.5965,0.8138,0.6987,0.6602,0.55,0.5897,0.819,0.6973,0.6672,0.55
yahoo-a4,gru,gdumb,12,12,336,LITE,100.0,,,0.5,,,,0.005617890947686888,0.009766097398043638,-0.005617890947686888,0.9476746531455035,0.9531959212727952,0.9776014719333697,5,10,10,0.9656,0.9396,0.9526,0.9145,0.966,0.9776,0.9481,0.9572,0.9171,0.966,0.0001814109611057,0.0002740653201501,0.0001245754943856,0.0001494898257645,89.7,64,5,89.7,r-gdumb_sl12_st12_sp336_bu100_re0.5,,,,,,,,,,
yahoo-a4,gru,derpp,12,12,336,LITE,100.0,,,0.5,,0.5,0.5,0.0070222212126553885,0.004668730953687572,-0.0070222212126553885,0.9440505476348591,0.9521611884008468,0.9770326427208296,5,10,10,0.9656,0.9378,0.9471,0.9042,0.9655,0.977,0.9504,0.9567,0.9112,0.9655,0.0002560795001542,0.0003868702848267,0.0001758509578125,0.0002110193270142,126.6,56,5,126.6,r-derpp_sl12_st12_sp336_bu100_re0.5_al0.5_te0.5,,,,,,,,,,
yahoo-a4,gru,gdumb,12,12,336,LITE,500.0,,,0.5,,,,0.006670740656787644,0.01554633836309952,-0.006670740656787644,0.9511537138356949,0.9569117853224796,0.9799996839837709,5,10,10,0.9656,0.949,0.9549,0.916,0.9703,0.98,0.9536,0.9603,0.9204,0.9703,0.0001729362243705,0.0002612621718599,0.0001187558556124,0.0001425063162475,85.5,60,5,85.5,r-gdumb_sl12_st12_sp336_bu500_re0.5,,,,,,,,,,
yahoo-a4,gru,derpp,12,12,336,LITE,500.0,,,0.5,,0.5,0.5,0.0060703722358412815,0.009490140924248002,-0.0060703722358412815,0.94759454820987,0.9547011075865715,0.9785302085180418,5,10,10,0.9656,0.9439,0.9487,0.9117,0.968,0.9785,0.952,0.958,0.917,0.968,0.0002422652149061,0.0003660004515704,0.000166364375809,0.0001996360757613,119.8,57,5,119.8,r-derpp_sl12_st12_sp336_bu500_re0.5_al0.5_te0.5,,,,,,,,,,
yahoo-a4,gru,strb,12,12,336,LITE,50.0,0.05,0.9,0.5,,,,0.009278601505764561,0.013904678924073266,-0.009278601505764561,0.9506121145348617,0.9596634344914694,0.9812426811519143,5,10,10,0.9656,0.9413,0.9551,0.9186,0.9724,0.9812,0.9569,0.9637,0.9241,0.9724,0.0003906305593095,0.0005901423411522,0.000268247573725,0.00032189476742699996,193.1,62,5,99.9,r-strb_sl12_st12_sp336_bu50_no0.05_re0.9_re0.5,,,,,,,,,,
yahoo-a4,gru,strb,12,12,336,LITE,50.0,0.2,0.9,0.5,,,,0.0045383272703703684,0.011374718578118437,-0.0045383272703703684,0.9480775332047677,0.9511525474739585,0.974797705722176,5,10,10,0.9656,0.9413,0.9523,0.917,0.9641,0.9745,0.9481,0.9541,0.915,0.9641,0.0003792144699027,0.0005728955652185,0.0002604080256339,0.0003124875395845,187.5,62,5,95.4,r-strb_sl12_st12_sp336_bu50_no0.2_re0.9_re0.5,,,,,,,,,,
yahoo-a4,gru,strb,12,12,336,LITE,100.0,0.05,0.9,0.5,,,,0.005851155220995541,0.011208210253046547,-0.005851155220995541,0.948763638612103,0.9557688924752537,0.9798504540977648,5,10,10,0.9656,0.944,0.9496,0.918,0.9667,0.9799,0.952,0.9593,0.921,0.9667,0.0001663944482438,0.0002513792300708,0.0001142636024302,0.0001371156276405,82.3,58,5,82.3,r-strb_sl12_st12_sp336_bu100_no0.05_re0.9_re0.5,,,,,,,,,,
yahoo-a4,gru,strb,12,12,336,LITE,100.0,0.2,0.9,0.5,,,,0.004896097881011185,0.010134792104949886,-0.004896097881011185,0.9483399492456812,0.9524727545964812,0.9769237926863311,5,10,10,0.9656,0.944,0.9488,0.9166,0.9667,0.9766,0.9481,0.9554,0.9155,0.9667,0.00034743702532519997,0.0005248880166743,0.0002385860638278,0.00028630195284639996,171.8,58,5,82.0,r-strb_sl12_st12_sp336_bu100_no0.2_re0.9_re0.5,,,,,,,,,,
yahoo-a4,gru,strb,12,12,336,LITE,250.0,0.05,0.9,0.5,,,,0.007634413838141729,0.016868465975333025,-0.007634413838141729,0.9526536864464841,0.959666950675295,0.9818220442387607,5,10,10,0.9656,0.9468,0.9563,0.9232,0.9714,0.9818,0.9561,0.9626,0.9265,0.9714,0.00017356105339605779,0.0005676733587983,0.0002580340577567,0.0003096393010415,185.8,60,5,85.5,r-strb_sl12_st12_sp336_bu250_no0.05_re0.9_re0.5,,,,,,,,,,
yahoo-a4,gru,strb,12,12,336,LITE,250.0,0.2,0.9,0.5,,,,0.006517654129799688,0.015710393511216704,-0.006517654129799688,0.9518668530207218,0.9577513267626239,0.9804526405789417,5,10,10,0.9656,0.9468,0.9554,0.9217,0.9698,0.9805,0.9537,0.9607,0.9241,0.9698,0.00017306482419522865,0.0005676062486618,0.00025800355977710003,0.0003096026888845,185.8,60,5,85.2,r-strb_sl12_st12_sp336_bu250_no0.2_re0.9_re0.5,,,,,,,,,,
yahoo-a4,gru,strb,12,12,336,LITE,500.0,0.05,0.9,0.5,,,,0.006451954201885324,0.01062533327163997,-0.006451954201885324,0.9485529499429937,0.9556986539622034,0.9790656804619455,5,10,10,0.9656,0.9436,0.951,0.9153,0.9673,0.9791,0.9516,0.9591,0.9215,0.9673,0.0001672759606536,0.0002527109686787,0.0001148689399292,0.0001378420287494,82.7,58,5,82.7,r-strb_sl12_st12_sp336_bu500_no0.05_re0.9_re0.5,,,,,,,,,,
yahoo-a4,gru,strb,12,12,336,LITE,500.0,0.2,0.9,0.5,,,,0.006409086699950095,0.0105434846276656,-0.006409086699950095,0.9483630196782272,0.9554874275175159,0.9786987505069427,5,10,10,0.9656,0.9436,0.9508,0.9142,0.9676,0.9787,0.9523,0.9588,0.9201,0.9676,0.0003998116784544,0.0006040126516475,0.0002745519379036,0.0003294607137437,197.7,58,5,83.1,r-strb_sl12_st12_sp336_bu500_no0.2_re0.9_re0.5,,,,,,,,,,
yahoo-a4,gru,strb,12,12,336,LITE,1000.0,0.05,0.9,0.5,,,,0.006582110051690948,0.01227337543124396,-0.006582110051690948,0.9492964420668498,0.9560305925600769,0.9795168814113987,5,10,10,0.9656,0.9446,0.9515,0.9167,0.9681,0.9795,0.9522,0.9595,0.9209,0.9681,0.0004490150128306,0.000678346239354,0.0003083400150482,0.0003700062243058,222.0,59,5,84.5,r-strb_sl12_st12_sp336_bu1000_no0.05_re0.9_re0.5,,,,,,,,,,
yahoo-a4,gru,strb,12,12,336,LITE,1000.0,0.2,0.9,0.5,,,,0.00674514675199499,0.012376255950814208,-0.00674514675199499,0.949312771227436,0.9560279685917477,0.9792904031138132,5,10,10,0.9656,0.9446,0.9515,0.9163,0.9685,0.9793,0.9525,0.9594,0.9204,0.9685,0.0004486371353862,0.0006777753636904,0.0003080805322322,0.0003696948314581,221.8,59,5,84.6,r-strb_sl12_st12_sp336_bu1000_no0.2_re0.9_re0.5,,,,,,,,,,
yahoo-a4,lstm,gdumb,12,12,336,LITE,100.0,,,0.5,,,,0.013392642623831264,0.030281836922519755,-0.013392642623831264,0.9414818745034255,0.9543529675627418,0.9729296986785254,5,10,10,0.9488,0.9262,0.9473,0.9158,0.9693,0.9729,0.9511,0.9573,0.9212,0.9693,0.0001582886095514,0.0002391333918767,0.000108697286459,0.0001304361054177,78.3,49,5,78.3,r-gdumb_sl12_st12_sp336_bu100_re0.5,,,,,,,,,,
yahoo-a4,lstm,derpp,12,12,336,LITE,100.0,,,0.5,,0.5,0.5,0.008945086620182351,0.032297986012730165,-0.008945086620182351,0.9422164333112486,0.9498298449361711,0.9649134203314309,5,10,10,0.9488,0.9335,0.947,0.9177,0.9642,0.9649,0.9449,0.9542,0.921,0.9642,0.000250829336107,0.0003789386368069,0.00017224529618,0.0002066933406268,124.0,51,5,124.0,r-derpp_sl12_st12_sp336_bu100_re0.5_al0.5_te0.5,,,,,,,,,,
yahoo-a4,lstm,gdumb,12,12,336,LITE,500.0,,,0.5,,,,0.011764866244736948,0.038318918367692655,-0.011764866244736948,0.946656954873229,0.9553743594929524,0.9730719059816606,5,10,10,0.9488,0.9405,0.9548,0.9218,0.9673,0.9731,0.9511,0.9603,0.9251,0.9673,0.0001729491555207,0.0002612817075032,0.0001187648090307,0.0001425168984724,85.5,54,5,85.5,r-gdumb_sl12_st12_sp336_bu500_re0.5,,,,,,,,,,
yahoo-a4,lstm,derpp,12,12,336,LITE,500.0,,,0.5,,0.5,0.5,0.009809631365858362,0.03361412980200037,-0.009809631365858362,0.9438472785407693,0.9518083484330845,0.9715444942072469,5,10,10,0.9488,0.9401,0.9494,0.916,0.965,0.9715,0.9471,0.9558,0.9195,0.965,0.0002475037647142,0.0003739145534609,0.0001699616337389,0.000203952919722,122.4,51,5,122.4,r-derpp_sl12_st12_sp336_bu500_re0.5_al0.5_te0.5,,,,,,,,,,
yahoo-a4,lstm,strb,12,12,336,LITE,50.0,0.05,0.9,0.5,,,,0.007788308234081398,0.02432969491694743,-0.007788308234081398,0.9362612511000099,0.9443856711905882,0.9639056796894614,5,10,10,0.9488,0.9335,0.9314,0.9073,0.9602,0.9639,0.9393,0.9472,0.9112,0.9602,0.00040255021358030004,0.0006081498741255,0.00027643245405500005,0.0003317174200705,199.0,66,5,98.3,r-strb_sl12_st12_sp336_bu50_no0.05_re0.9_re0.5,,,,,,,,,,
yahoo-a4,lstm,strb,12,12,336,LITE,50.0,0.2,0.9,0.5,,,,0.00623005420677224,0.024482541422493554,-0.00623005420677224,0.9359753584596031,0.9395653983967902,0.9616795209193966,5,10,10,0.9488,0.9335,0.9369,0.9057,0.955,0.961,0.9381,0.9392,0.9046,0.955,0.00018510660265790512,0.0005759465496555,0.0002617945947935,0.0003141519548619,188.5,61,5,91.2,r-strb_sl12_st12_sp336_bu50_no0.2_re0.9_re0.5,,,,,,,,,,
yahoo-a4,lstm,strb,12,12,336,LITE,100.0,0.05,0.9,0.5,,,,0.010097625549406719,0.029626768902172817,-0.010097625549406719,0.942792859523282,0.9516736166908941,0.9682614367151167,5,10,10,0.9488,0.9302,0.9506,0.9187,0.9656,0.9683,0.9448,0.9559,0.9238,0.9656,0.0001594268086459,0.0002408529180693,0.0001094789131382,0.000131374004931,78.8,50,5,78.8,r-strb_sl12_st12_sp336_bu100_no0.05_re0.9_re0.5,,,,,,,,,,
yahoo-a4,lstm,strb,12,12,336,LITE,100.0,0.2,0.9,0.5,,,,0.008230250451679088,0.028471942978098186,-0.008230250451679088,0.9412565953962879,0.9479510923453152,0.9664847232487872,5,10,10,0.9488,0.9302,0.9482,0.9169,0.9621,0.9665,0.9421,0.9507,0.9183,0.9621,0.00016287444634434595,0.0005139513613208,0.0002336148722238,0.0002803364890968,168.2,51,5,80.2,r-strb_sl12_st12_sp336_bu100_no0.2_re0.9_re0.5,,,,,,,,,,
yahoo-a4,lstm,strb,12,12,336,LITE,250.0,0.05,0.9,0.5,,,,0.009837594571814,0.03220347995408686,-0.009837594571814,0.9428610088974297,0.9516492340390477,0.9679875559831528,5,10,10,0.9488,0.9308,0.9504,0.9189,0.9653,0.968,0.9442,0.9577,0.9231,0.9653,0.00035648310629410004,0.0005385543192051,0.00024479804774409997,0.00029375627146090003,176.3,50,5,80.4,r-strb_sl12_st12_sp336_bu250_no0.05_re0.9_re0.5,,,,,,,,,,
yahoo-a4,lstm,strb,12,12,336,LITE,250.0,0.2,0.9,0.5,,,,0.00986998584802189,0.032510358602066955,-0.00986998584802189,0.9432027111508795,0.9523049218767309,0.9681876995949725,5,10,10,0.9488,0.9308,0.9508,0.9193,0.9663,0.9682,0.9456,0.9579,0.9235,0.9663,0.00035530438545530003,0.0005367735750754,0.0002439886347241,0.00029278494035120005,175.7,50,5,80.1,r-strb_sl12_st12_sp336_bu250_no0.2_re0.9_re0.5,,,,,,,,,,
yahoo-a4,lstm,strb,12,12,336,LITE,500.0,0.05,0.9,0.5,,,,0.010227120805564172,0.03577293163595968,-0.010227120805564172,0.9446842335768967,0.9528633631054977,0.9704559938622626,5,10,10,0.9488,0.9389,0.9513,0.9185,0.9659,0.9705,0.9475,0.9578,0.9226,0.9659,0.0001728239321745,0.0002610925272228,0.0001186787395828,0.00014241378764,85.4,54,5,85.5,r-strb_sl12_st12_sp336_bu500_no0.05_re0.9_re0.5,,,,,,,,,,
yahoo-a4,lstm,strb,12,12,336,LITE,500.0,0.2,0.9,0.5,,,,0.010204995782144477,0.03556638636124958,-0.010204995782144477,0.9444540516161277,0.9527476185779813,0.9704261478850613,5,10,10,0.9488,0.9389,0.9512,0.9178,0.9656,0.9704,0.9476,0.9578,0.9223,0.9656,0.00039986147170889997,0.0006040878764529,0.00027458619409520004,0.0003295016823576,197.7,54,5,85.2,r-strb_sl12_st12_sp336_bu500_no0.2_re0.9_re0.5,,,,,,,,,,
yahoo-a4,lstm,strb,12,12,336,LITE,1000.0,0.05,0.9,0.5,,,,0.012232530695484434,0.03572367865399677,-0.012232530695484434,0.9451133171551584,0.9551127457557742,0.9718710443107422,5,10,10,0.9488,0.9336,0.9549,0.9203,0.968,0.9719,0.95,0.9601,0.9256,0.968,0.0004434961961605,0.0006700087262935,0.0003045502497671,0.00036545847652620005,219.3,52,5,83.7,r-strb_sl12_st12_sp336_bu1000_no0.05_re0.9_re0.5,,,,,,,,,,
yahoo-a4,lstm,strb,12,12,336,LITE,1000.0,0.2,0.9,0.5,,,,0.01227990074976868,0.03554890763530546,-0.01227990074976868,0.9449806886494958,0.9552328118432364,0.9719640935337812,5,10,10,0.9488,0.9336,0.9547,0.9196,0.9682,0.972,0.9502,0.9602,0.9257,0.9682,0.00018484921830562697,0.0006903651338725999,0.0003138032108835,0.0003765619229889,225.9,52,5,90.9,r-strb_sl12_st12_sp336_bu1000_no0.2_re0.9_re0.5,,,,,,,,,,
yahoo-a4,tcn,gdumb,12,12,336,LITE,100.0,,,0.5,,,,-0.006204337374159352,0.0016516440092298023,0.006204337374159352,0.9286906219103133,0.9230150243204299,0.9649836461601394,5,10,10,0.965,0.9251,0.9291,0.8941,0.9301,0.952,0.9255,0.9241,0.8835,0.9301,6.181504864038037e-05,9.338664539598136e-05,4.244878761754889e-05,5.0937857778432475e-05,30.6,48,5,30.6,r-gdumb_sl12_st12_sp336_bu100_re0.5,,,,,,,,,,
yahoo-a4,tcn,derpp,12,12,336,LITE,100.0,,,0.5,,0.5,0.5,-0.0044796842548302405,0.004393262636574857,0.0044796842548302405,0.9305816553425439,0.9292959577559621,0.9649836461601394,5,10,10,0.965,0.9301,0.9333,0.8874,0.9372,0.9536,0.9303,0.9322,0.8932,0.9372,6.493302764868892e-05,9.809711002240268e-05,4.45898144680541e-05,5.350729555434858e-05,32.1,41,5,32.1,r-derpp_sl12_st12_sp336_bu100_re0.5_al0.5_te0.5,,,,,,,,,,
yahoo-a4,tcn,gdumb,12,12,336,LITE,500.0,,,0.5,,,,-0.0030789459019327503,0.002907338103380197,0.0030789459019327503,0.9290232283755433,0.928463227442205,0.9649836461601394,5,10,10,0.965,0.927,0.9277,0.8899,0.9355,0.9536,0.9299,0.9328,0.8906,0.9355,6.5334514536984e-05,9.870365348541076e-05,4.4865463830582386e-05,5.383818965482835e-05,32.3,52,5,32.3,r-gdumb_sl12_st12_sp336_bu500_re0.5,,,,,,,,,,
yahoo-a4,tcn,derpp,12,12,336,LITE,500.0,,,0.5,,0.5,0.5,0.0013781413039522627,0.005112555882081082,-0.0013781413039522627,0.9332712797201612,0.9352690752548962,0.9649836461601394,5,10,10,0.965,0.9317,0.9263,0.8988,0.9446,0.9622,0.936,0.9373,0.8962,0.9446,7.442826108359306e-05,0.0001124419664488,5.111024485021416e-05,6.13317215985929e-05,36.8,40,5,36.8,r-derpp_sl12_st12_sp336_bu500_re0.5_al0.5_te0.5,,,,,,,,,,
yahoo-a4,tcn,strb,12,12,336,LITE,50.0,0.05,0.9,0.5,,,,-0.0014786272530775025,-0.0008547983200646647,0.0014786272530775025,0.9287005230934536,0.9284169061547173,0.9649836461601394,5,10,10,0.965,0.9212,0.9244,0.8946,0.9383,0.956,0.9296,0.9318,0.8864,0.9383,0.00010499247643242464,0.00015861663755831413,7.20987063082349e-05,8.651793125007923e-05,51.9,50,5,25.0,r-strb_sl12_st12_sp336_bu50_no0.05_re0.9_re0.5,,,,,,,,,,
yahoo-a4,tcn,strb,12,12,336,LITE,50.0,0.2,0.9,0.5,,,,-0.0019526473556999101,0.0033400161212651437,0.0019526473556999101,0.9311341117862059,0.9271277073006768,0.9649836461601394,5,10,10,0.965,0.9212,0.9373,0.8944,0.9378,0.9547,0.9296,0.9315,0.882,0.9378,9.98396676181056e-05,0.00015083206826458788,6.856029652861051e-05,8.22717717359774e-05,49.4,47,5,24.0,r-strb_sl12_st12_sp336_bu50_no0.2_re0.9_re0.5,,,,,,,,,,
yahoo-a4,tcn,strb,12,12,336,LITE,100.0,0.05,0.9,0.5,,,,-0.003360320869790756,-0.0024611814487037866,0.003360320869790756,0.9232221301630453,0.9245633929490324,0.9649836461601394,5,10,10,0.965,0.9235,0.9265,0.8702,0.9308,0.9536,0.9265,0.9309,0.881,0.9308,5.040511160864048e-05,7.6149164119011e-05,3.461337453659831e-05,4.153578958241269e-05,24.9,52,5,24.9,r-strb_sl12_st12_sp336_bu100_no0.05_re0.9_re0.5,,,,,,,,,,
yahoo-a4,tcn,strb,12,12,336,LITE,100.0,0.2,0.9,0.5,,,,-0.004217424715413221,-0.0008498744831091476,0.004217424715413221,0.925148286565323,0.924924586356916,0.9649836461601394,5,10,10,0.965,0.9235,0.9318,0.8738,0.9316,0.9597,0.9258,0.9273,0.8802,0.9316,0.00011142447093405515,0.0001683337275376026,7.651555191130482e-05,9.181817562629779e-05,55.1,45,5,27.9,r-strb_sl12_st12_sp336_bu100_no0.2_re0.9_re0.5,,,,,,,,,,
yahoo-a4,tcn,strb,12,12,336,LITE,250.0,0.05,0.9,0.5,,,,-0.005084610331501815,-0.0009860238778213626,0.005084610331501815,0.9275791636734789,0.9246303142072687,0.9649836461601394,5,10,10,0.965,0.9243,0.9263,0.8859,0.9364,0.9444,0.9294,0.9291,0.8837,0.9364,0.00012924733634359152,0.0001952594947827042,8.875464728076218e-05,0.00010650484750202548,63.9,42,5,29.1,r-strb_sl12_st12_sp336_bu250_no0.05_re0.9_re0.5,,,,,,,,,,
yahoo-a4,tcn,strb,12,12,336,LITE,250.0,0.2,0.9,0.5,,,,-0.0017787953576138605,-0.000623254784073135,0.0017787953576138605,0.9288981451835749,0.9312762381489923,0.9649836461601394,5,10,10,0.965,0.9243,0.9271,0.8856,0.9425,0.9536,0.9312,0.9355,0.8936,0.9425,0.00010977665659781913,0.00016584430374061188,7.538402540699786e-05,9.046027833363042e-05,54.3,38,5,21.0,r-strb_sl12_st12_sp336_bu250_no0.2_re0.9_re0.5,,,,,,,,,,
yahoo-a4,tcn,strb,12,12,336,LITE,500.0,0.05,0.9,0.5,,,,-0.00576176952320766,-0.001755751460056132,0.00576176952320766,0.9265832929817343,0.9257015431012043,0.9649836461601394,5,10,10,0.965,0.9243,0.9248,0.8851,0.9337,0.9473,0.9286,0.9312,0.8876,0.9337,5.095765051379691e-05,7.69839083429219e-05,3.499281382990174e-05,4.199109451302017e-05,25.2,44,5,25.2,r-strb_sl12_st12_sp336_bu500_no0.05_re0.9_re0.5,,,,,,,,,,
yahoo-a4,tcn,strb,12,12,336,LITE,500.0,0.2,0.9,0.5,,,,-0.004877290183835359,-0.001031443579784963,0.004877290183835359,0.9278443612831531,0.9265943239029836,0.9649836461601394,5,10,10,0.965,0.9243,0.9262,0.8867,0.9371,0.9506,0.9297,0.9305,0.8852,0.9371,0.000151332373175169,0.00022862430721129349,0.00010392047818362092,0.00012470382902771235,74.8,49,5,25.8,r-strb_sl12_st12_sp336_bu500_no0.2_re0.9_re0.5,,,,,,,,,,
yahoo-a4,tcn,strb,12,12,336,LITE,1000.0,0.05,0.9,0.5,,,,-0.0036192691443140855,0.0024712996380942265,0.0036192691443140855,0.9294329345067283,0.9275421913751914,0.9649836461601394,5,10,10,0.965,0.9288,0.9272,0.89,0.9361,0.9521,0.9287,0.9297,0.891,0.9361,4.693885900444434e-05,0.00029354591675328487,0.00013343034820862855,0.00016011556854465635,96.1,40,5,23.0,r-strb_sl12_st12_sp336_bu1000_no0.05_re0.9_re0.5,,,,,,,,,,
yahoo-a4,tcn,strb,12,12,336,LITE,1000.0,0.2,0.9,0.5,,,,-0.00335603430595951,0.001980347299681462,0.00335603430595951,0.928940112612174,0.9273770298276329,0.9649836461601394,5,10,10,0.965,0.9288,0.9267,0.8888,0.9354,0.9532,0.9285,0.9293,0.8905,0.9354,0.00019339191526266793,0.0002921654614906153,0.00013280290294973474,0.00015936255854088054,95.6,40,5,23.5,r-strb_sl12_st12_sp336_bu1000_no0.2_re0.9_re0.5,,,,,,,,,,
yahoo-a4,vgru,gdumb,12,12,336,LITE,100.0,,,0.5,,,,-0.002819705442429421,-0.006854916443560899,0.002819705442429421,0.7099886918360598,0.7072130758110228,0.800160887139666,5,10,10,0.7997,0.8002,0.6493,0.6878,0.6129,0.7967,0.7972,0.6417,0.6875,0.6129,0.0002403413055389,0.0003630939191676,0.0001650433881926,0.000198050530975,118.8,63,5,118.8,r-gdumb_sl12_st12_sp336_bu100_re0.5,,,,,,,,,,
yahoo-a4,vgru,derpp,12,12,336,LITE,100.0,,,0.5,,0.5,0.5,-0.0016895539623795308,-0.005908042256299539,0.0016895539623795308,0.7106500475136233,0.70878822483077,0.8014656020636103,5,10,10,0.7997,0.8015,0.6588,0.6887,0.6046,0.7996,0.7967,0.6558,0.6873,0.6046,0.0002642807376234,0.0003992602460448,0.0001814825916675,0.0002177776543772,130.7,45,5,130.7,r-derpp_sl12_st12_sp336_bu100_re0.5_al0.5_te0.5,,,,,,,,,,
yahoo-a4,vgru,gdumb,12,12,336,LITE,500.0,,,0.5,,,,-0.0006845747821011217,-0.006038529481678235,0.0006845747821011217,0.7110531349237789,0.7100508007932785,0.801652413749515,5,10,10,0.7997,0.8003,0.6564,0.6868,0.612,0.8017,0.7974,0.6541,0.6851,0.612,0.0001748013059645,0.0002640798306223,0.0001200366138875,0.0001440432167348,86.4,47,5,86.4,r-gdumb_sl12_st12_sp336_bu500_re0.5,,,,,,,,,,
yahoo-a4,vgru,derpp,12,12,336,LITE,500.0,,,0.5,,0.5,0.5,0.0003737494963408805,-0.004512268523351859,-0.0003737494963408805,0.7109872462747233,0.7103694714024381,0.8032412731240487,5,10,10,0.7997,0.8001,0.6596,0.6862,0.6094,0.8031,0.7987,0.655,0.6857,0.6094,0.0002373967843539,0.0003586455047149,0.000163021098669,0.0001956244060459,117.4,44,5,117.4,r-derpp_sl12_st12_sp336_bu500_re0.5_al0.5_te0.5,,,,,,,,,,
yahoo-a4,vgru,strb,12,12,336,LITE,50.0,0.05,0.9,0.5,,,,-0.0037765542683138365,-0.008014488152757937,0.0037765542683138365,0.7097982985326332,0.7068305638136039,0.8012113073077332,5,10,10,0.7997,0.7984,0.6541,0.6916,0.6052,0.7925,0.7986,0.6471,0.6908,0.6052,0.0003573135059196,0.0005398088395375,0.0002453682731461,0.0002944405663913,176.7,53,5,89.5,r-strb_sl12_st12_sp336_bu50_no0.05_re0.9_re0.5,,,,,,,,,,
yahoo-a4,vgru,strb,12,12,336,LITE,50.0,0.2,0.9,0.5,,,,-0.00375022152510176,-0.007980779984577724,0.00375022152510176,0.7098277497247926,0.706834270591726,0.8012113073077332,5,10,10,0.7997,0.7984,0.6541,0.6916,0.6053,0.7926,0.7986,0.647,0.6907,0.6053,0.00018251081685572977,0.0005646204677561999,0.000256646331366,0.0003079741363902,184.8,53,5,89.9,r-strb_sl12_st12_sp336_bu50_no0.2_re0.9_re0.5,,,,,,,,,,
yahoo-a4,vgru,strb,12,12,336,LITE,100.0,0.05,0.9,0.5,,,,-0.0036333728470521742,-0.005510100846814814,0.0036333728470521742,0.7119184898527481,0.708896929108245,0.8059282257206679,5,10,10,0.7997,0.8059,0.6556,0.687,0.6114,0.7997,0.7998,0.6514,0.6823,0.6114,0.0001631888772356,0.000246536436453,0.0001120623277752,0.0001344741086778,80.7,46,5,80.7,r-strb_sl12_st12_sp336_bu100_no0.05_re0.9_re0.5,,,,,,,,,,
yahoo-a4,vgru,strb,12,12,336,LITE,100.0,0.2,0.9,0.5,,,,-0.0035722149031715777,-0.005471140548159325,0.0035722149031715777,0.7120294401255141,0.7089242229721103,0.8059282257206679,5,10,10,0.7997,0.8059,0.6556,0.6865,0.6124,0.8005,0.7992,0.65,0.6826,0.6124,0.00015515190286876623,0.0005115221903795,0.0002325107192678,0.0002790114711115,167.4,43,5,76.4,r-strb_sl12_st12_sp336_bu100_no0.2_re0.9_re0.5,,,,,,,,,,
yahoo-a4,vgru,strb,12,12,336,LITE,250.0,0.05,0.9,0.5,,,,-0.0006758941081071668,-0.004621791062513559,0.0006758941081071668,0.7111980635431675,0.7097547726299622,0.802495123694019,5,10,10,0.7997,0.8005,0.6559,0.681,0.619,0.8025,0.7961,0.6524,0.6787,0.619,0.0003526551221809,0.0005327712194126,0.00024216935850620002,0.0002906018609063,174.4,46,5,82.0,r-strb_sl12_st12_sp336_bu250_no0.05_re0.9_re0.5,,,,,,,,,,
yahoo-a4,vgru,strb,12,12,336,LITE,250.0,0.2,0.9,0.5,,,,-0.0008497027091790121,-0.004519900159584289,0.0008497027091790121,0.7114538575965816,0.7096887153902056,0.8024020744709801,5,10,10,0.7997,0.8005,0.6559,0.681,0.6202,0.8024,0.7957,0.6513,0.6789,0.6202,0.0001628745489347415,0.000529446627598,0.0002406582259281,0.0002887884016699,173.3,45,5,80.2,r-strb_sl12_st12_sp336_bu250_no0.2_re0.9_re0.5,,,,,,,,,,
yahoo-a4,vgru,strb,12,12,336,LITE,500.0,0.05,0.9,0.5,,,,-0.0005652404111649911,-0.005369783975911058,0.0005652404111649911,0.7114107654585388,0.710193431587673,0.8031131109866553,5,10,10,0.7997,0.8005,0.656,0.6823,0.6186,0.8031,0.7966,0.6533,0.6795,0.6186,0.0001683765018706,0.0002543736035004,0.0001156247259272,0.0001387488775731,83.2,47,5,83.3,r-strb_sl12_st12_sp336_bu500_no0.05_re0.9_re0.5,,,,,,,,,,
yahoo-a4,vgru,strb,12,12,336,LITE,500.0,0.2,0.9,0.5,,,,-0.000554351720907087,-0.005368180060719064,0.000554351720907087,0.7114177698033428,0.710217975835522,0.8031113553409376,5,10,10,0.7997,0.8005,0.656,0.6823,0.6186,0.8031,0.7966,0.6532,0.6796,0.6186,0.00016875610469179058,0.0005936816752108,0.0002698560097228,0.000323825665488,194.3,47,5,83.1,r-strb_sl12_st12_sp336_bu500_no0.2_re0.9_re0.5,,,,,,,,,,
yahoo-a4,vgru,strb,12,12,336,LITE,1000.0,0.05,0.9,0.5,,,,-0.0009461947488398126,-0.00501871175973625,0.0009461947488398126,0.7117198063423762,0.7101784389543985,0.8027286245744754,5,10,10,0.7997,0.8005,0.6571,0.6828,0.6184,0.8027,0.7967,0.6532,0.6799,0.6184,0.0004396257545977,0.0006641614842109,0.0003018923467075,0.00036226913750320004,217.4,47,5,84.2,r-strb_sl12_st12_sp336_bu1000_no0.05_re0.9_re0.5,,,,,,,,,,
yahoo-a4,vgru,strb,12,12,336,LITE,1000.0,0.2,0.9,0.5,,,,-0.0009740507087436124,-0.005093493921604663,0.0009740507087436124,0.7116192966550055,0.7100698679782256,0.8026145076028237,5,10,10,0.7997,0.8005,0.6572,0.6828,0.6179,0.8026,0.7967,0.6531,0.68,0.6179,0.00016999159247887375,0.0006635213192191999,0.00030160137436,0.000361919944859,217.2,47,5,83.6,r-strb_sl12_st12_sp336_bu1000_no0.2_re0.9_re0.5,,,,,,,,,,
yahoo-a4,vlstm,gdumb,12,12,336,LITE,100.0,,,0.5,,,,-0.0019396568349128284,-0.004617343269558894,0.0019396568349128284,0.7099226831840361,0.7075063655748172,0.8005867367988609,5,10,10,0.7989,0.8004,0.6513,0.6868,0.6123,0.798,0.7957,0.6443,0.6872,0.6123,0.0001812499654923,0.0002738220971715,0.0001244649210627,0.0001493571761087,89.6,52,5,89.6,r-gdumb_sl12_st12_sp336_bu100_re0.5,,,,,,,,,,
yahoo-a4,vlstm,derpp,12,12,336,LITE,100.0,,,0.5,,0.5,0.5,-0.0007911153963848338,-0.004269508688557655,0.0007911153963848338,0.7109115888853276,0.7093226250668612,0.8026829777858147,5,10,10,0.7989,0.8013,0.6623,0.6882,0.6039,0.7987,0.7984,0.658,0.6877,0.6039,0.0002216938097309,0.0003349223474088,0.0001522378567134,0.0001826844906954,109.6,39,5,109.6,r-derpp_sl12_st12_sp336_bu100_re0.5_al0.5_te0.5,,,,,,,,,,
yahoo-a4,vlstm,gdumb,12,12,336,LITE,500.0,,,0.5,,,,0.000902559968923733,-0.005056985039023787,-0.000902559968923733,0.7104438156987263,0.7099084449200702,0.8034466836730216,5,10,10,0.7989,0.8001,0.6553,0.6868,0.611,0.8025,0.7974,0.6539,0.6847,0.611,0.000175172164109,0.0002646401019284,0.0001202914431115,0.0001443486588168,86.6,43,5,86.6,r-gdumb_sl12_st12_sp336_bu500_re0.5,,,,,,,,,,
yahoo-a4,vlstm,derpp,12,12,336,LITE,500.0,,,0.5,,0.5,0.5,0.002054995125648118,-0.0035150041694154478,-0.002054995125648118,0.7097734608244617,0.7105697935138232,0.8034905748159644,5,10,10,0.7989,0.7969,0.6587,0.6861,0.6082,0.8035,0.7992,0.6565,0.6855,0.6082,0.000245872486575,0.0003714501116062,0.000168841545426,0.0002026085661801,121.6,36,5,121.6,r-derpp_sl12_st12_sp336_bu500_re0.5_al0.5_te0.5,,,,,,,,,,
yahoo-a4,vlstm,strb,12,12,336,LITE,50.0,0.05,0.9,0.5,,,,-0.00264224780969059,-0.006580795549093621,0.00264224780969059,0.7097561953579256,0.7088963078885238,0.7998151792362515,5,10,10,0.7989,0.7967,0.6549,0.6888,0.6095,0.7989,0.7998,0.6532,0.6831,0.6095,0.000359128559283,0.0005425509185059999,0.000246614882119,0.0002959360363869,177.6,41,5,82.1,r-strb_sl12_st12_sp336_bu50_no0.05_re0.9_re0.5,,,,,,,,,,
yahoo-a4,vlstm,strb,12,12,336,LITE,50.0,0.2,0.9,0.5,,,,-0.0026094269419445816,-0.0065859298420911875,0.0026094269419445816,0.7097322593200179,0.7089256149235167,0.7998234895223912,5,10,10,0.7989,0.7967,0.6549,0.6887,0.6095,0.7989,0.7998,0.6533,0.6831,0.6095,0.0003357965145956,0.0005073021978220999,0.00023059256921389998,0.000276709628608,166.0,41,5,81.5,r-strb_sl12_st12_sp336_bu50_no0.2_re0.9_re0.5,,,,,,,,,,
yahoo-a4,vlstm,strb,12,12,336,LITE,100.0,0.05,0.9,0.5,,,,-0.00547553669589188,-0.0046107392270067545,0.00547553669589188,0.7116117300309324,0.7090132574282733,0.8013874853738964,5,10,10,0.7989,0.7999,0.6554,0.6936,0.6103,0.7995,0.7988,0.6533,0.6832,0.6103,0.0001883526581468,0.0002845524396183,0.0001293426147571,0.0001552098248611,93.1,47,5,93.1,r-strb_sl12_st12_sp336_bu100_no0.05_re0.9_re0.5,,,,,,,,,,
yahoo-a4,vlstm,strb,12,12,336,LITE,100.0,0.2,0.9,0.5,,,,-0.00243057986362879,-0.005586199866948016,0.00243057986362879,0.7098993727469376,0.7088263007720164,0.7998567306669503,5,10,10,0.7989,0.7999,0.6543,0.6867,0.6097,0.7991,0.799,0.6534,0.6828,0.6097,0.0003760156401835,0.0005680629559551001,0.0002582113681128,0.00030985158784220003,185.9,45,5,100.2,r-strb_sl12_st12_sp336_bu100_no0.2_re0.9_re0.5,,,,,,,,,,
yahoo-a4,vlstm,strb,12,12,336,LITE,250.0,0.05,0.9,0.5,,,,-0.003150887486582843,-0.0064177237895807985,0.003150887486582843,0.7093395547254949,0.7066763052123021,0.7998151792362515,5,10,10,0.7989,0.7971,0.6565,0.6885,0.6056,0.7938,0.7967,0.648,0.6892,0.6056,0.00016087232842776854,0.000507627819942,0.0002307405714708,0.0002768872484711,166.1,36,5,79.2,r-strb_sl12_st12_sp336_bu250_no0.05_re0.9_re0.5,,,,,,,,,,
yahoo-a4,vlstm,strb,12,12,336,LITE,250.0,0.2,0.9,0.5,,,,-0.0018960693864208844,-0.0065790067794164854,0.0018960693864208844,0.7090482662069496,0.707953377919244,0.7998151792362515,5,10,10,0.7989,0.7971,0.6567,0.6875,0.605,0.7985,0.7974,0.6525,0.6864,0.605,0.0003597753470327,0.0005435280485020001,0.0002470594973942,0.0002964685511076,177.9,36,5,91.3,r-strb_sl12_st12_sp336_bu250_no0.2_re0.9_re0.5,,,,,,,,,,
yahoo-a4,vlstm,strb,12,12,336,LITE,500.0,0.05,0.9,0.5,,,,-0.0030242166137704916,-0.00844343003969431,0.0030242166137704916,0.707567165000332,0.7043644734844043,0.7998151792362515,5,10,10,0.7989,0.7954,0.6531,0.6873,0.6031,0.7875,0.7947,0.6466,0.6899,0.6031,0.0001631338010265,0.0002464532304615,0.0001120245258097,0.0001344287046518,80.7,42,5,80.7,r-strb_sl12_st12_sp336_bu500_no0.05_re0.9_re0.5,,,,,,,,,,
yahoo-a4,vlstm,strb,12,12,336,LITE,500.0,0.2,0.9,0.5,,,,-0.0029700188844680618,-0.008446657076951414,0.0029700188844680618,0.707560710925818,0.7044664148684951,0.7998151792362515,5,10,10,0.7989,0.7954,0.6531,0.6873,0.6031,0.7877,0.7947,0.6469,0.6899,0.6031,0.00036097973888830003,0.0005453475749379001,0.0002478859329265,0.0002974616420113,178.5,42,5,79.5,r-strb_sl12_st12_sp336_bu500_no0.2_re0.9_re0.5,,,,,,,,,,
yahoo-a4,vlstm,strb,12,12,336,LITE,1000.0,0.05,0.9,0.5,,,,-0.0007967837651148612,-0.007866728584884264,0.0007967837651148612,0.7076543028793756,0.7083910071080844,0.7998151792362515,5,10,10,0.7989,0.7967,0.6491,0.6866,0.607,0.799,0.7988,0.6523,0.685,0.607,0.00017227532041837686,0.0006502716388601,0.00029557880844529997,0.0003546928304146,212.8,46,5,84.7,r-strb_sl12_st12_sp336_bu1000_no0.05_re0.9_re0.5,,,,,,,,,,
yahoo-a4,vlstm,strb,12,12,336,LITE,1000.0,0.2,0.9,0.5,,,,-0.0008140433184851692,-0.007824862923337894,0.0008140433184851692,0.70768247427326,0.7083842910143867,0.7998151792362515,5,10,10,0.7989,0.7967,0.6492,0.6865,0.607,0.799,0.7988,0.6522,0.6849,0.607,0.0004394762542317,0.0006639356275954,0.0003017898821788,0.0003621457454166,217.3,46,5,89.0,r-strb_sl12_st12_sp336_bu1000_no0.2_re0.9_re0.5,,,,,,,,,,
yahoo-a4,vtcn,gdumb,12,12,336,LITE,100.0,,,0.5,,,,0.0040505530800525325,-0.0019836810376117732,-0.0040505530800525325,0.7066777801763238,0.7087782917229307,0.8005621577588129,5,10,10,0.7917,0.7935,0.6454,0.682,0.6209,0.7961,0.799,0.6392,0.6887,0.6209,8.74662136431932e-05,0.0001321389606137,6.0063677141442904e-05,7.207528347227102e-05,43.2,54,5,43.3,r-gdumb_sl12_st12_sp336_bu100_re0.5,,,,,,,,,,
yahoo-a4,vtcn,derpp,12,12,336,LITE,100.0,,,0.5,,0.5,0.5,-0.0010708228036555023,-0.0011624071778995383,0.0010708228036555023,0.7099695106491787,0.7084567649772714,0.8018844404850547,5,10,10,0.7917,0.8019,0.6623,0.6883,0.6057,0.7981,0.7972,0.6553,0.686,0.6057,0.0004730697124218,0.0007146867057977,0.0003248687217005,0.0003898179840971,233.9,48,5,233.9,r-derpp_sl12_st12_sp336_bu100_re0.5_al0.5_te0.5,,,,,,,,,,
yahoo-a4,vtcn,gdumb,12,12,336,LITE,500.0,,,0.5,,,,0.00461373221932686,-0.0042300749781547745,-0.00461373221932686,0.7070382915551624,0.7103077380529031,0.8034449280273038,5,10,10,0.7917,0.7924,0.6536,0.6831,0.6144,0.8034,0.7983,0.6537,0.6817,0.6144,0.0006224742710052,0.0009403985808161,0.0004274569410287,0.0005129416397873,307.8,54,5,307.8,r-gdumb_sl12_st12_sp336_bu500_re0.5,,,,,,,,,,
yahoo-a4,vtcn,derpp,12,12,336,LITE,500.0,,,0.5,,0.5,0.5,0.004184847538929804,7.521287956788747e-05,-0.004184847538929804,0.7082726227942402,0.7090961936557582,0.8032855547282205,5,10,10,0.7917,0.7924,0.6611,0.6814,0.6147,0.8025,0.7974,0.6501,0.6807,0.6147,6.226326526256512e-05,9.40637854723415e-05,4.27564858206703e-05,5.13072996516712e-05,30.8,42,5,30.8,r-derpp_sl12_st12_sp336_bu500_re0.5_al0.5_te0.5,,,,,,,,,,
yahoo-a4,vtcn,strb,12,12,336,LITE,50.0,0.05,0.9,0.5,,,,0.0022873762348618377,0.0025711292263882134,-0.0022873762348618377,0.7114601463561159,0.711990836275927,0.8034151951920008,5,10,10,0.7917,0.8022,0.652,0.6832,0.6282,0.8024,0.798,0.6561,0.6753,0.6282,0.00015239936469711325,0.00023023625706960002,0.00010465359901491966,0.0001255826580547728,75.4,50,5,40.9,r-strb_sl12_st12_sp336_bu50_no0.05_re0.9_re0.5,,,,,,,,,,
yahoo-a4,vtcn,strb,12,12,336,LITE,50.0,0.2,0.9,0.5,,,,0.0022873762348618377,0.0025711292263882134,-0.0022873762348618377,0.7114601463561159,0.711990836275927,0.8034151951920008,5,10,10,0.7917,0.8022,0.652,0.6832,0.6282,0.8024,0.798,0.6561,0.6753,0.6282,6.467290280778027e-05,0.000193185561534483,8.781206000906726e-05,0.00010537350152541573,63.2,50,5,31.9,r-strb_sl12_st12_sp336_bu50_no0.2_re0.9_re0.5,,,,,,,,,,
yahoo-a4,vtcn,strb,12,12,336,LITE,100.0,0.05,0.9,0.5,,,,0.0025974903439003882,0.003715308068830259,-0.0025974903439003882,0.7111252241787909,0.7115373820577556,0.8053234689452607,5,10,10,0.7917,0.8003,0.6542,0.6767,0.6327,0.8053,0.7969,0.6513,0.6714,0.6327,5.808046185652259e-05,8.774464495505931e-05,3.988415752408198e-05,4.786048743097733e-05,28.7,46,5,28.7,r-strb_sl12_st12_sp336_bu100_no0.05_re0.9_re0.5,,,,,,,,,,
yahoo-a4,vtcn,strb,12,12,336,LITE,100.0,0.2,0.9,0.5,,,,0.002353254473322286,0.0038998529373583833,-0.002353254473322286,0.7112768916536674,0.7115364136443174,0.8049986744874831,5,10,10,0.7917,0.8003,0.6542,0.6776,0.6326,0.805,0.7967,0.6514,0.6719,0.6326,0.0001252394897072438,0.00018920466896183048,8.60025732642195e-05,0.00010320209569763392,61.9,46,5,29.1,r-strb_sl12_st12_sp336_bu100_no0.2_re0.9_re0.5,,,,,,,,,,
yahoo-a4,vtcn,strb,12,12,336,LITE,250.0,0.05,0.9,0.5,,,,0.00156741258923625,0.00042042032501674596,-0.00156741258923625,0.7100544077785991,0.7098126788848287,0.8023915405966738,5,10,10,0.7917,0.8024,0.6588,0.6855,0.6118,0.8023,0.7981,0.655,0.6817,0.6118,0.00015606119320318916,0.0002357683384595,0.00010716784866979449,0.00012860048978977526,77.2,51,5,35.9,r-strb_sl12_st12_sp336_bu250_no0.05_re0.9_re0.5,,,,,,,,,,
yahoo-a4,vtcn,strb,12,12,336,LITE,250.0,0.2,0.9,0.5,,,,0.001817268616002976,-0.00027800545596333713,-0.001817268616002976,0.7094109248480238,0.7093023043234423,0.802388043825125,5,10,10,0.7917,0.8024,0.6585,0.6847,0.6097,0.8019,0.7983,0.6545,0.6822,0.6097,6.389914856468947e-05,0.00022440238358305221,0.00010200159073897845,0.00012240079284412785,73.4,48,5,31.5,r-strb_sl12_st12_sp336_bu250_no0.2_re0.9_re0.5,,,,,,,,,,
yahoo-a4,vtcn,strb,12,12,336,LITE,500.0,0.05,0.9,0.5,,,,0.0028656621380432346,7.781890056437479e-05,-0.0028656621380432346,0.710670968593832,0.7103517904207388,0.8033694352614419,5,10,10,0.7917,0.7984,0.6601,0.6845,0.6186,0.8034,0.7992,0.652,0.6786,0.6186,7.984762280036426e-05,0.0001206292286454,5.483227934002773e-05,6.57969493054164e-05,39.5,50,5,39.5,r-strb_sl12_st12_sp336_bu500_no0.05_re0.9_re0.5,,,,,,,,,,
yahoo-a4,vtcn,strb,12,12,336,LITE,500.0,0.2,0.9,0.5,,,,0.0037668177549449846,-0.0003112307116481916,-0.0037668177549449846,0.7097547198507398,0.7109503125669069,0.8030692198437125,5,10,10,0.7917,0.7984,0.6604,0.6851,0.6132,0.8031,0.799,0.6565,0.683,0.6132,0.00016701457394518185,0.0002523160805666081,0.00011468944890010688,0.00013762663166659572,82.6,47,5,29.4,r-strb_sl12_st12_sp336_bu500_no0.2_re0.9_re0.5,,,,,,,,,,
yahoo-a4,vtcn,strb,12,12,336,LITE,1000.0,0.05,0.9,0.5,,,,0.0014221622162177705,-0.0014921613056879334,-0.0014221622162177705,0.7099812948484507,0.7092275630399072,0.8042771040975016,5,10,10,0.7917,0.7983,0.6623,0.6802,0.6175,0.8043,0.7949,0.6518,0.6776,0.6175,0.0002242151224968206,0.00033873140275025485,0.000153969420600647,0.00018476198214950786,110.9,43,5,31.6,r-strb_sl12_st12_sp336_bu1000_no0.05_re0.9_re0.5,,,,,,,,,,
yahoo-a4,vtcn,strb,12,12,336,LITE,1000.0,0.2,0.9,0.5,,,,0.002350336182571211,-0.002735841778460657,-0.002350336182571211,0.70881785566192,0.709534403264912,0.8039663548054657,5,10,10,0.7917,0.7983,0.6622,0.6849,0.6069,0.804,0.7982,0.654,0.6846,0.6069,0.0002167114812593143,0.00032739533008126903,0.00014881651799786565,0.0001785788120833034,107.1,43,5,27.2,r-strb_sl12_st12_sp336_bu1000_no0.2_re0.9_re0.5,,,,,,,,,,
yahoo-a4,vgru-kl,naive,12,12,336,LITE,,,,,,,,0.022827443006780822,0.07667294034156075,-0.022827443006780822,0.8090432755266963,0.8328916404365962,0.8747523534730348,5,10,10,0.8021,0.851,0.7656,0.7805,0.8461,0.8562,0.8748,0.7949,0.7926,0.8461,0.0001120046049501,0.0001692101608792,7.691441886450371e-05,9.229574201473344e-05,55.4,31,5,55.4,r-naive_sl12_st12_sp336,,,,,,,,,,
yahoo-a4,vgru-kl,cumulative,12,12,336,LITE,,,,,,,,0.02640188916569356,0.04899940012899613,-0.02640188916569356,0.7795094302665969,0.8018153318973203,0.868175593022019,5,10,10,0.8021,0.8314,0.7356,0.7672,0.7613,0.8366,0.8441,0.7985,0.7686,0.7613,0.0002018887870585,0.0003050020501665,0.0001386383880802,0.0001663636620862,99.8,31,5,99.8,r-cumulative_sl12_st12_sp336,,,,,,,,,,
yahoo-a4,vgru-kl,experts,12,12,336,LITE,,,,,,,,0.01778257096097626,0.046283111702518566,-0.01778257096097626,0.7876850752058862,0.807126324137913,0.8655345840867992,5,10,10,0.8021,0.8475,0.7342,0.7671,0.7875,0.7902,0.8655,0.8072,0.7852,0.7875,0.0001244184775356,0.0001879643306587,8.543968941020365e-05,0.0001025246412485,61.5,37,5,61.5,r-experts_sl12_st12_sp336,,,,,,,,,,
yahoo-a4,vgru-kl,ewc,12,12,336,LITE,,,,,1000.0,,,0.00326305276359673,0.02553994413647085,-0.00326305276359673,0.8373375891790005,0.8441288708893664,0.8657058954174172,5,10,10,0.84,0.8468,0.8303,0.8045,0.8651,0.844,0.8442,0.8524,0.8149,0.8651,0.0001755554024387,0.0002652190765112,0.0001205547431121,0.000144664333399,86.8,63,5,86.8,r-ewc_sl12_st12_sp336_la1000,,,,,,,,,,
yahoo-a4,vgru-kl,lwf,12,12,336,LITE,,,,,,1.0,2.0,0.0014804472317366257,0.0261267761048957,-0.0014804472317366257,0.8400794151637045,0.8462840946170191,0.8700263288275035,5,10,10,0.84,0.8455,0.8329,0.812,0.87,0.8484,0.8437,0.8569,0.8125,0.87,0.0001701952763806,0.0002571213041648,0.0001168740354174,0.0001402472687473,84.1,63,5,84.2,r-lwf_sl12_st12_sp336_al1.0_te2.0,,,,,,,,,,
yahoo-a4,vgru-kl,random-buffer,12,12,336,LITE,100.0,,,0.5,,,,0.028440746577819687,0.06920972512423196,-0.028440746577819687,0.8066561829783223,0.8371708896828327,0.8751761780661632,5,10,10,0.8021,0.8427,0.7633,0.7793,0.8459,0.8624,0.8752,0.8003,0.8021,0.8459,0.0001541865297343,0.0002329362039477,0.0001058810201978,0.0001270551837499,76.2,31,5,76.3,r-random-buffer_sl12_st12_sp336_bu100_re0.5,,,,,,,,,,
yahoo-a4,vgru-kl,reservoir,12,12,336,LITE,100.0,,,0.5,,,,0.016592066776412596,0.06764267622187282,-0.016592066776412596,0.8063625489805342,0.8256704602280287,0.8673645090947772,5,10,10,0.8021,0.8429,0.7648,0.775,0.8471,0.8325,0.8674,0.7938,0.7876,0.8471,0.0001579681547735,0.0002386492670987,0.000108477503069,0.0001301717640296,78.1,31,5,78.1,r-reservoir_sl12_st12_sp336_bu100_re0.5,,,,,,,,,,
yahoo-a4,vgru-kl,random-buffer,12,12,336,LITE,500.0,,,0.5,,,,0.021497614419060184,0.06804902681629994,-0.021497614419060184,0.8074252489876862,0.8323231793749128,0.8762565152643335,5,10,10,0.8021,0.845,0.7671,0.7784,0.8445,0.8396,0.8763,0.8099,0.7913,0.8445,0.0001520343151362,0.0002296847610401,0.0001044029211813,0.0001252818398588,75.2,31,5,75.2,r-random-buffer_sl12_st12_sp336_bu500_re0.5,,,,,,,,,,
yahoo-a4,vgru-kl,reservoir,12,12,336,LITE,500.0,,,0.5,,,,0.014604586576087009,0.0618675602717013,-0.014604586576087009,0.8017008603796969,0.8169117339782325,0.8653500957344964,5,10,10,0.8021,0.8443,0.7586,0.7739,0.8296,0.8212,0.8654,0.7906,0.7778,0.8296,0.0001475731515457,0.0002229450898525,0.0001013390861716,0.0001216060036808,73.0,31,5,73.0,r-reservoir_sl12_st12_sp336_bu500_re0.5,,,,,,,,,,
yahoo-a4,vgru-kl,gdumb,12,12,336,LITE,100.0,,,0.5,,,,0.025727726127381924,0.06921769564779719,-0.025727726127381924,0.8072983060239267,0.8319786752114556,0.8741905781299861,5,10,10,0.8021,0.8427,0.7579,0.7832,0.8507,0.8435,0.8742,0.7998,0.7918,0.8507,0.0001726234202779,0.0002607896053002,0.0001185414974525,0.0001422481078476,85.4,31,5,85.4,r-gdumb_sl12_st12_sp336_bu100_re0.5,,,,,,,,,,
yahoo-a4,vgru-kl,derpp,12,12,336,LITE,100.0,,,0.5,,0.5,0.5,0.017983267906826795,0.07577197432132969,-0.017983267906826795,0.8129082328761035,0.8327513373877075,0.8740692479523456,5,10,10,0.8021,0.8526,0.7832,0.778,0.8487,0.8359,0.8741,0.813,0.7921,0.8487,0.0002196110839436,0.0003317758842282,0.0001508083399909,0.0001809675442373,108.6,31,5,108.6,r-derpp_sl12_st12_sp336_bu100_re0.5_al0.5_te0.5,,,,,,,,,,
yahoo-a4,vgru-kl,gdumb,12,12,336,LITE,500.0,,,0.5,,,,0.018131974749180945,0.0640076310856896,-0.018131974749180945,0.8026763464773999,0.8224791834539605,0.86879221625359,5,10,10,0.8021,0.845,0.7509,0.7766,0.8388,0.8293,0.8688,0.7935,0.782,0.8388,0.0001534945427849,0.0002318907895821,0.0001054060711809,0.0001264847184011,75.9,31,5,75.9,r-gdumb_sl12_st12_sp336_bu500_re0.5,,,,,,,,,,
yahoo-a4,vgru-kl,derpp,12,12,336,LITE,500.0,,,0.5,,0.5,0.5,0.022303193577038905,0.07718966744568773,-0.022303193577038905,0.8153043934916695,0.8345243222416062,0.8774515344112328,5,10,10,0.8021,0.8585,0.7873,0.7842,0.8445,0.8456,0.8775,0.8104,0.7947,0.8445,0.0002657622778432,0.0004014984724021,0.0001825011105923,0.0002189973618097,131.4,31,5,131.4,r-derpp_sl12_st12_sp336_bu500_re0.5_al0.5_te0.5,,,,,,,,,,
yahoo-a4,vgru-kl,strb,12,12,336,LITE,50.0,0.05,0.9,0.5,,,,0.019811104847468276,0.03256841310156391,-0.019811104847468276,0.7801007916803004,0.8032023161888755,0.856710722263589,5,10,10,0.8021,0.8289,0.7067,0.7527,0.8101,0.8298,0.8567,0.7538,0.7656,0.8101,0.0001450012933017,0.0002190596732894,9.957319988494012e-05,0.0001194864734044,71.7,31,5,71.7,r-strb_sl12_st12_sp336_bu50_no0.05_re0.9_re0.5,,,,,,,,,,
yahoo-a4,vgru-kl,strb,12,12,336,LITE,50.0,0.2,0.9,0.5,,,,0.020268749921126983,0.0356481737669553,-0.020268749921126983,0.781993453000856,0.8037669270742338,0.8562054568662908,5,10,10,0.8021,0.8289,0.7132,0.7541,0.8117,0.83,0.8562,0.7536,0.7672,0.8117,0.0001357606899648,0.0002050994974738,9.32273008091013e-05,0.0001118721966647,67.1,31,5,67.1,r-strb_sl12_st12_sp336_bu50_no0.2_re0.9_re0.5,,,,,,,,,,
yahoo-a4,vgru-kl,strb,12,12,336,LITE,100.0,0.05,0.9,0.5,,,,0.020288878228172835,0.027670462367132654,-0.020288878228172835,0.7773920623328557,0.8010397631174035,0.8537256674821828,5,10,10,0.8021,0.8268,0.7004,0.7515,0.8063,0.8342,0.8537,0.7474,0.7636,0.8063,0.0001487474639809,0.0002247191740179,0.0001021455649894,0.0001225736090284,73.5,31,5,73.6,r-strb_sl12_st12_sp336_bu100_no0.05_re0.9_re0.5,,,,,,,,,,
yahoo-a4,vgru-kl,strb,12,12,336,LITE,100.0,0.2,0.9,0.5,,,,0.020610275260332944,0.02858470438348957,-0.020610275260332944,0.7779876803825492,0.8018966574169285,0.8555140410594617,5,10,10,0.8021,0.8268,0.704,0.7504,0.8067,0.8327,0.8555,0.7498,0.7648,0.8067,0.0001448957368658,0.000218900204654,9.95005163208892e-05,0.0001193996883331,71.6,31,5,71.7,r-strb_sl12_st12_sp336_bu100_no0.2_re0.9_re0.5,,,,,,,,,,
yahoo-a4,vgru-kl,strb,12,12,336,LITE,250.0,0.05,0.9,0.5,,,,0.025546516621230475,0.018060409215438066,-0.025546516621230475,0.7764801617828269,0.8066179666635286,0.8571295606850334,5,10,10,0.8021,0.8155,0.7011,0.7539,0.8098,0.8431,0.8571,0.758,0.7651,0.8098,0.0001564202086352,0.0002363107184719,0.0001074145006934,0.0001288962177784,77.3,31,5,77.4,r-strb_sl12_st12_sp336_bu250_no0.05_re0.9_re0.5,,,,,,,,,,
yahoo-a4,vgru-kl,strb,12,12,336,LITE,250.0,0.2,0.9,0.5,,,,0.027149998154437006,0.0187858402773328,-0.027149998154437006,0.7770385225501095,0.8085368602330811,0.8594414822891181,5,10,10,0.8021,0.8155,0.7021,0.7542,0.8114,0.8436,0.8594,0.7607,0.7676,0.8114,0.000154397326955,0.0002332546643507,0.0001060254910889,0.0001272291732618,76.3,31,5,76.4,r-strb_sl12_st12_sp336_bu250_no0.2_re0.9_re0.5,,,,,,,,,,
yahoo-a4,vgru-kl,strb,12,12,336,LITE,500.0,0.05,0.9,0.5,,,,0.024272815052325147,0.024925297325056207,-0.024272815052325147,0.7805150136332071,0.8084881540826079,0.8570664025103713,5,10,10,0.8021,0.8201,0.7073,0.7556,0.8175,0.8417,0.8571,0.7586,0.7676,0.8175,0.0001642008588452,0.0002480652804773,0.0001127586517948,0.0001353066286824,81.2,31,5,81.2,r-strb_sl12_st12_sp336_bu500_no0.05_re0.9_re0.5,,,,,,,,,,
yahoo-a4,vgru-kl,strb,12,12,336,LITE,500.0,0.2,0.9,0.5,,,,0.024530639409399126,0.026557940737066743,-0.024530639409399126,0.7815824148265356,0.8089200937220224,0.8572791458355494,5,10,10,0.8021,0.8201,0.7102,0.7559,0.8197,0.8416,0.8573,0.7577,0.7684,0.8197,0.0003660387198526,0.000552990394474,0.0002513630495387,0.0003016273449353,181.0,31,5,181.1,r-strb_sl12_st12_sp336_bu500_no0.2_re0.9_re0.5,,,,,,,,,,
yahoo-a4,vgru-kl,strb,12,12,336,LITE,1000.0,0.05,0.9,0.5,,,,0.015802569431055746,0.04339601433600515,-0.015802569431055746,0.7903951013264983,0.8091777877391936,0.8566193091160516,5,10,10,0.8021,0.8333,0.7312,0.7609,0.8246,0.8297,0.8566,0.7645,0.7705,0.8246,0.0003620490168794,0.0005469629790632,0.0002486212359359,0.0002983417431272,179.0,31,5,179.1,r-strb_sl12_st12_sp336_bu1000_no0.05_re0.9_re0.5,,,,,,,,,,
yahoo-a4,vgru-kl,strb,12,12,336,LITE,1000.0,0.2,0.9,0.5,,,,0.016070092651464852,0.04590675936612376,-0.016070092651464852,0.7928711471356189,0.8113454188438954,0.8586968806509946,5,10,10,0.8021,0.8333,0.7379,0.7635,0.8276,0.828,0.8587,0.7692,0.7732,0.8276,0.0003477217852411,0.0005253182156935,0.0002387830725677,0.0002865351431258,171.9,31,5,171.9,r-strb_sl12_st12_sp336_bu1000_no0.2_re0.9_re0.5,,,,,,,,,,
yahoo-a4,vlstm-kl,naive,12,12,336,LITE,,,,,,,,0.006052752697044084,0.07597616629241019,-0.006052752697044084,0.802151689702176,0.8087935326071325,0.8592736145090948,5,10,10,0.7952,0.8502,0.7926,0.7792,0.7935,0.7984,0.8537,0.8167,0.7816,0.7935,0.0002996334246139,0.0004526690666539,0.0002057608535286,0.0002469082131252,148.1,30,5,148.2,r-naive_sl12_st12_sp336,,,,,,,,,,
yahoo-a4,vlstm-kl,cumulative,12,12,336,LITE,,,,,,,,0.024078264896185596,0.06509574963032685,-0.024078264896185596,0.7909051483322214,0.812830410845703,0.8693955430273376,5,10,10,0.7952,0.8387,0.7452,0.7617,0.8137,0.8362,0.8627,0.7783,0.7733,0.8137,0.0004079035475777,0.0006162373854143,0.0002801104822888,0.0003361269031255,201.7,30,5,201.7,r-cumulative_sl12_st12_sp336,,,,,,,,,,
yahoo-a4,vlstm-kl,experts,12,12,336,LITE,,,,,,,,0.01959584543741172,0.057236338692403396,-0.01959584543741172,0.7869783497613885,0.8113651506056743,0.8659766913094352,5,10,10,0.7952,0.8423,0.7379,0.7738,0.7855,0.8083,0.866,0.8098,0.7872,0.7855,0.0002769695497036,0.0004184297787118,0.0001901979810752,0.0002282317976366,136.9,32,5,137.0,r-experts_sl12_st12_sp336,,,,,,,,,,
yahoo-a4,vlstm-kl,ewc,12,12,336,LITE,,,,,1000.0,,,0.017802572226526103,0.011928276460020737,-0.017802572226526103,0.8883345191232944,0.90619103887524,0.9317229380379958,5,10,10,0.8822,0.9097,0.9043,0.8374,0.9081,0.9317,0.9221,0.9131,0.8558,0.9081,0.0003773401013543,0.0005700638762556,0.0002591271256342,0.0003109367506213,186.6,60,5,186.6,r-ewc_sl12_st12_sp336_la1000,,,,,,,,,,
yahoo-a4,vlstm-kl,lwf,12,12,336,LITE,,,,,,1.0,2.0,0.00792080462943252,0.008417411911285599,-0.00792080462943252,0.889100672279897,0.8980726442765292,0.9159198489522391,5,10,10,0.8822,0.9056,0.8914,0.8528,0.9136,0.9048,0.9047,0.9068,0.8604,0.9136,0.0003513273439544,0.0005307652878938,0.000241259659839,0.0002895056280548,173.7,57,5,173.7,r-lwf_sl12_st12_sp336_al1.0_te2.0,,,,,,,,,,
yahoo-a4,vlstm-kl,random-buffer,12,12,336,LITE,100.0,,,0.5,,,,0.016783946671394222,0.0805182337382606,-0.016783946671394222,0.8088733934751554,0.8240466242976148,0.8644442745452612,5,10,10,0.7952,0.8422,0.8039,0.7836,0.8194,0.8159,0.8604,0.8379,0.7867,0.8194,0.0003688587719552,0.0005572507681451,0.0002533007787023,0.0003039499894428,182.4,30,5,182.4,r-random-buffer_sl12_st12_sp336_bu100_re0.5,,,,,,,,,,
yahoo-a4,vlstm-kl,reservoir,12,12,336,LITE,100.0,,,0.5,,,,0.013620275846260155,0.07158995115827084,-0.013620275846260155,0.803319083583558,0.8172309987311817,0.8630714152749708,5,10,10,0.7952,0.8436,0.7975,0.7825,0.7977,0.8111,0.8631,0.8204,0.7939,0.7977,0.0003560501321265,0.0005379002065586,0.000244503563777,0.0002933966427816,176.0,30,5,176.1,r-reservoir_sl12_st12_sp336_bu100_re0.5,,,,,,,,,,
yahoo-a4,vlstm-kl,random-buffer,12,12,336,LITE,500.0,,,0.5,,,,0.010346930084681938,0.08156752398367532,-0.010346930084681938,0.8122330736528431,0.821382448006729,0.8658054994149558,5,10,10,0.7952,0.8487,0.8084,0.7846,0.8242,0.7985,0.861,0.8331,0.7901,0.8242,0.0002888858869463,0.0004364323005084,0.0001983808311342,0.0002380514693741,142.8,30,5,142.9,r-random-buffer_sl12_st12_sp336_bu500_re0.5,,,,,,,,,,
yahoo-a4,vlstm-kl,reservoir,12,12,336,LITE,500.0,,,0.5,,,,0.010034319249381673,0.0721466190603914,-0.010034319249381673,0.8031867806497989,0.8120305475946553,0.862328475694075,5,10,10,0.7952,0.8427,0.8042,0.7732,0.8006,0.802,0.8623,0.8171,0.7781,0.8006,0.0003115749574408,0.0004707096525002,0.0002139622211805,0.0002567474313196,154.1,30,5,154.1,r-reservoir_sl12_st12_sp336_bu500_re0.5,,,,,,,,,,
yahoo-a4,vlstm-kl,gdumb,12,12,336,LITE,100.0,,,0.5,,,,0.017523905000271588,0.07398600087160122,-0.017523905000271588,0.8041650554329944,0.8180718401455952,0.8639390091479631,5,10,10,0.7952,0.8422,0.7939,0.7849,0.8046,0.8152,0.8609,0.8228,0.7869,0.8046,0.0003468838513475,0.0005240523130191,0.0002382083539922,0.0002858439590269,171.5,30,5,171.5,r-gdumb_sl12_st12_sp336_bu100_re0.5,,,,,,,,,,
yahoo-a4,vlstm-kl,derpp,12,12,336,LITE,100.0,,,0.5,,0.5,0.5,0.019702232410847276,0.08234705182499773,-0.019702232410847276,0.8134552700870648,0.8308408355545097,0.8771922534836718,5,10,10,0.7952,0.8426,0.814,0.7955,0.82,0.8172,0.8772,0.8382,0.8017,0.82,0.0004252796578659,0.0006424882205351,0.0002920429976844,0.0003504452228507,210.3,30,5,210.3,r-derpp_sl12_st12_sp336_bu100_re0.5_al0.5_te0.5,,,,,,,,,,
yahoo-a4,vlstm-kl,gdumb,12,12,336,LITE,500.0,,,0.5,,,,0.009602208763381415,0.08009394693428144,-0.009602208763381415,0.8110970026220997,0.8181114435539882,0.8627223832571003,5,10,10,0.7952,0.8487,0.8091,0.7864,0.816,0.8004,0.8595,0.8266,0.7881,0.816,0.0003362065954894,0.0005079217246178,0.0002308753796872,0.0002770463449306,166.2,30,5,166.2,r-gdumb_sl12_st12_sp336_bu500_re0.5,,,,,,,,,,
yahoo-a4,vlstm-kl,derpp,12,12,336,LITE,500.0,,,0.5,,0.5,0.5,0.02022049577945274,0.0804797377597796,-0.02022049577945274,0.8117745256567185,0.8285416798104794,0.8821950457398149,5,10,10,0.7952,0.8463,0.8153,0.7913,0.8107,0.8151,0.8822,0.8391,0.7956,0.8107,0.0003431250360124,0.0005183737094666,0.0002356259127315,0.0002827477967351,169.7,30,5,169.7,r-derpp_sl12_st12_sp336_bu500_re0.5_al0.5_te0.5,,,,,,,,,,
yahoo-a4,vlstm-kl,strb,12,12,336,LITE,50.0,0.05,0.9,0.5,,,,0.02674002392910386,0.043723173294744865,-0.02674002392910386,0.7866092666024924,0.8127749057387608,0.8728310153175194,5,10,10,0.7952,0.8184,0.7679,0.78,0.7715,0.8181,0.8728,0.8186,0.7829,0.7715,0.0001368782361343,0.0002067878224066,9.399470462877718e-05,0.0001127931177779,67.7,30,5,67.7,r-strb_sl12_st12_sp336_bu50_no0.05_re0.9_re0.5,,,,,,,,,,
yahoo-a4,vlstm-kl,strb,12,12,336,LITE,50.0,0.2,0.9,0.5,,,,0.026746787438944652,0.04388842190893651,-0.026746787438944652,0.7868231530409442,0.8129135656623211,0.8727412642272099,5,10,10,0.7952,0.8184,0.7689,0.7804,0.7713,0.8183,0.8727,0.819,0.7832,0.7713,0.0001341009900064,0.0002025921175575,9.208760734893276e-05,0.0001105045102086,66.3,30,5,66.3,r-strb_sl12_st12_sp336_bu50_no0.2_re0.9_re0.5,,,,,,,,,,
yahoo-a4,vlstm-kl,strb,12,12,336,LITE,100.0,0.05,0.9,0.5,,,,0.02869322685312018,0.04245513214982015,-0.02869322685312018,0.7869065816316552,0.8176077375158943,0.8771473779385173,5,10,10,0.7952,0.8165,0.7686,0.7752,0.779,0.8201,0.8771,0.828,0.7838,0.779,0.0001362833190714,0.000205889055682,9.35863333922397e-05,0.0001123027222898,67.4,30,5,67.4,r-strb_sl12_st12_sp336_bu100_no0.05_re0.9_re0.5,,,,,,,,,,
yahoo-a4,vlstm-kl,strb,12,12,336,LITE,100.0,0.2,0.9,0.5,,,,0.02656861445994545,0.04145528806742872,-0.02656861445994545,0.784557099157594,0.8113179119916012,0.8746210509520265,5,10,10,0.7952,0.8165,0.7686,0.7749,0.7676,0.816,0.8746,0.8181,0.7803,0.7676,0.0001373160233518,0.0002074492063339,9.429533015289862e-05,0.000113153876181,67.9,30,5,67.9,r-strb_sl12_st12_sp336_bu100_no0.2_re0.9_re0.5,,,,,,,,,,
yahoo-a4,vlstm-kl,strb,12,12,336,LITE,250.0,0.05,0.9,0.5,,,,0.021119640017460094,0.03792611131302891,-0.021119640017460094,0.7854978840331215,0.8088947870413803,0.86426643442187,5,10,10,0.7952,0.8137,0.7728,0.7724,0.7734,0.8189,0.8643,0.811,0.777,0.7734,0.0001386180179456,0.0002094161854129,9.518961944268084e-05,0.0001142265659702,68.5,30,5,68.6,r-strb_sl12_st12_sp336_bu250_no0.05_re0.9_re0.5,,,,,,,,,,
yahoo-a4,vlstm-kl,strb,12,12,336,LITE,250.0,0.2,0.9,0.5,,,,0.02220161251852463,0.039189846365951984,-0.02220161251852463,0.7873851050266684,0.8113453329699233,0.8665201840229764,5,10,10,0.7952,0.8137,0.7762,0.7739,0.7779,0.8212,0.8665,0.8137,0.7775,0.7779,0.0001371213781635,0.0002071551474992,9.416177743049855e-05,0.0001129933700687,67.8,30,5,67.8,r-strb_sl12_st12_sp336_bu250_no0.2_re0.9_re0.5,,,,,,,,,,
yahoo-a4,vlstm-kl,strb,12,12,336,LITE,500.0,0.05,0.9,0.5,,,,0.023122677769816958,0.04411052596283287,-0.023122677769816958,0.7907424433478492,0.8137012814360804,0.8679678358685247,5,10,10,0.7952,0.8132,0.7858,0.7755,0.7839,0.8207,0.868,0.8181,0.7778,0.7839,0.0001395928688903,0.000210888934549,9.585885260409364e-05,0.000115030081945,69.0,30,5,69.0,r-strb_sl12_st12_sp336_bu500_no0.05_re0.9_re0.5,,,,,,,,,,
yahoo-a4,vlstm-kl,strb,12,12,336,LITE,500.0,0.2,0.9,0.5,,,,0.022111310454437417,0.04339789445909329,-0.022111310454437417,0.7903094726086137,0.8121588101675936,0.8673262817785342,5,10,10,0.7952,0.8132,0.7871,0.7743,0.7817,0.8208,0.8673,0.8156,0.7754,0.7817,0.0001444850860946,0.0002182798169201,9.921851330954168e-05,0.0001190613036106,71.4,30,5,71.5,r-strb_sl12_st12_sp336_bu500_no0.2_re0.9_re0.5,,,,,,,,,,
yahoo-a4,vlstm-kl,strb,12,12,336,LITE,1000.0,0.05,0.9,0.5,,,,0.017063831547591335,0.05857764494717129,-0.017063831547591335,0.7995578230403785,0.8150384562684503,0.8694005291990214,5,10,10,0.7952,0.8304,0.8056,0.7763,0.7902,0.8171,0.8694,0.8199,0.7787,0.7902,0.0001427189891219,0.0002156116984706,9.80055524307924e-05,0.0001176061460399,70.6,30,5,70.6,r-strb_sl12_st12_sp336_bu1000_no0.05_re0.9_re0.5,,,,,,,,,,
yahoo-a4,vlstm-kl,strb,12,12,336,LITE,1000.0,0.2,0.9,0.5,,,,0.01696906660757632,0.05855400688714498,-0.01696906660757632,0.7996099681858563,0.8149271446983464,0.8699257392830549,5,10,10,0.7952,0.8304,0.8057,0.7763,0.7904,0.8164,0.8699,0.8194,0.7785,0.7904,0.0001432161477043,0.0002163627772656,9.834703379569369e-05,0.0001180157434699,70.8,30,5,70.8,r-strb_sl12_st12_sp336_bu1000_no0.2_re0.9_re0.5,,,,,,,,,,
yahoo-a4,vtcn-kl,naive,12,12,336,LITE,,,,,,,,0.024945125465726303,0.06537632453800465,-0.024945125465726303,0.8082441704360204,0.8325191537688135,0.8865263668758643,5,10,10,0.8099,0.849,0.7769,0.7754,0.83,0.839,0.8865,0.8239,0.7832,0.83,4.207845398879365e-05,6.356972529979733e-05,2.889556828692245e-05,3.4674157012874884e-05,20.8,30,5,20.8,r-naive_sl12_st12_sp336,,,,,,,,,,
yahoo-a4,vtcn-kl,cumulative,12,12,336,LITE,,,,,,,,0.021886363879188287,0.0318452677663297,-0.021886363879188287,0.7781969811295087,0.804927092936342,0.8727961121157324,5,10,10,0.8099,0.8365,0.7065,0.7636,0.7745,0.818,0.8728,0.7916,0.7677,0.7745,6.442380420577958e-05,9.732780432522606e-05,4.42400783552633e-05,5.3087725969962776e-05,31.9,30,5,31.9,r-cumulative_sl12_st12_sp336,,,,,,,,,,
yahoo-a4,vtcn-kl,experts,12,12,336,LITE,,,,,,,,0.021035773052674088,0.0658740685966469,-0.021035773052674088,0.8088287199934904,0.8293680489998474,0.8774880996702478,5,10,10,0.8099,0.8425,0.7834,0.7849,0.8234,0.8448,0.8775,0.8173,0.7839,0.8234,4.006102764526698e-05,6.052191278974837e-05,2.7510072512086483e-05,3.3011840277661877e-05,19.8,32,5,19.8,r-experts_sl12_st12_sp336,,,,,,,,,,
yahoo-a4,vtcn-kl,ewc,12,12,336,LITE,,,,,1000.0,,,0.005159925285188949,0.023843148723375174,-0.005159925285188949,0.8723180671036351,0.8772009908042891,0.8986729074019779,5,10,10,0.8859,0.876,0.8743,0.8363,0.8892,0.8952,0.8829,0.878,0.8407,0.8892,5.90097974099206e-05,8.914863203729813e-05,4.0522207176157587e-05,4.862642486114055e-05,29.2,64,5,29.2,r-ewc_sl12_st12_sp336_la1000,,,,,,,,,,
yahoo-a4,vtcn-kl,lwf,12,12,336,LITE,,,,,,1.0,2.0,0.030755574032967227,0.03591674419896986,-0.030755574032967227,0.8840667314059022,0.918186654392757,0.9556594117533459,5,10,10,0.8859,0.8755,0.8788,0.8622,0.918,0.9557,0.9204,0.9233,0.8736,0.918,8.011307684497557e-05,0.0001210302614566,5.5014235069069806e-05,6.601602638761202e-05,39.6,73,5,39.6,r-lwf_sl12_st12_sp336_al1.0_te2.0,,,,,,,,,,
yahoo-a4,vtcn-kl,random-buffer,12,12,336,LITE,100.0,,,0.5,,,,0.02885685310274606,0.06584030367320182,-0.02885685310274606,0.8123199957015486,0.8426135459032829,0.8848227582172109,5,10,10,0.8099,0.8437,0.7826,0.7837,0.8416,0.8646,0.8848,0.8283,0.7938,0.8416,4.6208199233147384e-05,6.980870857640791e-05,3.173134218862591e-05,3.8077366387782e-05,22.8,30,5,22.9,r-random-buffer_sl12_st12_sp336_bu100_re0.5,,,,,,,,,,
yahoo-a4,vtcn-kl,reservoir,12,12,336,LITE,100.0,,,0.5,,,,0.01114353444674776,0.05807218012396158,-0.01114353444674776,0.8026105876268957,0.8186124917734412,0.8755385065418572,5,10,10,0.8099,0.8558,0.7732,0.7631,0.811,0.8366,0.8755,0.7885,0.7814,0.811,5.2528657678611775e-05,7.935729625156253e-05,3.6072285765031765e-05,4.328501048653076e-05,26.0,30,5,26.0,r-reservoir_sl12_st12_sp336_bu100_re0.5,,,,,,,,,,
yahoo-a4,vtcn-kl,random-buffer,12,12,336,LITE,500.0,,,0.5,,,,0.022842716197323643,0.06924133566662208,-0.022842716197323643,0.81277848857773,0.83956681295692,0.8901197346027019,5,10,10,0.8099,0.8547,0.7886,0.7749,0.8357,0.8509,0.8901,0.8323,0.7888,0.8357,4.600538375720688e-05,6.950230653759919e-05,3.159207077438218e-05,3.7910235763217015e-05,22.7,30,5,22.8,r-random-buffer_sl12_st12_sp336_bu500_re0.5,,,,,,,,,,
yahoo-a4,vtcn-kl,reservoir,12,12,336,LITE,500.0,,,0.5,,,,0.01808971521732803,0.06401165651840159,-0.01808971521732803,0.8066809183375294,0.8245904331293911,0.8870598872460376,5,10,10,0.8099,0.847,0.7856,0.7742,0.8166,0.8333,0.8871,0.809,0.7769,0.8166,4.816802805827171e-05,7.27695060448928e-05,3.307716979308882e-05,3.969233625180399e-05,23.8,30,5,23.8,r-reservoir_sl12_st12_sp336_bu500_re0.5,,,,,,,,,,
yahoo-a4,vtcn-kl,gdumb,12,12,336,LITE,100.0,,,0.5,,,,0.02624632137363836,0.05662923783138921,-0.02624632137363836,0.8036735998754765,0.8313756472617664,0.8838421444527178,5,10,10,0.8099,0.8437,0.7601,0.779,0.8256,0.8521,0.8838,0.8064,0.7889,0.8256,5.245887643546934e-05,7.925187473444062e-05,3.60240544567609e-05,4.322782027767971e-05,25.9,30,5,26.0,r-gdumb_sl12_st12_sp336_bu100_re0.5,,,,,,,,,,
yahoo-a4,vtcn-kl,derpp,12,12,336,LITE,100.0,,,0.5,,0.5,0.5,0.02224280288143009,0.06458199532324063,-0.02224280288143009,0.8074667351020459,0.8304954588088936,0.8860759493670886,5,10,10,0.8099,0.8493,0.7746,0.7869,0.8166,0.8419,0.8861,0.8107,0.7971,0.8166,5.621761680411961e-05,8.49303650319214e-05,3.8604830380710256e-05,4.632553465121115e-05,27.8,30,5,27.8,r-derpp_sl12_st12_sp336_bu100_re0.5_al0.5_te0.5,,,,,,,,,,
yahoo-a4,vtcn-kl,gdumb,12,12,336,LITE,500.0,,,0.5,,,,0.018855975668441705,0.07017317981550254,-0.018855975668441705,0.812104045586098,0.8355794217005439,0.8874055951494522,5,10,10,0.8099,0.8547,0.7841,0.7797,0.8321,0.8444,0.8874,0.8222,0.7918,0.8321,5.327189917263495e-05,8.048014305622523e-05,3.6582187500446006e-05,4.389795555577924e-05,26.3,30,5,26.4,r-gdumb_sl12_st12_sp336_bu500_re0.5,,,,,,,,,,
yahoo-a4,vtcn-kl,derpp,12,12,336,LITE,500.0,,,0.5,,0.5,0.5,0.025888180887246127,0.06004777755198369,-0.025888180887246127,0.8045452306520996,0.8333980349651238,0.8857501861504095,5,10,10,0.8099,0.8463,0.7603,0.778,0.8282,0.8489,0.8858,0.8065,0.7976,0.8282,9.45474970874108e-05,0.0001428369592483,6.4926527372639e-05,7.791043187569206e-05,46.7,31,5,46.8,r-derpp_sl12_st12_sp336_bu500_re0.5_al0.5_te0.5,,,,,,,,,,
yahoo-a4,vtcn-kl,strb,12,12,336,LITE,50.0,0.05,0.9,0.5,,,,0.02117295561755782,0.008842106939204586,-0.02117295561755782,0.7683617151425836,0.7981197480761152,0.8630315259014998,5,10,10,0.8099,0.8116,0.6983,0.7487,0.7733,0.829,0.863,0.761,0.7642,0.7733,7.685946953045606e-05,0.0001161148973306,5.278014809203644e-05,6.333474923856557e-05,38.0,30,5,38.0,r-strb_sl12_st12_sp336_bu50_no0.05_re0.9_re0.5,,,,,,,,,,
yahoo-a4,vtcn-kl,strb,12,12,336,LITE,50.0,0.2,0.9,0.5,,,,0.020344223269690397,0.012421754906023597,-0.020344223269690397,0.771350884270033,0.8005192778115464,0.8678182507180088,5,10,10,0.8099,0.8116,0.7132,0.747,0.7749,0.8308,0.8678,0.7667,0.7624,0.7749,6.756558291407319e-05,0.0001020742241792,4.639813084569243e-05,5.5676093333556006e-05,33.4,30,5,33.4,r-strb_sl12_st12_sp336_bu50_no0.2_re0.9_re0.5,,,,,,,,,,
yahoo-a4,vtcn-kl,strb,12,12,336,LITE,100.0,0.05,0.9,0.5,,,,0.02226101183592264,0.0069680134897111,-0.02226101183592264,0.7671134679879941,0.7983963030385302,0.8641451042442294,5,10,10,0.8099,0.8158,0.6873,0.7502,0.7724,0.8311,0.8641,0.7606,0.7638,0.7724,6.483001959011257e-05,9.79414913300166e-05,4.4519229108441825e-05,5.342226222157478e-05,32.1,30,5,32.1,r-strb_sl12_st12_sp336_bu100_no0.05_re0.9_re0.5,,,,,,,,,,
yahoo-a4,vtcn-kl,strb,12,12,336,LITE,100.0,0.2,0.9,0.5,,,,0.020934229101389847,0.00895120071683445,-0.020934229101389847,0.7690375523524715,0.7990455931932805,0.8650185153175193,5,10,10,0.8099,0.8158,0.6966,0.749,0.7739,0.8308,0.865,0.7626,0.7629,0.7739,4.8039070467731414e-05,7.257468428152303e-05,3.2988595601636915e-05,3.958608867988612e-05,23.8,30,5,23.8,r-strb_sl12_st12_sp336_bu100_no0.2_re0.9_re0.5,,,,,,,,,,
yahoo-a4,vtcn-kl,strb,12,12,336,LITE,250.0,0.05,0.9,0.5,,,,0.021186405989179737,0.0013543527083447527,-0.021186405989179737,0.7673984934646041,0.8025191305879424,0.871606079140517,5,10,10,0.8099,0.8059,0.6961,0.7494,0.7756,0.83,0.8716,0.7678,0.7676,0.7756,4.525144601282165e-05,6.836330044872335e-05,3.1074334893815425e-05,3.728896555490792e-05,22.4,30,5,22.4,r-strb_sl12_st12_sp336_bu250_no0.05_re0.9_re0.5,,,,,,,,,,
yahoo-a4,vtcn-kl,strb,12,12,336,LITE,250.0,0.2,0.9,0.5,,,,0.02151129992182521,0.00612939106448227,-0.02151129992182521,0.771954304909402,0.8056593116496267,0.8751861504095308,5,10,10,0.8099,0.8059,0.7113,0.7532,0.7794,0.8293,0.8752,0.7746,0.7698,0.7794,4.952726137879267e-05,7.482295812340453e-05,3.401059131914129e-05,4.081236680426325e-05,24.5,30,5,24.5,r-strb_sl12_st12_sp336_bu250_no0.2_re0.9_re0.5,,,,,,,,,,
yahoo-a4,vtcn-kl,strb,12,12,336,LITE,500.0,0.05,0.9,0.5,,,,0.01845636172569164,0.015859479460087124,-0.01845636172569164,0.7778091425051482,0.8066695359625788,0.875214405382406,5,10,10,0.8099,0.8119,0.7289,0.7523,0.786,0.8292,0.8752,0.7742,0.7687,0.786,6.504074649829604e-05,9.825984550885754e-05,4.466397835575562e-05,5.359586715310191e-05,32.2,30,5,32.2,r-strb_sl12_st12_sp336_bu500_no0.05_re0.9_re0.5,,,,,,,,,,
yahoo-a4,vtcn-kl,strb,12,12,336,LITE,500.0,0.2,0.9,0.5,,,,0.01942936471614799,0.01704917526643831,-0.01942936471614799,0.7796115542380356,0.8084841144378521,0.8785551404105946,5,10,10,0.8099,0.8119,0.7334,0.7532,0.7895,0.8259,0.8786,0.7786,0.7698,0.7895,5.04852664802438e-05,7.627025752160181e-05,3.466841134229778e-05,4.160184617930402e-05,25.0,30,5,25.0,r-strb_sl12_st12_sp336_bu500_no0.2_re0.9_re0.5,,,,,,,,,,
yahoo-a4,vtcn-kl,strb,12,12,336,LITE,1000.0,0.05,0.9,0.5,,,,0.014639559716696527,0.0340716061612749,-0.014639559716696527,0.7899489337946355,0.8111956008201625,0.8819939368152325,5,10,10,0.8099,0.8349,0.7525,0.7561,0.7963,0.825,0.882,0.7861,0.7665,0.7963,5.512915978726476e-05,8.328598632968755e-05,3.7857546469765815e-05,4.542843985992173e-05,27.3,30,5,27.3,r-strb_sl12_st12_sp336_bu1000_no0.05_re0.9_re0.5,,,,,,,,,,
yahoo-a4,vtcn-kl,strb,12,12,336,LITE,1000.0,0.2,0.9,0.5,,,,0.01570612428501489,0.035469393808190294,-0.01570612428501489,0.7912694728977192,0.8129330635904972,0.8829296750345709,5,10,10,0.8099,0.8349,0.7555,0.7578,0.7982,0.8261,0.8829,0.7883,0.7692,0.7982,4.894120471009956e-05,7.393757717645108e-05,3.3608104399172596e-05,4.032947277727848e-05,24.2,30,5,24.2,r-strb_sl12_st12_sp336_bu1000_no0.2_re0.9_re0.5,,,,,,,,,,
