dataset,model,regime,seq_len,stride,split_size,block,buffer_size,novelty_threshold,retention_threshold,replay_ratio,lambda_ewc,alpha,temperature,bwt,fwt,af,avg_diagonal_auc,final_avg_auc,peak_auc,n_valid_diag,n_valid_bwt_pairs,n_valid_af_pairs,diag_c0,diag_c1,diag_c2,diag_c3,diag_c4,final_c0,final_c1,final_c2,final_c3,final_c4,co2_kg,energy_kwh,cpu_energy_kwh,ram_energy_kwh,cc_duration_s,total_epochs,n_concepts,elapsed_s,run_id,diag_c5,diag_c6,diag_c7,diag_c8,diag_c9,final_c5,final_c6,final_c7,final_c8,final_c9
yahoo-a3,gru,naive,12,12,336,B1,,,,,,,,0.0061708786586523,0.0206287327427963,-0.0061708786586523,0.944894364779128,0.951172939089252,0.9830147290372448,5,10,10,0.9593,0.9703,0.9627,0.9358,0.8964,0.9632,0.983,0.9753,0.9381,0.8964,4.377913428738961e-07,0.0001841611599093,8.370991296380656e-05,0.0001004512469454,60.3,52,5,60.3,r-naive_sl12_st12_sp336,,,,,,,,,,
yahoo-a3,gru,cumulative,12,12,336,B1,,,,,,,,-0.0012330473075106,0.0201775988242702,0.0012330473075106,0.9453694976535908,0.9311413590277472,0.9890641550485242,5,10,10,0.9593,0.9669,0.9741,0.9522,0.8744,0.9545,0.9521,0.9544,0.9203,0.8744,0.0004211340531531,0.0006362252776792,0.0002891940105305,0.0003470312671487,208.2,105,5,208.2,r-cumulative_sl12_st12_sp336,,,,,,,,,,
yahoo-a3,gru,experts,12,12,336,B1,,,,,,,,-0.0102562660413564,0.0091931249926511,0.0102562660413564,0.9326253334808088,0.910744809012433,0.984038175259798,5,10,10,0.9593,0.9526,0.977,0.9222,0.852,0.9263,0.9465,0.9382,0.8908,0.852,7.189939198702668e-07,0.000302451741923,0.0001374784133112,0.0001649733286118,99.0,117,5,99.0,r-experts_sl12_st12_sp336,,,,,,,,,,
yahoo-a3,gru,random-buffer,12,12,336,B1,50.0,,,0.5,,,,0.0062208107778796,0.0260728120056198,-0.0062208107778796,0.9489872215575472,0.9541318240507548,0.981502819844837,5,10,10,0.9593,0.975,0.9707,0.9467,0.8932,0.9708,0.9813,0.9737,0.9516,0.8932,0.0001592779310156,0.0002406280022474,0.0001093766780091,0.0001312513242382,78.8,54,5,78.8,r-random-buffer_sl12_st12_sp336_bu50_re0.5,,,,,,,,,,
yahoo-a3,gru,random-buffer,12,12,336,B1,100.0,,,0.5,,,,0.0059560546668469,0.0244349497465133,-0.0059560546668469,0.94857878421038,0.9536469963503492,0.981830251066388,5,10,10,0.9593,0.9738,0.9698,0.9463,0.8937,0.969,0.9818,0.9747,0.9489,0.8937,0.0001560725381174,0.0002357854777081,0.0001071755315972,0.0001286099461109,77.2,53,5,77.2,r-random-buffer_sl12_st12_sp336_bu100_re0.5,,,,,,,,,,
yahoo-a3,gru,random-buffer,12,12,336,B1,250.0,,,0.5,,,,0.0064085423879671,0.0258347725865504,-0.0064085423879671,0.9486133187314012,0.9537043096816092,0.9836499098222208,5,10,10,0.9593,0.9766,0.9689,0.9414,0.8968,0.9695,0.9836,0.9751,0.9434,0.8968,0.0001729727224447,0.0002613173110661,0.0001187808839125,0.0001425364271535,85.5,59,5,85.5,r-random-buffer_sl12_st12_sp336_bu250_re0.5,,,,,,,,,,
yahoo-a3,gru,random-buffer,12,12,336,B1,500.0,,,0.5,,,,0.0073788017215321,0.0252859442139067,-0.0073788017215321,0.9483261105667272,0.9543230817828212,0.9838324124702986,5,10,10,0.9593,0.9747,0.9677,0.9422,0.8977,0.9704,0.9838,0.9763,0.9433,0.8977,5.932499255595118e-07,0.0002495563153212,0.0001134349869195,0.0001361213284016,81.7,56,5,81.7,r-random-buffer_sl12_st12_sp336_bu500_re0.5,,,,,,,,,,
yahoo-a3,gru,random-buffer,12,12,336,B1,1000.0,,,0.5,,,,0.0061761268789048,0.0251121744929415,-0.0061761268789048,0.9482518079344356,0.9532834726729174,0.9816763762846756,5,10,10,0.9593,0.9771,0.9674,0.9425,0.895,0.9689,0.9817,0.9748,0.9461,0.895,0.0001652732737323,0.000249685423646,0.0001134936689231,0.0001361917547229,81.7,56,5,81.7,r-random-buffer_sl12_st12_sp336_bu1000_re0.5,,,,,,,,,,
yahoo-a3,gru,random-buffer,12,12,336,B1,50.0,,,,,,,0.0044639160295403,0.0219446123252334,-0.0044639160295403,0.9459441646824146,0.94833699852625,0.9809320517591824,5,10,10,0.9593,0.9713,0.9665,0.9406,0.892,0.9622,0.9805,0.9732,0.9338,0.892,0.0001274175362562,0.0001924951373057,8.749805966637925e-05,0.0001049970776393,63.0,57,5,63.0,r-random-buffer_sl12_st12_sp336_bu50,,,,,,,,,,
yahoo-a3,gru,random-buffer,12,12,336,B1,50.0,,,0.3,,,,0.0066581049381599,0.0204509976182403,-0.0066581049381599,0.9462176230753516,0.9529316928027524,0.9808229080186656,5,10,10,0.9593,0.9694,0.9678,0.9384,0.8962,0.9682,0.9808,0.9739,0.9456,0.8962,0.0001357435433995,0.000205073593422,9.321552314666204e-05,0.0001118580702754,67.1,53,5,67.1,r-random-buffer_sl12_st12_sp336_bu50_re0.3,,,,,,,,,,
yahoo-a3,gru,reservoir,12,12,336,B1,50.0,,,0.5,,,,0.0062710957348098,0.0215287536896203,-0.0062710957348098,0.944690816661919,0.9505762666448504,0.9802682431078412,5,10,10,0.9593,0.9727,0.9647,0.9377,0.889,0.9668,0.9792,0.9711,0.9468,0.889,0.000160539251119,0.0002425335326291,0.000110242797975,0.0001322907346541,79.4,55,5,79.4,r-reservoir_sl12_st12_sp336_bu50_re0.5,,,,,,,,,,
yahoo-a3,gru,reservoir,12,12,336,B1,100.0,,,0.5,,,,0.0079468019431956,0.0246171793693339,-0.0079468019431956,0.9487184906631492,0.9553219311857142,0.9843727634479402,5,10,10,0.9593,0.9726,0.9727,0.9418,0.8971,0.9685,0.9844,0.9784,0.9482,0.8971,0.0001560741589287,0.0002357879263373,0.0001071766412034,0.0001286112851339,77.2,53,5,77.2,r-reservoir_sl12_st12_sp336_bu100_re0.5,,,,,,,,,,
yahoo-a3,gru,reservoir,12,12,336,B1,250.0,,,0.5,,,,0.007219667339233,0.0228763778545129,-0.007219667339233,0.9467039395383756,0.9524678795694428,0.9811038189573732,5,10,10,0.9593,0.9736,0.9669,0.9408,0.8928,0.9694,0.9811,0.9739,0.9451,0.8928,0.0001652844137883,0.0002497022534064,0.0001135013295162,0.0001362009238901,81.7,56,5,81.7,r-reservoir_sl12_st12_sp336_bu250_re0.5,,,,,,,,,,
yahoo-a3,gru,reservoir,12,12,336,B1,500.0,,,0.5,,,,0.0057446657671833,0.0235355360752163,-0.0057446657671833,0.9472005417412334,0.9512989348020738,0.9806260914374052,5,10,10,0.9593,0.9753,0.9689,0.9401,0.8924,0.968,0.9806,0.9726,0.9429,0.8924,0.0001678830924351,0.0002536281887025,0.0001152858543972,0.0001383423343052,83.0,57,5,83.0,r-reservoir_sl12_st12_sp336_bu500_re0.5,,,,,,,,,,
yahoo-a3,gru,reservoir,12,12,336,B1,1000.0,,,0.5,,,,0.007536052521709,0.0241011200194354,-0.007536052521709,0.94784180609874,0.953714859179453,0.9827391858234804,5,10,10,0.9593,0.9722,0.9693,0.9425,0.8959,0.9691,0.9827,0.9759,0.9448,0.8959,0.0001600511501247,0.0002417961375209,0.000109907657523,0.0001318884799978,79.1,54,5,79.1,r-reservoir_sl12_st12_sp336_bu1000_re0.5,,,,,,,,,,
yahoo-a3,gru,reservoir,12,12,336,B1,50.0,,,,,,,0.0039472786343189,0.0210938372861253,-0.0039472786343189,0.944719357036316,0.946205211076397,0.9814545103203458,5,10,10,0.9593,0.9715,0.9651,0.9379,0.8898,0.9608,0.9794,0.9713,0.9298,0.8898,0.0001259502403087,0.0001902784303815,8.6490451909938e-05,0.0001037879784715,62.3,56,5,62.3,r-reservoir_sl12_st12_sp336_bu50,,,,,,,,,,
yahoo-a3,gru,reservoir,12,12,336,B1,50.0,,,0.3,,,,0.0058986695612282,0.0209822831462622,-0.0058986695612282,0.9449017381860408,0.951274372604228,0.981044773982995,5,10,10,0.9593,0.9725,0.964,0.9349,0.8937,0.9662,0.981,0.9727,0.9428,0.8937,0.000135926869974,0.0002053505527415,9.334143038075936e-05,0.0001120091223608,67.2,53,5,67.2,r-reservoir_sl12_st12_sp336_bu50_re0.3,,,,,,,,,,
yahoo-a3,gru,ewc,12,12,336,B1,,,,,1000.0,,,0.0054162205596599,0.0143202155770128,-0.0054162205596599,0.9384676049406396,0.9451874548828264,0.9801752025421544,5,10,10,0.9593,0.9655,0.9562,0.9248,0.8865,0.9585,0.9802,0.9693,0.9315,0.8865,0.0001306874123025,0.0001974350793027,8.974348784540781e-05,0.0001076915914573,64.6,52,5,64.6,r-ewc_sl12_st12_sp336_la1000.0,,,,,,,,,,
yahoo-a3,gru,ewc,12,12,336,B1,,,,,100.0,,,0.0061077105018667,0.0194226747992925,-0.0061077105018667,0.9434300357925436,0.9499430349196544,0.9824171223268732,5,10,10,0.9593,0.9691,0.9616,0.9335,0.8935,0.9623,0.9824,0.9734,0.9381,0.8935,0.0001306994148511,0.0001974532120677,8.975174970950726e-05,0.0001077014623582,64.6,52,5,64.6,r-ewc_sl12_st12_sp336_la100,,,,,,,,,,
yahoo-a3,gru,ewc,12,12,336,B1,,,,,500.0,,,0.0061089508140276,0.0165067297385531,-0.0061089508140276,0.9404258255176068,0.9475241498273128,0.9809821505253212,5,10,10,0.9593,0.9668,0.9581,0.9286,0.8893,0.9599,0.981,0.9708,0.9367,0.8893,0.0001306029592113,0.0001973074923955,8.968549739672905e-05,0.0001076219949987,64.6,52,5,64.6,r-ewc_sl12_st12_sp336_la500,,,,,,,,,,
yahoo-a3,gru,ewc,12,12,336,B1,,,,,5000.0,,,0.0017598130271621,0.0096715897618002,-0.0017598130271621,0.933314385125839,0.9358917076594208,0.9722989608084508,5,10,10,0.9593,0.9629,0.9504,0.9201,0.8738,0.9524,0.9723,0.9578,0.9231,0.8738,0.0001291756372356,0.0001951511758649,8.870531753313523e-05,0.0001064458583318,63.9,51,5,63.9,r-ewc_sl12_st12_sp336_la5000,,,,,,,,,,
yahoo-a3,gru,ewc,12,12,336,B1,,,,,10000.0,,,0.0003234051071188,0.0079654765009692,-0.0003234051071188,0.9304844193016292,0.9311302470078486,0.9677041882568492,5,10,10,0.9593,0.9625,0.9478,0.9163,0.8665,0.9511,0.9677,0.953,0.9174,0.8665,0.0001292419091595,0.000195251295703,8.87508471619286e-05,0.000106500448541,63.9,51,5,63.9,r-ewc_sl12_st12_sp336_la10000,,,,,,,,,,
yahoo-a3,gru,lwf,12,12,336,B1,,,,,,1.0,2.0,0.0071209749445374,0.0175914957020834,-0.0071209749445374,0.9427887106491776,0.9488931617846132,0.981483138186711,5,10,10,0.9593,0.964,0.9615,0.9369,0.8922,0.962,0.9815,0.9725,0.9364,0.8922,0.0001242489047347,0.000187708149755,8.532213836766054e-05,0.0001023860113873,61.4,51,5,61.4,r-lwf_sl12_st12_sp336_al1.0_te2.0,,,,,,,,,,
yahoo-a3,gru,lwf,12,12,336,B1,,,,,,0.1,2.0,0.0063809039103118,0.020041130517175,-0.0063809039103118,0.944745436398083,0.9513807807789711,0.9828214909392804,5,10,10,0.9593,0.9696,0.9635,0.9354,0.8959,0.964,0.9828,0.9745,0.9396,0.8959,0.0001282025232567,0.0001936810508376,8.803707708591699e-05,0.0001056439737517,63.4,53,5,63.4,r-lwf_sl12_st12_sp336_al0.1_te2.0,,,,,,,,,,
yahoo-a3,gru,lwf,12,12,336,B1,,,,,,0.5,2.0,0.0066380458764012,0.0214638074649855,-0.0066380458764012,0.9457922285710464,0.95106739338339,0.9828429618390542,5,10,10,0.9593,0.9686,0.9668,0.9382,0.896,0.9639,0.9822,0.9747,0.9386,0.896,4.694023565932582e-07,0.0001974586383707,8.975418767464969e-05,0.000107704450696,64.6,55,5,64.6,r-lwf_sl12_st12_sp336_al0.5_te2.0,,,,,,,,,,
yahoo-a3,gru,lwf,12,12,336,B1,,,,,,2.0,2.0,0.0065302006441288,0.0176918628398447,-0.0065302006441288,0.9418602852158958,0.94767440859325,0.980071426526581,5,10,10,0.9593,0.9653,0.9614,0.9346,0.8886,0.9625,0.9801,0.9703,0.937,0.8886,0.0001262605740947,0.0001907472649431,8.670357042897699e-05,0.0001040436945141,62.4,52,5,62.4,r-lwf_sl12_st12_sp336_al2.0_te2.0,,,,,,,,,,
yahoo-a3,gru,lwf,12,12,336,B1,,,,,,1.0,1.0,0.0059953464173772,0.0131087334718969,-0.0059953464173772,0.9384709262061368,0.9449287556452683,0.9773088374223468,5,10,10,0.9593,0.9639,0.9562,0.9293,0.8835,0.9618,0.9773,0.9664,0.9357,0.8835,0.0001247379399633,0.0001884469562508,8.565796076436525e-05,0.0001027889954865,61.7,51,5,61.7,r-lwf_sl12_st12_sp336_al1.0_te1.0,,,,,,,,,,
yahoo-a3,gru,lwf,12,12,336,B1,,,,,,1.0,5.0,0.0062865177276487,0.0197400758290112,-0.0062865177276487,0.9447100830526818,0.9512430595665612,0.9827427643067762,5,10,10,0.9593,0.9695,0.9639,0.9351,0.8957,0.9638,0.9827,0.9744,0.9395,0.8957,0.0001280189945024,0.0001934037860764,8.791106718773437e-05,0.0001054927188887,63.3,53,5,63.3,r-lwf_sl12_st12_sp336_al1.0_te5.0,,,,,,,,,,
yahoo-a3,gru,naive,6,6,336,B2,,,,,,,,0.000573878937102,0.0031310700014764,-0.000573878937102,0.9835562414730742,0.9841964510479786,0.9957760268918916,5,10,10,0.9901,0.9953,0.9938,0.9733,0.9653,0.9912,0.9951,0.9936,0.9758,0.9653,9.712131887844652e-05,0.0001467253422262,6.669354965431719e-05,8.003179257192337e-05,48.0,35,5,48.0,r-naive_sl6_st6_sp336,,,,,,,,,,
yahoo-a3,gru,cumulative,6,6,336,B2,,,,,,,,0.0020423379088257,0.0032302416988259,-0.0020423379088257,0.98245226416785,0.9845010825122272,0.9957760268918916,5,10,10,0.9901,0.994,0.9876,0.9712,0.9693,0.9917,0.9921,0.9903,0.9791,0.9693,1.4667274300806302e-06,0.0006169930703089,0.000280452059261,0.0003365410110478,201.9,77,5,201.9,r-cumulative_sl6_st6_sp336,,,,,,,,,,
yahoo-a3,gru,experts,6,6,336,B2,,,,,,,,-0.0007713974691253,-0.0014369782044884,0.0007713974691253,0.9808343963644258,0.9789609969814504,0.9964736559582952,5,10,10,0.9901,0.9925,0.9926,0.975,0.954,0.9881,0.9964,0.9917,0.9647,0.954,0.0001521810431321,0.0002299064293171,0.0001045031999425,0.0001254032293745,75.2,71,5,75.3,r-experts_sl6_st6_sp336,,,,,,,,,,
yahoo-a3,gru,random-buffer,6,6,336,B2,50.0,,,0.5,,,,0.0006905337409074,0.0047519723392328,-0.0006905337409074,0.9843871685217016,0.9851528374132906,0.9957760268918916,5,10,10,0.9901,0.9945,0.9928,0.9754,0.9691,0.9906,0.995,0.9937,0.9773,0.9691,0.0001350740059664,0.0002040620945037,9.275575005837406e-05,0.0001113063444453,66.8,35,5,66.8,r-random-buffer_sl6_st6_sp336_bu50_re0.5,,,,,,,,,,
yahoo-a3,gru,reservoir,6,6,336,B2,50.0,,,0.5,,,,-0.0011765499807249,-0.0039261973798942,0.0011765499807249,0.9766177485537098,0.9758953896919956,0.9957760268918916,5,10,10,0.9901,0.9877,0.9887,0.9643,0.9522,0.9863,0.99,0.9858,0.9652,0.9522,5.397716244696029e-07,0.0002270601510662,0.0001032093925931,0.000123850758473,74.3,40,5,74.3,r-reservoir_sl6_st6_sp336_bu50_re0.5,,,,,,,,,,
yahoo-a3,gru,ewc,6,6,336,B2,,,,,1000.0,,,0.0003603008466437,0.002515303457498,-0.0003603008466437,0.9830925044451868,0.9834446851787136,0.9957760268918916,5,10,10,0.9901,0.9954,0.9936,0.9733,0.963,0.9909,0.9948,0.9933,0.9752,0.963,0.0001108279532186,0.0001674325426387,7.610590763765181e-05,9.132663500107204e-05,54.8,35,5,54.8,r-ewc_sl6_st6_sp336_la1000.0,,,,,,,,,,
yahoo-a3,gru,lwf,6,6,336,B2,,,,,,1.0,2.0,0.0004121301894154,0.0042206440441627,-0.0004121301894154,0.98418883844134,0.9846165270918796,0.9957760268918916,5,10,10,0.9901,0.9956,0.9936,0.974,0.9676,0.9911,0.9952,0.9939,0.9752,0.9676,0.0001039087140094,0.0001569793511804,7.135447187594966e-05,8.562487930447485e-05,51.4,35,5,51.4,r-lwf_sl6_st6_sp336_al1.0_te2.0,,,,,,,,,,
yahoo-a3,gru,naive,8,8,336,B2,,,,,,,,-0.0007483185453497,-0.0124289068769673,0.0007483185453497,0.9770591662917976,0.9769298134571812,0.9946821256038648,5,10,10,0.9898,0.9946,0.9923,0.9716,0.9369,0.9874,0.9939,0.9918,0.9746,0.9369,0.00010674821755,0.0001612691109732,7.330436319462024e-05,8.796474777860567e-05,52.8,43,5,52.8,r-naive_sl8_st8_sp336,,,,,,,,,,
yahoo-a3,gru,cumulative,8,8,336,B2,,,,,,,,-0.0001240131185282,-0.0109607197566872,0.0001240131185282,0.9805060146878216,0.9810190648731574,0.9950415458937198,5,10,10,0.9898,0.9945,0.992,0.9705,0.9557,0.9879,0.9948,0.9929,0.9738,0.9557,0.0003496568137911,0.0005282415463226,0.0002401103513923,0.0002881311949303,172.9,74,5,172.9,r-cumulative_sl8_st8_sp336,,,,,,,,,,
yahoo-a3,gru,experts,8,8,336,B2,,,,,,,,-0.0013652782050798,-0.0110336600494351,0.0013652782050798,0.9788711125470642,0.9767931133962908,0.9946821256038648,5,10,10,0.9898,0.9935,0.9912,0.9732,0.9467,0.9859,0.9941,0.9923,0.965,0.9467,0.0001632412949312,0.0002466156261141,0.0001120982961813,0.0001345173299328,80.7,83,5,80.7,r-experts_sl8_st8_sp336,,,,,,,,,,
yahoo-a3,gru,random-buffer,8,8,336,B2,50.0,,,0.5,,,,-0.0009689724496218,-0.0083280192200834,0.0009689724496218,0.9787780454189868,0.9781141735055496,0.9946821256038648,5,10,10,0.9898,0.9942,0.9922,0.9719,0.9458,0.9866,0.9941,0.9922,0.9718,0.9458,5.088333881047443e-07,0.0002140456829018,9.729374658393984e-05,0.0001167519363178,70.1,43,5,70.1,r-random-buffer_sl8_st8_sp336_bu50_re0.5,,,,,,,,,,
yahoo-a3,gru,reservoir,8,8,336,B2,50.0,,,0.5,,,,-0.0015737888844682,-0.0108149547437496,0.0015737888844682,0.9782454794019062,0.9766605132832056,0.9946821256038648,5,10,10,0.9898,0.994,0.9922,0.972,0.9432,0.9862,0.9927,0.9912,0.9701,0.9432,5.186405217678917e-07,0.0002181711484693,9.916894097113984e-05,0.0001190022074982,71.4,44,5,71.4,r-reservoir_sl8_st8_sp336_bu50_re0.5,,,,,,,,,,
yahoo-a3,gru,ewc,8,8,336,B2,,,,,1000.0,,,-0.0006039649190125,-0.0119811453794453,0.0006039649190125,0.9785387118319976,0.9787146410503595,0.9947961352657004,5,10,10,0.9898,0.9948,0.9925,0.9735,0.942,0.9879,0.9942,0.9924,0.977,0.942,0.0001195946819667,0.0001806768157871,8.212602905178857e-05,9.855078673533474e-05,59.1,43,5,59.1,r-ewc_sl8_st8_sp336_la1000.0,,,,,,,,,,
yahoo-a3,gru,lwf,8,8,336,B2,,,,,,1.0,2.0,-0.0008654981984382,-0.0136348486092023,0.0008654981984382,0.972648480316163,0.9717961804763025,0.9946821256038648,5,10,10,0.9898,0.9945,0.9903,0.9726,0.916,0.9872,0.9934,0.9893,0.973,0.916,0.0001127942992608,0.0001704031859465,7.745619143307623e-05,9.294699451342848e-05,55.8,43,5,55.8,r-lwf_sl8_st8_sp336_al1.0_te2.0,,,,,,,,,,
yahoo-a3,gru,naive,10,10,336,B2,,,,,,,,0.0015646973476333,0.0154164136750637,-0.0015646973476333,0.9841597832660698,0.9863580359392328,0.9959312192030098,5,10,10,0.9892,0.9943,0.9944,0.9751,0.9678,0.9909,0.9959,0.9955,0.9817,0.9678,0.0001134903552168,0.0001714547475349,7.793418628474077e-05,9.352056125023712e-05,56.1,48,5,56.1,r-naive_sl10_st10_sp336,,,,,,,,,,
yahoo-a3,gru,cumulative,10,10,336,B2,,,,,,,,0.0012964872261696,0.0204145670378784,-0.0012964872261696,0.9856213939214266,0.9867894418990206,0.9958717395385492,5,10,10,0.9892,0.9941,0.9949,0.9819,0.968,0.9928,0.9951,0.9941,0.984,0.968,0.0004869400489781,0.0007356412181696,0.000334383130673,0.0004012580874965,240.8,107,5,240.8,r-cumulative_sl10_st10_sp336,,,,,,,,,,
yahoo-a3,gru,experts,10,10,336,B2,,,,,,,,0.0008252760747338,0.0093543861398707,-0.0008252760747338,0.9800009347176604,0.98116926912476,0.9946914399469144,5,10,10,0.9892,0.9939,0.9916,0.9694,0.9558,0.9897,0.9943,0.9932,0.9728,0.9558,0.0001785046613709,0.0002696746484817,0.0001225796745941,0.0001470949738876,88.3,98,5,88.3,r-experts_sl10_st10_sp336,,,,,,,,,,
yahoo-a3,gru,random-buffer,10,10,336,B2,50.0,,,0.5,,,,0.0011180571462996,0.020928939180629,-0.0011180571462996,0.9869827639885016,0.9877515838893496,0.996193301474538,5,10,10,0.9892,0.9952,0.9954,0.983,0.9721,0.9918,0.9958,0.9953,0.9837,0.9721,0.0001776953944593,0.0002684520542467,0.0001220239739004,0.0001464280803462,87.9,57,5,87.9,r-random-buffer_sl10_st10_sp336_bu50_re0.5,,,,,,,,,,
yahoo-a3,gru,reservoir,10,10,336,B2,50.0,,,0.5,,,,0.0011970917189115,0.0230117368085433,-0.0011970917189115,0.9854013489569138,0.9861550250314632,0.9966096591257604,5,10,10,0.9892,0.9959,0.9954,0.9791,0.9674,0.9919,0.9962,0.9952,0.9801,0.9674,0.0001933093168034,0.0002920406764554,0.000132746101736,0.0001592945747193,95.6,63,5,95.6,r-reservoir_sl10_st10_sp336_bu50_re0.5,,,,,,,,,,
yahoo-a3,gru,ewc,10,10,336,B2,,,,,1000.0,,,0.0016658386314913,0.0107748508636969,-0.0016658386314913,0.982236917404933,0.9843942981232112,0.9958048249160314,5,10,10,0.9892,0.9937,0.9933,0.9722,0.9628,0.9906,0.9958,0.9951,0.9776,0.9628,0.0001199596800124,0.0001812282339906,8.23766949644778e-05,9.885153902616976e-05,59.3,44,5,59.3,r-ewc_sl10_st10_sp336_la1000.0,,,,,,,,,,
yahoo-a3,gru,lwf,10,10,336,B2,,,,,,1.0,2.0,0.0013604629067459,0.0122237337845024,-0.0013604629067459,0.9830865763415076,0.9848054245599942,0.9960204386997004,5,10,10,0.9892,0.9936,0.9935,0.9753,0.9637,0.99,0.996,0.9952,0.979,0.9637,0.0001117801624858,0.0001688710860214,7.675978796453112e-05,9.211129805694024e-05,55.3,42,5,55.3,r-lwf_sl10_st10_sp336_al1.0_te2.0,,,,,,,,,,
yahoo-a3,gru,naive,16,16,336,B2,,,,,,,,0.0013990589245699,0.0112215902643123,-0.0013990589245699,0.9563499174622724,0.9596200830151508,0.987120441812708,5,10,10,0.9708,0.9776,0.9783,0.9322,0.9228,0.9679,0.9871,0.9843,0.9359,0.9228,0.0001356888898563,0.0002049910259702,9.317801527730708e-05,0.0001118130106929,67.1,62,5,67.1,r-naive_sl16_st16_sp336,,,,,,,,,,
yahoo-a3,gru,cumulative,16,16,336,B2,,,,,,,,0.0010314578082993,0.0110843464207156,-0.0010314578082993,0.9581082290184036,0.9611070944409332,0.9904616171886942,5,10,10,0.9708,0.9776,0.9832,0.9434,0.9156,0.9686,0.9905,0.9864,0.9445,0.9156,0.0004520428963174,0.0006829205928116,0.0003104191859395,0.0003725014068721,223.5,117,5,223.5,r-cumulative_sl16_st16_sp336,,,,,,,,,,
yahoo-a3,gru,experts,16,16,336,B2,,,,,,,,-0.0038920926528808,0.0034942663815861,0.0038920926528808,0.9488914496642286,0.9430362363196674,0.98340710170066,5,10,10,0.9708,0.9782,0.9744,0.9363,0.8848,0.959,0.9762,0.9677,0.9275,0.8848,0.0002144369790053,0.0003239591419665,0.0001472545537049,0.0001767045882615,106.0,131,5,106.0,r-experts_sl16_st16_sp336,,,,,,,,,,
yahoo-a3,gru,random-buffer,16,16,336,B2,50.0,,,0.5,,,,0.0040591604727647,0.0104319614679783,-0.0040591604727647,0.9588216530009246,0.9647493208505354,0.9881671551328828,5,10,10,0.9708,0.9784,0.9737,0.9426,0.9286,0.974,0.9882,0.9867,0.9462,0.9286,0.0001743186693033,0.0002633506907166,0.0001197051564807,0.0001436455342359,86.2,59,5,86.2,r-random-buffer_sl16_st16_sp336_bu50_re0.5,,,,,,,,,,
yahoo-a3,gru,reservoir,16,16,336,B2,50.0,,,0.5,,,,0.0015011538347165,0.0101219953255835,-0.0015011538347165,0.95463591684288,0.9579457120795614,0.984927328189485,5,10,10,0.9708,0.9779,0.9761,0.9402,0.9082,0.9722,0.9849,0.9824,0.9419,0.9082,0.0001836172782004,0.0002773984980201,0.0001260905758678,0.0001513079221523,90.8,63,5,90.8,r-reservoir_sl16_st16_sp336_bu50_re0.5,,,,,,,,,,
yahoo-a3,gru,ewc,16,16,336,B2,,,,,1000.0,,,-0.0001738571919305,0.0007719457732692,0.0001738571919305,0.9482286446334984,0.9498793099938592,0.981837031720398,5,10,10,0.9708,0.974,0.9671,0.9289,0.9004,0.9641,0.9818,0.9747,0.9285,0.9004,0.0001349501628282,0.0002038749993628,9.26707042238882e-05,0.0001112042951389,66.7,53,5,66.7,r-ewc_sl16_st16_sp336_la1000.0,,,,,,,,,,
yahoo-a3,gru,lwf,16,16,336,B2,,,,,,1.0,2.0,0.0015499950104267,0.003225129815718,-0.0015499950104267,0.951522861238967,0.9560855730626752,0.9857480843484792,5,10,10,0.9708,0.9749,0.9681,0.9296,0.9142,0.9666,0.9857,0.9809,0.933,0.9142,0.0001347870193227,0.0002036285314714,9.255868883079124e-05,0.0001110698426406,66.6,55,5,66.7,r-lwf_sl16_st16_sp336_al1.0_te2.0,,,,,,,,,,
yahoo-a3,gru,naive,24,24,336,B2,,,,,,,,0.0062748385550231,0.005331265059045,-0.0062748385550231,0.8878832930395625,0.8923154465929534,0.933482022152194,5,10,10,0.9257,0.9153,0.9119,0.8564,0.8302,0.9335,0.9251,0.9173,0.8555,0.8302,5.601052401373455e-07,0.0002356136830341,0.0001070974379642,0.0001285162450699,77.1,69,5,77.1,r-naive_sl24_st24_sp336,,,,,,,,,,
yahoo-a3,gru,cumulative,24,24,336,B2,,,,,,,,0.0023614974312463,0.0017243505826973,-0.0023614974312463,0.8861265991768766,0.8893825382659599,0.9286919437658728,5,10,10,0.9257,0.9193,0.9091,0.8524,0.8241,0.9281,0.9168,0.9121,0.8658,0.8241,0.0005912340596947,0.0008932026536119,0.0004060022003476,0.0004872004532643,292.3,165,5,292.3,r-cumulative_sl24_st24_sp336,,,,,,,,,,
yahoo-a3,gru,experts,24,24,336,B2,,,,,,,,-0.0034310207737433,-0.0073190840218005,0.0034310207737433,0.8788460285602202,0.8736714115127142,0.9257201352131568,5,10,10,0.9257,0.9032,0.906,0.8402,0.8191,0.9029,0.9081,0.8989,0.8394,0.8191,0.0002774009574669,0.0004190815249241,0.0001904920781839,0.0002285894467402,137.2,187,5,137.3,r-experts_sl24_st24_sp336,,,,,,,,,,
yahoo-a3,gru,random-buffer,24,24,336,B2,50.0,,,0.5,,,,0.0076349984114912,0.0078235513924707,-0.0076349984114912,0.889719904547495,0.8952786819506496,0.9370654305580316,5,10,10,0.9257,0.9164,0.9112,0.8577,0.8376,0.9371,0.9258,0.9165,0.8594,0.8376,0.0001862322142007,0.0002813489939974,0.0001278862578154,0.000153462736182,92.1,67,5,92.1,r-random-buffer_sl24_st24_sp336_bu50_re0.5,,,,,,,,,,
yahoo-a3,gru,reservoir,24,24,336,B2,50.0,,,0.5,,,,0.0053994037979463,0.0096706344658888,-0.0053994037979463,0.8912153177094206,0.8939555613454286,0.9357713891699596,5,10,10,0.9257,0.9191,0.9148,0.8649,0.8316,0.9358,0.9254,0.9181,0.8589,0.8316,0.0001898409790534,0.0002868009098501,0.0001303643951975,0.0001564365146526,93.9,69,5,93.9,r-reservoir_sl24_st24_sp336_bu50_re0.5,,,,,,,,,,
yahoo-a3,gru,ewc,24,24,336,B2,,,,,1000.0,,,0.0033635126748763,0.0027575914077037,-0.0033635126748763,0.8859621001707181,0.8884263754961603,0.9302728939653512,5,10,10,0.9257,0.9136,0.9118,0.8544,0.8242,0.9292,0.9218,0.9162,0.8507,0.8242,0.0001640160690301,0.0002477861105776,0.0001126303481474,0.0001351557624301,81.1,69,5,81.1,r-ewc_sl24_st24_sp336_la1000.0,,,,,,,,,,
yahoo-a3,gru,lwf,24,24,336,B2,,,,,,1.0,2.0,0.0058750454423374,0.0052071782129783,-0.0058750454423374,0.8868977912351065,0.891631026899389,0.9338114359726976,5,10,10,0.9257,0.915,0.9101,0.856,0.8277,0.9335,0.9249,0.9158,0.8562,0.8277,0.0001573042268655,0.0002376462427304,0.0001080213217595,0.0001296249209709,77.8,65,5,77.8,r-lwf_sl24_st24_sp336_al1.0_te2.0,,,,,,,,,,
yahoo-a3,gru,naive,8,4,336,B3,,,,,,,,0.0003108306720247,0.0184309611026701,-0.0003108306720247,0.987290861510995,0.987340114679688,0.9965429951690822,5,10,10,0.9917,0.9965,0.9933,0.9851,0.9698,0.9927,0.9955,0.994,0.9847,0.9698,6.566104888591171e-07,0.000276209548693,0.0001255501221639,0.0001506594265291,90.4,46,5,90.4,r-naive_sl8_st4_sp336,,,,,,,,,,
yahoo-a3,gru,cumulative,8,4,336,B3,,,,,,,,0.0006959007343161,0.0192426251388547,-0.0006959007343161,0.9866292739174516,0.9872429503107596,0.9960531400966184,5,10,10,0.9917,0.9954,0.9938,0.9839,0.9684,0.9936,0.9961,0.993,0.9851,0.9684,0.0008940847132549,0.0013507321260305,0.000613970536454,0.0007367615895764,442.1,99,5,442.0,r-cumulative_sl8_st4_sp336,,,,,,,,,,
yahoo-a3,gru,experts,8,4,336,B3,,,,,,,,0.000378029036372,0.0127992693251012,-0.000378029036372,0.9832659821143624,0.9838440084463566,0.996392270531401,5,10,10,0.9917,0.995,0.9929,0.9808,0.9559,0.9916,0.9964,0.9932,0.9821,0.9559,0.0002647257350032,0.0003999325226736,0.0001817879418415,0.000218144580832,130.9,76,5,130.9,r-experts_sl8_st4_sp336,,,,,,,,,,
yahoo-a3,gru,random-buffer,8,4,336,B3,50.0,,,0.5,,,,2.536428619558384e-05,0.0197263522960432,-2.536428619558384e-05,0.9878434598616768,0.987566248491649,0.996535265700483,5,10,10,0.9917,0.9965,0.9944,0.9844,0.9722,0.9925,0.9959,0.9947,0.9826,0.9722,0.0002614583968187,0.0003949964147332,0.0001795442714705,0.0002154521432627,129.3,46,5,129.3,r-random-buffer_sl8_st4_sp336_bu50_re0.5,,,,,,,,,,
yahoo-a3,gru,reservoir,8,4,336,B3,50.0,,,0.5,,,,0.0006366659645158,0.0149486535214351,-0.0006366659645158,0.98613238930338,0.987001559637332,0.9958705314009662,5,10,10,0.9917,0.9947,0.9922,0.9831,0.9689,0.9926,0.9959,0.9938,0.984,0.9689,0.0003545720308401,0.0005356671755455,0.000243485640336,0.0002921815352095,175.3,63,5,175.3,r-reservoir_sl8_st4_sp336_bu50_re0.5,,,,,,,,,,
yahoo-a3,gru,ewc,8,4,336,B3,,,,,1000.0,,,0.0004043225392609,0.0156330129301302,-0.0004043225392609,0.9850054522111936,0.9854030774245104,0.9967149758454106,5,10,10,0.9917,0.9967,0.9926,0.9827,0.9613,0.992,0.996,0.9936,0.9843,0.9613,0.0002080317440931,0.0003142824788467,0.0001428560002325,0.0001714264786142,102.9,46,5,102.9,r-ewc_sl8_st4_sp336_la1000.0,,,,,,,,,,
yahoo-a3,gru,lwf,8,4,336,B3,,,,,,1.0,2.0,0.0009943845584185,0.0144237576247757,-0.0009943845584185,0.9866331793376496,0.9877355763416464,0.9962917874396136,5,10,10,0.9917,0.9963,0.9908,0.9829,0.9714,0.9926,0.996,0.9945,0.9842,0.9714,6.595387965946612e-07,0.0002774413696459,0.0001261100455458,0.0001513313241,90.8,42,5,90.8,r-lwf_sl8_st4_sp336_al1.0_te2.0,,,,,,,,,,
yahoo-a3,gru,naive,12,6,336,B3,,,,,,,,0.0038090389065461,0.0206217862286346,-0.0038090389065461,0.9763969977480984,0.9801315752861692,0.9958757980017748,5,10,10,0.979,0.9933,0.9912,0.9646,0.9539,0.9862,0.9959,0.9945,0.9703,0.9539,6.844389942136834e-07,0.0002879158784504,0.0001308711883101,0.0001570446901403,94.2,53,5,94.2,r-naive_sl12_st6_sp336,,,,,,,,,,
yahoo-a3,gru,cumulative,12,6,336,B3,,,,,,,,0.0055270270849787,0.0224379226783212,-0.0055270270849787,0.9760509885885804,0.981399016356324,0.9965592883112422,5,10,10,0.979,0.9886,0.9951,0.9644,0.9532,0.986,0.9951,0.9949,0.9779,0.9532,3.17472424437386e-06,0.0013354784391076,0.0006070370163257,0.0007284414227819,437.1,115,5,437.1,r-cumulative_sl12_st6_sp336,,,,,,,,,,
yahoo-a3,gru,experts,12,6,336,B3,,,,,,,,0.0009709269095305,0.0159253602836606,-0.0009709269095305,0.9663253883013716,0.968933600375594,0.9945857547736968,5,10,10,0.979,0.9946,0.9835,0.9525,0.922,0.9802,0.9937,0.9889,0.9599,0.922,0.000330583066973,0.0004994260188798,0.0002270123458926,0.0002724136729872,163.4,111,5,163.5,r-experts_sl12_st6_sp336,,,,,,,,,,
yahoo-a3,gru,random-buffer,12,6,336,B3,50.0,,,0.5,,,,0.004348965981413,0.0194492548141761,-0.004348965981413,0.9778860714019156,0.9818481831014688,0.9951243165096904,5,10,10,0.979,0.992,0.9913,0.9676,0.9594,0.9865,0.9951,0.994,0.9742,0.9594,0.0002627545004818,0.0003969544941305,0.0001804343157978,0.0002165201783327,129.9,54,5,129.9,r-random-buffer_sl12_st6_sp336_bu50_re0.5,,,,,,,,,,
yahoo-a3,gru,reservoir,12,6,336,B3,50.0,,,0.5,,,,0.0034127377639382,0.0209784627692307,-0.0034127377639382,0.975173489689656,0.97751532097864,0.9949257106867824,5,10,10,0.979,0.9934,0.9909,0.9653,0.9473,0.9843,0.9949,0.9932,0.9679,0.9473,0.0002764182548098,0.0004175969138693,0.0001898172841452,0.0002277796297241,136.7,57,5,136.7,r-reservoir_sl12_st6_sp336_bu50_re0.5,,,,,,,,,,
yahoo-a3,gru,ewc,12,6,336,B3,,,,,1000.0,,,0.0040320327112931,0.017909667836447,-0.0040320327112931,0.9746996618630014,0.978932071001454,0.9955752054049412,5,10,10,0.979,0.9932,0.9897,0.9606,0.951,0.9863,0.9956,0.9944,0.9674,0.951,0.0002116003690671,0.000319673753663,0.0001453066219937,0.0001743671316692,104.6,53,5,104.6,r-ewc_sl12_st6_sp336_la1000.0,,,,,,,,,,
yahoo-a3,gru,lwf,12,6,336,B3,,,,,,1.0,2.0,0.0033694000907265,0.0172275022480223,-0.0033694000907265,0.976340361610424,0.9798450774772842,0.9956485643125018,5,10,10,0.979,0.9932,0.9904,0.9649,0.9541,0.9859,0.9956,0.9944,0.9691,0.9541,0.0001945953306705,0.0002939835127651,0.000133629220197,0.0001603542925681,96.2,50,5,96.2,r-lwf_sl12_st6_sp336_al1.0_te2.0,,,,,,,,,,
yahoo-a3,gru,naive,24,12,336,B3,,,,,,,,0.0005837200623537,-0.006093988647615,-0.0005837200623537,0.9084287953335756,0.9097431913455596,0.9445402951870634,5,10,10,0.9421,0.9445,0.9317,0.8721,0.8517,0.939,0.9437,0.9364,0.8779,0.8517,0.0002076180375617,0.0003136574746448,0.0001425719413802,0.0001710855332645,102.7,60,5,102.7,r-naive_sl24_st12_sp336,,,,,,,,,,
yahoo-a3,gru,cumulative,24,12,336,B3,,,,,,,,-0.0107734041570623,-0.0147190589932978,0.0107734041570623,0.9005604039373012,0.8957114779356491,0.9475606257209618,5,10,10,0.9421,0.93,0.9281,0.857,0.8456,0.9161,0.9276,0.922,0.8672,0.8456,3.696052691441022e-06,0.0015547802893346,0.0007067200169031,0.0008480602724314,508.8,162,5,508.8,r-cumulative_sl24_st12_sp336,,,,,,,,,,
yahoo-a3,gru,experts,24,12,336,B3,,,,,,,,-0.0161964871926432,-0.0271967584141172,0.0161964871926432,0.8876653890686702,0.8768108590697219,0.9421129003883304,5,10,10,0.9421,0.9372,0.8954,0.8443,0.8192,0.908,0.9067,0.9101,0.8401,0.8192,0.0004611822346035,0.0006967277831714,0.0003166952580996,0.0003800325250718,228.0,190,5,228.0,r-experts_sl24_st12_sp336,,,,,,,,,,
yahoo-a3,gru,random-buffer,24,12,336,B3,50.0,,,0.5,,,,-0.0002334683840161,-0.0009394936956929,0.0002334683840161,0.9110913151456972,0.9099337463479809,0.9482779757917904,5,10,10,0.9421,0.9467,0.9341,0.8801,0.8524,0.9417,0.9433,0.936,0.8763,0.8524,1.0892992496581198e-06,0.0004582242581328,0.0002082842593145,0.0002499399988182,150.0,72,5,150.0,r-random-buffer_sl24_st12_sp336_bu50_re0.5,,,,,,,,,,
yahoo-a3,gru,reservoir,24,12,336,B3,50.0,,,0.5,,,,0.0014897844848455,-0.0030495686732116,-0.0014897844848455,0.9090805131885265,0.9118904022537458,0.9473824275188976,5,10,10,0.9421,0.9411,0.9327,0.8769,0.8526,0.9443,0.9474,0.937,0.8781,0.8526,0.0003114531312731,0.0004705256044832,0.0002138758564257,0.0002566497480574,154.0,74,5,154.0,r-reservoir_sl24_st12_sp336_bu50_re0.5,,,,,,,,,,
yahoo-a3,gru,ewc,24,12,336,B3,,,,,1000.0,,,-0.0008674329946949,-0.0093260107633378,0.0008674329946949,0.9046713655128644,0.9044237508101798,0.943780798488183,5,10,10,0.9421,0.9438,0.9294,0.8638,0.8443,0.937,0.9405,0.9317,0.8686,0.8443,0.0002219171071562,0.0003352596924071,0.0001523911699083,0.0001828685224987,109.7,60,5,109.7,r-ewc_sl24_st12_sp336_la1000.0,,,,,,,,,,
yahoo-a3,gru,lwf,24,12,336,B3,,,,,,1.0,2.0,0.0032345044069788,-0.0066979165137311,-0.0032345044069788,0.9079305553891516,0.9119540509714372,0.9466991795043536,5,10,10,0.9421,0.9426,0.9307,0.8714,0.8528,0.9427,0.9467,0.9376,0.88,0.8528,0.0002170029568836,0.0003278356748091,0.0001490166204315,0.0001788190543775,107.3,60,5,107.3,r-lwf_sl24_st12_sp336_al1.0_te2.0,,,,,,,,,,
yahoo-a3,gru,naive,12,12,168,B5,,,,,,,,0.0405456994575949,0.0810903749145049,-0.0405456994575949,0.9115025226976168,0.933268213271145,0.995809587663426,10,45,45,0.8809,0.9029,0.9605,0.922,0.966,0.9904,0.9738,0.9788,0.9409,0.9677,0.0001606068362443,0.0002426356363767,0.0001102891976259,0.0001323464387507,79.4,85,10,79.4,r-naive_sl12_st12_sp168,0.9461,0.8953,0.9169,0.8847,0.8396,0.9463,0.8995,0.9167,0.8791,0.8396
yahoo-a3,gru,cumulative,12,12,168,B5,,,,,,,,0.0335911340181433,0.1066531926490836,-0.0335911340181433,0.9349876671419594,0.9560879991095133,0.9968448660054032,10,45,45,0.8809,0.9467,0.9739,0.9169,0.9836,0.9867,0.9818,0.981,0.9627,0.9828,0.000801460385154,0.0012108005806601,0.0005503651355897,0.0006604354450704,396.3,221,10,396.3,r-cumulative_sl12_st12_sp168,0.9653,0.939,0.9409,0.9133,0.8894,0.9629,0.944,0.9453,0.9242,0.8894
yahoo-a3,gru,experts,12,12,168,B5,,,,,,,,0.0045950219719862,0.0738027928384816,-0.0045950219719862,0.8981997733418471,0.8949409357717913,0.9789641300703988,10,45,45,0.8809,0.9177,0.9706,0.9124,0.9476,0.9324,0.9156,0.9294,0.8954,0.9342,0.0002645337702566,0.0003996425132969,0.0001816561227412,0.0002179863905557,130.8,263,10,130.8,r-experts_sl12_st12_sp168,0.9197,0.8883,0.8911,0.8396,0.8141,0.9014,0.8839,0.89,0.8529,0.8141
yahoo-a3,gru,random-buffer,12,12,168,B5,50.0,,,0.5,,,,0.0347584388544058,0.0960810745776058,-0.0347584388544058,0.9211775897443768,0.94379435309855,0.9947890990120488,10,45,45,0.8809,0.9208,0.9844,0.9417,0.9635,0.9939,0.9828,0.9839,0.9549,0.9731,7.249171271846269e-07,0.0003049433963313,0.0001386109843177,0.0001663324120136,99.8,87,10,99.8,r-random-buffer_sl12_st12_sp168_bu50_re0.5,0.9478,0.9017,0.9253,0.89,0.8557,0.9539,0.9116,0.9298,0.8984,0.8557
yahoo-a3,gru,reservoir,12,12,168,B5,50.0,,,0.5,,,,0.0306853096894509,0.0875371372145342,-0.0306853096894509,0.9120100431128356,0.9316093627909195,0.989336633077636,10,45,45,0.8809,0.9277,0.9727,0.9285,0.9566,0.9851,0.97,0.9781,0.9403,0.9685,0.000200443237823,0.0003028181969329,0.0001376449504045,0.0001651732465283,99.1,86,10,99.1,r-reservoir_sl12_st12_sp168_bu50_re0.5,0.9396,0.8908,0.9123,0.8773,0.8337,0.9444,0.8991,0.9163,0.8805,0.8337
yahoo-a3,gru,ewc,12,12,168,B5,,,,,1000.0,,,0.0402958875241717,0.0602903737822112,-0.0402958875241717,0.8886914088962057,0.9171659097621128,0.989627496992763,10,45,45,0.8809,0.8926,0.9375,0.8884,0.9495,0.9878,0.9603,0.9702,0.9245,0.963,0.0001719827968846,0.0002598217880618,0.0001181011211198,0.000141720666942,85.0,85,10,85.0,r-ewc_sl12_st12_sp168_la1000.0,0.9283,0.8687,0.8934,0.8476,0.7999,0.9352,0.8817,0.9029,0.8462,0.7999
yahoo-a3,gru,lwf,12,12,168,B5,,,,,,1.0,2.0,0.0397471766887209,0.0831317471832617,-0.0397471766887209,0.9107658713189511,0.9336534621747218,0.995809587663426,10,45,45,0.8809,0.9031,0.9631,0.9235,0.9639,0.9908,0.9746,0.9782,0.9431,0.9698,0.0001691344465753,0.000255518663076,0.0001161451405075,0.0001393735225684,83.6,86,10,83.6,r-lwf_sl12_st12_sp168_al1.0_te2.0,0.9437,0.8997,0.9134,0.8799,0.8364,0.9455,0.9021,0.9163,0.8798,0.8364
yahoo-a3,lstm,naive,12,12,336,B1,,,,,,,,0.0062061485097278,0.0116826756174058,-0.0062061485097278,0.9440322432368726,0.948570365220009,0.9746786522000516,5,10,10,0.9586,0.9643,0.9625,0.9428,0.8919,0.963,0.9747,0.9713,0.9419,0.8919,0.0001013988654502,0.0001531876153078,6.963092656094683e-05,8.355668874690311e-05,50.1,37,5,50.1,r-naive_sl12_st12_sp336,,,,,,,,,,
yahoo-a3,lstm,cumulative,12,12,336,B1,,,,,,,,0.0062317176300486,0.0065777689738254,-0.0062317176300486,0.944373778299069,0.9498024110654107,0.9794505596747872,5,10,10,0.9586,0.9655,0.9651,0.9406,0.8921,0.9663,0.9795,0.974,0.9372,0.8921,0.000325915190514,0.0004923740576953,0.000223806907003,0.0002685671506923,161.1,71,5,161.2,r-cumulative_sl12_st12_sp336,,,,,,,,,,
yahoo-a3,lstm,experts,12,12,336,B1,,,,,,,,-0.0245598955573548,-0.0081771339733638,0.0245598955573548,0.9282085103163474,0.900636664365004,0.975358564026223,5,10,10,0.9586,0.9698,0.9659,0.898,0.8488,0.9068,0.9324,0.9252,0.89,0.8488,0.0001454065715346,0.0002196719444993,9.985116255702453e-05,0.0001198207819423,71.9,74,5,71.9,r-experts_sl12_st12_sp336,,,,,,,,,,
yahoo-a3,lstm,random-buffer,12,12,336,B1,50.0,,,0.5,,,,0.0076827424014587,0.0126220077190907,-0.0076827424014587,0.9480827076848553,0.9541261649847984,0.9810966619907818,5,10,10,0.9586,0.9668,0.968,0.9459,0.901,0.9655,0.9811,0.9776,0.9455,0.901,0.0001433568735044,0.0002165753777679,9.844360943469736e-05,0.0001181317683332,70.9,42,5,70.9,r-random-buffer_sl12_st12_sp336_bu50_re0.5,,,,,,,,,,
yahoo-a3,lstm,random-buffer,12,12,336,B1,100.0,,,0.5,,,,0.007779135971654,0.0169830504545666,-0.007779135971654,0.9502852602744668,0.9547549819800188,0.982367023560734,5,10,10,0.9586,0.9675,0.9736,0.951,0.9007,0.9659,0.9819,0.9786,0.9468,0.9007,0.0001480170577962,0.0002236157180654,0.0001016437548025,0.0001219719632629,73.2,44,5,73.2,r-random-buffer_sl12_st12_sp336_bu100_re0.5,,,,,,,,,,
yahoo-a3,lstm,random-buffer,12,12,336,B1,250.0,,,0.5,,,,0.0077853625403362,0.0211276602805307,-0.0077853625403362,0.9537460079891332,0.9593954359434912,0.986303355185938,5,10,10,0.9586,0.9752,0.9794,0.9497,0.9059,0.9687,0.9863,0.9829,0.9532,0.9059,0.0001696308291986,0.0002562685695964,0.0001164860249425,0.0001397825446538,83.9,52,5,83.9,r-random-buffer_sl12_st12_sp336_bu250_re0.5,,,,,,,,,,
yahoo-a3,lstm,random-buffer,12,12,336,B1,500.0,,,0.5,,,,0.0091461435214943,0.0193289606361878,-0.0091461435214943,0.9530598810463824,0.9603270736942684,0.9865287996335632,5,10,10,0.9586,0.9708,0.9775,0.9486,0.9098,0.9689,0.9865,0.9831,0.9532,0.9098,5.282276555136397e-07,0.0002222040689452,0.0001010021066551,0.00012120196229,72.7,43,5,72.7,r-random-buffer_sl12_st12_sp336_bu500_re0.5,,,,,,,,,,
yahoo-a3,lstm,random-buffer,12,12,336,B1,1000.0,,,0.5,,,,0.006628142881474,0.0231368425146788,-0.006628142881474,0.9544397611113034,0.959242804016704,0.9858828833987004,5,10,10,0.9586,0.9804,0.9777,0.9493,0.9063,0.9696,0.9859,0.9821,0.9523,0.9063,0.000157664744395,0.0002381908920257,0.0001082688912607,0.000129922000765,78.0,47,5,78.0,r-random-buffer_sl12_st12_sp336_bu1000_re0.5,,,,,,,,,,
yahoo-a3,lstm,random-buffer,12,12,336,B1,50.0,,,,,,,0.0053957649936766,0.0073560118167491,-0.0053957649936766,0.9418800973117892,0.9468216917313892,0.9738806504251238,5,10,10,0.9586,0.9637,0.9622,0.9386,0.8864,0.9633,0.9739,0.9714,0.9391,0.8864,0.0001075426350853,0.0001624692716184,7.384986099463681e-05,8.861941062379629e-05,53.2,41,5,53.2,r-random-buffer_sl12_st12_sp336_bu50,,,,,,,,,,
yahoo-a3,lstm,random-buffer,12,12,336,B1,50.0,,,0.3,,,,0.006343507837338,0.0130956374101208,-0.006343507837338,0.9459325899834689,0.9510998817867996,0.9778867624745928,5,10,10,0.9586,0.9665,0.9655,0.9411,0.8979,0.9631,0.9779,0.9751,0.9416,0.8979,4.097491417988543e-07,0.0001723649369815,7.834790052212257e-05,9.40170364594087e-05,56.4,37,5,56.4,r-random-buffer_sl12_st12_sp336_bu50_re0.3,,,,,,,,,,
yahoo-a3,lstm,reservoir,12,12,336,B1,50.0,,,0.5,,,,0.0084509690104907,0.0145517673397452,-0.0084509690104907,0.9491120368974636,0.9557481169685677,0.9855053534110102,5,10,10,0.9586,0.9674,0.9706,0.9466,0.9023,0.9632,0.9855,0.9808,0.9469,0.9023,5.40609314933207e-07,0.0002274125336565,0.0001033695754608,0.0001240429581957,74.4,45,5,74.4,r-reservoir_sl12_st12_sp336_bu50_re0.5,,,,,,,,,,
yahoo-a3,lstm,reservoir,12,12,336,B1,100.0,,,0.5,,,,0.0074419480348621,0.018974548045589,-0.0074419480348621,0.9510857475372442,0.9567670615760032,0.9830397784203144,5,10,10,0.9586,0.973,0.974,0.948,0.9018,0.9676,0.983,0.9801,0.9513,0.9018,0.0001528839161901,0.000230968289794,0.0001049858795149,0.0001259824102791,75.6,46,5,75.6,r-reservoir_sl12_st12_sp336_bu100_re0.5,,,,,,,,,,
yahoo-a3,lstm,reservoir,12,12,336,B1,250.0,,,0.5,,,,0.0085104312975564,0.0209184695120174,-0.0085104312975564,0.9532373086503928,0.9595811532239352,0.98606359680513,5,10,10,0.9586,0.975,0.9766,0.9506,0.9054,0.9706,0.9861,0.9821,0.9537,0.9054,5.818285572447588e-07,0.0002447518063449,0.0001112511217613,0.0001335006845835,80.1,49,5,80.1,r-reservoir_sl12_st12_sp336_bu250_re0.5,,,,,,,,,,
yahoo-a3,lstm,reservoir,12,12,336,B1,500.0,,,0.5,,,,0.0075988224850386,0.02236213965676,-0.0075988224850386,0.954622779058829,0.9601761920668476,0.9869134865878446,5,10,10,0.9586,0.9774,0.9787,0.9509,0.9074,0.97,0.9869,0.9834,0.9532,0.9074,0.000164262825819,0.0002481588966425,0.0001127997879624,0.00013535910868,81.2,50,5,81.2,r-reservoir_sl12_st12_sp336_bu500_re0.5,,,,,,,,,,
yahoo-a3,lstm,reservoir,12,12,336,B1,1000.0,,,0.5,,,,0.0074619611804492,0.0187588654704256,-0.0074619611804492,0.952442202654694,0.9582495524503754,0.985428416020154,5,10,10,0.9586,0.976,0.9744,0.9487,0.9044,0.9685,0.9854,0.9816,0.9513,0.9044,5.516640312427265e-07,0.0002320628069229,0.0001054967435206,0.0001265660634023,76.0,43,5,76.0,r-reservoir_sl12_st12_sp336_bu1000_re0.5,,,,,,,,,,
yahoo-a3,lstm,reservoir,12,12,336,B1,50.0,,,,,,,0.0052941797920456,0.0075912336861969,-0.0052941797920456,0.9432607032090936,0.9474209646738472,0.973948641607741,5,10,10,0.9586,0.9623,0.9648,0.9395,0.8911,0.962,0.9739,0.9706,0.9394,0.8911,0.0001037655535258,0.0001567630724972,7.125614201326647e-05,8.550693048397079e-05,51.3,38,5,51.3,r-reservoir_sl12_st12_sp336_bu50,,,,,,,,,,
yahoo-a3,lstm,reservoir,12,12,336,B1,50.0,,,0.3,,,,0.0083955704069276,0.0112463807506152,-0.0083955704069276,0.945759945254824,0.9528090713464216,0.9811181328905556,5,10,10,0.9586,0.9608,0.9673,0.9438,0.8984,0.9632,0.9811,0.9765,0.9449,0.8984,0.0001178074773612,0.0001779768091316,8.089874808986983e-05,9.707806104173264e-05,58.2,39,5,58.3,r-reservoir_sl12_st12_sp336_bu50_re0.3,,,,,,,,,,
yahoo-a3,lstm,ewc,12,12,336,B1,,,,,1000.0,,,0.0061440872965619,0.0091943695654514,-0.0061440872965619,0.9419497699957656,0.9470127448730928,0.9728214193696144,5,10,10,0.9586,0.9637,0.9604,0.9379,0.8892,0.9632,0.9728,0.9695,0.9404,0.8892,0.0001156469326711,0.0001747127815965,7.941511111114071e-05,9.529767048545182e-05,57.2,40,5,57.2,r-ewc_sl12_st12_sp336_la1000.0,,,,,,,,,,
yahoo-a3,lstm,ewc,12,12,336,B1,,,,,100.0,,,0.0061403401518888,0.0113057895310462,-0.0061403401518888,0.94362933450176,0.948175941277484,0.9742438664796312,5,10,10,0.9586,0.9642,0.9624,0.9418,0.8911,0.9631,0.9742,0.971,0.9415,0.8911,0.0001114180879354,0.0001683240844677,7.65111575232974e-05,9.181292694450044e-05,55.1,37,5,55.1,r-ewc_sl12_st12_sp336_la100,,,,,,,,,,
yahoo-a3,lstm,ewc,12,12,336,B1,,,,,500.0,,,0.0060122343981433,0.0100582797683733,-0.0060122343981433,0.9424708594639456,0.947211993877566,0.9731023303083222,5,10,10,0.9586,0.964,0.9614,0.9392,0.8892,0.9632,0.9731,0.9698,0.9407,0.8892,0.0001128176813622,0.0001704385102901,7.747231105458922e-05,9.2966199235525e-05,55.8,37,5,55.8,r-ewc_sl12_st12_sp336_la500,,,,,,,,,,
yahoo-a3,lstm,ewc,12,12,336,B1,,,,,5000.0,,,0.005217864521248,0.0050246757366306,-0.005217864521248,0.9377766739074594,0.942775667664728,0.9702842747130056,5,10,10,0.9586,0.9618,0.9575,0.9293,0.8817,0.9635,0.9703,0.965,0.9334,0.8817,0.0001119688820181,0.0001691561927136,7.688939757127729e-05,9.226679514239854e-05,55.4,37,5,55.4,r-ewc_sl12_st12_sp336_la5000,,,,,,,,,,
yahoo-a3,lstm,ewc,12,12,336,B1,,,,,10000.0,,,0.0044339709710188,0.0039459953038326,-0.0044339709710188,0.9378132905075856,0.942753490854732,0.9699801036328762,5,10,10,0.9586,0.9609,0.9568,0.9285,0.8843,0.9636,0.97,0.9636,0.9323,0.8843,0.0001122181544545,0.0001695327792752,7.706055295356135e-05,9.247222632169724e-05,55.5,37,5,55.5,r-ewc_sl12_st12_sp336_la10000,,,,,,,,,,
yahoo-a3,lstm,lwf,12,12,336,B1,,,,,,1.0,2.0,0.0061333751138234,0.005878473138917,-0.0061333751138234,0.9396729371180654,0.9447580362122844,0.9719375339955914,5,10,10,0.9586,0.9607,0.9587,0.9357,0.8847,0.9624,0.9719,0.9683,0.9365,0.8847,3.913857460052133e-07,0.0001646401970471,7.483665156048826e-05,8.980354548664764e-05,53.9,38,5,53.9,r-lwf_sl12_st12_sp336_al1.0_te2.0,,,,,,,,,,
yahoo-a3,lstm,lwf,12,12,336,B1,,,,,,0.1,2.0,0.0061635193349986,0.0113975970179591,-0.0061635193349986,0.943774576388294,0.9483805966725016,0.9744889925853826,5,10,10,0.9586,0.9643,0.9622,0.9424,0.8914,0.9631,0.9745,0.9711,0.9418,0.8914,3.851731104808518e-07,0.0001620267918647,7.364875665516592e-05,8.837803520960734e-05,53.0,37,5,53.0,r-lwf_sl12_st12_sp336_al0.1_te2.0,,,,,,,,,,
yahoo-a3,lstm,lwf,12,12,336,B1,,,,,,0.5,2.0,0.0065572957769862,0.008808215943263,-0.0065572957769862,0.9421712939986404,0.9480276225614658,0.9745408805931692,5,10,10,0.9586,0.9635,0.9603,0.9376,0.8908,0.9629,0.9745,0.971,0.9409,0.8908,0.0001087434658943,0.0001642834182285,7.467448767274619e-05,8.960893055579315e-05,53.8,38,5,53.8,r-lwf_sl12_st12_sp336_al0.5_te2.0,,,,,,,,,,
yahoo-a3,lstm,lwf,12,12,336,B1,,,,,,2.0,2.0,0.0055807547274134,0.0031290609642733,-0.0055807547274134,0.9370287940713048,0.9420235460357376,0.969604362886834,5,10,10,0.9586,0.959,0.9564,0.9345,0.8766,0.9625,0.9696,0.9655,0.9358,0.8766,4.000437568901594e-07,0.000168282273011,7.649216967531377e-05,9.179010333570965e-05,55.1,40,5,55.1,r-lwf_sl12_st12_sp336_al2.0_te2.0,,,,,,,,,,
yahoo-a3,lstm,lwf,12,12,336,B1,,,,,,1.0,1.0,0.0066501381020552,-0.0011472856981048,-0.0066501381020552,0.9342350129131932,0.9410056338997044,0.9695703672955254,5,10,10,0.9586,0.9547,0.952,0.9327,0.8731,0.9638,0.9696,0.9644,0.9341,0.8731,0.0001142086251843,0.0001725398687834,7.842741996541412e-05,9.411244881805032e-05,56.5,42,5,56.5,r-lwf_sl12_st12_sp336_al1.0_te1.0,,,,,,,,,,
yahoo-a3,lstm,lwf,12,12,336,B1,,,,,,1.0,5.0,0.0067350017672854,0.0104701168270929,-0.0067350017672854,0.9432663649224972,0.9491064312274412,0.9753907703758838,5,10,10,0.9586,0.9642,0.9618,0.9393,0.8925,0.9632,0.9754,0.9719,0.9426,0.8925,3.900515780299046e-07,0.0001640789663927,7.458157361446259e-05,8.949739277828485e-05,53.7,38,5,53.7,r-lwf_sl12_st12_sp336_al1.0_te5.0,,,,,,,,,,
yahoo-a3,lstm,naive,6,6,336,B2,,,,,,,,0.0003782606395188,0.0018801681269025,-0.0003782606395188,0.9815422561348728,0.9817201646810856,0.9939103214924035,5,10,10,0.9896,0.9939,0.9881,0.9775,0.9585,0.9903,0.9935,0.99,0.9762,0.9585,9.735156670246743e-05,0.0001470731874899,6.685168616887596e-05,8.022150132106618e-05,48.1,35,5,48.1,r-naive_sl6_st6_sp336,,,,,,,,,,
yahoo-a3,lstm,cumulative,6,6,336,B2,,,,,,,,0.0005677079624781,-0.0022811483364747,-0.0005677079624781,0.980083131845174,0.9804247105611904,0.99330709215863,5,10,10,0.9896,0.9888,0.9837,0.98,0.9582,0.9933,0.9908,0.9835,0.9764,0.9582,0.0003684074722728,0.0005565689703575,0.000252986541607,0.0003035824287504,182.2,66,5,182.2,r-cumulative_sl6_st6_sp336,,,,,,,,,,
yahoo-a3,lstm,experts,6,6,336,B2,,,,,,,,0.0001505881500488,0.005205992955054,-0.0001505881500488,0.9826944780889524,0.9828865881873812,0.9944953648881482,5,10,10,0.9896,0.994,0.9906,0.9753,0.964,0.99,0.9944,0.9919,0.9741,0.964,0.0001440708109308,0.0002176539536606,9.893387372786592e-05,0.0001187200799328,71.2,67,5,71.2,r-experts_sl6_st6_sp336,,,,,,,,,,
yahoo-a3,lstm,random-buffer,6,6,336,B2,50.0,,,0.5,,,,-0.0002971987508183,0.0033699996889021,0.0002971987508183,0.9814765813306504,0.9813295444874304,0.993902279658785,5,10,10,0.9896,0.9939,0.9898,0.975,0.9591,0.9904,0.9926,0.9882,0.9763,0.9591,0.0001345022061174,0.0002031982519456,9.236309687710472e-05,0.0001108351550685,66.5,35,5,66.5,r-random-buffer_sl6_st6_sp336_bu50_re0.5,,,,,,,,,,
yahoo-a3,lstm,reservoir,6,6,336,B2,50.0,,,0.5,,,,0.0015246877695913,-0.0094584003766608,-0.0015246877695913,0.9729851016625368,0.9742783071424148,0.9910615019330558,5,10,10,0.9896,0.9855,0.9712,0.9697,0.9489,0.9885,0.99,0.9732,0.9708,0.9489,0.0001762418514551,0.0002662561244839,0.0001210258088559,0.0001452303156279,87.1,49,5,87.2,r-reservoir_sl6_st6_sp336_bu50_re0.5,,,,,,,,,,
yahoo-a3,lstm,ewc,6,6,336,B2,,,,,1000.0,,,0.0004447207405992,0.0021549526550982,-0.0004447207405992,0.9811635501453552,0.9812875679344024,0.9938379449898372,5,10,10,0.9896,0.9938,0.989,0.9783,0.955,0.9904,0.9931,0.9896,0.9782,0.955,0.0001116026392017,0.0001686028939816,7.663789259321573e-05,9.196500138845294e-05,55.2,35,5,55.2,r-ewc_sl6_st6_sp336_la1000.0,,,,,,,,,,
yahoo-a3,lstm,lwf,6,6,336,B2,,,,,,1.0,2.0,0.0006415469068733,0.0033332507162859,-0.0006415469068733,0.981976158209766,0.982201868558408,0.9938379449898372,5,10,10,0.9896,0.993,0.9894,0.9781,0.9598,0.9905,0.9934,0.9903,0.977,0.9598,0.0001044101798231,0.0001577369370944,7.169882424835427e-05,8.603811284604793e-05,51.6,35,5,51.6,r-lwf_sl6_st6_sp336_al1.0_te2.0,,,,,,,,,,
yahoo-a3,lstm,naive,8,8,336,B2,,,,,,,,0.0019802281548211,0.0062312375056084,-0.0019802281548211,0.9785174032958972,0.9794151882237728,0.9941855072463768,5,10,10,0.9873,0.992,0.9904,0.9777,0.9452,0.991,0.9938,0.9918,0.9754,0.9452,0.0001059382887807,0.0001600455168413,7.274817204840172e-05,8.729734479294468e-05,52.4,43,5,52.4,r-naive_sl8_st8_sp336,,,,,,,,,,
yahoo-a3,lstm,cumulative,8,8,336,B2,,,,,,,,0.0015094336856274,0.0071192437653372,-0.0015094336856274,0.9793369269337024,0.9790690010511796,0.9939227053140096,5,10,10,0.9873,0.9932,0.9883,0.9783,0.9495,0.9926,0.9938,0.9897,0.9698,0.9495,0.0004012404550864,0.0006061711657895,0.0002755330231493,0.0003306381426402,198.4,90,5,198.4,r-cumulative_sl8_st8_sp336,,,,,,,,,,
yahoo-a3,lstm,experts,8,8,336,B2,,,,,,,,-0.0002580837119041,0.0038875189661268,0.0002580837119041,0.9767123694886418,0.9762014939638968,0.9943903381642512,5,10,10,0.9873,0.992,0.9917,0.9685,0.944,0.986,0.9939,0.9908,0.9663,0.944,0.0001517604939898,0.0002292710876892,0.0001042143848407,0.0001250567028485,75.0,77,5,75.0,r-experts_sl8_st8_sp336,,,,,,,,,,
yahoo-a3,lstm,random-buffer,8,8,336,B2,50.0,,,0.5,,,,0.0023786171841018,0.0090377586412981,-0.0023786171841018,0.9811935085124888,0.9828229371225496,0.994942995169082,5,10,10,0.9873,0.9922,0.9928,0.9771,0.9566,0.9911,0.9946,0.9929,0.9789,0.9566,0.0001394813395008,0.0002107204423165,9.578226516217303e-05,0.0001149381771543,69.0,43,5,69.0,r-random-buffer_sl8_st8_sp336_bu50_re0.5,,,,,,,,,,
yahoo-a3,lstm,reservoir,8,8,336,B2,50.0,,,0.5,,,,0.002289849385686,0.0085656529027516,-0.002289849385686,0.9821872392039502,0.9840554532517845,0.9943980676328502,5,10,10,0.9873,0.9924,0.9893,0.9806,0.9614,0.9921,0.9944,0.9916,0.9808,0.9614,0.0001477005831168,0.0002231376061928,0.0001014264218166,0.0001217111843762,73.0,46,5,73.0,r-reservoir_sl8_st8_sp336_bu50_re0.5,,,,,,,,,,
yahoo-a3,lstm,ewc,8,8,336,B2,,,,,1000.0,,,0.0017558556270324,0.0064401100717909,-0.0017558556270324,0.9770241925363956,0.9777175122453674,0.9940502415458936,5,10,10,0.9873,0.992,0.9913,0.9772,0.9373,0.9909,0.9935,0.9907,0.9763,0.9373,0.0001184151826605,0.0001788948955934,8.131607066025027e-05,9.757882493315266e-05,58.5,43,5,58.6,r-ewc_sl8_st8_sp336_la1000.0,,,,,,,,,,
yahoo-a3,lstm,lwf,8,8,336,B2,,,,,,1.0,2.0,0.0021032454761012,0.0054617476412952,-0.0021032454761012,0.977681089738122,0.9788033078031366,0.9937198067632852,5,10,10,0.9873,0.9911,0.9906,0.9762,0.9431,0.9909,0.9933,0.9911,0.9756,0.9431,4.051774435906919e-07,0.0001704418079419,7.747376967648354e-05,9.296803826543814e-05,55.8,43,5,55.8,r-lwf_sl8_st8_sp336_al1.0_te2.0,,,,,,,,,,
yahoo-a3,lstm,naive,10,10,336,B2,,,,,,,,0.0024005643184277,0.0219608226708953,-0.0024005643184277,0.983969966073466,0.984778076137722,0.9947267559976876,5,10,10,0.9844,0.9947,0.9923,0.9811,0.9674,0.9916,0.9942,0.9931,0.9776,0.9674,0.0001012057332677,0.0001528958422358,6.949834334599373e-05,8.339749888982625e-05,50.0,39,5,50.0,r-naive_sl10_st10_sp336,,,,,,,,,,
yahoo-a3,lstm,cumulative,10,10,336,B2,,,,,,,,0.003721635926894,0.0233169230052111,-0.003721635926894,0.9845072427658856,0.9865258539913906,0.9957676501257438,5,10,10,0.9844,0.9923,0.9933,0.983,0.9696,0.9926,0.9955,0.9947,0.9802,0.9696,1.3268715038830749e-06,0.0005581613231582,0.000253710327604,0.0003044509955542,182.7,81,5,182.7,r-cumulative_sl10_st10_sp336,,,,,,,,,,
yahoo-a3,lstm,experts,10,10,336,B2,,,,,,,,0.0032519309741739,0.0169389106794084,-0.0032519309741739,0.9818049206454292,0.9851742434400684,0.9954256420550968,5,10,10,0.9844,0.9933,0.9916,0.9739,0.9659,0.9907,0.9954,0.9942,0.9797,0.9659,0.0001408818485533,0.0002128362514138,9.674400856537333e-05,0.0001160922428484,69.7,71,5,69.7,r-experts_sl10_st10_sp336,,,,,,,,,,
yahoo-a3,lstm,random-buffer,10,10,336,B2,50.0,,,0.5,,,,0.003295474986886,0.0213963624402844,-0.003295474986886,0.9841317103768606,0.9858443473425496,0.9947750832250616,5,10,10,0.9844,0.9931,0.9937,0.9823,0.9672,0.9922,0.9948,0.9937,0.9814,0.9672,0.0001485674335454,0.0002244471943168,0.0001020217051496,0.0001224254891672,73.5,45,5,73.5,r-random-buffer_sl10_st10_sp336_bu50_re0.5,,,,,,,,,,
yahoo-a3,lstm,reservoir,10,10,336,B2,50.0,,,0.5,,,,0.004478729262546,0.0237777764105279,-0.004478729262546,0.982844714181784,0.9862842178888128,0.9952341918851152,5,10,10,0.9844,0.9944,0.9831,0.9821,0.9703,0.9923,0.9951,0.9914,0.9824,0.9703,0.000150885467561,0.000227949147731,0.0001036134967586,0.0001243356509724,74.6,46,5,74.6,r-reservoir_sl10_st10_sp336_bu50_re0.5,,,,,,,,,,
yahoo-a3,lstm,ewc,10,10,336,B2,,,,,1000.0,,,0.0025555950339011,0.018948805496118,-0.0025555950339011,0.9836519073096952,0.9846594413855752,0.9945501757438212,5,10,10,0.9844,0.9939,0.992,0.98,0.9681,0.9919,0.9946,0.9929,0.9758,0.9681,0.0001121495846887,0.0001694291879888,7.701347500163441e-05,9.2415712987228e-05,55.4,39,5,55.5,r-ewc_sl10_st10_sp336_la1000.0,,,,,,,,,,
yahoo-a3,lstm,lwf,10,10,336,B2,,,,,,1.0,2.0,0.0028151526690692,0.0201108117413021,-0.0028151526690692,0.9835182981418756,0.9849580455443672,0.9941951564965734,5,10,10,0.9844,0.9931,0.9917,0.98,0.9684,0.9917,0.9942,0.9932,0.9773,0.9684,0.0001118724650158,0.0001690105314127,7.68231752322107e-05,9.218735618051144e-05,55.3,42,5,55.3,r-lwf_sl10_st10_sp336_al1.0_te2.0,,,,,,,,,,
yahoo-a3,lstm,naive,16,16,336,B2,,,,,,,,0.0036624196555634,0.0143706117519012,-0.0036624196555634,0.9653590278276424,0.9697280901038176,0.9912557901522552,5,10,10,0.9719,0.9845,0.982,0.9523,0.9361,0.9796,0.9913,0.9883,0.9533,0.9361,0.0001227107481774,0.0001853843906682,8.426594212780603e-05,0.0001011184485404,60.7,52,5,60.7,r-naive_sl16_st16_sp336,,,,,,,,,,
yahoo-a3,lstm,cumulative,16,16,336,B2,,,,,,,,0.0068840174112992,0.0096094181338333,-0.0068840174112992,0.9641609833412628,0.9699024000771956,0.993297711851453,5,10,10,0.9719,0.9749,0.981,0.9603,0.9327,0.9773,0.9933,0.9894,0.9568,0.9327,1.790698021317306e-06,0.0007532744308927,0.00034239830006,0.0004108761308326,246.5,124,5,246.5,r-cumulative_sl16_st16_sp336,,,,,,,,,,
yahoo-a3,lstm,experts,16,16,336,B2,,,,,,,,-0.001399209305365,-0.0102742850943617,0.001399209305365,0.9477506881354584,0.947146008596008,0.984068358687056,5,10,10,0.9719,0.9774,0.9694,0.9308,0.8893,0.9649,0.9841,0.9726,0.9248,0.8893,6.86786663103804e-07,0.0002889034480608,0.0001313201218772,0.0001575833261835,94.6,115,5,94.6,r-experts_sl16_st16_sp336,,,,,,,,,,
yahoo-a3,lstm,random-buffer,16,16,336,B2,50.0,,,0.5,,,,0.0035134329767144,0.0187658898588568,-0.0035134329767144,0.9684223772296278,0.9722454748398552,0.9917874540609156,5,10,10,0.9719,0.9867,0.9842,0.9603,0.939,0.9802,0.9918,0.9891,0.961,0.939,5.966770453780872e-07,0.0002509979663982,0.0001140902940384,0.0001369076723597,82.1,57,5,82.2,r-random-buffer_sl16_st16_sp336_bu50_re0.5,,,,,,,,,,
yahoo-a3,lstm,reservoir,16,16,336,B2,50.0,,,0.5,,,,0.0035176757001596,0.0127804494490239,-0.0035176757001596,0.9622957803242862,0.9655522124754904,0.9896890430714224,5,10,10,0.9719,0.9841,0.981,0.9529,0.9215,0.9764,0.9897,0.985,0.9552,0.9215,0.0001637689350424,0.000247412754662,0.0001124606412602,0.0001349521134017,81.0,56,5,81.0,r-reservoir_sl16_st16_sp336_bu50_re0.5,,,,,,,,,,
yahoo-a3,lstm,ewc,16,16,336,B2,,,,,1000.0,,,0.0030551580236736,0.0126950934892193,-0.0030551580236736,0.964471896041071,0.96810789854074,0.9907224647938806,5,10,10,0.9719,0.984,0.981,0.9512,0.9343,0.9778,0.9907,0.987,0.9507,0.9343,0.0001321222179125,0.0001996027016805,9.072876522032956e-05,0.0001088739364601,65.3,52,5,65.3,r-ewc_sl16_st16_sp336_la1000.0,,,,,,,,,,
yahoo-a3,lstm,lwf,16,16,336,B2,,,,,,1.0,2.0,0.0035454006383049,0.0136296725285179,-0.0035454006383049,0.9644403923901012,0.9686094692164332,0.9905829030178572,5,10,10,0.9719,0.9819,0.9841,0.9521,0.9322,0.9774,0.9906,0.9874,0.9554,0.9322,4.692020132144286e-07,0.0001973743619919,8.971587893578948e-05,0.0001076584830561,64.6,53,5,64.6,r-lwf_sl16_st16_sp336_al1.0_te2.0,,,,,,,,,,
yahoo-a3,lstm,naive,24,24,336,B2,,,,,,,,-0.0024824548986903,-0.0033382213671149,0.0024824548986903,0.8768200212991083,0.8763732430856223,0.9192676386932545,5,10,10,0.9193,0.9053,0.9026,0.8401,0.8169,0.9017,0.9071,0.9072,0.849,0.8169,0.0001450910401836,0.0002191952577533,9.963447789325276e-05,0.00011956077986,71.7,61,5,71.7,r-naive_sl24_st24_sp336,,,,,,,,,,
yahoo-a3,lstm,cumulative,24,24,336,B2,,,,,,,,0.017353988451664,0.0211010228054946,-0.017353988451664,0.8953348347197089,0.9097096892529524,0.9514684599559852,5,10,10,0.9193,0.9226,0.918,0.8668,0.8499,0.9453,0.9515,0.9394,0.8624,0.8499,1.6701235198046891e-06,0.0007025536014028,0.0003193433291097,0.000383210272293,229.9,121,5,229.9,r-cumulative_sl24_st24_sp336,,,,,,,,,,
yahoo-a3,lstm,experts,24,24,336,B2,,,,,,,,-0.0171349436916291,-0.0135998519801304,0.0171349436916291,0.858178464535502,0.8321242816335911,0.9260578138965404,5,10,10,0.9193,0.9048,0.8893,0.8046,0.7729,0.8784,0.8641,0.8476,0.7977,0.7729,6.557592327578296e-07,0.000275851459586,0.0001253873902806,0.0001504640693054,90.3,100,5,90.3,r-experts_sl24_st24_sp336,,,,,,,,,,
yahoo-a3,lstm,random-buffer,24,24,336,B2,50.0,,,0.5,,,,-7.867486505939159e-05,0.0023318454909569,7.867486505939159e-05,0.87876493841218,0.8761066295591668,0.9192676386932545,5,10,10,0.9193,0.908,0.9065,0.8407,0.8193,0.8999,0.9084,0.907,0.8459,0.8193,6.775805887177447e-07,0.0002850308238877,0.0001295598322913,0.0001554709915964,93.3,61,5,93.3,r-random-buffer_sl24_st24_sp336_bu50_re0.5,,,,,,,,,,
yahoo-a3,lstm,reservoir,24,24,336,B2,50.0,,,0.5,,,,0.0070220402546126,0.005775092371991,-0.0070220402546126,0.8822700725895887,0.8897472989671791,0.9260164895821404,5,10,10,0.9193,0.9149,0.907,0.8446,0.8256,0.926,0.9259,0.9182,0.8531,0.8256,0.0001845356708071,0.0002787859531234,0.0001267212395834,0.00015206471354,91.2,59,5,91.3,r-reservoir_sl24_st24_sp336_bu50_re0.5,,,,,,,,,,
yahoo-a3,lstm,ewc,24,24,336,B2,,,,,1000.0,,,-0.0038705678089942,-0.0041696793549606,0.0038705678089942,0.8749632274567816,0.8702938392564894,0.9192676386932545,5,10,10,0.9193,0.9054,0.9043,0.8341,0.8117,0.893,0.9036,0.9055,0.8377,0.8117,5.456818707528283e-07,0.0002295463532915,0.0001043395481499,0.0001252068051416,75.1,59,5,75.1,r-ewc_sl24_st24_sp336_la1000.0,,,,,,,,,,
yahoo-a3,lstm,lwf,24,24,336,B2,,,,,,1.0,2.0,-0.0030280537869326,-0.0061839216220095,0.0030280537869326,0.8725837240997063,0.8705967395764288,0.9192676386932545,5,10,10,0.9193,0.9042,0.902,0.8326,0.8049,0.8997,0.9086,0.9037,0.8361,0.8049,0.0001441828922469,0.0002178232797124,9.901083721132536e-05,0.000118812442501,71.3,53,5,71.3,r-lwf_sl24_st24_sp336_al1.0_te2.0,,,,,,,,,,
yahoo-a3,lstm,naive,8,4,336,B3,,,,,,,,0.0005279749212767,0.0125500771610715,-0.0005279749212767,0.9839988444297966,0.9842852670072568,0.9940521739130436,5,10,10,0.9909,0.9938,0.9896,0.9815,0.9643,0.9925,0.9936,0.9885,0.9825,0.9643,6.666793285362974e-07,0.0002804451034249,0.0001274754040486,0.0001529696993762,91.8,48,5,91.8,r-naive_sl8_st4_sp336,,,,,,,,,,
yahoo-a3,lstm,cumulative,8,4,336,B3,,,,,,,,1.8353841027074493e-05,0.0092846831729127,-1.8353841027074493e-05,0.9838334096028872,0.9828518598526028,0.9947961352657004,5,10,10,0.9909,0.9893,0.9905,0.9818,0.9667,0.9936,0.9948,0.9764,0.9828,0.9667,0.0008463485531511,0.0012786150614284,0.0005811899783031,0.0006974250831253,418.5,100,5,418.5,r-cumulative_sl8_st4_sp336,,,,,,,,,,
yahoo-a3,lstm,experts,8,4,336,B3,,,,,,,,-0.000384410551561,0.0085463405802041,0.000384410551561,0.9811218559366038,0.9801634677867398,0.9949468599033816,5,10,10,0.9909,0.9923,0.9934,0.9771,0.9519,0.9897,0.9943,0.9917,0.9733,0.9519,0.0002694378443102,0.0004070513083188,0.0001850237708888,0.00022202753743,133.2,80,5,133.2,r-experts_sl8_st4_sp336,,,,,,,,,,
yahoo-a3,lstm,random-buffer,8,4,336,B3,50.0,,,0.5,,,,0.001095625880436,0.0097574378544003,-0.001095625880436,0.9830358610502362,0.98412737747831,0.9940521739130436,5,10,10,0.9909,0.9918,0.9901,0.9812,0.9612,0.9929,0.9927,0.9904,0.9835,0.9612,0.0003136345380888,0.0004738211493261,0.0002153737537032,0.0002584473956228,155.1,58,5,155.1,r-random-buffer_sl8_st4_sp336_bu50_re0.5,,,,,,,,,,
yahoo-a3,lstm,reservoir,8,4,336,B3,50.0,,,0.5,,,,0.0003974497862309,0.0086018252648505,-0.0003974497862309,0.9831859662589948,0.983554680918011,0.994063768115942,5,10,10,0.9909,0.9941,0.988,0.9826,0.9603,0.9918,0.9938,0.9885,0.9834,0.9603,0.0002982559755483,0.0004505880952679,0.0002048132462394,0.0002457748490284,147.5,55,5,147.5,r-reservoir_sl8_st4_sp336_bu50_re0.5,,,,,,,,,,
yahoo-a3,lstm,ewc,8,4,336,B3,,,,,1000.0,,,0.0003770992555605,0.0129786593496276,-0.0003770992555605,0.9839093688120644,0.9839963727741006,0.994257004830918,5,10,10,0.9909,0.9939,0.9917,0.979,0.964,0.9919,0.9939,0.9895,0.9806,0.964,0.0001983011471162,0.000299582048622,0.0001361739898714,0.0001634080587505,98.0,44,5,98.1,r-ewc_sl8_st4_sp336_la1000.0,,,,,,,,,,
yahoo-a3,lstm,lwf,8,4,336,B3,,,,,,1.0,2.0,0.0004289852388775,0.0096510700840396,-0.0004289852388775,0.9837565013150597,0.9839411208470878,0.9940521739130436,5,10,10,0.9909,0.9936,0.9903,0.9807,0.9633,0.992,0.9938,0.9889,0.9817,0.9633,0.0001873332419715,0.0002830123638769,0.0001286423229748,0.000154370040902,92.6,44,5,92.6,r-lwf_sl8_st4_sp336_al1.0_te2.0,,,,,,,,,,
yahoo-a3,lstm,naive,12,6,336,B3,,,,,,,,0.0041145102496989,0.0039923390777926,-0.0041145102496989,0.9694475207584125,0.973401722554747,0.98996235435573,5,10,10,0.9739,0.9843,0.9874,0.9678,0.9338,0.9819,0.99,0.9889,0.9725,0.9338,0.0002031463753166,0.0003069019426894,0.0001395012584514,0.0001674006842379,100.4,60,5,100.5,r-naive_sl12_st6_sp336,,,,,,,,,,
yahoo-a3,lstm,cumulative,12,6,336,B3,,,,,,,,0.0057098376199334,0.0110058087988936,-0.0057098376199334,0.9757846624836692,0.9770880064960302,0.9945106066244884,5,10,10,0.9739,0.9895,0.9905,0.975,0.9501,0.979,0.9883,0.9907,0.9774,0.9501,0.0009012045343682,0.0013614883451749,0.000618859708509,0.0007426286366659,445.6,120,5,445.6,r-cumulative_sl12_st6_sp336,,,,,,,,,,
yahoo-a3,lstm,experts,12,6,336,B3,,,,,,,,0.0009392684811484,-0.0008332153866587,-0.0009392684811484,0.96463505591181,0.9648990754111886,0.991372276774212,5,10,10,0.9739,0.9892,0.9854,0.9534,0.9212,0.9766,0.9903,0.9871,0.9494,0.9212,0.0003008160942214,0.0004544557763577,0.0002065713078152,0.0002478844685425,148.7,103,5,148.7,r-experts_sl12_st6_sp336,,,,,,,,,,
yahoo-a3,lstm,random-buffer,12,6,336,B3,50.0,,,0.5,,,,0.0055686235314426,0.0017873558234984,-0.0055686235314426,0.967922413357108,0.97097190883929,0.9923348887807392,5,10,10,0.9739,0.9832,0.9883,0.9707,0.9235,0.9779,0.9914,0.9899,0.9722,0.9235,0.0002399232026612,0.0003624622732166,0.0001647559724521,0.0001977063007644,118.6,49,5,118.6,r-random-buffer_sl12_st6_sp336_bu50_re0.5,,,,,,,,,,
yahoo-a3,lstm,reservoir,12,6,336,B3,50.0,,,0.5,,,,0.0025510470402401,0.0040923048222214,-0.0025510470402401,0.9691975804341472,0.9712301869529024,0.992971858807363,5,10,10,0.9739,0.9888,0.9888,0.9636,0.9309,0.9771,0.993,0.9902,0.9651,0.9309,0.0003226054513717,0.0004873738928093,0.0002215341571168,0.0002658397356925,159.5,67,5,159.5,r-reservoir_sl12_st6_sp336_bu50_re0.5,,,,,,,,,,
yahoo-a3,lstm,ewc,12,6,336,B3,,,,,1000.0,,,0.0044070176801313,-0.0005946546146758,-0.0044070176801313,0.9671525460710546,0.9713666704087164,0.990477655950302,5,10,10,0.9739,0.9799,0.983,0.967,0.932,0.9756,0.9905,0.9887,0.9701,0.932,0.0002132884561997,0.0003222240193008,0.0001464658486081,0.0001757581706927,105.5,55,5,105.2,r-ewc_sl12_st6_sp336_la1000.0,,,,,,,,,,
yahoo-a3,lstm,lwf,12,6,336,B3,,,,,,1.0,2.0,0.0051639543575447,0.0018953016313489,-0.0051639543575447,0.9681737680768548,0.97245947917476,0.9890444733903982,5,10,10,0.9739,0.9826,0.9835,0.9691,0.9317,0.9834,0.989,0.9878,0.9704,0.9317,0.0002012038692049,0.0003039673153871,0.0001381673015647,0.0001658000138223,99.5,53,5,99.5,r-lwf_sl12_st6_sp336_al1.0_te2.0,,,,,,,,,,
yahoo-a3,lstm,naive,24,12,336,B3,,,,,,,,0.0158570687414246,0.0132199327753424,-0.0158570687414246,0.9159285601047202,0.9269866330356858,0.96357084581426,5,10,10,0.9297,0.948,0.9425,0.8932,0.8664,0.9636,0.9618,0.9457,0.8975,0.8664,0.0001801669475037,0.0002721859354426,0.0001237211960671,0.0001484647393754,89.1,48,5,89.1,r-naive_sl24_st12_sp336,,,,,,,,,,
yahoo-a3,lstm,cumulative,24,12,336,B3,,,,,,,,0.0103984429404055,-0.0022121531771109,-0.0103984429404055,0.9034825974687752,0.9112580493122032,0.950597372482021,5,10,10,0.9297,0.9295,0.9343,0.8779,0.846,0.9506,0.9454,0.9317,0.8825,0.846,0.000634169351646,0.0009580668407738,0.0004354859798034,0.0005225808609703,313.6,95,5,313.5,r-cumulative_sl24_st12_sp336,,,,,,,,,,
yahoo-a3,lstm,experts,24,12,336,B3,,,,,,,,0.0112950172305378,0.0006183576406869,-0.0112950172305378,0.905839992775548,0.9137353463219928,0.9549714142187352,5,10,10,0.9297,0.9318,0.9344,0.8785,0.8548,0.9448,0.9522,0.9408,0.876,0.8548,0.0003093905849471,0.0004674096272803,0.0002124594712384,0.0002549501560418,153.0,118,5,153.0,r-experts_sl24_st12_sp336,,,,,,,,,,
yahoo-a3,lstm,random-buffer,24,12,336,B3,50.0,,,0.5,,,,0.0149687412882056,0.0131783163822356,-0.0149687412882056,0.9141276416793072,0.9214143338344484,0.9628636096906698,5,10,10,0.9297,0.952,0.9415,0.8934,0.8541,0.9629,0.9581,0.9417,0.8902,0.8541,9.004533405180683e-07,0.0003787844011382,0.000172175167248,0.0002066092338901,124.0,50,5,124.0,r-random-buffer_sl24_st12_sp336_bu50_re0.5,,,,,,,,,,
yahoo-a3,lstm,reservoir,24,12,336,B3,50.0,,,0.5,,,,0.0110911175115477,0.0101705795755097,-0.0110911175115477,0.9126476809644032,0.9176073680380684,0.958316754411961,5,10,10,0.9297,0.9508,0.9396,0.8859,0.8572,0.9546,0.9537,0.9387,0.8838,0.8572,0.0002689346585352,0.0004062911239854,0.0001846782516228,0.0002216128723626,133.0,55,5,133.0,r-reservoir_sl24_st12_sp336_bu50_re0.5,,,,,,,,,,
yahoo-a3,lstm,ewc,24,12,336,B3,,,,,1000.0,,,0.0152198303221247,0.0116280351809137,-0.0152198303221247,0.9141121219392556,0.924261709400742,0.9585640728159984,5,10,10,0.9297,0.9465,0.9431,0.8917,0.8595,0.9577,0.9578,0.9493,0.897,0.8595,0.0001949901576412,0.0002945799948048,0.0001339003537632,0.0001606796410415,96.4,48,5,96.4,r-ewc_sl24_st12_sp336_la1000.0,,,,,,,,,,
yahoo-a3,lstm,lwf,24,12,336,B3,,,,,,1.0,2.0,0.0147900013046627,0.0099380876162495,-0.0147900013046627,0.9126805589337312,0.9229727447790068,0.9620961581375248,5,10,10,0.9297,0.9442,0.9396,0.8924,0.8575,0.9621,0.9564,0.9455,0.8933,0.8575,0.0002037279313153,0.0003077805242811,0.0001399006042823,0.0001678799199988,100.7,53,5,100.7,r-lwf_sl24_st12_sp336_al1.0_te2.0,,,,,,,,,,
yahoo-a3,lstm,naive,12,12,168,B5,,,,,,,,0.0055664300116617,0.0391238868217847,-0.0055664300116617,0.9236658197374046,0.9255892163714996,0.9728707775433336,10,45,45,0.9667,0.9221,0.9686,0.9277,0.9628,0.9597,0.9572,0.9591,0.9271,0.9611,0.000155505489251,0.0002349288126634,0.0001067861276627,0.0001281426850007,76.9,75,10,76.9,r-naive_sl12_st12_sp168,0.944,0.8926,0.9147,0.8936,0.8438,0.9434,0.8928,0.9171,0.8945,0.8438
yahoo-a3,lstm,cumulative,12,12,168,B5,,,,,,,,0.0115978343110729,0.071715533992847,-0.0115978343110729,0.9472615056683548,0.955399580354254,0.9974512433199898,10,45,45,0.9667,0.9766,0.9825,0.9431,0.9801,0.9949,0.9807,0.9852,0.9565,0.9821,0.0006038151697735,0.0009122094762458,0.000414641622915,0.0004975678533307,298.5,154,10,298.6,r-cumulative_sl12_st12_sp168,0.963,0.9177,0.9398,0.9213,0.8817,0.97,0.939,0.9461,0.9178,0.8817
yahoo-a3,lstm,experts,12,12,168,B5,,,,,,,,-0.0334335582175212,0.0255418744104075,0.0334335582175212,0.8977274380251323,0.8612207522318084,0.9947102206621836,10,45,45,0.9667,0.9608,0.9843,0.926,0.9375,0.9063,0.8736,0.9023,0.8417,0.9124,0.0002096162844226,0.0003166763118878,0.0001439441412616,0.0001727321706262,103.6,172,10,103.7,r-experts_sl12_st12_sp168,0.9146,0.8212,0.867,0.8148,0.7844,0.889,0.8289,0.8638,0.8097,0.7844
yahoo-a3,lstm,random-buffer,12,12,168,B5,50.0,,,0.5,,,,0.0023434462179601,0.0315219600920796,-0.0023434462179601,0.9174948246145632,0.913850442806694,0.966664037388338,10,45,45,0.9667,0.9257,0.9534,0.9142,0.9518,0.9499,0.9411,0.9486,0.9125,0.9487,6.726514185199919e-07,0.0002829573208005,0.0001286172984374,0.000154340022363,92.6,75,10,92.6,r-random-buffer_sl12_st12_sp168_bu50_re0.5,0.9391,0.8879,0.9053,0.8899,0.841,0.9343,0.8747,0.9066,0.8811,0.841
yahoo-a3,lstm,reservoir,12,12,168,B5,50.0,,,0.5,,,,0.0018166042382237,0.0264662551102361,-0.0018166042382237,0.9117056810738322,0.9127273793927388,0.966664037388338,10,45,45,0.9667,0.9216,0.9581,0.9121,0.9518,0.9559,0.9458,0.9505,0.9097,0.9525,0.000187503416266,0.0002832694534828,0.0001287591811916,0.0001545102722911,92.7,75,10,92.7,r-reservoir_sl12_st12_sp168_bu50_re0.5,0.9293,0.8729,0.8961,0.8791,0.8293,0.9333,0.8746,0.8972,0.8783,0.8293
yahoo-a3,lstm,ewc,12,12,168,B5,,,,,1000.0,,,0.0064975951773691,0.0394116089813903,-0.0064975951773691,0.9242641431201818,0.9262191812410622,0.9739750744414428,10,45,45,0.9667,0.9227,0.9695,0.9286,0.9638,0.9634,0.9606,0.9599,0.9268,0.9615,0.0001660035234213,0.0002507886431736,0.0001139951334503,0.0001367935097233,82.1,75,10,82.1,r-ewc_sl12_st12_sp168_la1000.0,0.9457,0.892,0.9151,0.8954,0.8431,0.9442,0.8902,0.9168,0.8957,0.8431
yahoo-a3,lstm,lwf,12,12,168,B5,,,,,,1.0,2.0,0.0056993392051193,0.0368575336597462,-0.0056993392051193,0.9219782197352068,0.9257544362168896,0.9705044270473862,10,45,45,0.9667,0.9261,0.9692,0.9247,0.9613,0.9603,0.9585,0.9573,0.9282,0.9607,5.80605062565775e-07,0.0002442371314823,0.0001110171609959,0.0001332199704864,79.9,75,10,79.9,r-lwf_sl12_st12_sp168_al1.0_te2.0,0.9401,0.8863,0.9127,0.8899,0.8428,0.9431,0.8934,0.9172,0.896,0.8428
yahoo-a3,tcn,naive,12,12,336,B1,,,,,,,,7.049978040030158e-06,0.0142659964336539,-7.049978040030158e-06,0.9226558337371706,0.926377262992134,0.9584967507371676,5,10,10,0.9548,0.9585,0.9382,0.9087,0.853,0.9549,0.9563,0.9513,0.9164,0.853,1.3056101577624537e-07,5.492175324082685e-05,2.4964547337731348e-05,2.9957205903095506e-05,18.0,50,5,18.0,r-naive_sl12_st12_sp336,,,,,,,,,,
yahoo-a3,tcn,cumulative,12,12,336,B1,,,,,,,,-0.002471099964568,0.0081474438382654,0.002471099964568,0.918295718615377,0.9191844991501478,0.9574876184477972,5,10,10,0.9548,0.9575,0.9336,0.9005,0.8451,0.9491,0.956,0.9406,0.9051,0.8451,9.166025123359896e-05,0.0001384750730951,6.294341475974457e-05,7.553165833543366e-05,45.3,85,5,45.3,r-cumulative_sl12_st12_sp336,,,,,,,,,,
yahoo-a3,tcn,experts,12,12,336,B1,,,,,,,,0.0017292612360897,0.033924236377427,-0.0017292612360897,0.934197221618106,0.9314793116694028,0.9738860181500671,5,10,10,0.9548,0.9655,0.9599,0.9306,0.8601,0.9547,0.9656,0.9567,0.9203,0.8601,4.621325959645908e-05,6.981635348431559e-05,3.173481591382167e-05,3.8081537570493914e-05,22.8,84,5,22.9,r-experts_sl12_st12_sp336,,,,,,,,,,
yahoo-a3,tcn,random-buffer,12,12,336,B1,50.0,,,0.5,,,,-0.0014769679827524,0.01195746584719,0.0014769679827524,0.9187349994985874,0.9167575795576418,0.9556339641006556,5,10,10,0.9548,0.954,0.9378,0.9081,0.8389,0.9525,0.9487,0.9384,0.9053,0.8389,1.608437689283967e-07,6.766048605618482e-05,3.0754869734583836e-05,3.690561632160097e-05,22.1,47,5,22.2,r-random-buffer_sl12_st12_sp336_bu50_re0.5,,,,,,,,,,
yahoo-a3,tcn,random-buffer,12,12,336,B1,100.0,,,0.5,,,,0.0045455220379856,0.0147709866828709,-0.0045455220379856,0.9247999890348286,0.9281493462495812,0.9602376828604964,5,10,10,0.9548,0.9479,0.9396,0.9231,0.8586,0.9583,0.9528,0.9475,0.9236,0.8586,1.49965681203291e-07,6.308451331104152e-05,2.8674884491677708e-05,3.4409628819363816e-05,20.6,44,5,20.7,r-random-buffer_sl12_st12_sp336_bu100_re0.5,,,,,,,,,,
yahoo-a3,tcn,random-buffer,12,12,336,B1,250.0,,,0.5,,,,0.0013721441319527,0.0206667448893426,-0.0013721441319527,0.9279047891923398,0.931176295742269,0.9592504655493482,5,10,10,0.9548,0.9584,0.9435,0.9214,0.8613,0.9593,0.9572,0.9507,0.9274,0.8613,1.5870799801243769e-07,6.676205337681394e-05,3.034649698852768e-05,3.6415556388286256e-05,21.8,47,5,21.9,r-random-buffer_sl12_st12_sp336_bu250_re0.5,,,,,,,,,,
yahoo-a3,tcn,random-buffer,12,12,336,B1,500.0,,,0.5,,,,0.0012427481315373,0.0176585036700778,-0.0012427481315373,0.9259161905043566,0.9297754211816148,0.9578615766604592,5,10,10,0.9548,0.9535,0.9427,0.9175,0.8611,0.9579,0.9555,0.949,0.9254,0.8611,4.469196612626148e-05,6.751807018648833e-05,3.069013657514006e-05,3.682793361134827e-05,22.1,47,5,22.1,r-random-buffer_sl12_st12_sp336_bu500_re0.5,,,,,,,,,,
yahoo-a3,tcn,random-buffer,12,12,336,B1,1000.0,,,0.5,,,,0.0020283636606967,0.017872834123889,-0.0020283636606967,0.9259006932374648,0.9289411247456758,0.9575108785892188,5,10,10,0.9548,0.9531,0.9429,0.9201,0.8587,0.9573,0.9575,0.9492,0.922,0.8587,4.498487974982529e-05,6.796058736146531e-05,3.08912868055308e-05,3.7069300555934504e-05,22.2,49,5,22.3,r-random-buffer_sl12_st12_sp336_bu1000_re0.5,,,,,,,,,,
yahoo-a3,tcn,random-buffer,12,12,336,B1,50.0,,,,,,,0.0007678056713846,0.0104581609655317,-0.0007678056713846,0.9189111377530038,0.9194246157834228,0.9556339641006556,5,10,10,0.9548,0.952,0.9313,0.9162,0.8402,0.9524,0.9546,0.9451,0.9049,0.8402,1.315233155317219e-07,5.5326553934202014e-05,2.5148541781689143e-05,3.017801215251287e-05,18.1,51,5,18.1,r-random-buffer_sl12_st12_sp336_bu50,,,,,,,,,,
yahoo-a3,tcn,random-buffer,12,12,336,B1,50.0,,,0.3,,,,-0.0023983384522292,0.0144294797889933,0.0023983384522292,0.922872883686153,0.922251734128406,0.9577828433196874,5,10,10,0.9548,0.9578,0.9388,0.9136,0.8493,0.9556,0.9499,0.9409,0.9155,0.8493,1.4189669937379014e-07,5.9690218112664295e-05,2.7132029918720944e-05,3.255818819394335e-05,19.5,46,5,19.5,r-random-buffer_sl12_st12_sp336_bu50_re0.3,,,,,,,,,,
yahoo-a3,tcn,reservoir,12,12,336,B1,50.0,,,0.5,,,,0.0015981951548306,0.0097520733353744,-0.0015981951548306,0.9232575749775878,0.9249906424619952,0.9560794852709628,5,10,10,0.9548,0.9498,0.9397,0.9192,0.8527,0.9541,0.9542,0.9455,0.9184,0.8527,4.32978597372431e-05,6.541193386759713e-05,2.973280220046743e-05,3.5679131667129695e-05,21.4,46,5,21.4,r-reservoir_sl12_st12_sp336_bu50_re0.5,,,,,,,,,,
yahoo-a3,tcn,reservoir,12,12,336,B1,100.0,,,0.5,,,,0.001558356554424,0.0173459114817347,-0.001558356554424,0.9263214878963328,0.928155187837482,0.9568637492240843,5,10,10,0.9548,0.9535,0.9404,0.925,0.8579,0.9562,0.9548,0.9472,0.9246,0.8579,4.377538200754211e-05,6.613334724356214e-05,3.006072279984235e-05,3.6072624443719785e-05,21.6,47,5,21.7,r-reservoir_sl12_st12_sp336_bu100_re0.5,,,,,,,,,,
yahoo-a3,tcn,reservoir,12,12,336,B1,250.0,,,0.5,,,,0.0027846355886967,0.0045786465505092,-0.0027846355886967,0.918451208330381,0.923958317099134,0.9556339641006556,5,10,10,0.9548,0.9504,0.9252,0.9111,0.8507,0.9533,0.9537,0.9452,0.9168,0.8507,1.5877391922802989e-07,6.67897837733229e-05,3.035909884298841e-05,3.643068493033449e-05,21.9,45,5,21.9,r-reservoir_sl12_st12_sp336_bu250_re0.5,,,,,,,,,,
yahoo-a3,tcn,reservoir,12,12,336,B1,500.0,,,0.5,,,,-0.0011509502985336,0.0176409091390919,0.0011509502985336,0.9256055747468844,0.9245127074820184,0.957627179296327,5,10,10,0.9548,0.9576,0.9433,0.9195,0.8528,0.9535,0.9554,0.9461,0.9147,0.8528,4.4034198000223854e-05,6.652435166502578e-05,3.023852742949707e-05,3.628582423552871e-05,21.8,47,5,21.8,r-reservoir_sl12_st12_sp336_bu500_re0.5,,,,,,,,,,
yahoo-a3,tcn,reservoir,12,12,336,B1,1000.0,,,0.5,,,,-0.000223092639269,0.0137542847507285,0.000223092639269,0.9219852346542406,0.9222707953658156,0.9556339641006556,5,10,10,0.9548,0.9531,0.9396,0.9137,0.8488,0.9525,0.9544,0.9441,0.9116,0.8488,1.6356824930090713e-07,6.88065650587022e-05,3.127581985059402e-05,3.753074520810818e-05,22.5,48,5,22.5,r-reservoir_sl12_st12_sp336_bu1000_re0.5,,,,,,,,,,
yahoo-a3,tcn,reservoir,12,12,336,B1,50.0,,,,,,,0.0050120861975617,0.0116192678437109,-0.0050120861975617,0.922948518816688,0.9331715857656772,0.9645533337150382,5,10,10,0.9548,0.9505,0.9329,0.911,0.8655,0.9573,0.9646,0.9571,0.9214,0.8655,3.605001287510535e-05,5.4462300733171616e-05,2.475569531412071e-05,2.97066054190509e-05,17.8,45,5,17.8,r-reservoir_sl12_st12_sp336_bu50,,,,,,,,,,
yahoo-a3,tcn,reservoir,12,12,336,B1,50.0,,,0.3,,,,0.0015051476232538,0.0105319049616253,-0.0015051476232538,0.9215385908079966,0.9226065717561076,0.9567690875232774,5,10,10,0.9548,0.9487,0.9338,0.9206,0.8497,0.9556,0.9491,0.9402,0.9185,0.8497,4.0206337149554715e-05,6.0741438090594285e-05,2.7609857465399224e-05,3.313158062519506e-05,19.9,50,5,19.9,r-reservoir_sl12_st12_sp336_bu50_re0.3,,,,,,,,,,
yahoo-a3,tcn,ewc,12,12,336,B1,,,,,1000.0,,,0.0058200348327443,0.0071093953216256,-0.0058200348327443,0.9217485231772412,0.9308964557856556,0.9584854127870888,5,10,10,0.9548,0.9441,0.9378,0.9103,0.8617,0.9585,0.9568,0.951,0.9264,0.8617,1.3809863484035268e-07,5.809252555598505e-05,2.6405807986157018e-05,3.1686717569828035e-05,19.0,45,5,19.0,r-ewc_sl12_st12_sp336_la1000.0,,,,,,,,,,
yahoo-a3,tcn,ewc,12,12,336,B1,,,,,100.0,,,0.0005123005865361,0.0154338466833601,-0.0005123005865361,0.9235563609457628,0.9276186073455042,0.9581675302739688,5,10,10,0.9548,0.9582,0.9387,0.9106,0.8555,0.9564,0.9567,0.9515,0.918,0.8555,1.4193379719376385e-07,5.970582366921008e-05,2.7139125058117015e-05,3.256669861109307e-05,19.5,50,5,19.5,r-ewc_sl12_st12_sp336_la100,,,,,,,,,,
yahoo-a3,tcn,ewc,12,12,336,B1,,,,,500.0,,,-0.0004927696561683,0.0185679651475754,0.0004927696561683,0.9257305804023612,0.9275140838233968,0.9597957401734848,5,10,10,0.9548,0.9598,0.9428,0.9148,0.8564,0.9564,0.9572,0.9515,0.9161,0.8564,4.034686089995616e-05,6.095373334777024e-05,2.770636001239634e-05,3.32473733353739e-05,19.9,50,5,20.0,r-ewc_sl12_st12_sp336_la500,,,,,,,,,,
yahoo-a3,tcn,ewc,12,12,336,B1,,,,,5000.0,,,0.0042913352776796,0.0072266541976281,-0.0042913352776796,0.92122919053167,0.9257639914827492,0.9583804500300592,5,10,10,0.9548,0.9448,0.9448,0.9106,0.8511,0.9555,0.9584,0.9498,0.914,0.8511,3.877166814858957e-05,5.857402209399475e-05,2.662467112273185e-05,3.19493509712629e-05,19.2,46,5,19.2,r-ewc_sl12_st12_sp336_la5000,,,,,,,,,,
yahoo-a3,tcn,ewc,12,12,336,B1,,,,,10000.0,,,0.004369428474699,0.0065693910186558,-0.004369428474699,0.9208216050997582,0.9251024929192369,0.9588456528584924,5,10,10,0.9548,0.9449,0.9445,0.9109,0.8489,0.9558,0.9588,0.9488,0.9131,0.8489,1.420462512129154e-07,5.9753128539305185e-05,2.7160621872947866e-05,3.259250666635732e-05,19.6,46,5,19.6,r-ewc_sl12_st12_sp336_la10000,,,,,,,,,,
yahoo-a3,tcn,lwf,12,12,336,B1,,,,,,1.0,2.0,-0.0028164856207428,0.0162447240473338,0.0028164856207428,0.9222042398012428,0.9188839541821936,0.9593947858472998,5,10,10,0.9548,0.9568,0.9429,0.9134,0.843,0.9526,0.9499,0.9393,0.9097,0.843,3.7794396244324134e-05,5.709761551038052e-05,2.5953576620668172e-05,3.1144038889712345e-05,18.7,49,5,18.7,r-lwf_sl12_st12_sp336_al1.0_te2.0,,,,,,,,,,
yahoo-a3,tcn,lwf,12,12,336,B1,,,,,,0.1,2.0,-4.265610576792423e-06,0.0145003358052605,4.265610576792423e-06,0.9228140433530196,0.9262420011925652,0.9582462569064728,5,10,10,0.9548,0.9582,0.9389,0.9092,0.8529,0.9549,0.956,0.9512,0.9163,0.8529,3.820941446607671e-05,5.772460133923838e-05,2.6238565507810564e-05,3.148603583142782e-05,18.9,50,5,18.9,r-lwf_sl12_st12_sp336_al0.1_te2.0,,,,,,,,,,
yahoo-a3,tcn,lwf,12,12,336,B1,,,,,,0.5,2.0,-0.0013531522670388,0.0113325058705181,0.0013531522670388,0.9216937167077992,0.9198192203668036,0.9556339641006556,5,10,10,0.9548,0.9515,0.9443,0.9134,0.8444,0.9527,0.9506,0.9404,0.9109,0.8444,3.598604163855639e-05,5.436565664221739e-05,2.4711799768394686e-05,2.965385687382271e-05,17.8,42,5,17.8,r-lwf_sl12_st12_sp336_al0.5_te2.0,,,,,,,,,,
yahoo-a3,tcn,lwf,12,12,336,B1,,,,,,2.0,2.0,0.0002998318788985,0.0099871541127927,-0.0002998318788985,0.9213133291495674,0.9225772342375416,0.9569347427786208,5,10,10,0.9548,0.9527,0.9427,0.9128,0.8436,0.9534,0.9569,0.9509,0.9081,0.8436,3.7417290305957134e-05,5.652790539419382e-05,2.5694620602169177e-05,3.083328479202464e-05,18.5,46,5,18.5,r-lwf_sl12_st12_sp336_al2.0_te2.0,,,,,,,,,,
yahoo-a3,tcn,lwf,12,12,336,B1,,,,,,1.0,1.0,0.001468666190639,0.0009186262456479,-0.001468666190639,0.9192696509640184,0.922532657356068,0.9559095073144198,5,10,10,0.9548,0.9518,0.9393,0.9062,0.8442,0.9538,0.9559,0.9493,0.9095,0.8442,3.532037591686925e-05,5.336000688425783e-05,2.425465931624381e-05,2.9105347568014015e-05,17.5,43,5,17.5,r-lwf_sl12_st12_sp336_al1.0_te1.0,,,,,,,,,,
yahoo-a3,tcn,lwf,12,12,336,B1,,,,,,1.0,5.0,-0.0013404788292871,0.0125429208967111,0.0013404788292871,0.920933423113625,0.91769786506799,0.956334574798262,5,10,10,0.9548,0.9532,0.9415,0.9135,0.8417,0.9522,0.9493,0.9381,0.9073,0.8417,3.576370179131176e-05,5.402975829822632e-05,2.4559096353671827e-05,2.9470661944554495e-05,17.7,43,5,17.7,r-lwf_sl12_st12_sp336_al1.0_te5.0,,,,,,,,,,
yahoo-a3,tcn,naive,6,6,336,B2,,,,,,,,0.0091272910714649,0.0799615034423028,-0.0091272910714649,0.9646337281389478,0.9723073673157612,0.9945697518491192,5,10,10,0.9681,0.9855,0.981,0.9565,0.9321,0.9853,0.9946,0.9887,0.9609,0.9321,1.8746192300677904e-07,7.885766985050092e-05,3.584450700242693e-05,4.301316284807399e-05,25.8,41,5,25.8,r-naive_sl6_st6_sp336,,,,,,,,,,
yahoo-a3,tcn,cumulative,6,6,336,B2,,,,,,,,-0.0008138625512833,0.0828937149541707,0.0008138625512833,0.9569160414722644,0.9511130916578504,0.9952211403722162,5,10,10,0.9681,0.9952,0.9791,0.9456,0.8965,0.9706,0.9851,0.9691,0.9343,0.8965,5.519353176358466e-07,0.0002321769261664,0.0001055352549178,0.0001266416712485,76.0,81,5,76.0,r-cumulative_sl6_st6_sp336,,,,,,,,,,
yahoo-a3,tcn,experts,6,6,336,B2,,,,,,,,-0.0043294458374996,0.0701726976706012,0.0043294458374996,0.9540056521992216,0.9466266804011112,0.992189369098048,5,10,10,0.9681,0.9922,0.9682,0.9362,0.9053,0.9667,0.9804,0.9602,0.9205,0.9053,1.9795346977483e-07,8.327104040589702e-05,3.7850588947508694e-05,4.542045145838832e-05,27.3,61,5,27.3,r-experts_sl6_st6_sp336,,,,,,,,,,
yahoo-a3,tcn,random-buffer,6,6,336,B2,50.0,,,0.5,,,,0.007420014696353,0.075445266313725,-0.007420014696353,0.9595986890865198,0.9658875749970406,0.9917530996242452,5,10,10,0.9681,0.9895,0.975,0.9496,0.9158,0.9824,0.9918,0.9824,0.9571,0.9158,6.224212313556596e-05,9.403184515424074e-05,4.274190237435202e-05,5.128994277988872e-05,30.8,43,5,30.8,r-random-buffer_sl6_st6_sp336_bu50_re0.5,,,,,,,,,,
yahoo-a3,tcn,reservoir,6,6,336,B2,50.0,,,0.5,,,,0.0077474995155957,0.0739061961761796,-0.0077474995155957,0.9557667321611298,0.9578353265447608,0.992856841288382,5,10,10,0.9681,0.9822,0.9775,0.9434,0.9076,0.9755,0.992,0.9773,0.9368,0.9076,2.2349161595426997e-07,9.401390843856562e-05,4.273375121475612e-05,5.128015722380952e-05,30.8,41,5,30.8,r-reservoir_sl6_st6_sp336_bu50_re0.5,,,,,,,,,,
yahoo-a3,tcn,ewc,6,6,336,B2,,,,,1000.0,,,0.0143424546660567,0.0416133940345308,-0.0143424546660567,0.9446864709508292,0.9531420347732495,0.991214296771807,5,10,10,0.9681,0.9564,0.9582,0.9443,0.8964,0.9708,0.9912,0.9789,0.9285,0.8964,5.08015095721257e-05,7.674801952503105e-05,3.4885573205408745e-05,4.18624463196223e-05,25.1,38,5,25.1,r-ewc_sl6_st6_sp336_la1000.0,,,,,,,,,,
yahoo-a3,tcn,lwf,6,6,336,B2,,,,,,1.0,2.0,0.0134508011276796,0.0634858615514103,-0.0134508011276796,0.961608625727416,0.96959160038853,0.9946039296419976,5,10,10,0.9681,0.9723,0.9703,0.9682,0.929,0.9805,0.9936,0.9873,0.9576,0.929,5.049359899446826e-05,7.628284580824483e-05,3.467413310168518e-05,4.160871270655965e-05,25.0,43,5,25.0,r-lwf_sl6_st6_sp336_al1.0_te2.0,,,,,,,,,,
yahoo-a3,tcn,naive,8,8,336,B2,,,,,,,,-0.0036306921021799,-0.0006095531441738,0.0036306921021799,0.975966314594056,0.9731382129592208,0.9963207729468598,5,10,10,0.9901,0.994,0.994,0.9705,0.9314,0.9831,0.995,0.991,0.9652,0.9314,3.883077722971776e-05,5.866332071820378e-05,2.6665272801053817e-05,3.199804791714996e-05,19.2,38,5,19.2,r-naive_sl8_st8_sp336,,,,,,,,,,
yahoo-a3,tcn,cumulative,8,8,336,B2,,,,,,,,-0.002241632500995,-3.1953595989653304e-05,0.002241632500995,0.975588517474362,0.9730923293074314,0.9971130434782608,5,10,10,0.9901,0.9958,0.9922,0.9751,0.9248,0.9871,0.9958,0.9916,0.9663,0.9248,3.712234054760595e-07,0.0001561587136218,7.098142494085349e-05,8.517728868095826e-05,51.1,67,5,51.1,r-cumulative_sl8_st8_sp336,,,,,,,,,,
yahoo-a3,tcn,experts,8,8,336,B2,,,,,,,,-0.0021939319314305,-0.0172077101785241,0.0021939319314305,0.9646984997728416,0.965467315078801,0.9958763285024156,5,10,10,0.9901,0.994,0.9829,0.9527,0.9039,0.9845,0.9932,0.9867,0.9591,0.9039,1.611136483642039e-07,6.777401344941205e-05,3.0806487615660045e-05,3.696752583375201e-05,22.2,55,5,22.2,r-experts_sl8_st8_sp336,,,,,,,,,,
yahoo-a3,tcn,random-buffer,8,8,336,B2,50.0,,,0.5,,,,-0.0027529313336831,0.0015630925172993,0.0027529313336831,0.9794242871678556,0.978804768991688,0.9969661835748792,5,10,10,0.9901,0.9963,0.9926,0.9732,0.9449,0.9815,0.997,0.994,0.9767,0.9449,5.2243756176583055e-05,7.892688333225021e-05,3.587596840160485e-05,4.3050914930645375e-05,25.8,42,5,25.8,r-random-buffer_sl8_st8_sp336_bu50_re0.5,,,,,,,,,,
yahoo-a3,tcn,reservoir,8,8,336,B2,50.0,,,0.5,,,,-0.0029577622118316,-4.067466413993914e-05,0.0029577622118316,0.9786684719640222,0.9773478887601902,0.9967864734299516,5,10,10,0.9901,0.996,0.9935,0.975,0.9388,0.9827,0.9968,0.9936,0.9749,0.9388,1.8689165774787117e-07,7.861778225736797e-05,3.573546892407143e-05,4.288231333329653e-05,25.7,42,5,25.7,r-reservoir_sl8_st8_sp336_bu50_re0.5,,,,,,,,,,
yahoo-a3,tcn,ewc,8,8,336,B2,,,,,1000.0,,,-0.006096794367189,-0.0080165758162845,0.006096794367189,0.966349682973284,0.9596524458094648,0.9958763285024156,5,10,10,0.9901,0.9939,0.9933,0.9653,0.8892,0.9844,0.9905,0.9824,0.9519,0.8892,4.397891917488323e-05,6.644083957252508e-05,3.020049554438123e-05,3.6240344028143835e-05,21.7,38,5,21.8,r-ewc_sl8_st8_sp336_la1000.0,,,,,,,,,,
yahoo-a3,tcn,lwf,8,8,336,B2,,,,,,1.0,2.0,-0.002800759146729,-0.0037245315525664,0.002800759146729,0.9762710258086322,0.9746289815024634,0.9958763285024156,5,10,10,0.9901,0.9954,0.9855,0.9724,0.938,0.9814,0.9955,0.9918,0.9665,0.938,1.48287451503928e-07,6.237854976685614e-05,2.835399837866943e-05,3.4024551388186715e-05,20.4,38,5,20.4,r-lwf_sl8_st8_sp336_al1.0_te2.0,,,,,,,,,,
yahoo-a3,tcn,naive,10,10,336,B2,,,,,,,,0.0016678652076671,0.0118350123779546,-0.0016678652076671,0.9737241446988012,0.97385549681966,0.996425643913836,5,10,10,0.9774,0.9946,0.9786,0.9827,0.9354,0.9802,0.9964,0.9765,0.9807,0.9354,3.5749505408520346e-05,5.4008311213822e-05,2.454934531253659e-05,2.945896590128541e-05,17.7,40,5,17.7,r-naive_sl10_st10_sp336,,,,,,,,,,
yahoo-a3,tcn,cumulative,10,10,336,B2,,,,,,,,0.0036045430168285,0.0116145973299215,-0.0036045430168285,0.9725293955738742,0.9717729049111794,0.9960260149182434,5,10,10,0.9774,0.994,0.9842,0.9724,0.9347,0.9752,0.9958,0.9902,0.963,0.9347,8.836100443450223e-05,0.0001334907594421,6.0677771178436365e-05,7.281298826371009e-05,43.7,65,5,43.7,r-cumulative_sl10_st10_sp336,,,,,,,,,,
yahoo-a3,tcn,experts,10,10,336,B2,,,,,,,,0.0031888845916857,-0.0008958216195592,-0.0031888845916857,0.9719969351948968,0.9759226177158647,0.995282519112489,5,10,10,0.9774,0.9917,0.9912,0.9622,0.9374,0.9885,0.9953,0.9888,0.9696,0.9374,4.6305275866634066e-05,6.995536641049613e-05,3.179800682765846e-05,3.8157359582837675e-05,22.9,71,5,22.9,r-experts_sl10_st10_sp336,,,,,,,,,,
yahoo-a3,tcn,random-buffer,10,10,336,B2,50.0,,,0.5,,,,0.0052336485680275,0.0112518356258428,-0.0052336485680275,0.9714675872303232,0.9721743048986962,0.9972118907284214,5,10,10,0.9774,0.9894,0.9856,0.9806,0.9244,0.9879,0.9952,0.9845,0.9689,0.9244,4.9108235620862425e-05,7.418991793774897e-05,3.372279814729053e-05,4.0467119790458434e-05,24.3,45,5,24.3,r-random-buffer_sl10_st10_sp336_bu50_re0.5,,,,,,,,,,
yahoo-a3,tcn,reservoir,10,10,336,B2,50.0,,,0.5,,,,0.0056588455725621,0.0144730572649106,-0.0056588455725621,0.9700844043997318,0.9733922194138754,0.9966784324877928,5,10,10,0.9774,0.9951,0.9768,0.9719,0.9292,0.9864,0.9965,0.9875,0.9674,0.9292,5.387690835378766e-05,8.139415637667603e-05,3.699745665459584e-05,4.4396699722080184e-05,26.6,52,5,26.6,r-reservoir_sl10_st10_sp336_bu50_re0.5,,,,,,,,,,
yahoo-a3,tcn,ewc,10,10,336,B2,,,,,1000.0,,,0.002884998862255,0.0076359159180697,-0.002884998862255,0.9711262344668804,0.9719588813373324,0.9954200658365536,5,10,10,0.9774,0.9937,0.9921,0.9701,0.9224,0.9841,0.9946,0.9881,0.9706,0.9224,3.851230523998793e-05,5.818219142319221e-05,2.6446565451462648e-05,3.1735625971729556e-05,19.0,36,5,19.1,r-ewc_sl10_st10_sp336_la1000.0,,,,,,,,,,
yahoo-a3,tcn,lwf,10,10,336,B2,,,,,,1.0,2.0,0.0014585957636796,0.0055305658346555,-0.0014585957636796,0.9718008088873284,0.9722904934599812,0.996250922399484,5,10,10,0.9774,0.9945,0.9899,0.9665,0.9307,0.9797,0.9963,0.9753,0.9795,0.9307,3.774281025031827e-05,5.7019682336572766e-05,2.591815428200385e-05,3.1101528054568915e-05,18.7,38,5,18.7,r-lwf_sl10_st10_sp336_al1.0_te2.0,,,,,,,,,,
yahoo-a3,tcn,naive,16,16,336,B2,,,,,,,,0.0027877954602183,-0.0119430635939374,-0.0027877954602183,0.926035808702204,0.9342614431448638,0.9732085449985228,5,10,10,0.9732,0.9343,0.943,0.9109,0.8688,0.9573,0.9695,0.9578,0.9179,0.8688,3.469482288187259e-05,5.241495708262342e-05,2.382509722245029e-05,2.858985986017312e-05,17.2,54,5,17.2,r-naive_sl16_st16_sp336,,,,,,,,,,
yahoo-a3,tcn,cumulative,16,16,336,B2,,,,,,,,-0.0012593697242384,-0.0045371695604895,0.0012593697242384,0.9283003802485624,0.9310937978129228,0.9732085449985228,5,10,10,0.9732,0.9513,0.9457,0.9072,0.8641,0.9582,0.9703,0.9609,0.9019,0.8641,3.234620624996378e-07,0.0001360674430552,6.184898958373299e-05,7.421845347154886e-05,44.5,104,5,44.5,r-cumulative_sl16_st16_sp336,,,,,,,,,,
yahoo-a3,tcn,experts,16,16,336,B2,,,,,,,,-0.0024486555734716,-0.0065292599777656,0.0024486555734716,0.9255473471745488,0.9265501844436048,0.9732085449985228,5,10,10,0.9732,0.9531,0.9471,0.8939,0.8605,0.9567,0.9594,0.9499,0.9063,0.8605,4.6772906943866605e-05,7.066183673683555e-05,3.2119133680438e-05,3.8542703056397535e-05,23.1,118,5,23.1,r-experts_sl16_st16_sp336,,,,,,,,,,
yahoo-a3,tcn,random-buffer,16,16,336,B2,50.0,,,0.5,,,,0.0041185542801142,-0.0106918787488291,-0.0041185542801142,0.9257751758798346,0.9277441555014618,0.9732085449985228,5,10,10,0.9732,0.9321,0.9523,0.911,0.8603,0.962,0.9653,0.9531,0.8979,0.8603,4.688478374545338e-05,7.08308538196919e-05,3.219595000070209e-05,3.8634903818989794e-05,23.2,69,5,23.2,r-random-buffer_sl16_st16_sp336_bu50_re0.5,,,,,,,,,,
yahoo-a3,tcn,reservoir,16,16,336,B2,50.0,,,0.5,,,,3.877202760822484e-05,-0.0069109224175775,-3.877202760822484e-05,0.9281128296802288,0.9303385035734772,0.9732085449985228,5,10,10,0.9732,0.9436,0.9511,0.9172,0.8554,0.9598,0.9692,0.9547,0.9126,0.8554,4.727897193962199e-05,7.142637083242234e-05,3.24666465276904e-05,3.895972430473193e-05,23.4,70,5,23.4,r-reservoir_sl16_st16_sp336_bu50_re0.5,,,,,,,,,,
yahoo-a3,tcn,ewc,16,16,336,B2,,,,,1000.0,,,-0.0086357867976949,-0.0081000813486544,0.0086357867976949,0.9248975904893832,0.9163842716915052,0.9732085449985228,5,10,10,0.9732,0.9357,0.9479,0.9159,0.8517,0.9499,0.9374,0.943,0.9,0.8517,3.6854975885898665e-05,5.5678392880622097e-05,2.530847760370105e-05,3.0369915276921047e-05,18.2,52,5,18.2,r-ewc_sl16_st16_sp336_la1000.0,,,,,,,,,,
yahoo-a3,tcn,lwf,16,16,336,B2,,,,,,1.0,2.0,-0.0010497070561813,-0.0055639220351434,0.0010497070561813,0.9311894545083922,0.9347699585919186,0.9732085449985228,5,10,10,0.9732,0.9519,0.9427,0.9196,0.8685,0.9563,0.9708,0.9578,0.9205,0.8685,3.791875792127646e-05,5.728549402996174e-05,2.6038971181777824e-05,3.124652284818391e-05,18.7,60,5,18.8,r-lwf_sl16_st16_sp336_al1.0_te2.0,,,,,,,,,,
yahoo-a3,tcn,naive,24,24,336,B2,,,,,,,,-0.0044231331438547,-0.0034548972080251,0.0044231331438547,0.8413789993080005,0.8366648764481102,0.9001935158608622,5,10,10,0.8966,0.8791,0.8625,0.8049,0.7639,0.8951,0.8604,0.858,0.8059,0.7639,3.2214719632055233e-05,4.866815872477472e-05,2.212200601805105e-05,2.6546152706723663e-05,15.9,51,5,15.9,r-naive_sl24_st24_sp336,,,,,,,,,,
yahoo-a3,tcn,cumulative,24,24,336,B2,,,,,,,,-0.0035134512276734,-0.0014099962184328,0.0035134512276734,0.8442272055930626,0.843437436979211,0.8993209824796714,5,10,10,0.8966,0.8802,0.8656,0.8079,0.7708,0.8967,0.873,0.8687,0.8079,0.7708,6.183718173679671e-05,9.342008281408604e-05,4.2463839062515434e-05,5.095624375157058e-05,30.6,94,5,30.6,r-cumulative_sl24_st24_sp336,,,,,,,,,,
yahoo-a3,tcn,experts,24,24,336,B2,,,,,,,,-0.0053228092292726,0.0021254037449351,0.0053228092292726,0.8439212112717968,0.8404113633010486,0.8989089200303676,5,10,10,0.8966,0.8863,0.861,0.8073,0.7684,0.8985,0.8691,0.8611,0.805,0.7684,3.7752537461720915e-05,5.70343776520652e-05,2.5924837096439052e-05,3.1109540555626156e-05,18.7,86,5,18.7,r-experts_sl24_st24_sp336,,,,,,,,,,
yahoo-a3,tcn,random-buffer,24,24,336,B2,50.0,,,0.5,,,,-0.0055253873672253,-0.0018996156765226,0.0055253873672253,0.8428428970558637,0.8383090805397494,0.8965782286982015,5,10,10,0.8966,0.8817,0.8649,0.8046,0.7665,0.8952,0.862,0.859,0.8089,0.7665,3.541863570829552e-05,5.350845216579424e-05,2.4322131192699698e-05,2.9186320973094554e-05,17.5,45,5,17.5,r-random-buffer_sl24_st24_sp336_bu50_re0.5,,,,,,,,,,
yahoo-a3,tcn,reservoir,24,24,336,B2,50.0,,,0.5,,,,-0.0058940175411789,-0.0031326344927866,0.0058940175411789,0.840388901187119,0.8360305775120199,0.8965782286982015,5,10,10,0.8966,0.8773,0.8611,0.8062,0.7608,0.8866,0.8665,0.8639,0.8023,0.7608,3.665134304045412e-05,5.5370756006644426e-05,2.516863802059864e-05,3.020211798604578e-05,18.1,51,5,18.1,r-reservoir_sl24_st24_sp336_bu50_re0.5,,,,,,,,,,
yahoo-a3,tcn,ewc,24,24,336,B2,,,,,1000.0,,,-0.0032860252735563,-0.0037091239600918,0.0032860252735563,0.8391106447274016,0.8377604531016208,0.9005382787124288,5,10,10,0.8966,0.8792,0.8627,0.7957,0.7614,0.8978,0.8689,0.8575,0.8032,0.7614,3.525467386413223e-05,5.326074797504892e-05,2.420954554496954e-05,2.9051202430079383e-05,17.4,49,5,17.4,r-ewc_sl24_st24_sp336_la1000.0,,,,,,,,,,
yahoo-a3,tcn,lwf,24,24,336,B2,,,,,,1.0,2.0,-0.0023458881072995,-0.0045385847771549,0.0023458881072995,0.8395648069719129,0.840014234786487,0.900249008511628,5,10,10,0.8966,0.879,0.8619,0.7979,0.7625,0.8972,0.869,0.8628,0.8085,0.7625,3.3681294671874885e-05,5.088377654280824e-05,2.3129111402280008e-05,2.7754665140528236e-05,16.7,51,5,16.7,r-lwf_sl24_st24_sp336_al1.0_te2.0,,,,,,,,,,
yahoo-a3,tcn,naive,8,4,336,B3,,,,,,,,-0.0034986946082674,0.0009685580645657,0.0034986946082674,0.9831533201463716,0.9806302860560744,0.9976618357487922,5,10,10,0.9877,0.9977,0.9901,0.9812,0.9591,0.9834,0.9969,0.983,0.9808,0.9591,5.825195633208149e-05,8.800372901514897e-05,4.000181359846869e-05,4.8001915416680274e-05,28.8,40,5,28.8,r-naive_sl8_st4_sp336,,,,,,,,,,
yahoo-a3,tcn,cumulative,8,4,336,B3,,,,,,,,0.0029108567563742,-0.0070920676321077,-0.0029108567563742,0.9776945864917228,0.9831870294139804,0.997327536231884,5,10,10,0.9877,0.9964,0.9769,0.9646,0.9628,0.9847,0.9973,0.9889,0.9822,0.9628,0.0001640949508501,0.0002479052807265,0.0001126845043391,0.0001352207763873,81.1,58,5,81.1,r-cumulative_sl8_st4_sp336,,,,,,,,,,
yahoo-a3,tcn,experts,8,4,336,B3,,,,,,,,0.0008693817762513,-0.0073150922679634,-0.0008693817762513,0.981066055134573,0.9844032089100716,0.997607729468599,5,10,10,0.9877,0.9966,0.981,0.9759,0.9641,0.9819,0.9976,0.995,0.9833,0.9641,7.988689644386838e-05,0.0001206885610232,5.485859907607341e-05,6.582996194716542e-05,39.5,68,5,39.5,r-experts_sl8_st4_sp336,,,,,,,,,,
yahoo-a3,tcn,random-buffer,8,4,336,B3,50.0,,,0.5,,,,0.0005716451765925,-0.0022298644291404,-0.0005716451765925,0.977396403132746,0.977648794901332,0.9971768115942028,5,10,10,0.9877,0.9972,0.9788,0.9787,0.9445,0.9831,0.9961,0.9891,0.9754,0.9445,8.195487297919151e-05,0.0001238127418762,5.627867673756555e-05,6.753406513870383e-05,40.5,40,5,40.5,r-random-buffer_sl8_st4_sp336_bu50_re0.5,,,,,,,,,,
yahoo-a3,tcn,reservoir,8,4,336,B3,50.0,,,0.5,,,,0.0024035914391623,0.0002250841538131,-0.0024035914391623,0.9839454186850478,0.9867862758591108,0.998096618357488,5,10,10,0.9877,0.9968,0.9795,0.9852,0.9705,0.9888,0.9981,0.9915,0.9851,0.9705,8.786604897021898e-05,0.0001327430089922,6.033788454822369e-05,7.240512444404885e-05,43.4,44,5,43.5,r-reservoir_sl8_st4_sp336_bu50_re0.5,,,,,,,,,,
yahoo-a3,tcn,ewc,8,4,336,B3,,,,,1000.0,,,-0.0008640246280469,-0.0034496683896909,0.0008640246280469,0.97744299873954,0.9759886958654016,0.9978202898550724,5,10,10,0.9877,0.9975,0.9787,0.9813,0.942,0.9816,0.9958,0.9841,0.9765,0.942,6.516652667266181e-05,9.844986701332448e-05,4.4750091319696776e-05,5.369977569362769e-05,32.2,36,5,32.2,r-ewc_sl8_st4_sp336_la1000.0,,,,,,,,,,
yahoo-a3,tcn,lwf,8,4,336,B3,,,,,,1.0,2.0,-0.0017141035695674,0.0002540739030895,0.0017141035695674,0.9811980472673348,0.9808905463446684,0.996942995169082,5,10,10,0.9877,0.9968,0.9808,0.9811,0.9596,0.9832,0.9969,0.9836,0.9811,0.9596,6.299279610583219e-05,9.516591900882e-05,4.3257396644912664e-05,5.190852236390734e-05,31.1,40,5,31.2,r-lwf_sl8_st4_sp336_al1.0_te2.0,,,,,,,,,,
yahoo-a3,tcn,naive,12,6,336,B3,,,,,,,,0.0092081452407556,-0.0026256845840175,-0.0092081452407556,0.9536664984369642,0.9622543064624798,0.9931293120723712,5,10,10,0.9613,0.98,0.975,0.9405,0.9116,0.981,0.9931,0.9796,0.9459,0.9116,5.3866416519906025e-05,8.137830591320786e-05,3.699025098337896e-05,4.43880549298289e-05,26.6,55,5,26.6,r-naive_sl12_st6_sp336,,,,,,,,,,
yahoo-a3,tcn,cumulative,12,6,336,B3,,,,,,,,-0.0018114238644339,-0.0091484777678866,0.0018114238644339,0.94537590617387,0.938564397926876,0.9868079213306232,5,10,10,0.9613,0.9841,0.9753,0.9368,0.8694,0.9602,0.9793,0.9618,0.9222,0.8694,0.000215059306854,0.0003248993193408,0.0001476818939224,0.0001772174254183,106.3,112,5,106.3,r-cumulative_sl12_st6_sp336,,,,,,,,,,
yahoo-a3,tcn,experts,12,6,336,B3,,,,,,,,0.0010531188789313,0.0037148572122514,-0.0010531188789313,0.956841227044692,0.954289439682144,0.9886973605107212,5,10,10,0.9613,0.9887,0.977,0.9615,0.8958,0.9619,0.9873,0.9792,0.9472,0.8958,2.447704711175365e-07,0.0001029650645365,4.680246134327415e-05,5.616260319327315e-05,33.7,83,5,33.7,r-experts_sl12_st6_sp336,,,,,,,,,,
yahoo-a3,tcn,random-buffer,12,6,336,B3,50.0,,,0.5,,,,0.0083682794812199,-0.010560455951588,-0.0083682794812199,0.9504002090949052,0.9621338130431316,0.9923760413386392,5,10,10,0.9613,0.9793,0.9711,0.93,0.9103,0.9797,0.9924,0.9775,0.9508,0.9103,8.093979574464725e-05,0.0001222792211586,5.55816150464428e-05,6.669760611218711e-05,40.0,64,5,40.0,r-random-buffer_sl12_st6_sp336_bu50_re0.5,,,,,,,,,,
yahoo-a3,tcn,reservoir,12,6,336,B3,50.0,,,0.5,,,,0.0085227802338223,-0.003372229816404,-0.0085227802338223,0.9543257268677277,0.9601682635360904,0.9916370845380896,5,10,10,0.9613,0.9861,0.9788,0.9454,0.9,0.9773,0.991,0.9826,0.95,0.9,8.076007563399468e-05,0.0001220077102787,5.54582118050247e-05,6.654949847375975e-05,39.9,65,5,39.9,r-reservoir_sl12_st6_sp336_bu50_re0.5,,,,,,,,,,
yahoo-a3,tcn,ewc,12,6,336,B3,,,,,1000.0,,,0.0079462119187695,0.0033748718106271,-0.0079462119187695,0.9574631383650576,0.9639957184165648,0.9939147891557644,5,10,10,0.9613,0.9869,0.9784,0.9466,0.9141,0.9757,0.9939,0.9805,0.9558,0.9141,5.9166715877830365e-05,8.938569549742776e-05,4.062997841392643e-05,4.875571708350132e-05,29.3,52,5,29.3,r-ewc_sl12_st6_sp336_la1000.0,,,,,,,,,,
yahoo-a3,tcn,lwf,12,6,336,B3,,,,,,1.0,2.0,0.0074933648955922,-0.0037056810362022,-0.0074933648955922,0.9545476187168552,0.962716837490798,0.9923187856059088,5,10,10,0.9613,0.9857,0.9767,0.9351,0.914,0.9821,0.9923,0.9763,0.9489,0.914,5.626156784277373e-05,8.499676375119534e-05,3.863501006983117e-05,4.636175368136416e-05,27.8,54,5,27.8,r-lwf_sl12_st6_sp336_al1.0_te2.0,,,,,,,,,,
yahoo-a3,tcn,naive,24,12,336,B3,,,,,,,,0.0024707448824155,-0.0006974703076041,-0.0024707448824155,0.8742660485486919,0.8803167731294067,0.9385908881067442,5,10,10,0.9386,0.8638,0.8942,0.8537,0.8209,0.9343,0.8923,0.9011,0.8529,0.8209,4.1401014879933954e-05,6.254628898084371e-05,2.84302478009421e-05,3.411604117990161e-05,20.5,61,5,20.5,r-naive_sl24_st12_sp336,,,,,,,,,,
yahoo-a3,tcn,cumulative,24,12,336,B3,,,,,,,,-0.0029700283736154,-0.004546040529478,0.0029700283736154,0.8777837700096427,0.8720427593696612,0.9385908881067442,5,10,10,0.9386,0.8924,0.8984,0.8553,0.8043,0.9361,0.8871,0.8882,0.8445,0.8043,0.0001604308566586,0.0002423697764685,0.0001101683686901,0.0001322014077783,79.3,167,5,79.3,r-cumulative_sl24_st12_sp336,,,,,,,,,,
yahoo-a3,tcn,experts,24,12,336,B3,,,,,,,,-0.0199911916271444,-0.0231941823982859,0.0199911916271444,0.8601610195881069,0.8591498273910709,0.9385908881067442,5,10,10,0.9386,0.8763,0.8771,0.8137,0.7951,0.9133,0.8653,0.8882,0.8339,0.7951,6.292860795916479e-05,9.5068947222446e-05,4.321332847207991e-05,5.185561875036607e-05,31.1,147,5,31.1,r-experts_sl24_st12_sp336,,,,,,,,,,
yahoo-a3,tcn,random-buffer,24,12,336,B3,50.0,,,0.5,,,,-0.0025996351221843,-0.0087203634212536,0.0025996351221843,0.8685764060462151,0.8684521821703012,0.9385908881067442,5,10,10,0.9386,0.8651,0.8949,0.8443,0.8001,0.9236,0.8811,0.8878,0.8497,0.8001,5.820096334069804e-05,8.792669171583839e-05,3.996680671310363e-05,4.795988500273476e-05,28.8,76,5,28.8,r-random-buffer_sl24_st12_sp336_bu50_re0.5,,,,,,,,,,
yahoo-a3,tcn,reservoir,24,12,336,B3,50.0,,,0.5,,,,-0.0030949297086474,0.0013629383979395,0.0030949297086474,0.8759538875301717,0.8762094465831497,0.9385908881067442,5,10,10,0.9386,0.8923,0.8807,0.8572,0.811,0.9228,0.8934,0.8984,0.8555,0.811,5.521376199689259e-05,8.341379851659036e-05,3.7915483795546205e-05,4.549831472104415e-05,27.3,71,5,27.3,r-reservoir_sl24_st12_sp336_bu50_re0.5,,,,,,,,,,
yahoo-a3,tcn,ewc,24,12,336,B3,,,,,1000.0,,,0.0026716328497659,0.0030107908335696,-0.0026716328497659,0.8741562393399193,0.874933718659882,0.9385908881067442,5,10,10,0.9386,0.8649,0.8898,0.8565,0.8209,0.9273,0.8823,0.8895,0.8546,0.8209,4.541888072609211e-05,6.861625125178965e-05,3.1189331597933135e-05,3.7426919653856504e-05,22.5,62,5,22.5,r-ewc_sl24_st12_sp336_la1000.0,,,,,,,,,,
yahoo-a3,tcn,lwf,24,12,336,B3,,,,,,1.0,2.0,0.0039862709447121,-0.0144337535068861,-0.0039862709447121,0.8620459222663721,0.8680250573021672,0.9385908881067442,5,10,10,0.9386,0.8461,0.866,0.8517,0.8078,0.9125,0.8761,0.8965,0.8473,0.8078,4.359186456401588e-05,6.585609957006656e-05,2.993471151502389e-05,3.592138805504267e-05,21.6,60,5,21.6,r-lwf_sl24_st12_sp336_al1.0_te2.0,,,,,,,,,,
yahoo-a3,tcn,naive,12,12,168,B5,,,,,,,,-0.0008603206736152,0.0456099710426165,0.0008603206736152,0.9381530828658182,0.9361664911634352,0.9966969690994064,10,45,45,0.9936,0.9912,0.9799,0.9366,0.9681,0.9912,0.9836,0.9783,0.9381,0.9619,5.4796196347958714e-05,8.278296418022364e-05,3.762874508198972e-05,4.5154219098233935e-05,27.1,76,10,27.1,r-naive_sl12_st12_sp168,0.9329,0.9094,0.9381,0.8886,0.8431,0.9448,0.9126,0.9302,0.878,0.8431
yahoo-a3,tcn,cumulative,12,12,168,B5,,,,,,,,-0.001308663104954,0.0295595545753155,0.001308663104954,0.919532848520262,0.9152791181138324,0.9935763443828756,10,45,45,0.9936,0.9705,0.9696,0.9359,0.9417,0.9879,0.9538,0.9789,0.933,0.9531,0.0001711060664855,0.0002584972738425,0.0001174990543992,0.0001409982194433,84.6,180,10,84.6,r-cumulative_sl12_st12_sp168,0.9214,0.8989,0.9093,0.8437,0.8108,0.9244,0.8868,0.901,0.8233,0.8108
yahoo-a3,tcn,experts,12,12,168,B5,,,,,,,,0.0001029255214628,0.060273924258778,-0.0001029255214628,0.9455084105061052,0.9367230414277185,0.9981907278499732,10,45,45,0.9936,0.9906,0.9886,0.9363,0.9551,0.996,0.9826,0.9851,0.9365,0.9626,6.758648488237065e-05,0.0001021058016792,4.6411888831709e-05,5.5693912847588464e-05,33.4,179,10,33.4,r-experts_sl12_st12_sp168,0.9507,0.9262,0.9447,0.9127,0.8565,0.9349,0.9009,0.936,0.8763,0.8565
yahoo-a3,tcn,random-buffer,12,12,168,B5,50.0,,,0.5,,,,0.0003471294893104,0.0336773257777236,-0.0003471294893104,0.9310275016540762,0.932383910673154,0.9935763443828756,10,45,45,0.9936,0.9807,0.9739,0.9333,0.9488,0.9897,0.98,0.9775,0.9309,0.9529,6.432138753939223e-05,9.717307907438632e-05,4.416975532335022e-05,5.300332375103608e-05,31.8,81,10,31.8,r-random-buffer_sl12_st12_sp168_bu50_re0.5,0.9251,0.9107,0.9295,0.8617,0.853,0.933,0.9146,0.9284,0.8639,0.853
yahoo-a3,tcn,reservoir,12,12,168,B5,50.0,,,0.5,,,,-0.0011703300998047,0.0360178632028795,0.0011703300998047,0.930411548365646,0.9298769831194342,0.9935763443828756,10,45,45,0.9936,0.9793,0.9729,0.9314,0.9483,0.9844,0.9743,0.9717,0.9332,0.9509,6.390438450992374e-05,9.65430947113782e-05,4.388338894738505e-05,5.265970576399316e-05,31.6,82,10,31.6,r-reservoir_sl12_st12_sp168_bu50_re0.5,0.9243,0.9085,0.9276,0.8776,0.8407,0.9325,0.9126,0.9274,0.8711,0.8407
yahoo-a3,tcn,ewc,12,12,168,B5,,,,,1000.0,,,0.001379699228248,0.0469778744643906,-0.001379699228248,0.9424601817568437,0.9425543394673156,0.9968596556960028,10,45,45,0.9936,0.9918,0.9792,0.9396,0.9694,0.9948,0.9877,0.9829,0.9427,0.9663,5.897968290313781e-05,8.910313676020856e-05,4.050155092716321e-05,4.860158583304535e-05,29.2,76,10,29.2,r-ewc_sl12_st12_sp168_la1000.0,0.9391,0.9111,0.9446,0.8974,0.8588,0.9513,0.9136,0.936,0.8915,0.8588
yahoo-a3,tcn,lwf,12,12,168,B5,,,,,,1.0,2.0,0.0020607885873501,0.0374587184963165,-0.0020607885873501,0.9336334188628196,0.936385519651014,0.9949764350929778,10,45,45,0.9936,0.9824,0.9736,0.9348,0.9674,0.992,0.9835,0.9792,0.9402,0.9638,5.793902282519205e-05,8.75309669437249e-05,3.97869190970798e-05,4.774404784664511e-05,28.6,80,10,28.7,r-lwf_sl12_st12_sp168_al1.0_te2.0,0.9302,0.9032,0.9259,0.8764,0.8489,0.9438,0.9071,0.9311,0.874,0.8489
yahoo-a3,vgru,naive,12,12,336,B1,,,,,,,,-0.0016264510790401,-0.0019948290796676,0.0016264510790401,0.7273145034391029,0.7292652063050692,0.8354003724394786,5,10,10,0.8354,0.7726,0.6943,0.6826,0.6517,0.8305,0.7764,0.7021,0.6857,0.6517,0.0001450400881306,0.0002191182823014,9.959948049638318e-05,0.000119518801805,71.7,66,5,71.7,r-naive_sl12_st12_sp336,,,,,,,,,,
yahoo-a3,vgru,cumulative,12,12,336,B1,,,,,,,,-0.0042274670168259,-0.0009395643546574,0.0042274670168259,0.7283822692940813,0.7237467985879815,0.8354003724394786,5,10,10,0.8354,0.7695,0.6963,0.6861,0.6546,0.824,0.7687,0.6883,0.6831,0.6546,0.0003267076284972,0.0004935712277463,0.0002243511366341,0.0002692200911122,161.5,69,5,161.5,r-cumulative_sl12_st12_sp336,,,,,,,,,,
yahoo-a3,vgru,experts,12,12,336,B1,,,,,,,,0.0091622482760736,-0.0045163238409407,-0.0091622482760736,0.7268684118022365,0.7551762113068159,0.8510288640595902,5,10,10,0.8354,0.7763,0.6917,0.6752,0.6556,0.851,0.81,0.7588,0.7005,0.6556,0.0001448731609436,0.0002188660982401,9.948484490806652e-05,0.000119381253332,71.6,66,5,71.6,r-experts_sl12_st12_sp336,,,,,,,,,,
yahoo-a3,vgru,random-buffer,12,12,336,B1,50.0,,,0.5,,,,0.0077712645755719,0.0074478698728563,-0.0077712645755719,0.7376612643963559,0.7441123483234214,0.8494103041589074,5,10,10,0.8354,0.7648,0.7171,0.6907,0.6803,0.8474,0.7823,0.7209,0.6897,0.6803,0.0001774847239607,0.0002681337852883,0.0001218792763312,0.0001462545089571,87.8,52,5,87.8,r-random-buffer_sl12_st12_sp336_bu50_re0.5,,,,,,,,,,
yahoo-a3,vgru,random-buffer,12,12,336,B1,100.0,,,0.5,,,,0.0084005867171487,0.0046855867442374,-0.0084005867171487,0.7358459786091112,0.7445406473177052,0.8502591558038486,5,10,10,0.8354,0.7652,0.7081,0.6909,0.6796,0.8503,0.7838,0.7176,0.6915,0.6796,0.0001493413873808,0.000225616439573,0.000102553183392,0.000123063256181,73.8,41,5,73.9,r-random-buffer_sl12_st12_sp336_bu100_re0.5,,,,,,,,,,
yahoo-a3,vgru,random-buffer,12,12,336,B1,250.0,,,0.5,,,,0.002757183059525,0.0047931250379975,-0.002757183059525,0.7338522259423723,0.7383592466857976,0.8354003724394786,5,10,10,0.8354,0.7714,0.6998,0.69,0.6727,0.8351,0.783,0.7109,0.6902,0.6727,0.0001750092298854,0.000264393950208,0.0001201793795134,0.0001442145706946,86.5,50,5,86.5,r-random-buffer_sl12_st12_sp336_bu250_re0.5,,,,,,,,,,
yahoo-a3,vgru,random-buffer,12,12,336,B1,500.0,,,0.5,,,,0.0011974350629552,0.0034857281296034,-0.0011974350629552,0.7325511063740494,0.7360002132455911,0.8354003724394786,5,10,10,0.8354,0.7719,0.6973,0.6909,0.6673,0.8315,0.7784,0.7106,0.6922,0.6673,0.0001670005506818,0.0002522948950212,0.0001146798037024,0.0001376150913187,82.6,47,5,82.6,r-random-buffer_sl12_st12_sp336_bu500_re0.5,,,,,,,,,,
yahoo-a3,vgru,random-buffer,12,12,336,B1,1000.0,,,0.5,,,,-0.0026615960067142,6.1724570229126915e-06,0.0026615960067142,0.7290099270668651,0.729380069990357,0.8354003724394786,5,10,10,0.8354,0.7698,0.6918,0.6846,0.6634,0.8268,0.7722,0.6986,0.6859,0.6634,0.00015325532776,0.0002315293971834,0.000105240935589,0.0001262884615943,75.8,42,5,75.8,r-random-buffer_sl12_st12_sp336_bu1000_re0.5,,,,,,,,,,
yahoo-a3,vgru,random-buffer,12,12,336,B1,50.0,,,,,,,-0.0024447352313128,-0.0020979846974091,0.0024447352313128,0.726496289793501,0.7290942969761279,0.8354003724394786,5,10,10,0.8354,0.7697,0.6834,0.6776,0.6664,0.8287,0.7724,0.6958,0.6822,0.6664,0.0001212176041125,0.0001831286338843,8.324048408798667e-05,9.98881497963642e-05,59.9,47,5,59.9,r-random-buffer_sl12_st12_sp336_bu50,,,,,,,,,,
yahoo-a3,vgru,random-buffer,12,12,336,B1,50.0,,,0.3,,,,0.0058774937627652,0.0059411560628828,-0.0058774937627652,0.7365875902061969,0.7437509697321952,0.8443435754189944,5,10,10,0.8354,0.7679,0.7079,0.6908,0.681,0.8443,0.7873,0.7146,0.6915,0.681,0.0001517806064064,0.0002293014723797,0.0001042281877922,0.0001250732845875,75.0,54,5,75.1,r-random-buffer_sl12_st12_sp336_bu50_re0.3,,,,,,,,,,
yahoo-a3,vgru,reservoir,12,12,336,B1,50.0,,,0.5,,,,-0.0054757381871346,-0.0023425423638274,0.0054757381871346,0.7259739168034869,0.7233600265556027,0.8354003724394786,5,10,10,0.8354,0.7675,0.6963,0.674,0.6568,0.8243,0.7708,0.6868,0.6782,0.6568,0.0001590437464889,0.0002402742096382,0.0001092158288753,0.0001310583807628,78.6,45,5,78.6,r-reservoir_sl12_st12_sp336_bu50_re0.5,,,,,,,,,,
yahoo-a3,vgru,reservoir,12,12,336,B1,100.0,,,0.5,,,,-0.0050618483961761,-0.0075393803503682,0.0050618483961761,0.723249580914041,0.7210048448718531,0.8354003724394786,5,10,10,0.8354,0.7605,0.6893,0.6786,0.6525,0.8223,0.7671,0.6855,0.6777,0.6525,0.0001821303853466,0.0002751521852089,0.0001250694909728,0.0001500826942361,90.1,54,5,90.1,r-reservoir_sl12_st12_sp336_bu100_re0.5,,,,,,,,,,
yahoo-a3,vgru,reservoir,12,12,336,B1,250.0,,,0.5,,,,-0.0044778960067177,-0.0033010169105721,0.0044778960067177,0.7252323897735136,0.7238962325118626,0.8354003724394786,5,10,10,0.8354,0.7703,0.6879,0.6796,0.653,0.8247,0.7701,0.69,0.6816,0.653,7.009246680044861e-07,0.000294850736475,0.0001340234012711,0.0001608273352038,96.5,58,5,96.5,r-reservoir_sl12_st12_sp336_bu250_re0.5,,,,,,,,,,
yahoo-a3,vgru,reservoir,12,12,336,B1,500.0,,,0.5,,,,-0.0051596775499957,-0.0028255473264789,0.0051596775499957,0.7254383993885878,0.7234785547581234,0.8354003724394786,5,10,10,0.8354,0.7745,0.6861,0.6792,0.6519,0.8243,0.7703,0.6903,0.6806,0.6519,0.0001553599667427,0.0002347089655683,0.0001066861936932,0.000128022771875,76.8,43,5,76.8,r-reservoir_sl12_st12_sp336_bu500_re0.5,,,,,,,,,,
yahoo-a3,vgru,reservoir,12,12,336,B1,1000.0,,,0.5,,,,-0.0047581035742568,-0.0010501030466941,0.0047581035742568,0.7271316423219207,0.7245374114962959,0.8354003724394786,5,10,10,0.8354,0.7713,0.69,0.6824,0.6565,0.8228,0.7704,0.691,0.682,0.6565,0.0001720358008638,0.0002599018634467,0.0001181375164344,0.0001417643470123,85.1,49,5,85.1,r-reservoir_sl12_st12_sp336_bu1000_re0.5,,,,,,,,,,
yahoo-a3,vgru,reservoir,12,12,336,B1,50.0,,,,,,,-0.0031091693279408,-0.0033528777847117,0.0031091693279408,0.7252746817032435,0.7272443098772783,0.8354003724394786,5,10,10,0.8354,0.7697,0.6819,0.6743,0.665,0.8286,0.7683,0.6947,0.6797,0.665,0.0001218454965528,0.0001840772179259,8.367171070551398e-05,0.0001004055072204,60.2,47,5,60.3,r-reservoir_sl12_st12_sp336_bu50,,,,,,,,,,
yahoo-a3,vgru,reservoir,12,12,336,B1,50.0,,,0.3,,,,-0.0039188886392305,-0.0040449763684993,0.0039188886392305,0.7243390169867793,0.7249221602742345,0.8354003724394786,5,10,10,0.8354,0.773,0.6855,0.6729,0.6549,0.8271,0.7744,0.6901,0.6781,0.6549,0.0001531131008884,0.000231314528948,0.0001051432750595,0.0001261712538885,75.7,54,5,75.7,r-reservoir_sl12_st12_sp336_bu50_re0.3,,,,,,,,,,
yahoo-a3,vgru,ewc,12,12,336,B1,,,,,1000.0,,,-0.0035210723177468,-0.0011673461728561,0.0035210723177468,0.7285291348916082,0.7277247482936368,0.8354003724394786,5,10,10,0.8354,0.7765,0.6968,0.6818,0.6521,0.8285,0.7762,0.6993,0.6825,0.6521,0.0001620591926405,0.00024482977348,0.000111286583969,0.000133543189511,80.1,67,5,80.1,r-ewc_sl12_st12_sp336_la1000.0,,,,,,,,,,
yahoo-a3,vgru,ewc,12,12,336,B1,,,,,100.0,,,-0.0015486955563,-0.0012632730751188,0.0015486955563,0.7282732040793973,0.7303668755957016,0.8354003724394786,5,10,10,0.8354,0.7741,0.6963,0.6827,0.6528,0.8309,0.7777,0.7038,0.6865,0.6528,0.0001667350597048,0.0002518938064147,0.0001144974891219,0.0001373963172927,82.4,70,5,82.4,r-ewc_sl12_st12_sp336_la100,,,,,,,,,,
yahoo-a3,vgru,ewc,12,12,336,B1,,,,,500.0,,,-0.0026111268985076,-0.0012266683523973,0.0026111268985076,0.7284300783986369,0.7289428364519768,0.8354003724394786,5,10,10,0.8354,0.7758,0.6971,0.682,0.6518,0.8304,0.7775,0.7012,0.6838,0.6518,0.0001621610673528,0.0002449836799776,0.0001113565254633,0.0001336271545143,80.2,67,5,80.2,r-ewc_sl12_st12_sp336_la500,,,,,,,,,,
yahoo-a3,vgru,ewc,12,12,336,B1,,,,,5000.0,,,-0.0030335405201763,-0.0013062669711599,0.0030335405201763,0.7288693827378683,0.7275232823659581,0.8354003724394786,5,10,10,0.8354,0.7727,0.698,0.6837,0.6545,0.8271,0.7743,0.6983,0.6834,0.6545,0.0001448160395496,0.0002187798025001,9.944562916643916e-05,0.0001193341733336,71.6,55,5,71.6,r-ewc_sl12_st12_sp336_la5000,,,,,,,,,,
yahoo-a3,vgru,ewc,12,12,336,B1,,,,,10000.0,,,-0.0028982308331289,-0.0011998879268274,0.0028982308331289,0.7291003748613178,0.7276410865897106,0.8354003724394786,5,10,10,0.8354,0.7737,0.6975,0.6837,0.6552,0.8264,0.7751,0.6984,0.6832,0.6552,0.0001482745315215,0.0002240046946661,0.0001018205794563,0.0001221841152097,73.3,55,5,73.3,r-ewc_sl12_st12_sp336_la10000,,,,,,,,,,
yahoo-a3,vgru,lwf,12,12,336,B1,,,,,,1.0,2.0,-0.0045195163162726,-0.00308160565692,0.0045195163162726,0.7257304448384374,0.7241308364758653,0.8354003724394786,5,10,10,0.8354,0.7689,0.6901,0.6795,0.6547,0.8229,0.7706,0.6928,0.6796,0.6547,5.192527799127085e-07,0.0002184287007758,9.928604994202032e-05,0.0001191426508338,71.5,50,5,71.5,r-lwf_sl12_st12_sp336_al1.0_te2.0,,,,,,,,,,
yahoo-a3,vgru,lwf,12,12,336,B1,,,,,,0.1,2.0,0.0015716989885765,-0.0033664346926507,-0.0015716989885765,0.7266537762740652,0.7367535114239376,0.8386142147734326,5,10,10,0.8354,0.7688,0.6909,0.6806,0.6576,0.8386,0.7761,0.7056,0.7059,0.6576,0.0001452333466191,0.0002194102461893,9.973219091318444e-05,0.0001196780552761,71.8,56,5,71.8,r-lwf_sl12_st12_sp336_al0.1_te2.0,,,,,,,,,,
yahoo-a3,vgru,lwf,12,12,336,B1,,,,,,0.5,2.0,-0.0038733727772134,-0.0037282083375919,0.0038733727772134,0.7250155523109278,0.7246589127650814,0.8354003724394786,5,10,10,0.8354,0.7689,0.6907,0.6795,0.6506,0.8228,0.7723,0.6949,0.6827,0.6506,0.0001325427743288,0.0002002380542973,9.101755249042374e-05,0.0001092205018068,65.5,50,5,65.5,r-lwf_sl12_st12_sp336_al0.5_te2.0,,,,,,,,,,
yahoo-a3,vgru,lwf,12,12,336,B1,,,,,,2.0,2.0,-0.0046370398265923,-0.0027011457388733,0.0046370398265923,0.7263380054214742,0.7244519500547427,0.8354003724394786,5,10,10,0.8354,0.769,0.6894,0.6805,0.6574,0.8232,0.7702,0.6921,0.6794,0.6574,0.0001324744429549,0.0002001348231599,9.097062968713644e-05,0.0001091641934728,65.5,50,5,65.5,r-lwf_sl12_st12_sp336_al2.0_te2.0,,,,,,,,,,
yahoo-a3,vgru,lwf,12,12,336,B1,,,,,,1.0,1.0,-0.0048533046270172,-0.0029872433631166,0.0048533046270172,0.726237174082881,0.7243204501682887,0.8354003724394786,5,10,10,0.8354,0.7692,0.6885,0.6811,0.657,0.8232,0.77,0.6913,0.6801,0.657,0.0001293137676351,0.0001953598553843,8.880018732678663e-05,0.0001065596680575,63.9,48,5,63.9,r-lwf_sl12_st12_sp336_al1.0_te1.0,,,,,,,,,,
yahoo-a3,vgru,lwf,12,12,336,B1,,,,,,1.0,5.0,0.0006907069700392,-0.0034460203321974,-0.0006907069700392,0.7263094740189414,0.7346870286169856,0.8354003724394786,5,10,10,0.8354,0.7688,0.6909,0.6804,0.656,0.8351,0.7746,0.7049,0.7029,0.656,0.0001420003707852,0.000214526050926,9.751209155203671e-05,0.0001170139593739,70.2,56,5,70.2,r-lwf_sl12_st12_sp336_al1.0_te5.0,,,,,,,,,,
yahoo-a3,vgru,naive,6,6,336,B2,,,,,,,,-0.0006449782511275,-0.0028008298833487,0.0006449782511275,0.720798316301704,0.7230875097712761,0.8243454962821091,5,10,10,0.8226,0.7665,0.6922,0.683,0.6397,0.8243,0.7624,0.7018,0.6872,0.6397,0.0001647559919392,0.0002489039438536,0.0001131384473953,0.0001357654964582,81.5,71,5,81.5,r-naive_sl6_st6_sp336,,,,,,,,,,
yahoo-a3,vgru,cumulative,6,6,336,B2,,,,,,,,-0.0032073026520139,-0.0036282859066353,0.0032073026520139,0.7191800602440148,0.7170629845845518,0.8225886519828751,5,10,10,0.8226,0.7676,0.6931,0.6777,0.6349,0.815,0.7667,0.6917,0.677,0.6349,0.0002355521901094,0.0003558587970701,0.0001617543861696,0.0001941044109004,116.5,38,5,116.5,r-cumulative_sl6_st6_sp336,,,,,,,,,,
yahoo-a3,vgru,experts,6,6,336,B2,,,,,,,,0.0263115429831534,-0.0021327394284248,-0.0263115429831534,0.7227712112428908,0.7615678184329219,0.8731023264984227,5,10,10,0.8226,0.7668,0.6957,0.6991,0.6296,0.8731,0.7993,0.7839,0.7219,0.6296,0.0001272695121094,0.000192271510878,8.739639212855967e-05,0.0001048751187495,62.9,49,5,62.9,r-experts_sl6_st6_sp336,,,,,,,,,,
yahoo-a3,vgru,random-buffer,6,6,336,B2,50.0,,,0.5,,,,0.0067037904803703,0.0077138892866008,-0.0067037904803703,0.7279120064282155,0.734543064503254,0.8382171727129337,5,10,10,0.8226,0.7735,0.7037,0.6831,0.6566,0.8382,0.7824,0.7134,0.6821,0.6566,0.0002152334061114,0.0003251623385566,0.0001478014600133,0.0001773608785433,106.4,54,5,106.4,r-random-buffer_sl6_st6_sp336_bu50_re0.5,,,,,,,,,,
yahoo-a3,vgru,reservoir,6,6,336,B2,50.0,,,0.5,,,,0.001587754906283,0.0049072192791469,-0.001587754906283,0.7267351961129831,0.7280899783487571,0.828426022420009,5,10,10,0.8226,0.7726,0.7055,0.6833,0.6497,0.828,0.7746,0.7037,0.6845,0.6497,0.0001923071915558,0.00029052672286,0.0001320579520258,0.0001584687708341,95.1,47,5,95.1,r-reservoir_sl6_st6_sp336_bu50_re0.5,,,,,,,,,,
yahoo-a3,vgru,ewc,6,6,336,B2,,,,,1000.0,,,-0.0017775036083615,-0.0024663032226882,0.0017775036083615,0.7204377755179847,0.7202163043519999,0.8225886519828751,5,10,10,0.8226,0.7671,0.6933,0.6821,0.6371,0.821,0.763,0.698,0.682,0.6371,0.0001560141898453,0.0002356973284708,0.0001071354916668,0.0001285618368039,77.1,52,5,77.1,r-ewc_sl6_st6_sp336_la1000.0,,,,,,,,,,
yahoo-a3,vgru,lwf,6,6,336,B2,,,,,,1.0,2.0,-0.0032223577517744,-0.0045372082108803,0.0032223577517744,0.7183341650407826,0.7162270697752469,0.8225886519828751,5,10,10,0.8226,0.767,0.6918,0.6768,0.6335,0.8151,0.7661,0.6901,0.6764,0.6335,0.0001304712349792,0.0001971084909479,8.959504039311367e-05,0.0001075134505548,64.5,44,5,64.5,r-lwf_sl6_st6_sp336_al1.0_te2.0,,,,,,,,,,
yahoo-a3,vgru,naive,8,8,336,B2,,,,,,,,-0.0033684204484464,-0.0034144695584138,0.0033684204484464,0.7202325742379265,0.7179081628311588,0.822626032353435,5,10,10,0.8226,0.7678,0.6971,0.6799,0.6337,0.8151,0.7657,0.696,0.679,0.6337,9.66035812044178e-05,0.0001459431737149,6.633803385387485e-05,7.960513986103857e-05,47.8,32,5,47.8,r-naive_sl8_st8_sp336,,,,,,,,,,
yahoo-a3,vgru,cumulative,8,8,336,B2,,,,,,,,-0.0026643966848265,-0.0022151690709632,0.0026643966848265,0.7211605064094696,0.719295034427402,0.822626032353435,5,10,10,0.8226,0.7685,0.6972,0.6817,0.6357,0.8162,0.7671,0.6971,0.6804,0.6357,0.00023979418286,0.000362267357469,0.000164667419273,0.0001975999381959,118.6,40,5,118.6,r-cumulative_sl8_st8_sp336,,,,,,,,,,
yahoo-a3,vgru,experts,8,8,336,B2,,,,,,,,0.0148241732035565,-0.0012506004332697,-0.0148241732035565,0.7239299516147258,0.7558273157969742,0.8605090992976011,5,10,10,0.8226,0.7676,0.697,0.6818,0.6507,0.8605,0.7897,0.7663,0.712,0.6507,0.0001134196704615,0.0001713479610432,7.788565729214396e-05,9.346230375114828e-05,56.1,43,5,56.1,r-experts_sl8_st8_sp336,,,,,,,,,,
yahoo-a3,vgru,random-buffer,8,8,336,B2,50.0,,,0.5,,,,0.0054610491657057,0.009649709519941,-0.0054610491657057,0.7327564266554887,0.7368631400192747,0.8339923094015615,5,10,10,0.8226,0.7715,0.7128,0.6936,0.6632,0.834,0.777,0.7158,0.6944,0.6632,0.0001883159230547,0.000284496942339,0.0001293171549778,0.0001551797873612,93.1,43,5,93.1,r-random-buffer_sl8_st8_sp336_bu50_re0.5,,,,,,,,,,
yahoo-a3,vgru,reservoir,8,8,336,B2,50.0,,,0.5,,,,-0.0076486610980431,-0.0074526127220982,0.0076486610980431,0.7157195054906914,0.7106526679484145,0.822626032353435,5,10,10,0.8226,0.769,0.6897,0.6731,0.6242,0.8086,0.7595,0.6873,0.6735,0.6242,0.000168906478217,0.000255174261499,0.0001159886105302,0.0001391856509687,83.5,42,5,83.5,r-reservoir_sl8_st8_sp336_bu50_re0.5,,,,,,,,,,
yahoo-a3,vgru,ewc,8,8,336,B2,,,,,1000.0,,,-0.0028616907493954,-0.0040883436008562,0.0028616907493954,0.7197586102304351,0.718187365361179,0.822626032353435,5,10,10,0.8226,0.7681,0.6971,0.679,0.632,0.8165,0.7678,0.6964,0.6781,0.632,0.0001439025103826,0.0002173996948036,9.881831695610244e-05,0.0001185813778475,71.1,49,5,71.2,r-ewc_sl8_st8_sp336_la1000.0,,,,,,,,,,
yahoo-a3,vgru,lwf,8,8,336,B2,,,,,,1.0,2.0,-0.0025401368609679,-0.002624548901353,0.0025401368609679,0.7209746162051575,0.719336672043579,0.822626032353435,5,10,10,0.8226,0.7686,0.6972,0.6808,0.6356,0.8167,0.7672,0.6967,0.6804,0.6356,0.0001291742824526,0.0001951491291363,8.870440017587194e-05,0.0001064447289604,63.9,45,5,63.9,r-lwf_sl8_st8_sp336_al1.0_te2.0,,,,,,,,,,
yahoo-a3,vgru,naive,10,10,336,B2,,,,,,,,-0.000509388054921,-0.0011126862243333,0.000509388054921,0.7255761861602631,0.7254763690653727,0.8181149544638415,5,10,10,0.8181,0.7719,0.7031,0.6818,0.6531,0.8162,0.7729,0.703,0.6822,0.6531,0.0001146440342273,0.0001731976599005,7.872646093989411e-05,9.447119896067308e-05,56.7,43,5,56.7,r-naive_sl10_st10_sp336,,,,,,,,,,
yahoo-a3,vgru,cumulative,10,10,336,B2,,,,,,,,-0.0006102853093135,-0.0005288659638717,0.0006102853093135,0.7257417513289389,0.724313351733929,0.819902121803608,5,10,10,0.8181,0.7723,0.7051,0.6818,0.6514,0.8158,0.7717,0.7024,0.6803,0.6514,0.0002877290077387,0.0004346845534677,0.0001975843746519,0.0002371001788158,142.3,56,5,142.3,r-cumulative_sl10_st10_sp336,,,,,,,,,,
yahoo-a3,vgru,experts,10,10,336,B2,,,,,,,,0.0001662290934509,-0.0008608786671675,-0.0001662290934509,0.7255374369420735,0.7266134027105252,0.8204645636665884,5,10,10,0.8181,0.7725,0.7049,0.6812,0.651,0.8205,0.7731,0.7046,0.684,0.651,0.0001159567507503,0.0001751808370578,7.962786782364776e-05,9.555296923421944e-05,57.3,44,5,57.3,r-experts_sl10_st10_sp336,,,,,,,,,,
yahoo-a3,vgru,random-buffer,10,10,336,B2,50.0,,,0.5,,,,0.0058651200498155,0.0108185332401756,-0.0058651200498155,0.7360862107246235,0.738939078574783,0.8322026255052407,5,10,10,0.8181,0.7751,0.7197,0.6943,0.6733,0.8299,0.7771,0.722,0.6924,0.6733,0.0001930135065897,0.0002915937832775,0.0001325429850135,0.000159050798264,95.4,56,5,95.4,r-random-buffer_sl10_st10_sp336_bu50_re0.5,,,,,,,,,,
yahoo-a3,vgru,reservoir,10,10,336,B2,50.0,,,0.5,,,,-0.002208125439328,-0.0123045420227348,0.002208125439328,0.7179260336940099,0.7183597184605068,0.8181149544638415,5,10,10,0.8181,0.7588,0.6967,0.6723,0.6437,0.8109,0.7661,0.6955,0.6756,0.6437,0.0001621090549448,0.0002449051026019,0.0001113207907972,0.0001335843118047,80.2,45,5,80.2,r-reservoir_sl10_st10_sp336_bu50_re0.5,,,,,,,,,,
yahoo-a3,vgru,ewc,10,10,336,B2,,,,,1000.0,,,-0.0008284883488253,-0.0010659863984245,0.0008284883488253,0.7255965926439447,0.7253184842663013,0.8181149544638415,5,10,10,0.8181,0.7719,0.7034,0.6813,0.6533,0.8157,0.7728,0.7029,0.6818,0.6533,0.0001268339155014,0.0001916134363983,8.709727841390606e-05,0.0001045161579844,62.7,42,5,62.7,r-ewc_sl10_st10_sp336_la1000.0,,,,,,,,,,
yahoo-a3,vgru,lwf,10,10,336,B2,,,,,,1.0,2.0,-0.0007893777514212,-0.002252124991773,0.0007893777514212,0.7247628700185622,0.7244584691790358,0.8181149544638415,5,10,10,0.8181,0.7713,0.7029,0.68,0.6515,0.8156,0.7718,0.7025,0.681,0.6515,0.0001255369980227,0.000189654127535,8.620667031371139e-05,0.0001034474572213,62.1,45,5,62.1,r-lwf_sl10_st10_sp336_al1.0_te2.0,,,,,,,,,,
yahoo-a3,vgru,naive,16,16,336,B2,,,,,,,,0.002390404426813,0.0019270907276929,-0.002390404426813,0.7352781249191496,0.7383149835138634,0.8365288260474169,5,10,10,0.829,0.7555,0.7107,0.6957,0.6855,0.8365,0.7581,0.7146,0.697,0.6855,0.0001146328508234,0.0001731807646526,7.871874791712293e-05,9.446201673553636e-05,56.7,38,5,56.7,r-naive_sl16_st16_sp336,,,,,,,,,,
yahoo-a3,vgru,cumulative,16,16,336,B2,,,,,,,,-0.0001626279283485,0.0015675322878063,0.0001626279283485,0.7339854050035606,0.7330589575680262,0.8330417808258853,5,10,10,0.829,0.7571,0.7117,0.6946,0.6775,0.8299,0.7552,0.7082,0.6945,0.6775,0.0002438594689958,0.0003684089596056,0.0001674590530074,0.0002009499065981,120.6,48,5,120.6,r-cumulative_sl16_st16_sp336,,,,,,,,,,
yahoo-a3,vgru,experts,16,16,336,B2,,,,,,,,0.0039095047951224,-0.0012690036912946,-0.0039095047951224,0.7307711343947734,0.7354258349329413,0.839794310671401,5,10,10,0.829,0.755,0.709,0.6954,0.6655,0.8398,0.7562,0.7207,0.695,0.6655,0.0001272284254693,0.0001922094395284,8.7368188138094e-05,0.0001048412513903,62.9,48,5,62.9,r-experts_sl16_st16_sp336,,,,,,,,,,
yahoo-a3,vgru,random-buffer,16,16,336,B2,50.0,,,0.5,,,,0.0086937670185891,0.0106671052322012,-0.0086937670185891,0.7432135281535175,0.7505051455615278,0.8469291411558223,5,10,10,0.829,0.7598,0.7213,0.7099,0.696,0.8469,0.7678,0.7283,0.7136,0.696,0.0001495819196598,0.000225979822004,0.0001027183629067,0.0001232614590972,74.0,37,5,74.0,r-random-buffer_sl16_st16_sp336_bu50_re0.5,,,,,,,,,,
yahoo-a3,vgru,reservoir,16,16,336,B2,50.0,,,0.5,,,,-0.0004759239231563,0.000909646208068,0.0004759239231563,0.7338304065242766,0.7352568175904838,0.834356663326363,5,10,10,0.829,0.7578,0.7121,0.6918,0.6785,0.8333,0.7569,0.7101,0.6975,0.6785,5.729760200759171e-07,0.0002410279010194,0.0001095584324069,0.0001314694686125,78.9,41,5,78.9,r-reservoir_sl16_st16_sp336_bu50_re0.5,,,,,,,,,,
yahoo-a3,vgru,ewc,16,16,336,B2,,,,,1000.0,,,0.0014211188610318,0.0015639639448573,-0.0014211188610318,0.7345756881271012,0.7362061468299224,0.8333893268612538,5,10,10,0.829,0.7559,0.7105,0.695,0.6825,0.8334,0.7567,0.7132,0.6952,0.6825,0.0001196802801315,0.0001808061326062,8.218480920186266e-05,9.862132340436804e-05,59.2,33,5,59.2,r-ewc_sl16_st16_sp336_la1000.0,,,,,,,,,,
yahoo-a3,vgru,lwf,16,16,336,B2,,,,,,1.0,2.0,0.0007345097858278,0.0005948861660477,-0.0007345097858278,0.7340220085730738,0.7346016633755564,0.8312736403709474,5,10,10,0.829,0.7555,0.7095,0.695,0.6811,0.8313,0.7563,0.7092,0.6952,0.6811,0.0001425969933923,0.0002154273942892,9.79218271386344e-05,0.0001175055671506,70.5,52,5,70.5,r-lwf_sl16_st16_sp336_al1.0_te2.0,,,,,,,,,,
yahoo-a3,vgru,naive,24,24,336,B2,,,,,,,,-0.0031893501309557,0.0037377891692309,0.0031893501309557,0.7388545645498885,0.7362527514769317,0.8323201005007326,5,10,10,0.8323,0.7665,0.7044,0.6906,0.7005,0.824,0.7631,0.7035,0.6901,0.7005,0.0001437652265421,0.0002171922942174,9.872403900695238e-05,0.0001184682552105,71.1,50,5,71.1,r-naive_sl24_st24_sp336,,,,,,,,,,
yahoo-a3,vgru,cumulative,24,24,336,B2,,,,,,,,7.926554807015096e-05,0.0053492272956661,-7.926554807015096e-05,0.7403595583916054,0.7401703982118439,0.8355740950860667,5,10,10,0.8323,0.7752,0.7013,0.6881,0.7048,0.83,0.7693,0.7031,0.6936,0.7048,0.0003043049319717,0.0004597265131929,0.0002089671767342,0.0002507593364586,150.5,65,5,150.5,r-cumulative_sl24_st24_sp336,,,,,,,,,,
yahoo-a3,vgru,experts,24,24,336,B2,,,,,,,,-0.0015048962571384,0.0004785308912656,0.0015048962571384,0.7355162741663394,0.7373212228961507,0.8323201005007326,5,10,10,0.8323,0.7626,0.6921,0.6933,0.6973,0.8259,0.7657,0.7003,0.6975,0.6973,5.710615846536091e-07,0.0002402225752548,0.00010919238831,0.0001310301869447,78.6,64,5,78.6,r-experts_sl24_st24_sp336,,,,,,,,,,
yahoo-a3,vgru,random-buffer,24,24,336,B2,50.0,,,0.5,,,,-5.428675517941128e-05,0.0074024933958005,5.428675517941128e-05,0.7430302019085621,0.7419977415348893,0.8340120360017428,5,10,10,0.8323,0.7669,0.7125,0.688,0.7154,0.8231,0.7647,0.72,0.6868,0.7154,0.0001781868434263,0.0002691945072808,0.0001223614406843,0.0001468330665964,88.1,46,5,88.1,r-random-buffer_sl24_st24_sp336_bu50_re0.5,,,,,,,,,,
yahoo-a3,vgru,reservoir,24,24,336,B2,50.0,,,0.5,,,,-0.0025732997719872,0.0030746845337295,0.0025732997719872,0.739637947763606,0.737454254089658,0.8347724033867047,5,10,10,0.8323,0.7726,0.7083,0.69,0.6949,0.8256,0.7723,0.7032,0.6914,0.6949,0.0001643169559364,0.0002482406733327,0.0001128369673607,0.0001354037059719,81.2,40,5,81.3,r-reservoir_sl24_st24_sp336_bu50_re0.5,,,,,,,,,,
yahoo-a3,vgru,ewc,24,24,336,B2,,,,,1000.0,,,-0.0025905679496084,0.0034362343632956,0.0025905679496084,0.7384081549142301,0.7363782738987972,0.8323201005007326,5,10,10,0.8323,0.7657,0.704,0.6895,0.7006,0.8249,0.7633,0.7033,0.6898,0.7006,0.0001530551127299,0.0002312269237497,0.0001051034486115,0.0001261234751382,75.7,50,5,75.7,r-ewc_sl24_st24_sp336_la1000.0,,,,,,,,,,
yahoo-a3,vgru,lwf,24,24,336,B2,,,,,,1.0,2.0,-0.0018491961125459,0.0015986359061881,0.0018491961125459,0.7371800228429745,0.7357738729416654,0.8323201005007326,5,10,10,0.8323,0.7656,0.7028,0.6894,0.6957,0.8232,0.7672,0.7029,0.6898,0.6957,0.0001530169336566,0.000231169244986,0.0001050772441557,0.0001260920008302,75.7,45,5,77.4,r-lwf_sl24_st24_sp336_al1.0_te2.0,,,,,,,,,,
yahoo-a3,vgru,naive,8,4,336,B3,,,,,,,,-0.0032597124494928,-0.0036331150259861,0.0032597124494928,0.721451365674986,0.7194774148967994,0.8242052002286486,5,10,10,0.8242,0.7681,0.6979,0.6808,0.6362,0.8164,0.7674,0.6969,0.6805,0.6362,0.0001696411962032,0.0002562842314748,0.000116493126682,0.0001397911047927,83.9,36,5,83.9,r-naive_sl8_st4_sp336,,,,,,,,,,
yahoo-a3,vgru,cumulative,8,4,336,B3,,,,,,,,-0.0028316274896605,-0.0028120944350339,0.0028316274896605,0.7218989173900581,0.7206513833539703,0.8242052002286486,5,10,10,0.8242,0.7687,0.6998,0.6798,0.6371,0.818,0.7681,0.6985,0.6816,0.6371,0.0003804313792717,0.0005747340023987,0.0002612433605924,0.0003134906418062,188.1,33,5,188.1,r-cumulative_sl8_st4_sp336,,,,,,,,,,
yahoo-a3,vgru,experts,8,4,336,B3,,,,,,,,0.0185480894024355,-0.0035083129371438,-0.0185480894024355,0.7228741307951433,0.7643170444648064,0.8763143476985028,5,10,10,0.8242,0.7679,0.6967,0.6806,0.6449,0.8763,0.8168,0.764,0.7195,0.6449,0.0001886109597105,0.0002849426668698,0.0001295197472196,0.0001554229196502,93.3,44,5,93.3,r-experts_sl8_st4_sp336,,,,,,,,,,
yahoo-a3,vgru,random-buffer,8,4,336,B3,50.0,,,0.5,,,,0.0038408874323921,0.0071262272806686,-0.0038408874323921,0.7310687815239657,0.7343862493653427,0.8318957986671213,5,10,10,0.8242,0.7747,0.7079,0.6907,0.6579,0.8319,0.778,0.7126,0.6916,0.6579,0.000285829887959,0.0004318154717582,0.0001962802668975,0.0002355352048606,141.3,41,5,141.3,r-random-buffer_sl8_st4_sp336_bu50_re0.5,,,,,,,,,,
yahoo-a3,vgru,reservoir,8,4,336,B3,50.0,,,0.5,,,,0.0043095520356542,0.0017063926670206,-0.0043095520356542,0.7275663540061437,0.7326984819277066,0.8312902530909114,5,10,10,0.8242,0.7672,0.7043,0.6883,0.6539,0.8313,0.7766,0.7109,0.6908,0.6539,0.0002789128411041,0.0004213655923835,0.0001915303050921,0.0002298352872914,137.9,40,5,137.9,r-reservoir_sl8_st4_sp336_bu50_re0.5,,,,,,,,,,
yahoo-a3,vgru,ewc,8,4,336,B3,,,,,1000.0,,,-0.003407363708287,-0.0038420031592844,0.003407363708287,0.7212134377494369,0.7190685107077398,0.8242052002286486,5,10,10,0.8242,0.7682,0.6977,0.6804,0.6356,0.8159,0.7675,0.6963,0.68,0.6356,0.0002073010637802,0.0003131786087571,0.0001423543732044,0.0001708242355527,102.5,36,5,102.5,r-ewc_sl8_st4_sp336_la1000.0,,,,,,,,,,
yahoo-a3,vgru,lwf,8,4,336,B3,,,,,,1.0,2.0,-0.0031800229006928,-0.0038590783960972,0.0031800229006928,0.7212494210761464,0.7195723953496229,0.8242052002286486,5,10,10,0.8242,0.7686,0.6979,0.681,0.6345,0.8177,0.7658,0.6982,0.6817,0.6345,0.0001918205442921,0.0002897915239651,0.000131723767711,0.000158067756254,94.8,34,5,94.9,r-lwf_sl8_st4_sp336_al1.0_te2.0,,,,,,,,,,
yahoo-a3,vgru,naive,12,6,336,B3,,,,,,,,-0.0012820744484679,-0.0027580138752085,0.0012820744484679,0.7312974951078358,0.7307162384218651,0.828369025450031,5,10,10,0.8284,0.7758,0.7044,0.6872,0.6607,0.8252,0.7774,0.7036,0.6867,0.6607,0.000199343533417,0.0003011568263175,0.000136889880902,0.0001642669454154,98.6,47,5,183.4,r-naive_sl12_st6_sp336,,,,,,,,,,
yahoo-a3,vgru,cumulative,12,6,336,B3,,,,,,,,-0.0013556425232462,-0.0010534177025808,0.0013556425232462,0.7326687242512386,0.7314879384468361,0.828369025450031,5,10,10,0.8284,0.7768,0.7066,0.6889,0.6627,0.8253,0.7765,0.7047,0.6883,0.6627,1.272618778598204e-06,0.0005353393898803,0.0002433366776599,0.0002920027122204,175.2,39,5,286.9,r-cumulative_sl12_st6_sp336,,,,,,,,,,
yahoo-a3,vgru,experts,12,6,336,B3,,,,,,,,-0.0016557783750243,-0.0016754982378962,0.0016557783750243,0.7320893278809691,0.7310790439283469,0.828369025450031,5,10,10,0.8284,0.7774,0.7051,0.6879,0.6617,0.8251,0.7758,0.7048,0.688,0.6617,0.0001573469957972,0.00023771085559,0.00010805069427,0.0001296601613199,77.8,36,5,77.8,r-experts_sl12_st6_sp336,,,,,,,,,,
yahoo-a3,vgru,random-buffer,12,6,336,B3,50.0,,,0.5,,,,0.0040172080642232,0.0088753417727091,-0.0040172080642232,0.7412627186755965,0.7443656463261195,0.8380710738671633,5,10,10,0.8284,0.7812,0.7155,0.7,0.6812,0.8381,0.7822,0.7196,0.7008,0.6812,0.0003004859618278,0.0004539570311905,0.0002063446075817,0.0002476124236088,148.6,50,5,148.6,r-random-buffer_sl12_st6_sp336_bu50_re0.5,,,,,,,,,,
yahoo-a3,vgru,reservoir,12,6,336,B3,50.0,,,0.5,,,,0.0002177683034776,-0.0025991689406903,-0.0002177683034776,0.7324147153021651,0.7352685514081717,0.8320422098075729,5,10,10,0.8284,0.7786,0.7026,0.686,0.6665,0.832,0.7797,0.7076,0.6905,0.6665,8.618817905936191e-07,0.0003625589058442,0.0001647998877904,0.0001977590180537,118.7,38,5,118.7,r-reservoir_sl12_st6_sp336_bu50_re0.5,,,,,,,,,,
yahoo-a3,vgru,ewc,12,6,336,B3,,,,,1000.0,,,-0.0015883805317723,-0.0026946764630843,0.0015883805317723,0.7313489356911377,0.7304353311979788,0.828369025450031,5,10,10,0.8284,0.7757,0.7044,0.6871,0.6612,0.824,0.7763,0.7039,0.6869,0.6612,0.0002118503606567,0.0003200514266802,0.0001454782679987,0.0001745731586815,104.7,47,5,104.8,r-ewc_sl12_st6_sp336_la1000.0,,,,,,,,,,
yahoo-a3,vgru,lwf,12,6,336,B3,,,,,,1.0,2.0,-0.0019126830011141,-0.0022719308038673,0.0019126830011141,0.7315171405757648,0.7300641032590797,0.828369025450031,5,10,10,0.8284,0.7768,0.7046,0.6872,0.6607,0.8239,0.7761,0.7031,0.6865,0.6607,0.00019424435888,0.0002934532846271,0.0001333881893499,0.0001600650952771,96.0,44,5,96.0,r-lwf_sl12_st6_sp336_al1.0_te2.0,,,,,,,,,,
yahoo-a3,vgru,naive,24,12,336,B3,,,,,,,,-0.000584417787562,-0.0039951587428104,0.000584417787562,0.7348747081275756,0.7350085649231735,0.8231945111864919,5,10,10,0.8232,0.7573,0.7091,0.6874,0.6974,0.8188,0.7599,0.7097,0.6892,0.6974,0.0001694132827085,0.0002559399127825,0.0001163366225716,0.0001396032902109,83.8,38,5,83.8,r-naive_sl24_st12_sp336,,,,,,,,,,
yahoo-a3,vgru,cumulative,24,12,336,B3,,,,,,,,-0.0013169441261066,-0.003424572047858,0.0013169441261066,0.7360368581918686,0.7349043278525746,0.8231945111864919,5,10,10,0.8232,0.7583,0.7052,0.6922,0.7013,0.82,0.756,0.7067,0.6905,0.7013,1.829621213955034e-06,0.0007696478480929,0.0003498407876125,0.0004198070604804,251.9,70,5,251.9,r-cumulative_sl24_st12_sp336,,,,,,,,,,
yahoo-a3,vgru,experts,24,12,336,B3,,,,,,,,-0.0037493272393412,-0.010452826237821,0.0037493272393412,0.7301507916743436,0.7275357673511754,0.8231945111864919,5,10,10,0.8232,0.7545,0.6982,0.6782,0.6967,0.8132,0.7548,0.6954,0.6776,0.6967,0.0001943534054437,0.0002936180259481,0.0001334631098356,0.0001601549161124,96.1,50,5,96.1,r-experts_sl24_st12_sp336,,,,,,,,,,
yahoo-a3,vgru,random-buffer,24,12,336,B3,50.0,,,0.5,,,,-0.0045182596656544,0.0014606119410156,0.0045182596656544,0.7399324937154736,0.7347646737535154,0.8234188431789495,5,10,10,0.8232,0.7608,0.7255,0.6804,0.7097,0.8088,0.7529,0.7255,0.6769,0.7097,0.0002442200271613,0.0003689536702914,0.0001677066777198,0.0002012469925715,120.7,44,5,120.8,r-random-buffer_sl24_st12_sp336_bu50_re0.5,,,,,,,,,,
yahoo-a3,vgru,reservoir,24,12,336,B3,50.0,,,0.5,,,,-0.0002337188836082,-0.0038495081182715,0.0002337188836082,0.7350852763628161,0.7355633413898865,0.8292349452570904,5,10,10,0.8232,0.7614,0.7002,0.688,0.7027,0.8217,0.7592,0.7054,0.6888,0.7027,0.0002527135851117,0.0003817852525988,0.0001735391914915,0.0002082460611072,124.9,46,5,125.0,r-reservoir_sl24_st12_sp336_bu50_re0.5,,,,,,,,,,
yahoo-a3,vgru,ewc,24,12,336,B3,,,,,1000.0,,,-0.0006350975829806,-0.0044016165006665,0.0006350975829806,0.7346053048444017,0.734477222541168,0.8231945111864919,5,10,10,0.8232,0.7577,0.7073,0.6889,0.6959,0.8193,0.7586,0.7093,0.6892,0.6959,0.0001865064575289,0.0002817633051563,0.0001280745700823,0.000153688735074,92.2,38,5,92.2,r-ewc_sl24_st12_sp336_la1000.0,,,,,,,,,,
yahoo-a3,vgru,lwf,24,12,336,B3,,,,,,1.0,2.0,-0.0017566582419539,-0.0032910958768423,0.0017566582419539,0.7352054271375139,0.7335096823534715,0.8231945111864919,5,10,10,0.8232,0.7574,0.706,0.6874,0.7019,0.8194,0.757,0.7037,0.6855,0.7019,0.000201567390688,0.000304516502884,0.0001384169338549,0.0001660995690291,99.7,47,5,99.7,r-lwf_sl24_st12_sp336_al1.0_te2.0,,,,,,,,,,
yahoo-a3,vgru,naive,12,12,168,B5,,,,,,,,0.0017531664607838,0.0072766692245646,-0.0017531664607838,0.7149754980593805,0.7160871403522859,0.8674597227426003,10,45,45,0.8618,0.73,0.8008,0.6862,0.7118,0.8609,0.7384,0.8076,0.6822,0.7125,5.701333920780219e-07,0.0002398321220763,0.000109014885824,0.0001308172362522,78.5,71,10,78.5,r-naive_sl12_st12_sp168,0.654,0.6474,0.7082,0.649,0.7007,0.653,0.6473,0.7093,0.6491,0.7007
yahoo-a3,vgru,cumulative,12,12,168,B5,,,,,,,,0.0065794200089887,0.002590695788579,-0.0065794200089887,0.7121415556162027,0.7141148240711068,0.8755841927786872,10,45,45,0.8618,0.7295,0.7813,0.6628,0.708,0.8586,0.7335,0.8031,0.6812,0.7108,0.0004661596791866,0.0007042474221991,0.0003201132251169,0.0003841341970822,230.5,113,10,230.5,r-cumulative_sl12_st12_sp168,0.6574,0.6564,0.7163,0.649,0.6989,0.6586,0.6419,0.7064,0.6481,0.6989
yahoo-a3,vgru,experts,12,12,168,B5,,,,,,,,0.005960741624931,-0.0037029821577215,-0.005960741624931,0.7090990437780573,0.7293715466558874,0.8769103350357911,10,45,45,0.8618,0.7329,0.7964,0.6766,0.7051,0.8769,0.7471,0.8569,0.6958,0.7202,0.0001832197920049,0.0002767979985753,0.000125817616494,0.0001509803820812,90.6,111,10,90.6,r-experts_sl12_st12_sp168,0.6468,0.6327,0.7035,0.6432,0.6919,0.6755,0.6807,0.7052,0.6437,0.6919
yahoo-a3,vgru,random-buffer,12,12,168,B5,50.0,,,0.5,,,,0.0206377490348933,0.022013985987521,-0.0206377490348933,0.7352538826009578,0.7500505725644944,0.9069136873656602,10,45,45,0.8618,0.7225,0.8016,0.7193,0.7388,0.9069,0.7842,0.8139,0.7352,0.7432,8.530359568295824e-07,0.0003588378203708,0.0001631084741901,0.0001957293461806,117.4,107,10,117.4,r-random-buffer_sl12_st12_sp168_bu50_re0.5,0.695,0.7193,0.7262,0.6505,0.7177,0.6972,0.7262,0.7255,0.6506,0.7177
yahoo-a3,vgru,reservoir,12,12,168,B5,50.0,,,0.5,,,,0.0014693655701402,0.0072405598616771,-0.0014693655701402,0.7149302099639879,0.7165958946618147,0.8682287866537831,10,45,45,0.8618,0.7269,0.7957,0.6909,0.7089,0.8596,0.7362,0.8029,0.689,0.7112,0.0002093359211368,0.0003162527550464,0.0001437516081017,0.0001725011469447,103.5,84,10,103.5,r-reservoir_sl12_st12_sp168_bu50_re0.5,0.6628,0.6402,0.7094,0.6551,0.6976,0.6627,0.6438,0.7059,0.6571,0.6976
yahoo-a3,vgru,ewc,12,12,168,B5,,,,,1000.0,,,0.0020528636761521,0.0089197709803607,-0.0020528636761521,0.7165983900172426,0.7176764599608842,0.8674005639802015,10,45,45,0.8618,0.7303,0.7992,0.6883,0.7126,0.8629,0.7389,0.8101,0.68,0.7129,6.103973922219628e-07,0.0002567695629138,0.0001167137340914,0.0001400558288224,84.0,71,10,84.0,r-ewc_sl12_st12_sp168_la1000.0,0.6555,0.6514,0.7108,0.6499,0.7061,0.6537,0.651,0.7116,0.6497,0.7061
yahoo-a3,vgru,lwf,12,12,168,B5,,,,,,1.0,2.0,0.0054094496294487,-0.0005240459489631,-0.0054094496294487,0.7114616554311721,0.7178076791496436,0.8618002011397922,10,45,45,0.8618,0.7221,0.7956,0.6739,0.7063,0.8595,0.7459,0.8082,0.6859,0.7151,0.0001654458770798,0.0002499461829265,0.00011361220897,0.0001363339739564,81.8,71,10,81.8,r-lwf_sl12_st12_sp168_al1.0_te2.0,0.6571,0.6431,0.707,0.6529,0.6948,0.6592,0.6468,0.7088,0.6537,0.6948
yahoo-a3,vlstm,naive,12,12,336,B1,,,,,,,,0.0015057270681891,0.0017702750728321,-0.0015057270681891,0.7248627888067098,0.7269925474497949,0.8291356300434514,5,10,10,0.8252,0.7722,0.6952,0.6824,0.6493,0.8291,0.7725,0.6995,0.6846,0.6493,0.0001271787327856,0.0001921343666598,8.733406360067117e-05,0.0001048003030591,62.9,54,5,62.9,r-naive_sl12_st12_sp336,,,,,,,,,,
yahoo-a3,vlstm,cumulative,12,12,336,B1,,,,,,,,0.0010864959883794,0.0037032913182645,-0.0010864959883794,0.7266381263845199,0.7258812457762528,0.8288345747982618,5,10,10,0.8252,0.7711,0.6924,0.6853,0.6592,0.8246,0.7707,0.692,0.6829,0.6592,0.000262243543946,0.0003961825701756,0.0001800834387159,0.0002160991314596,129.7,53,5,129.7,r-cumulative_sl12_st12_sp336,,,,,,,,,,
yahoo-a3,vlstm,experts,12,12,336,B1,,,,,,,,0.011579370308146,0.0018932888464866,-0.011579370308146,0.725989970318165,0.747949326570415,0.8548122284295468,5,10,10,0.8252,0.771,0.6937,0.6882,0.6518,0.8548,0.8021,0.7353,0.6958,0.6518,0.0001321865180613,0.0001996998426732,9.077293142391784e-05,0.0001089269112492,65.4,59,5,65.4,r-experts_sl12_st12_sp336,,,,,,,,,,
yahoo-a3,vlstm,random-buffer,12,12,336,B1,50.0,,,0.5,,,,0.011397274209908,0.0106864031376374,-0.011397274209908,0.7359745397900932,0.7441605615056454,0.8493001241464929,5,10,10,0.8252,0.767,0.717,0.6903,0.6803,0.8474,0.7828,0.7202,0.6901,0.6803,6.166942554431081e-07,0.000259418399291,0.0001179177688059,0.000141500630485,84.9,49,5,84.9,r-random-buffer_sl12_st12_sp336_bu50_re0.5,,,,,,,,,,
yahoo-a3,vlstm,random-buffer,12,12,336,B1,100.0,,,0.5,,,,0.0114369221938546,0.0095426977834001,-0.0114369221938546,0.73553096218102,0.7443228428726665,0.8474627560521416,5,10,10,0.8252,0.7669,0.7126,0.6917,0.6812,0.8475,0.7847,0.7177,0.6906,0.6812,0.0001299611700718,0.0001963379140143,8.924477436424543e-05,0.0001070931396501,64.3,32,5,64.3,r-random-buffer_sl12_st12_sp336_bu100_re0.5,,,,,,,,,,
yahoo-a3,vlstm,random-buffer,12,12,336,B1,250.0,,,0.5,,,,0.0063834440190866,0.0086152459783761,-0.0063834440190866,0.7326898429678156,0.738170712809719,0.8351505276225947,5,10,10,0.8252,0.7741,0.7039,0.6898,0.6704,0.8352,0.7831,0.7114,0.6908,0.6704,5.738653706423832e-07,0.0002414020149314,0.0001097285100698,0.0001316735048615,79.0,43,5,79.0,r-random-buffer_sl12_st12_sp336_bu250_re0.5,,,,,,,,,,
yahoo-a3,vlstm,random-buffer,12,12,336,B1,500.0,,,0.5,,,,0.0043829584121047,0.0075206911334359,-0.0043829584121047,0.7316394051917529,0.7355172261065327,0.8315068280571073,5,10,10,0.8252,0.7719,0.7036,0.6904,0.6671,0.8315,0.7788,0.7096,0.6906,0.6671,0.0001592746197748,0.0002406229998138,0.0001093743932866,0.0001312486065272,78.7,43,5,78.8,r-random-buffer_sl12_st12_sp336_bu500_re0.5,,,,,,,,,,
yahoo-a3,vlstm,random-buffer,12,12,336,B1,1000.0,,,0.5,,,,0.0020948930188548,0.0044147771664471,-0.0020948930188548,0.7274426968586805,0.7296629496367004,0.8315673494723774,5,10,10,0.8252,0.7721,0.6915,0.6852,0.6631,0.8275,0.7727,0.6986,0.6863,0.6631,0.0001495330262179,0.0002259059565841,0.0001026847958907,0.0001232211606934,73.9,39,5,73.9,r-random-buffer_sl12_st12_sp336_bu1000_re0.5,,,,,,,,,,
yahoo-a3,vlstm,random-buffer,12,12,336,B1,50.0,,,,,,,0.0003662651657022,0.0019018705346403,-0.0003662651657022,0.7250825622597423,0.726320324800194,0.8252498448168839,5,10,10,0.8252,0.7715,0.6859,0.6792,0.6636,0.8252,0.7722,0.6906,0.68,0.6636,0.0001112986406713,0.0001681436303625,7.642911487362451e-05,9.17145154889052e-05,55.0,41,5,55.0,r-random-buffer_sl12_st12_sp336_bu50,,,,,,,,,,
yahoo-a3,vlstm,random-buffer,12,12,336,B1,50.0,,,0.3,,,,0.0093831218663812,0.0104355569237968,-0.0093831218663812,0.7353228420053043,0.7437153293509737,0.845054314090627,5,10,10,0.8252,0.7711,0.7093,0.6909,0.6801,0.8451,0.7871,0.7151,0.6912,0.6801,5.050364367496965e-07,0.0002124484586143,9.656775173757018e-05,0.0001158807068768,69.5,48,5,69.5,r-random-buffer_sl12_st12_sp336_bu50_re0.3,,,,,,,,,,
yahoo-a3,vlstm,reservoir,12,12,336,B1,50.0,,,0.5,,,,-0.0019406396392256,0.0028520134686516,0.0019406396392256,0.7238672602022631,0.7237278580865951,0.8338857852265673,5,10,10,0.8252,0.7759,0.6887,0.6737,0.6559,0.8253,0.771,0.687,0.6794,0.6559,5.190901746020398e-07,0.0002183602992802,9.92549396973724e-05,0.0001191053595828,71.5,38,5,71.5,r-reservoir_sl12_st12_sp336_bu50_re0.5,,,,,,,,,,
yahoo-a3,vlstm,reservoir,12,12,336,B1,100.0,,,0.5,,,,-0.0032959963301591,-0.0003275834649604,0.0032959963301591,0.7227495618263269,0.72025719709082,0.8252374301675978,5,10,10,0.8252,0.7708,0.6889,0.6772,0.6516,0.822,0.7673,0.684,0.6763,0.6516,0.0001570381677165,0.000237244295762,0.0001078386350683,0.0001294056606936,77.6,43,5,77.7,r-reservoir_sl12_st12_sp336_bu100_re0.5,,,,,,,,,,
yahoo-a3,vlstm,reservoir,12,12,336,B1,250.0,,,0.5,,,,-0.0010164509858918,0.0021694717978865,0.0010164509858918,0.7256342116770745,0.7245609370834896,0.828126939788951,5,10,10,0.8252,0.7729,0.6934,0.6839,0.6527,0.8252,0.7702,0.6907,0.684,0.6527,0.0001491411918909,0.0002253139956595,0.0001024157015619,0.0001228982940975,73.7,39,5,73.8,r-reservoir_sl12_st12_sp336_bu250_re0.5,,,,,,,,,,
yahoo-a3,vlstm,reservoir,12,12,336,B1,500.0,,,0.5,,,,-0.0005567075337648,0.0028295210851782,0.0005567075337648,0.7263779837065422,0.7255394345531767,0.8290518311607697,5,10,10,0.8252,0.7724,0.695,0.6839,0.6553,0.8258,0.771,0.692,0.6836,0.6553,4.801226224944827e-07,0.0002019682218402,9.180397795086416e-05,0.0001101642438893,66.1,33,5,66.1,r-reservoir_sl12_st12_sp336_bu500_re0.5,,,,,,,,,,
yahoo-a3,vlstm,reservoir,12,12,336,B1,1000.0,,,0.5,,,,-9.7513743864297e-05,0.0014018495459057,9.7513743864297e-05,0.7248514666667617,0.7257865598864501,0.8262445685909372,5,10,10,0.8252,0.7723,0.6866,0.6816,0.6586,0.8238,0.7707,0.6926,0.6834,0.6586,5.824204009269861e-07,0.0002450007711103,0.0001113642819452,0.0001336364891651,80.2,44,5,80.2,r-reservoir_sl12_st12_sp336_bu1000_re0.5,,,,,,,,,,
yahoo-a3,vlstm,reservoir,12,12,336,B1,50.0,,,,,,,-1.3333661579295608e-05,0.0018498236375265,1.3333661579295608e-05,0.7250429251260131,0.7262493262635626,0.8261545623836125,5,10,10,0.8252,0.7718,0.6861,0.6794,0.6628,0.8262,0.7712,0.6909,0.6803,0.6628,0.0001100232313305,0.0001662168147656,7.555329733618742e-05,9.066351742949336e-05,54.4,40,5,54.4,r-reservoir_sl12_st12_sp336_bu50,,,,,,,,,,
yahoo-a3,vlstm,reservoir,12,12,336,B1,50.0,,,0.3,,,,-0.0014374627039306,0.0002752044613061,0.0014374627039306,0.7232339047717322,0.72372723113293,0.8262988826815643,5,10,10,0.8252,0.7736,0.6879,0.6738,0.6555,0.8262,0.7696,0.6887,0.6787,0.6555,0.0001400297262369,0.0002115489136805,9.61588513895145e-05,0.000115390062291,69.2,48,5,69.2,r-reservoir_sl12_st12_sp336_bu50_re0.3,,,,,,,,,,
yahoo-a3,vlstm,ewc,12,12,336,B1,,,,,1000.0,,,-0.0002171050553088,0.0026374790860439,0.0002171050553088,0.7256708717542705,0.7255266418495534,0.8269180633147114,5,10,10,0.8252,0.7718,0.6951,0.6835,0.6528,0.8256,0.7715,0.6952,0.6826,0.6528,0.0001411052579715,0.0002131737656045,9.689739109016954e-05,0.0001162763745143,69.8,54,5,69.8,r-ewc_sl12_st12_sp336_la1000.0,,,,,,,,,,
yahoo-a3,vlstm,ewc,12,12,336,B1,,,,,100.0,,,0.0009860827410565,0.0019282301888015,-0.0009860827410565,0.7249571039820393,0.7264659142170846,0.8283038485412786,5,10,10,0.8252,0.7722,0.6956,0.6822,0.6495,0.8283,0.7726,0.6983,0.6837,0.6495,0.0001407995008304,0.0002127118451766,9.668744080053228e-05,0.0001160244043761,69.6,54,5,69.6,r-ewc_sl12_st12_sp336_la100,,,,,,,,,,
yahoo-a3,vlstm,ewc,12,12,336,B1,,,,,500.0,,,0.0002352268307365,0.0023284890174441,-0.0002352268307365,0.7253366967838141,0.7258933508700991,0.8273618870266914,5,10,10,0.8252,0.772,0.6956,0.6828,0.651,0.8267,0.7726,0.6965,0.6826,0.651,0.0001413077799349,0.0002134797242213,9.703647991797576e-05,0.0001164432443034,69.9,54,5,69.9,r-ewc_sl12_st12_sp336_la500,,,,,,,,,,
yahoo-a3,vlstm,ewc,12,12,336,B1,,,,,5000.0,,,0.0006113905999445,0.0037173422913934,-0.0006113905999445,0.7269206255030314,0.7269323030659749,0.8277576039726877,5,10,10,0.8252,0.7716,0.6954,0.6852,0.6571,0.8278,0.7715,0.6948,0.6836,0.6571,0.0001338860893428,0.0002022674579075,9.193999346138704e-05,0.0001103274644461,66.2,49,5,66.2,r-ewc_sl12_st12_sp336_la5000,,,,,,,,,,
yahoo-a3,vlstm,ewc,12,12,336,B1,,,,,10000.0,,,0.0008656711434824,0.0036677209365924,-0.0008656711434824,0.7272593356744503,0.7279211416914456,0.8277870887647424,5,10,10,0.8252,0.7717,0.6952,0.6854,0.6588,0.8278,0.7718,0.6963,0.6849,0.6588,4.492272885464348e-07,0.000188971800992,8.589653286940627e-05,0.0001030752681226,61.8,43,5,61.9,r-ewc_sl12_st12_sp336_la10000,,,,,,,,,,
yahoo-a3,vlstm,lwf,12,12,336,B1,,,,,,1.0,2.0,-0.0003516215022397,-3.742175411149962e-05,0.0003516215022397,0.7240849749367773,0.7251552385692446,0.8252374301675978,5,10,10,0.8252,0.7718,0.6895,0.6784,0.6555,0.8227,0.773,0.6951,0.6795,0.6555,0.0001109266355614,0.0001675816262866,7.617366961785593e-05,9.140795666879665e-05,54.8,36,5,54.9,r-lwf_sl12_st12_sp336_al1.0_te2.0,,,,,,,,,,
yahoo-a3,vlstm,lwf,12,12,336,B1,,,,,,0.1,2.0,0.0014892882572242,-8.162952299122228e-05,-0.0014892882572242,0.7243997111359859,0.7287847252525876,0.8282107386716324,5,10,10,0.8252,0.772,0.6918,0.6794,0.6536,0.8282,0.7747,0.7026,0.6848,0.6536,0.0001230129158987,0.0001858408884056,8.447338055702857e-05,0.0001013675078485,60.8,44,5,60.8,r-lwf_sl12_st12_sp336_al0.1_te2.0,,,,,,,,,,
yahoo-a3,vlstm,lwf,12,12,336,B1,,,,,,0.5,2.0,-9.331656189510706e-05,-5.2731766943581174e-05,9.331656189510706e-05,0.7241295288758262,0.7255516635718833,0.8252374301675978,5,10,10,0.8252,0.7719,0.6906,0.6788,0.6541,0.822,0.7743,0.6972,0.6802,0.6541,0.0001111063114408,0.0001678530703444,7.62970774285754e-05,9.155599291591594e-05,54.9,36,5,54.9,r-lwf_sl12_st12_sp336_al0.5_te2.0,,,,,,,,,,
yahoo-a3,vlstm,lwf,12,12,336,B1,,,,,,2.0,2.0,-0.0008162574235495,-0.0001274431356744,0.0008162574235495,0.7239211180063959,0.7243029228989072,0.8252374301675978,5,10,10,0.8252,0.7714,0.6884,0.6785,0.6561,0.8226,0.7715,0.6929,0.6785,0.6561,3.988169946649831e-07,0.0001677662236235,7.625760237375896e-05,9.15086212498136e-05,54.9,36,5,54.9,r-lwf_sl12_st12_sp336_al2.0_te2.0,,,,,,,,,,
yahoo-a3,vlstm,lwf,12,12,336,B1,,,,,,1.0,1.0,-0.0012623458178757,-0.0003248941629056,0.0012623458178757,0.7238382470989018,0.7237689338067042,0.8252374301675978,5,10,10,0.8252,0.7712,0.6876,0.679,0.6562,0.8223,0.771,0.6907,0.6786,0.6562,0.0001109680198406,0.0001676441472924,7.620209826466938e-05,9.144204902773102e-05,54.9,36,5,54.9,r-lwf_sl12_st12_sp336_al1.0_te1.0,,,,,,,,,,
yahoo-a3,vlstm,lwf,12,12,336,B1,,,,,,1.0,5.0,0.0009844028601969,-0.0001790794625537,-0.0009844028601969,0.7241225893616304,0.7275808186580692,0.8260412787088764,5,10,10,0.8252,0.772,0.6916,0.6793,0.6525,0.826,0.7744,0.7011,0.6838,0.6525,0.0001232989385034,0.0001862729950227,8.466978912021862e-05,0.0001016032059025,61.0,44,5,61.0,r-lwf_sl12_st12_sp336_al1.0_te5.0,,,,,,,,,,
yahoo-a3,vlstm,naive,6,6,336,B2,,,,,,,,-0.0036783851950167,-0.0042128497621788,0.0036783851950167,0.7182514218320811,0.7160641871529847,0.822467186795854,5,10,10,0.8225,0.7666,0.6905,0.6771,0.6346,0.8144,0.7639,0.6904,0.6769,0.6346,3.784094618454581e-07,0.0001591815976913,7.235547505616625e-05,8.682612263519938e-05,52.1,36,5,52.1,r-naive_sl6_st6_sp336,,,,,,,,,,
yahoo-a3,vlstm,cumulative,6,6,336,B2,,,,,,,,-0.0036212131170656,-0.0029912723469991,0.0036212131170656,0.7188834020782857,0.7161562914923768,0.822467186795854,5,10,10,0.8225,0.768,0.6933,0.6777,0.6329,0.8151,0.7658,0.6899,0.6771,0.6329,0.0002190993261806,0.0003310027498249,0.0001504561821179,0.000180546567707,108.3,34,5,108.3,r-cumulative_sl6_st6_sp336,,,,,,,,,,
yahoo-a3,vlstm,experts,6,6,336,B2,,,,,,,,-0.0037755510761608,-0.0043009714130194,0.0037755510761608,0.7178532972245192,0.7154575709317952,0.822467186795854,5,10,10,0.8225,0.7672,0.6902,0.677,0.6324,0.8136,0.7654,0.6892,0.6768,0.6324,4.307219878911227e-07,0.000181187367406,8.235810636478063e-05,9.882926104124636e-05,59.3,45,5,59.3,r-experts_sl6_st6_sp336,,,,,,,,,,
yahoo-a3,vlstm,random-buffer,6,6,336,B2,50.0,,,0.5,,,,0.0048471103473085,0.0092186218498085,-0.0048471103473085,0.7287433982602362,0.7326161908564677,0.8328832666741774,5,10,10,0.8225,0.7742,0.7045,0.6856,0.6569,0.8329,0.7767,0.7118,0.6848,0.6569,0.0001573760609002,0.0002377547654876,0.0001080706347232,0.0001296841307644,77.8,37,5,77.8,r-random-buffer_sl6_st6_sp336_bu50_re0.5,,,,,,,,,,
yahoo-a3,vlstm,reservoir,6,6,336,B2,50.0,,,0.5,,,,0.0022576474070475,0.0060464691426606,-0.0022576474070475,0.7267669433790329,0.7283680075936676,0.829749816922037,5,10,10,0.8225,0.7718,0.7066,0.6829,0.65,0.8287,0.7747,0.7041,0.6844,0.65,0.0001671047231419,0.0002524522728249,0.0001147513376154,0.0001377009352094,82.6,40,5,82.6,r-reservoir_sl6_st6_sp336_bu50_re0.5,,,,,,,,,,
yahoo-a3,vlstm,ewc,6,6,336,B2,,,,,1000.0,,,-0.0036942780281505,-0.0039547119564646,0.0036942780281505,0.7182452427942871,0.7160033333262066,0.822467186795854,5,10,10,0.8225,0.7664,0.6914,0.677,0.634,0.8143,0.7639,0.6908,0.677,0.634,4.721844711974097e-07,0.0001986289617698,9.0286133158952e-05,0.0001083428286109,65.0,40,5,65.0,r-ewc_sl6_st6_sp336_la1000.0,,,,,,,,,,
yahoo-a3,vlstm,lwf,6,6,336,B2,,,,,,1.0,2.0,-0.0039097603037371,-0.0039195524973853,0.0039097603037371,0.7180208335561732,0.7154593344947979,0.822467186795854,5,10,10,0.8225,0.7674,0.6905,0.6763,0.6335,0.8138,0.7662,0.6881,0.6757,0.6335,5.126828634082379e-07,0.0002156650018958,9.802980266071648e-05,0.0001176351992351,70.6,50,5,70.6,r-lwf_sl6_st6_sp336_al1.0_te2.0,,,,,,,,,,
yahoo-a3,vlstm,naive,8,8,336,B2,,,,,,,,-0.0031741236478897,-0.0035343769083664,0.0031741236478897,0.7207737292337576,0.7187308118838601,0.8233028185856694,5,10,10,0.8233,0.7678,0.6973,0.6804,0.635,0.8152,0.7664,0.6969,0.6802,0.635,3.3633885112993794e-07,0.0001414841886548,6.431119455891248e-05,7.717299409598734e-05,46.3,30,5,46.3,r-naive_sl8_st8_sp336,,,,,,,,,,
yahoo-a3,vlstm,cumulative,8,8,336,B2,,,,,,,,-0.0027082265667125,-0.0030472017152536,0.0027082265667125,0.7211159602991671,0.7199725721675352,0.8233028185856694,5,10,10,0.8233,0.7688,0.6968,0.6807,0.636,0.8178,0.7677,0.6975,0.6808,0.636,0.0002041266389419,0.0003083828689943,0.0001401743564243,0.0001682085125699,100.9,34,5,100.9,r-cumulative_sl8_st8_sp336,,,,,,,,,,
yahoo-a3,vlstm,experts,8,8,336,B2,,,,,,,,-0.0027692678161523,-0.0039371229888858,0.0027692678161523,0.7205933134053997,0.719059506120715,0.8233028185856694,5,10,10,0.8233,0.7676,0.697,0.6801,0.6349,0.8165,0.7671,0.6967,0.6801,0.6349,3.56935570459643e-07,0.0001501483977212,6.824946730307098e-05,8.189893041814987e-05,49.1,34,5,49.1,r-experts_sl8_st8_sp336,,,,,,,,,,
yahoo-a3,vlstm,random-buffer,8,8,336,B2,50.0,,,0.5,,,,0.0054553382785433,0.0094105478992497,-0.0054553382785433,0.7331443882174125,0.7374896350040239,0.8339074990967702,5,10,10,0.8233,0.7703,0.7124,0.6959,0.6639,0.8339,0.777,0.7164,0.6963,0.6639,5.26365974679096e-07,0.0002214209349078,0.0001006461459496,0.0001207747889581,72.5,36,5,72.5,r-random-buffer_sl8_st8_sp336_bu50_re0.5,,,,,,,,,,
yahoo-a3,vlstm,reservoir,8,8,336,B2,50.0,,,0.5,,,,-0.0088643012567864,-0.0088256297676742,0.0088643012567864,0.7151578017549101,0.7084127308691692,0.8233028185856694,5,10,10,0.8233,0.7689,0.6896,0.6726,0.6214,0.8059,0.7582,0.6843,0.6722,0.6214,0.0001612447595688,0.0002435993745053,0.0001107272917249,0.0001328720827804,79.7,41,5,79.7,r-reservoir_sl8_st8_sp336_bu50_re0.5,,,,,,,,,,
yahoo-a3,vlstm,ewc,8,8,336,B2,,,,,1000.0,,,-0.0030501756372658,-0.0032712523987361,0.0030501756372658,0.7209742102760355,0.7189710383755445,0.8233028185856694,5,10,10,0.8233,0.768,0.6974,0.6806,0.6355,0.8157,0.7666,0.6968,0.6802,0.6355,0.0001086065058844,0.0001640765068669,7.458045561539216e-05,8.949605125157784e-05,53.7,30,5,53.7,r-ewc_sl8_st8_sp336_la1000.0,,,,,,,,,,
yahoo-a3,vlstm,lwf,8,8,336,B2,,,,,,1.0,2.0,-0.0027798599460122,-0.0029452377738646,0.0027798599460122,0.7211729655733968,0.719563565193788,0.8233028185856694,5,10,10,0.8233,0.7682,0.6972,0.6807,0.6364,0.817,0.7673,0.6967,0.6804,0.6364,4.1237076258716244e-07,0.0001734677471057,7.884919398153822e-05,9.461855312421296e-05,56.8,38,5,56.8,r-lwf_sl8_st8_sp336_al1.0_te2.0,,,,,,,,,,
yahoo-a3,vlstm,naive,10,10,336,B2,,,,,,,,-0.0011786453683129,-0.0033245833920184,0.0011786453683129,0.7258673521810308,0.725238625603433,0.8195360353839165,5,10,10,0.8195,0.7725,0.7026,0.6812,0.6535,0.8169,0.773,0.7021,0.6807,0.6535,0.0001048872964071,0.0001584577375826,7.202646105369138e-05,8.643127652894085e-05,51.9,38,5,51.9,r-naive_sl10_st10_sp336,,,,,,,,,,
yahoo-a3,vlstm,cumulative,10,10,336,B2,,,,,,,,-0.0010765694978112,-0.0024017098295521,0.0010765694978112,0.7261304744208784,0.7250571397592298,0.8195443555298185,5,10,10,0.8195,0.773,0.7041,0.6816,0.6524,0.817,0.7718,0.703,0.6812,0.6524,0.0002337483448487,0.0003531336506629,0.0001605157036476,0.0001926179470152,115.6,46,5,115.6,r-cumulative_sl10_st10_sp336,,,,,,,,,,
yahoo-a3,vlstm,experts,10,10,336,B2,,,,,,,,-0.0011836606213333,-0.0034744949121458,0.0011836606213333,0.7255906184059595,0.72494777628922,0.8195360353839165,5,10,10,0.8195,0.7724,0.703,0.6811,0.6519,0.817,0.7719,0.7029,0.6811,0.6519,3.477842341008777e-07,0.0001462987996284,6.649965810162636e-05,7.979914152684311e-05,47.9,32,5,47.9,r-experts_sl10_st10_sp336,,,,,,,,,,
yahoo-a3,vlstm,random-buffer,10,10,336,B2,50.0,,,0.5,,,,0.0054709268432196,0.0087998587013715,-0.0054709268432196,0.736635446222887,0.739426023551718,0.8330396321829898,5,10,10,0.8195,0.7759,0.7196,0.6939,0.6742,0.8315,0.7761,0.7231,0.6921,0.6742,0.0001826255573474,0.0002759002627899,0.0001254095544566,0.0001504907083332,90.3,52,5,90.3,r-random-buffer_sl10_st10_sp336_bu50_re0.5,,,,,,,,,,
yahoo-a3,vlstm,reservoir,10,10,336,B2,50.0,,,0.5,,,,-0.0032753577582183,-0.014862403978176,0.0032753577582183,0.7179691770267796,0.7188189169174579,0.8195360353839165,5,10,10,0.8195,0.76,0.6954,0.6711,0.6438,0.8114,0.7665,0.6964,0.676,0.6438,0.0001429334303237,0.0002159356639922,9.815282517423232e-05,0.0001177828388179,70.7,37,5,70.7,r-reservoir_sl10_st10_sp336_bu50_re0.5,,,,,,,,,,
yahoo-a3,vlstm,ewc,10,10,336,B2,,,,,1000.0,,,-0.0010981229067801,-0.0030001138892542,0.0010981229067801,0.7260551963251446,0.7254645873407073,0.8195360353839165,5,10,10,0.8195,0.7728,0.7029,0.6816,0.6535,0.8168,0.773,0.7025,0.6815,0.6535,0.0001148935541205,0.0001735746203057,7.88977738443969e-05,9.467684646137056e-05,56.8,36,5,56.8,r-ewc_sl10_st10_sp336_la1000.0,,,,,,,,,,
yahoo-a3,vlstm,lwf,10,10,336,B2,,,,,,1.0,2.0,-0.0016960131492845,-0.0048487494092196,0.0016960131492845,0.7245050525995096,0.7235951508606661,0.8195360353839165,5,10,10,0.8195,0.7719,0.7024,0.6792,0.6495,0.8149,0.7716,0.7022,0.6798,0.6495,0.0001034754483651,0.0001563247981877,7.105694519899166e-05,8.526785298871498e-05,51.2,32,5,51.2,r-lwf_sl10_st10_sp336_al1.0_te2.0,,,,,,,,,,
yahoo-a3,vlstm,naive,16,16,336,B2,,,,,,,,-0.0013930211742309,-0.0023717999354266,0.0013930211742309,0.7349937350893704,0.7341992144883805,0.8342263335630998,5,10,10,0.8342,0.7556,0.7104,0.6948,0.68,0.8307,0.7557,0.7106,0.6941,0.68,0.0001117172706371,0.000168776072608,7.671664045321652e-05,9.205943215483178e-05,55.2,38,5,55.2,r-naive_sl16_st16_sp336,,,,,,,,,,
yahoo-a3,vlstm,cumulative,16,16,336,B2,,,,,,,,-0.0018675549527972,-0.0014904200592696,0.0018675549527972,0.7351316852866198,0.7332070377242743,0.8342263335630998,5,10,10,0.8342,0.7564,0.7117,0.6954,0.6779,0.8301,0.7558,0.7078,0.6945,0.6779,7.999901201856977e-07,0.000336523576465,0.0001529656725735,0.0001835579038915,110.1,44,5,110.1,r-cumulative_sl16_st16_sp336,,,,,,,,,,
yahoo-a3,vlstm,experts,16,16,336,B2,,,,,,,,-0.001273851646806,-0.0018926274028184,0.001273851646806,0.7350542090925194,0.7342387125763332,0.8342263335630998,5,10,10,0.8342,0.7562,0.7102,0.6949,0.6797,0.8313,0.7557,0.7095,0.6949,0.6797,0.0001043386911238,0.00015762893605,7.164972945465707e-05,8.597920659541463e-05,51.6,32,5,51.6,r-experts_sl16_st16_sp336,,,,,,,,,,
yahoo-a3,vlstm,random-buffer,16,16,336,B2,50.0,,,0.5,,,,0.0049851325929961,0.0064915971393469,-0.0049851325929961,0.7433873265147745,0.7479206844658874,0.8450002606595266,5,10,10,0.8342,0.7583,0.7209,0.7068,0.6967,0.845,0.7625,0.7269,0.7085,0.6967,0.000142334532637,0.0002150308835686,9.774157419192812e-05,0.0001172893093766,70.4,35,5,70.4,r-random-buffer_sl16_st16_sp336_bu50_re0.5,,,,,,,,,,
yahoo-a3,vlstm,reservoir,16,16,336,B2,50.0,,,0.5,,,,-0.0027807864194911,-0.0012010054171888,0.0027807864194911,0.7349070204683256,0.7340481022636557,0.8381116086168248,5,10,10,0.8342,0.7585,0.711,0.6918,0.679,0.8308,0.7555,0.7088,0.6962,0.679,0.0001539332873261,0.0002325536197795,0.0001057065108215,0.0001268471089579,76.1,40,5,76.1,r-reservoir_sl16_st16_sp336_bu50_re0.5,,,,,,,,,,
yahoo-a3,vlstm,ewc,16,16,336,B2,,,,,1000.0,,,-0.0014533478656884,-0.0023198915057779,0.0014533478656884,0.7350259323614774,0.7341354650571565,0.8342263335630998,5,10,10,0.8342,0.7557,0.7105,0.6949,0.6798,0.8306,0.7556,0.7106,0.6941,0.6798,0.000121804384789,0.000184015108621,8.36435214687501e-05,0.0001003715871522,60.2,38,5,60.2,r-ewc_sl16_st16_sp336_la1000.0,,,,,,,,,,
yahoo-a3,vlstm,lwf,16,16,336,B2,,,,,,1.0,2.0,-0.0016595505883421,-0.0021306019581751,0.0016595505883421,0.7347912336594952,0.7336040037079211,0.8342263335630998,5,10,10,0.8342,0.7566,0.7098,0.6951,0.6782,0.8297,0.7565,0.7084,0.6952,0.6782,4.1825508939875507e-07,0.0001759430460547,7.997435445754997e-05,9.596869159722702e-05,57.6,36,5,57.6,r-lwf_sl16_st16_sp336_al1.0_te2.0,,,,,,,,,,
yahoo-a3,vlstm,naive,24,24,336,B2,,,,,,,,-0.0036038026640355,0.0045569689740326,0.0036038026640355,0.7410779447996911,0.7376539184448829,0.832355521341647,5,10,10,0.8324,0.7722,0.7091,0.6928,0.6989,0.8264,0.762,0.707,0.694,0.6989,0.0001367514652796,0.0002065963042389,9.390766284907132e-05,0.0001126886413898,67.6,49,5,67.6,r-naive_sl24_st24_sp336,,,,,,,,,,
yahoo-a3,vlstm,cumulative,24,24,336,B2,,,,,,,,-0.0001636650078699,0.0055498938303727,0.0001636650078699,0.7422142957885722,0.7427805988787501,0.8387230078433549,5,10,10,0.8324,0.7759,0.7092,0.6878,0.7058,0.8382,0.7746,0.7082,0.6871,0.7058,0.0002628733296738,0.0003971340144878,0.0001805159018517,0.0002166181126361,130.0,57,5,130.0,r-cumulative_sl24_st24_sp336,,,,,,,,,,
yahoo-a3,vlstm,experts,24,24,336,B2,,,,,,,,-0.0006884693701318,0.0007039459555068,0.0006884693701318,0.7383921492376327,0.7402792485680783,0.832355521341647,5,10,10,0.8324,0.7666,0.6979,0.6939,0.7012,0.8254,0.7701,0.7011,0.7035,0.7012,5.468041127185099e-07,0.0002300184352216,0.0001045541527208,0.0001254642825007,75.3,64,5,75.3,r-experts_sl24_st24_sp336,,,,,,,,,,
yahoo-a3,vlstm,random-buffer,24,24,336,B2,50.0,,,0.5,,,,-0.0029897467778879,0.0058497279663057,0.0029897467778879,0.7438873762123288,0.7406734705980673,0.832355521341647,5,10,10,0.8324,0.7705,0.7171,0.6855,0.7141,0.8197,0.7643,0.7192,0.686,0.7141,0.0001758679791301,0.0002656912995261,0.0001207690881371,0.000144922211389,87.0,49,5,87.0,r-random-buffer_sl24_st24_sp336_bu50_re0.5,,,,,,,,,,
yahoo-a3,vlstm,reservoir,24,24,336,B2,50.0,,,0.5,,,,-0.0027709582993053,0.0030172614653916,0.0027709582993053,0.7404518980217556,0.7376631067721101,0.8359294841899076,5,10,10,0.8324,0.774,0.7105,0.6886,0.6968,0.8254,0.7708,0.7062,0.689,0.6968,0.0001639125251337,0.000247629682372,0.0001125592402182,0.0001350704421537,81.0,43,5,81.1,r-reservoir_sl24_st24_sp336_bu50_re0.5,,,,,,,,,,
yahoo-a3,vlstm,ewc,24,24,336,B2,,,,,1000.0,,,-0.0024994175619629,0.004929758477387,0.0024994175619629,0.7412672564460473,0.7384367440823407,0.8326318039007791,5,10,10,0.8324,0.7722,0.7091,0.6942,0.6985,0.8274,0.7631,0.7084,0.6947,0.6985,0.000138450831412,0.0002091636095456,9.507464461688262e-05,0.0001140889649287,68.5,42,5,68.5,r-ewc_sl24_st24_sp336_la1000.0,,,,,,,,,,
yahoo-a3,vlstm,lwf,24,24,336,B2,,,,,,1.0,2.0,-0.0026566301328045,0.0010515198968184,0.0026566301328045,0.7387608935840165,0.7372096604176607,0.832355521341647,5,10,10,0.8324,0.7696,0.7049,0.6898,0.6972,0.824,0.769,0.7058,0.6901,0.6972,0.0001382048533524,0.0002087919999402,9.490571799688042e-05,0.0001138862819434,68.3,44,5,68.3,r-lwf_sl24_st24_sp336_al1.0_te2.0,,,,,,,,,,
yahoo-a3,vlstm,naive,8,4,336,B3,,,,,,,,-0.0035737309874683,-0.0039972514299919,0.0035737309874683,0.7211428242428812,0.7187780067221604,0.8242357319383734,5,10,10,0.8242,0.7682,0.6981,0.6799,0.6353,0.8159,0.767,0.6963,0.6794,0.6353,0.0001665269646386,0.0002515794282723,0.0001143546048014,0.0001372248234708,82.3,37,5,82.4,r-naive_sl8_st4_sp336,,,,,,,,,,
yahoo-a3,vlstm,cumulative,8,4,336,B3,,,,,,,,-0.0033376601694509,-0.0026800557402098,0.0033376601694509,0.7220532288378119,0.7201960747981342,0.8242357319383734,5,10,10,0.8242,0.7697,0.6999,0.6801,0.6364,0.8178,0.7682,0.6977,0.6809,0.6364,0.0003766092099166,0.0005689596872106,0.0002586186372105,0.00031034105,186.2,34,5,186.2,r-cumulative_sl8_st4_sp336,,,,,,,,,,
yahoo-a3,vlstm,experts,8,4,336,B3,,,,,,,,-0.0028103291659293,-0.0038039649460949,0.0028103291659293,0.7213010970539917,0.7195621191335742,0.8242357319383734,5,10,10,0.8242,0.7683,0.6979,0.6805,0.6356,0.8178,0.767,0.697,0.6804,0.6356,0.0001457066700155,0.0002201253161464,0.0001000572359376,0.0001200680802087,72.0,30,5,72.1,r-experts_sl8_st4_sp336,,,,,,,,,,
yahoo-a3,vlstm,random-buffer,8,4,336,B3,50.0,,,0.5,,,,0.0031378308959793,0.0071981511481103,-0.0031378308959793,0.7308872613476801,0.7334846545828366,0.8306456947744979,5,10,10,0.8242,0.7746,0.7088,0.6911,0.6557,0.8306,0.7768,0.7123,0.692,0.6557,0.000227113948553,0.0003431107836118,0.0001559598472228,0.000187150936389,112.3,32,5,112.3,r-random-buffer_sl8_st4_sp336_bu50_re0.5,,,,,,,,,,
yahoo-a3,vlstm,reservoir,8,4,336,B3,50.0,,,0.5,,,,0.0042729572161476,0.0019882386328206,-0.0042729572161476,0.7278416647069181,0.7327122007162729,0.8300469340226714,5,10,10,0.8242,0.7668,0.7051,0.6888,0.6543,0.83,0.7768,0.7111,0.6912,0.6543,0.0002610561818668,0.0003943887713533,0.0001792680477425,0.0002151207236107,129.1,38,5,129.1,r-reservoir_sl8_st4_sp336_bu50_re0.5,,,,,,,,,,
yahoo-a3,vlstm,ewc,8,4,336,B3,,,,,1000.0,,,-0.0029965322485586,-0.0035619037718584,0.0029965322485586,0.721402473294218,0.7193468961828492,0.8242357319383734,5,10,10,0.8242,0.7688,0.6981,0.6804,0.6355,0.8177,0.7665,0.6971,0.6799,0.6355,0.0001715278177471,0.0002591344315636,0.0001177886855904,0.0001413457459731,84.8,30,5,84.8,r-ewc_sl8_st4_sp336_la1000.0,,,,,,,,,,
yahoo-a3,vlstm,lwf,8,4,336,B3,,,,,,1.0,2.0,-0.0034012387918247,-0.0037175944565864,0.0034012387918247,0.7212893970262482,0.7190177660724697,0.8242357319383734,5,10,10,0.8242,0.7693,0.6977,0.6809,0.6343,0.8161,0.7676,0.6967,0.6804,0.6343,0.0001889818243879,0.0002855029480454,0.0001297744118647,0.0001557285361806,93.4,39,5,93.5,r-lwf_sl8_st4_sp336_al1.0_te2.0,,,,,,,,,,
yahoo-a3,vlstm,naive,12,6,336,B3,,,,,,,,-0.0033067146160432,-0.0050270222734516,0.0033067146160432,0.7323320599760688,0.7303211748461342,0.8323960273122285,5,10,10,0.8324,0.7774,0.7042,0.6871,0.6607,0.8241,0.7763,0.7035,0.687,0.6607,5.453605195622787e-07,0.0002294111738071,0.0001042781080442,0.0001251330657629,75.1,35,5,75.1,r-naive_sl12_st6_sp336,,,,,,,,,,
yahoo-a3,vlstm,cumulative,12,6,336,B3,,,,,,,,-0.0034865281295474,-0.0037357320716768,0.0034865281295474,0.7331542829061466,0.7305446650339926,0.8323960273122285,5,10,10,0.8324,0.778,0.7052,0.6886,0.6615,0.8243,0.7762,0.7037,0.687,0.6615,0.0003225243921941,0.0004872514332329,0.0002214784560789,0.0002657729771539,159.5,34,5,159.5,r-cumulative_sl12_st6_sp336,,,,,,,,,,
yahoo-a3,vlstm,experts,12,6,336,B3,,,,,,,,-0.0033466604030024,-0.0046329441697295,0.0033466604030024,0.7325727508987644,0.7305635530318708,0.8323960273122285,5,10,10,0.8324,0.7773,0.7044,0.6874,0.6614,0.8244,0.7763,0.7036,0.6871,0.6614,5.465592221856107e-07,0.0002299154196519,0.0001045073232639,0.0001254080963879,75.2,35,5,75.3,r-experts_sl12_st6_sp336,,,,,,,,,,
yahoo-a3,vlstm,random-buffer,12,6,336,B3,50.0,,,0.5,,,,0.0027989015917271,0.0065443743057257,-0.0027989015917271,0.7420129977028533,0.7447690815783969,0.8388035381750465,5,10,10,0.8324,0.7812,0.7152,0.7005,0.6807,0.8388,0.7818,0.7207,0.7019,0.6807,8.476313945301881e-07,0.000356564339001,0.0001620750945572,0.0001944892444438,116.7,38,5,116.7,r-random-buffer_sl12_st6_sp336_bu50_re0.5,,,,,,,,,,
yahoo-a3,vlstm,reservoir,12,6,336,B3,50.0,,,0.5,,,,-0.0005101718193827,-0.0042666553667882,0.0005101718193827,0.7338062764525851,0.7372242504683763,0.8333054003724396,5,10,10,0.8324,0.7777,0.7029,0.6868,0.6692,0.8333,0.7796,0.7112,0.6929,0.6692,0.0002365903160071,0.0003574271383917,0.0001624673035319,0.0001949598348598,117.0,38,5,117.0,r-reservoir_sl12_st6_sp336_bu50_re0.5,,,,,,,,,,
yahoo-a3,vlstm,ewc,12,6,336,B3,,,,,1000.0,,,-0.0032732664522649,-0.0042803917825572,0.0032732664522649,0.7329114875978581,0.7309384741195213,0.8323960273122285,5,10,10,0.8324,0.7779,0.7048,0.6878,0.6617,0.8247,0.7764,0.7042,0.6876,0.6617,0.0001748526871075,0.0002641574543189,0.000120071861748,0.0001440855925708,86.5,35,5,86.5,r-ewc_sl12_st6_sp336_la1000.0,,,,,,,,,,
yahoo-a3,vlstm,lwf,12,6,336,B3,,,,,,1.0,2.0,-0.0036914565576734,-0.0047697818329952,0.0036914565576734,0.7323440881625841,0.7299888550486788,0.8323960273122285,5,10,10,0.8324,0.7775,0.7046,0.6869,0.6603,0.8237,0.7761,0.7033,0.6865,0.6603,0.0001749878939085,0.0002643617170326,0.0001201647054371,0.0001441970115954,86.5,38,5,86.4,r-lwf_sl12_st6_sp336_al1.0_te2.0,,,,,,,,,,
yahoo-a3,vlstm,naive,24,12,336,B3,,,,,,,,-0.0029309821781867,-0.00208258658123,0.0029309821781867,0.7361544776213763,0.7337803448593239,0.8268310508537015,5,10,10,0.8268,0.7565,0.7103,0.687,0.7002,0.8187,0.7586,0.7079,0.6835,0.7002,0.0001671690422696,0.00025254944249,0.0001147954889482,0.0001377539535417,82.7,38,5,82.7,r-naive_sl24_st12_sp336,,,,,,,,,,
yahoo-a3,vlstm,cumulative,24,12,336,B3,,,,,,,,-0.0035114028487383,-1.5436716067807055e-05,0.0035114028487383,0.7388249175779513,0.7351017972901992,0.8268310508537015,5,10,10,0.8268,0.7603,0.7119,0.6925,0.7026,0.8196,0.7558,0.7085,0.689,0.7026,0.0004280957355347,0.0006467425898585,0.0002939746733256,0.0003527679165328,211.7,60,5,211.7,r-cumulative_sl24_st12_sp336,,,,,,,,,,
yahoo-a3,vlstm,experts,24,12,336,B3,,,,,,,,-0.0026399511964183,-0.0048256054172594,0.0026399511964183,0.7348659398635773,0.734530450436765,0.8268310508537015,5,10,10,0.8268,0.7567,0.7023,0.6862,0.7023,0.8191,0.7578,0.7098,0.6837,0.7023,0.0001775789404695,0.0002682761222093,0.0001219439910297,0.0001463321311795,87.8,44,5,87.8,r-experts_sl24_st12_sp336,,,,,,,,,,
yahoo-a3,vlstm,random-buffer,24,12,336,B3,50.0,,,0.5,,,,-0.0052507995466277,0.0022702399521769,0.0052507995466277,0.7404519499696588,0.7345519703178207,0.8275996831015433,5,10,10,0.8268,0.7609,0.7244,0.6805,0.7096,0.8097,0.7518,0.7248,0.6769,0.7096,8.915921105954703e-07,0.0003750568391219,0.0001704808290504,0.0002045760100715,122.7,47,5,122.8,r-random-buffer_sl24_st12_sp336_bu50_re0.5,,,,,,,,,,
yahoo-a3,vlstm,reservoir,24,12,336,B3,50.0,,,0.5,,,,-0.0022804975781513,-0.0022697541951614,0.0022804975781513,0.736319892150689,0.734833867639965,0.8310284205020549,5,10,10,0.8268,0.7632,0.7025,0.6875,0.7016,0.8216,0.7571,0.7042,0.6896,0.7016,0.000260240102317,0.0003931558849736,0.000178707659553,0.0002144482254205,128.7,50,5,128.7,r-reservoir_sl24_st12_sp336_bu50_re0.5,,,,,,,,,,
yahoo-a3,vlstm,ewc,24,12,336,B3,,,,,1000.0,,,-0.0026513655218043,-0.0020853088625092,0.0026513655218043,0.7361837856774266,0.7342607237727501,0.8268310508537015,5,10,10,0.8268,0.7567,0.7099,0.6867,0.7007,0.8195,0.758,0.7089,0.6842,0.7007,0.0001807854706301,0.0002731203648596,0.0001241459260416,0.000148974438818,89.4,38,5,89.4,r-ewc_sl24_st12_sp336_la1000.0,,,,,,,,,,
yahoo-a3,vlstm,lwf,24,12,336,B3,,,,,,1.0,2.0,-0.0039231675876029,-0.0012226879302826,0.0039231675876029,0.7374029970046694,0.7341376791819328,0.8268310508537015,5,10,10,0.8268,0.7604,0.7086,0.6889,0.7022,0.8193,0.7566,0.7049,0.6877,0.7022,0.0001896007201531,0.000286437940424,0.0001301994284129,0.000156238512011,93.7,44,5,93.8,r-lwf_sl24_st12_sp336_al1.0_te2.0,,,,,,,,,,
yahoo-a3,vlstm,naive,12,12,168,B5,,,,,,,,0.001408532846503,0.0037861678466415,-0.001408532846503,0.7147378657083756,0.7163896838979754,0.8694809804578889,10,45,45,0.8664,0.7278,0.8036,0.6793,0.7122,0.8605,0.7393,0.8092,0.6794,0.7165,5.561670937771716e-07,0.000233957063703,0.0001063444113442,0.0001276126523587,76.6,64,10,76.6,r-naive_sl12_st12_sp168,0.657,0.6438,0.7065,0.6485,0.7022,0.6558,0.6446,0.7074,0.6489,0.7022
yahoo-a3,vlstm,cumulative,12,12,168,B5,,,,,,,,0.0021348401928841,0.0028342505500258,-0.0021348401928841,0.7142720412911796,0.7183087890268544,0.8725128670308218,10,45,45,0.8664,0.7301,0.7944,0.6838,0.7119,0.863,0.7355,0.8054,0.6853,0.7175,0.0004660362248082,0.0007040609143745,0.0003200284572932,0.0003840324570812,230.4,109,10,230.4,r-cumulative_sl12_st12_sp168,0.6562,0.6397,0.7092,0.6473,0.7037,0.6602,0.6515,0.7107,0.6503,0.7037
yahoo-a3,vlstm,experts,12,12,168,B5,,,,,,,,4.0660349455051085e-05,0.0002627407772126,-4.0660349455051085e-05,0.7126324490841413,0.714233190174436,0.8672526670742048,10,45,45,0.8664,0.7283,0.8085,0.6786,0.714,0.8568,0.7421,0.8053,0.6816,0.721,0.0001902539565479,0.0002874248126648,0.0001306479800945,0.0001567768325703,94.1,123,10,94.1,r-experts_sl12_st12_sp168,0.657,0.6394,0.7024,0.6442,0.6874,0.6587,0.6397,0.704,0.6456,0.6874
yahoo-a3,vlstm,random-buffer,12,12,168,B5,50.0,,,0.5,,,,0.0193267169431516,0.0202352555691211,-0.0193267169431516,0.7368547997990476,0.7506651713490163,0.9087476090000196,10,45,45,0.8664,0.7246,0.8046,0.7189,0.7418,0.9087,0.7848,0.8136,0.7321,0.7472,0.0002217623615458,0.000335025911576,0.0001522848775474,0.0001827410340285,109.6,92,10,109.7,r-random-buffer_sl12_st12_sp168_bu50_re0.5,0.694,0.7195,0.728,0.6538,0.7169,0.6954,0.7263,0.7279,0.6537,0.7169
yahoo-a3,vlstm,reservoir,12,12,168,B5,50.0,,,0.5,,,,-0.0014554387467836,0.0044709094737983,0.0014554387467836,0.7145855651281545,0.7130814764866092,0.8722072134250952,10,45,45,0.8664,0.7315,0.7987,0.6855,0.7114,0.8559,0.7328,0.8037,0.6793,0.7121,0.0001952239059847,0.0002949331284535,0.0001340608824102,0.0001608722460432,96.5,70,10,96.5,r-reservoir_sl12_st12_sp168_bu50_re0.5,0.6595,0.6365,0.709,0.6503,0.6972,0.6567,0.638,0.7035,0.6517,0.6972
yahoo-a3,vlstm,ewc,12,12,168,B5,,,,,1000.0,,,0.0015659413397423,0.0044861410220951,-0.0015659413397423,0.7153426976226719,0.7168984958234893,0.8696831062294176,10,45,45,0.8664,0.7282,0.8036,0.6806,0.7136,0.8607,0.7409,0.8095,0.6792,0.7174,0.0001656432269301,0.0002502443278102,0.0001137477119789,0.0001364966158312,81.9,64,10,81.9,r-ewc_sl12_st12_sp168_la1000.0,0.6579,0.6458,0.707,0.6476,0.7028,0.6564,0.646,0.7079,0.6481,0.7028
yahoo-a3,vlstm,lwf,12,12,168,B5,,,,,,1.0,2.0,0.0023672332461986,0.0030916993214814,-0.0023672332461986,0.7150324877856311,0.7181218160679077,0.8669026443966792,10,45,45,0.8664,0.7261,0.804,0.6783,0.7133,0.8608,0.7412,0.8096,0.6837,0.7207,0.0001636259852206,0.0002471967942347,0.000112362482638,0.0001348343115967,80.9,67,10,80.9,r-lwf_sl12_st12_sp168_al1.0_te2.0,0.6573,0.6443,0.708,0.6521,0.7005,0.6577,0.6454,0.7094,0.6523,0.7005
yahoo-a3,vtcn,naive,12,12,336,B1,,,,,,,,0.0152410500816212,0.0037053492375356,-0.0152410500816212,0.7216056298615584,0.7449292023618322,0.8406548727498447,5,10,10,0.8189,0.7765,0.6877,0.6823,0.6426,0.8407,0.8018,0.7385,0.7011,0.6426,1.69269807641855e-07,7.120498068397866e-05,3.2366010822200525e-05,3.883896986177813e-05,23.3,69,5,23.3,r-naive_sl12_st12_sp336,,,,,,,,,,
yahoo-a3,vtcn,cumulative,12,12,336,B1,,,,,,,,0.0032073333084731,0.0115010679476523,-0.0032073333084731,0.729192895166766,0.7306493395610635,0.8341682184978274,5,10,10,0.8189,0.7773,0.7004,0.684,0.6653,0.8283,0.7769,0.6983,0.6844,0.6653,0.0001121470630174,0.0001694253783918,7.701173478013112e-05,9.241364361175024e-05,55.4,87,5,55.5,r-cumulative_sl12_st12_sp336,,,,,,,,,,
yahoo-a3,vtcn,experts,12,12,336,B1,,,,,,,,0.0211739964875149,-0.0030149840372711,-0.0211739964875149,0.716167702672718,0.7597619557795203,0.8561638733705773,5,10,10,0.8189,0.7704,0.6769,0.6686,0.646,0.8562,0.8159,0.7694,0.7114,0.646,4.3081463194913736e-05,6.508501432926601e-05,2.9584209954029775e-05,3.5500804375236234e-05,21.3,58,5,21.3,r-experts_sl12_st12_sp336,,,,,,,,,,
yahoo-a3,vtcn,random-buffer,12,12,336,B1,50.0,,,0.5,,,,0.0133779189345065,0.0160050670650986,-0.0133779189345065,0.7348771919080868,0.743674421282613,0.8489509621353197,5,10,10,0.8189,0.7716,0.7137,0.6905,0.6796,0.8484,0.7819,0.7195,0.689,0.6796,2.095671767978527e-07,8.815645851893352e-05,4.00712351857995e-05,4.808522333313401e-05,28.9,59,5,28.9,r-random-buffer_sl12_st12_sp336_bu50_re0.5,,,,,,,,,,
yahoo-a3,vtcn,random-buffer,12,12,336,B1,100.0,,,0.5,,,,0.0134277518424756,0.0146657595254664,-0.0134277518424756,0.7339051994386313,0.7443352981116875,0.8515991620111731,5,10,10,0.8189,0.7693,0.7148,0.6885,0.678,0.8516,0.7856,0.7197,0.6868,0.678,5.205977714091279e-05,7.864893831170371e-05,3.574962650438667e-05,4.289931180731704e-05,25.7,48,5,25.8,r-random-buffer_sl12_st12_sp336_bu100_re0.5,,,,,,,,,,
yahoo-a3,vtcn,random-buffer,12,12,336,B1,250.0,,,0.5,,,,0.0151038537798261,0.0138550521034715,-0.0151038537798261,0.731582675825942,0.7483394812159698,0.8548137802607078,5,10,10,0.8189,0.7744,0.706,0.6885,0.67,0.8548,0.7974,0.7271,0.6923,0.67,6.473143988041938e-05,9.779256273423218e-05,4.445132453822427e-05,5.3341238196007904e-05,32.0,66,5,32.0,r-random-buffer_sl12_st12_sp336_bu250_re0.5,,,,,,,,,,
yahoo-a3,vtcn,random-buffer,12,12,336,B1,500.0,,,0.5,,,,0.0065778243186405,0.0148497725032676,-0.0065778243186405,0.731550657313327,0.7361711217075423,0.8348743016759776,5,10,10,0.8189,0.7798,0.7019,0.6911,0.666,0.832,0.7784,0.7119,0.6926,0.666,2.117764720944863e-07,8.908581993969468e-05,4.049366730226514e-05,4.8592152637429536e-05,29.2,58,5,29.2,r-random-buffer_sl12_st12_sp336_bu500_re0.5,,,,,,,,,,
yahoo-a3,vtcn,random-buffer,12,12,336,B1,1000.0,,,0.5,,,,0.0043596448493926,0.0078193288407778,-0.0043596448493926,0.725007982022732,0.7282479139858333,0.8296523898199876,5,10,10,0.8189,0.7686,0.6919,0.6833,0.6624,0.8256,0.7729,0.697,0.6834,0.6624,5.222507979767703e-05,7.889866812555637e-05,3.586315277821592e-05,4.3035515347340455e-05,25.8,48,5,25.8,r-random-buffer_sl12_st12_sp336_bu1000_re0.5,,,,,,,,,,
yahoo-a3,vtcn,random-buffer,12,12,336,B1,50.0,,,,,,,0.0135846065330124,0.0041871645788828,-0.0135846065330124,0.7236277612289747,0.747570980853393,0.8542613283674735,5,10,10,0.8189,0.769,0.6837,0.6778,0.6688,0.8543,0.7889,0.7247,0.7013,0.6688,5.040055933806418e-05,7.614228680859217e-05,3.4610233682259506e-05,4.153205312633266e-05,24.9,74,5,24.9,r-random-buffer_sl12_st12_sp336_bu50,,,,,,,,,,
yahoo-a3,vtcn,random-buffer,12,12,336,B1,50.0,,,0.3,,,,0.0126071433736111,0.0120410672104364,-0.0126071433736111,0.7319136726639921,0.7424302191769909,0.8437306021104904,5,10,10,0.8189,0.769,0.7038,0.6898,0.6781,0.8437,0.7883,0.7118,0.6901,0.6781,2.087324135788932e-07,8.78053073023653e-05,3.9911616261168904e-05,4.789369104119639e-05,28.7,76,5,28.7,r-random-buffer_sl12_st12_sp336_bu50_re0.3,,,,,,,,,,
yahoo-a3,vtcn,reservoir,12,12,336,B1,50.0,,,0.5,,,,0.0016215061937969,0.006012307327953,-0.0016215061937969,0.7241328207124041,0.7251791540160167,0.8305384854127871,5,10,10,0.8189,0.7648,0.7002,0.6785,0.6584,0.8253,0.771,0.6898,0.6815,0.6584,2.122698588512611e-07,8.929336784782612e-05,4.058800694442147e-05,4.870536090340466e-05,29.2,60,5,29.2,r-reservoir_sl12_st12_sp336_bu50_re0.5,,,,,,,,,,
yahoo-a3,vtcn,reservoir,12,12,336,B1,100.0,,,0.5,,,,0.0022048480664843,-0.0022547593572433,-0.0022048480664843,0.7201776702142619,0.7209467998893626,0.8284124767225326,5,10,10,0.8189,0.7573,0.6926,0.6791,0.6529,0.8223,0.7687,0.6843,0.6765,0.6529,5.472662621509684e-05,8.267786159645767e-05,3.7580952777837715e-05,4.5096908818619946e-05,27.1,54,5,27.1,r-reservoir_sl12_st12_sp336_bu100_re0.5,,,,,,,,,,
yahoo-a3,vtcn,reservoir,12,12,336,B1,250.0,,,0.5,,,,0.0032063033180611,0.0024509265742425,-0.0032063033180611,0.7206870045988467,0.7251821308998341,0.8289509621353197,5,10,10,0.8189,0.7713,0.6835,0.6785,0.6511,0.825,0.7719,0.6935,0.6842,0.6511,6.036372835431914e-05,9.119407358876844e-05,4.145196817181487e-05,4.974210541695357e-05,29.8,61,5,29.9,r-reservoir_sl12_st12_sp336_bu250_re0.5,,,,,,,,,,
yahoo-a3,vtcn,reservoir,12,12,336,B1,500.0,,,0.5,,,,0.001886798303843,0.001620181781238,-0.001886798303843,0.7191629439317723,0.7217694197452692,0.8242256362507759,5,10,10,0.8189,0.7686,0.6841,0.6779,0.6463,0.8242,0.7695,0.6907,0.6782,0.6463,5.094695490122095e-05,7.696775002223957e-05,3.4985462383418864e-05,4.1982287638820706e-05,25.2,47,5,25.2,r-reservoir_sl12_st12_sp336_bu500_re0.5,,,,,,,,,,
yahoo-a3,vtcn,reservoir,12,12,336,B1,1000.0,,,0.5,,,,0.0018055203913616,0.0043752439571948,-0.0018055203913616,0.7218139394276342,0.7231487108066036,0.8266294227188082,5,10,10,0.8189,0.7698,0.6874,0.6789,0.6542,0.8216,0.7704,0.6891,0.6805,0.6542,5.44085846547806e-05,8.21973825696235e-05,3.7362561805639416e-05,4.483482076398408e-05,26.9,51,5,26.9,r-reservoir_sl12_st12_sp336_bu1000_re0.5,,,,,,,,,,
yahoo-a3,vtcn,reservoir,12,12,336,B1,50.0,,,,,,,0.0118226771770929,0.0050649829974313,-0.0118226771770929,0.7231275151864186,0.7447477251755699,0.8546089385474861,5,10,10,0.8189,0.7723,0.6803,0.6753,0.6689,0.8546,0.785,0.7166,0.6986,0.6689,4.241449854353949e-05,6.407740222251353e-05,2.9126200694978864e-05,3.4951201527534675e-05,21.0,50,5,21.0,r-reservoir_sl12_st12_sp336_bu50,,,,,,,,,,
yahoo-a3,vtcn,reservoir,12,12,336,B1,50.0,,,0.3,,,,0.0032710278595221,-0.0003991187538972,-0.0032710278595221,0.7197047131819796,0.7249602021639141,0.8293885785226567,5,10,10,0.8189,0.7681,0.6859,0.6728,0.6528,0.8294,0.776,0.6909,0.6757,0.6528,5.0698589634542534e-05,7.659253396080911e-05,3.481490139060447e-05,4.1777632570204635e-05,25.1,60,5,25.1,r-reservoir_sl12_st12_sp336_bu50_re0.3,,,,,,,,,,
yahoo-a3,vtcn,ewc,12,12,336,B1,,,,,1000.0,,,0.0048331340380768,0.0024867910334396,-0.0048331340380768,0.7214415842105539,0.7279357972105313,0.8270996275605214,5,10,10,0.8189,0.767,0.6905,0.6789,0.6518,0.8271,0.778,0.6985,0.6842,0.6518,4.968623108109473e-05,7.50631204713136e-05,3.4119715681299566e-05,4.0943404790014026e-05,24.6,56,5,24.6,r-ewc_sl12_st12_sp336_la1000.0,,,,,,,,,,
yahoo-a3,vtcn,ewc,12,12,336,B1,,,,,100.0,,,0.0142314923623062,0.0036389909737922,-0.0142314923623062,0.7217509418046101,0.7439058628411581,0.8394475481067659,5,10,10,0.8189,0.7764,0.6879,0.6813,0.6443,0.8394,0.8013,0.7352,0.6993,0.6443,5.551082886348725e-05,8.386259017395789e-05,3.811947204909909e-05,4.5743118124858784e-05,27.4,69,5,27.5,r-ewc_sl12_st12_sp336_la100,,,,,,,,,,
yahoo-a3,vtcn,ewc,12,12,336,B1,,,,,500.0,,,0.0113987557082035,0.0039289088330643,-0.0113987557082035,0.7221350149477723,0.7390908850587637,0.8370530726256983,5,10,10,0.8189,0.7758,0.6865,0.6816,0.6479,0.8371,0.7953,0.7216,0.6936,0.6479,5.660392782001337e-05,8.551398165355851e-05,3.887010734825809e-05,4.664387430530042e-05,28.0,70,5,28.0,r-ewc_sl12_st12_sp336_la500,,,,,,,,,,
yahoo-a3,vtcn,ewc,12,12,336,B1,,,,,5000.0,,,0.0034658215731302,0.0054419187783242,-0.0034658215731302,0.723013064317941,0.7257414344461043,0.8255214152700187,5,10,10,0.8189,0.7699,0.6891,0.6792,0.658,0.8249,0.7731,0.6923,0.6804,0.658,1.7383756916103393e-07,7.312645371731681e-05,3.3239406772190704e-05,3.988704694512611e-05,23.9,55,5,23.9,r-ewc_sl12_st12_sp336_la5000,,,,,,,,,,
yahoo-a3,vtcn,ewc,12,12,336,B1,,,,,10000.0,,,0.0029939372858372,0.0070491754415658,-0.0029939372858372,0.7242323151906201,0.7262578108480848,0.8279376163873371,5,10,10,0.8189,0.772,0.6879,0.6803,0.6621,0.8261,0.7737,0.69,0.6795,0.6621,1.9453678396105194e-07,8.183377849390834e-05,3.7197293287479416e-05,4.463648520642892e-05,26.8,65,5,26.8,r-ewc_sl12_st12_sp336_la10000,,,,,,,,,,
yahoo-a3,vtcn,lwf,12,12,336,B1,,,,,,1.0,2.0,0.0024992599685952,-0.0005532756191481,-0.0024992599685952,0.7200778107693067,0.7244670309343346,0.8243684047175668,5,10,10,0.8189,0.7713,0.6834,0.676,0.6508,0.8244,0.7726,0.6932,0.6813,0.6508,4.370384953451862e-05,6.602528006834392e-05,3.0011607637344346e-05,3.6013672430999577e-05,21.6,51,5,21.6,r-lwf_sl12_st12_sp336_al1.0_te2.0,,,,,,,,,,
yahoo-a3,vtcn,lwf,12,12,336,B1,,,,,,0.1,2.0,0.0159201297576445,0.003686908772244,-0.0159201297576445,0.7260197546086107,0.7501448529711362,0.8657448789571693,5,10,10,0.8189,0.7727,0.6871,0.693,0.6584,0.8657,0.7908,0.7283,0.7075,0.6584,1.7690470796592265e-07,7.441667530142393e-05,3.3825879051194834e-05,4.059079625022909e-05,24.4,63,5,24.4,r-lwf_sl12_st12_sp336_al0.1_te2.0,,,,,,,,,,
yahoo-a3,vtcn,lwf,12,12,336,B1,,,,,,0.5,2.0,0.008689295547656,0.0012712538103903,-0.008689295547656,0.7224937776299399,0.7386065182211075,0.8436809435133458,5,10,10,0.8189,0.7721,0.6856,0.6769,0.659,0.8437,0.7814,0.7087,0.7003,0.659,1.6620998001612357e-07,6.991783461805123e-05,3.178094982674035e-05,3.813688479131088e-05,22.9,57,5,22.9,r-lwf_sl12_st12_sp336_al0.5_te2.0,,,,,,,,,,
yahoo-a3,vtcn,lwf,12,12,336,B1,,,,,,2.0,2.0,0.0019901935010555,-0.0023682593341082,-0.0019901935010555,0.7196159634756624,0.7237821839896533,0.8233519553072626,5,10,10,0.8189,0.7687,0.6799,0.6747,0.6558,0.8234,0.7709,0.6911,0.6777,0.6558,4.5937516816321046e-05,6.939977703900594e-05,3.154546203764363e-05,3.785431500136232e-05,22.7,51,5,22.7,r-lwf_sl12_st12_sp336_al2.0_te2.0,,,,,,,,,,
yahoo-a3,vtcn,lwf,12,12,336,B1,,,,,,1.0,1.0,0.001765370363482,-0.0037603181342611,-0.001765370363482,0.7175342179569217,0.7214048289088453,0.8233209186840472,5,10,10,0.8189,0.7653,0.6774,0.6745,0.6515,0.8233,0.7696,0.6868,0.6757,0.6515,4.375749225572004e-05,6.61063204281446e-05,3.004844126084612e-05,3.6057879167298475e-05,21.6,51,5,21.6,r-lwf_sl12_st12_sp336_al1.0_te1.0,,,,,,,,,,
yahoo-a3,vtcn,lwf,12,12,336,B1,,,,,,1.0,5.0,0.0147129679507946,0.0031206192479118,-0.0147129679507946,0.725351331109541,0.7486235833750693,0.8629407200496586,5,10,10,0.8189,0.7726,0.687,0.6908,0.6574,0.8629,0.7903,0.7264,0.7061,0.6574,4.8148870338713256e-05,7.274056365622933e-05,3.3064007406614514e-05,3.9676556249614814e-05,23.8,63,5,23.8,r-lwf_sl12_st12_sp336_al1.0_te5.0,,,,,,,,,,
yahoo-a3,vtcn,naive,6,6,336,B2,,,,,,,,0.0256929049043546,0.002108993977606,-0.0256929049043546,0.7361321294005809,0.771913582951576,0.8734403165840467,5,10,10,0.8286,0.7696,0.6911,0.7145,0.6769,0.8734,0.8013,0.7766,0.7312,0.6769,6.865192139319247e-05,0.0001037154023156,4.714352939756484e-05,5.657187291809048e-05,33.9,60,5,34.0,r-naive_sl6_st6_sp336,,,,,,,,,,
yahoo-a3,vtcn,cumulative,6,6,336,B2,,,,,,,,-0.0079760293759809,-0.0092048167031338,0.0079760293759809,0.7190520589338989,0.7079034237036771,0.8286478284136999,5,10,10,0.8286,0.7648,0.6982,0.6809,0.6228,0.8055,0.7585,0.6812,0.6715,0.6228,4.1107106192850394e-07,0.0001729210154612,7.860066643463344e-05,9.43203490266266e-05,56.6,45,5,56.6,r-cumulative_sl6_st6_sp336,,,,,,,,,,
yahoo-a3,vtcn,experts,6,6,336,B2,,,,,,,,0.0320467853080588,-0.0032539864987079,-0.0320467853080588,0.7301419985448776,0.7753218746251743,0.8771705300811177,5,10,10,0.8286,0.7642,0.6958,0.7129,0.6491,0.8772,0.8058,0.796,0.7485,0.6491,7.08202751405029e-05,0.0001069912273282,4.863253246617711e-05,5.835869486210868e-05,35.0,67,5,35.0,r-experts_sl6_st6_sp336,,,,,,,,,,
yahoo-a3,vtcn,random-buffer,6,6,336,B2,50.0,,,0.5,,,,0.0161917903014524,0.0018143603299489,-0.0161917903014524,0.7279198743131825,0.7578275479809107,0.8724580328977017,5,10,10,0.8286,0.7738,0.7039,0.6863,0.6469,0.8725,0.8098,0.7561,0.7038,0.6469,9.722494614975134e-05,0.0001468818963898,6.676469236198399e-05,8.01172040278713e-05,48.1,56,5,48.1,r-random-buffer_sl6_st6_sp336_bu50_re0.5,,,,,,,,,,
yahoo-a3,vtcn,reservoir,6,6,336,B2,50.0,,,0.5,,,,0.0101477594770153,0.0008086390797832,-0.0101477594770153,0.7261218757210841,0.7469750122386805,0.8564774391617845,5,10,10,0.8286,0.7731,0.7064,0.6841,0.6384,0.8565,0.7996,0.7374,0.7031,0.6384,2.963499531094611e-07,0.0001246624721846,5.6664911283102504e-05,6.799756090156735e-05,40.8,45,5,40.8,r-reservoir_sl6_st6_sp336_bu50_re0.5,,,,,,,,,,
yahoo-a3,vtcn,ewc,6,6,336,B2,,,,,1000.0,,,0.0162821965335495,-0.0012600956092587,-0.0162821965335495,0.7315930688985756,0.7605503489864569,0.863768871113114,5,10,10,0.8286,0.7699,0.6918,0.7006,0.667,0.8638,0.7915,0.7555,0.725,0.667,8.197849060396036e-05,0.000123848422035,5.629488668831376e-05,6.755353534671788e-05,40.5,60,5,40.5,r-ewc_sl6_st6_sp336_la1000.0,,,,,,,,,,
yahoo-a3,vtcn,lwf,6,6,336,B2,,,,,,1.0,2.0,-0.0047616836236589,-0.0099090703656337,0.0047616836236589,0.7196302984974705,0.7165970820351658,0.8286478284136999,5,10,10,0.8286,0.7649,0.6919,0.6789,0.6339,0.8153,0.766,0.6904,0.6774,0.6339,5.757323547086353e-05,8.697835629792987e-05,3.953574282414694e-05,4.744261347378293e-05,28.5,40,5,28.5,r-lwf_sl6_st6_sp336_al1.0_te2.0,,,,,,,,,,
yahoo-a3,vtcn,naive,8,8,336,B2,,,,,,,,0.0297868757578894,0.0147644123582663,-0.0297868757578894,0.7220003831563393,0.7572036561301622,0.8590079569027955,5,10,10,0.8039,0.7701,0.6946,0.6936,0.6478,0.859,0.8171,0.7501,0.712,0.6478,5.7044557163690305e-05,8.617965930283794e-05,3.917268229092265e-05,4.70069770119153e-05,28.2,62,5,28.2,r-naive_sl8_st8_sp336,,,,,,,,,,
yahoo-a3,vtcn,cumulative,8,8,336,B2,,,,,,,,0.0062105552042796,0.0085556406063917,-0.0062105552042796,0.7145809076923023,0.7154867009050156,0.8237675790559255,5,10,10,0.8039,0.7599,0.6955,0.6844,0.6292,0.8142,0.7632,0.6939,0.677,0.6292,4.148578060141277e-07,0.0001745139459621,7.932471741999808e-05,9.518922854214909e-05,57.1,69,5,57.1,r-cumulative_sl8_st8_sp336,,,,,,,,,,
yahoo-a3,vtcn,experts,8,8,336,B2,,,,,,,,0.0205174205853924,0.0083700134962325,-0.0205174205853924,0.7135912448719128,0.7478730988569782,0.848564415970798,5,10,10,0.8039,0.7709,0.6891,0.6732,0.6308,0.8486,0.7916,0.7487,0.7197,0.6308,6.023720592819205e-05,9.100293073272853e-05,4.136508420277905e-05,4.9637846529949464e-05,29.8,68,5,29.8,r-experts_sl8_st8_sp336,,,,,,,,,,
yahoo-a3,vtcn,random-buffer,8,8,336,B2,50.0,,,0.5,,,,0.0130738925783197,0.0248096254062845,-0.0130738925783197,0.7286947500479958,0.7373752404215945,0.8327642561881837,5,10,10,0.8039,0.7673,0.7136,0.6947,0.6639,0.8328,0.777,0.718,0.6951,0.6639,2.563760362058714e-07,0.000107847057666,4.90215780109995e-05,5.882547965506092e-05,35.3,56,5,35.3,r-random-buffer_sl8_st8_sp336_bu50_re0.5,,,,,,,,,,
yahoo-a3,vtcn,reservoir,8,8,336,B2,50.0,,,0.5,,,,0.0051062151483751,0.0084924419892241,-0.0051062151483751,0.7135358158095144,0.722271502958258,0.8237268701096258,5,10,10,0.8039,0.7679,0.6882,0.6757,0.632,0.8237,0.7649,0.7066,0.6842,0.632,8.700177910124825e-05,0.0001314373194303,5.974438755785944e-05,7.16929318724821e-05,43.0,71,5,43.0,r-reservoir_sl8_st8_sp336_bu50_re0.5,,,,,,,,,,
yahoo-a3,vtcn,ewc,8,8,336,B2,,,,,1000.0,,,0.0188410776733276,0.0079125902664455,-0.0188410776733276,0.7148347584731468,0.737856088767712,0.8468308933408644,5,10,10,0.8039,0.7659,0.6943,0.6816,0.6284,0.8468,0.7915,0.7352,0.6874,0.6284,7.900871769964029e-05,0.0001193618587268,5.425554664301065e-05,6.510631208385652e-05,39.1,83,5,39.1,r-ewc_sl8_st8_sp336_la1000.0,,,,,,,,,,
yahoo-a3,vtcn,lwf,8,8,336,B2,,,,,,1.0,2.0,0.0091484995697082,0.0106878819051346,-0.0091484995697082,0.7157302884417339,0.7247976099190181,0.827370320803459,5,10,10,0.8039,0.7613,0.6976,0.6823,0.6335,0.8274,0.774,0.7043,0.6848,0.6335,5.573971298430269e-05,8.4208375232734e-05,3.82766495374704e-05,4.59317256952636e-05,27.6,53,5,27.6,r-lwf_sl8_st8_sp336_al1.0_te2.0,,,,,,,,,,
yahoo-a3,vtcn,naive,10,10,336,B2,,,,,,,,0.0143304207823176,0.0035131117893068,-0.0143304207823176,0.7264072039220038,0.7525601570297382,0.8486166093408614,5,10,10,0.8136,0.7761,0.7007,0.6812,0.6603,0.8486,0.8036,0.7419,0.7084,0.6603,4.76665513304626e-05,7.201190364249568e-05,3.27327973940151e-05,3.927910624848058e-05,23.6,57,5,23.6,r-naive_sl10_st10_sp336,,,,,,,,,,
yahoo-a3,vtcn,cumulative,10,10,336,B2,,,,,,,,-0.0001060782844415,0.0053720062025233,0.0001060782844415,0.7264762616231666,0.7215059801466429,0.8249324820160047,5,10,10,0.8136,0.7768,0.7094,0.6846,0.6479,0.8137,0.7693,0.6988,0.6779,0.6479,8.95084684153023e-05,0.0001352242824957,6.146574027629363e-05,7.375854221948732e-05,44.3,57,5,44.3,r-cumulative_sl10_st10_sp336,,,,,,,,,,
yahoo-a3,vtcn,experts,10,10,336,B2,,,,,,,,0.0053511508325471,0.0054957924941115,-0.0053511508325471,0.7247631913027475,0.7323899633861278,0.8285717138335738,5,10,10,0.8136,0.7783,0.7073,0.6809,0.6436,0.828,0.776,0.7227,0.6916,0.6436,1.8392633826517413e-07,7.737039195528875e-05,3.5168475289052974e-05,4.2201916666235774e-05,25.3,66,5,25.3,r-experts_sl10_st10_sp336,,,,,,,,,,
yahoo-a3,vtcn,random-buffer,10,10,336,B2,50.0,,,0.5,,,,0.008513250289761,0.0146838452199522,-0.008513250289761,0.7357927399870318,0.7405496435035623,0.8331195055836499,5,10,10,0.8136,0.7751,0.7201,0.6948,0.6753,0.8319,0.7768,0.7249,0.6939,0.6753,1.9553806353250458e-07,8.225497642363836e-05,3.738873142348085e-05,4.4866245000157505e-05,26.9,43,5,26.9,r-random-buffer_sl10_st10_sp336_bu50_re0.5,,,,,,,,,,
yahoo-a3,vtcn,reservoir,10,10,336,B2,50.0,,,0.5,,,,0.0007705296585851,-0.0121673221203415,-0.0007705296585851,0.7154333533720239,0.7203978486981302,0.8136287317934408,5,10,10,0.8136,0.7564,0.6915,0.6712,0.6445,0.8128,0.7673,0.6996,0.6778,0.6445,5.822515491969867e-05,8.796323897187702e-05,3.998340028984886e-05,4.797983868202815e-05,28.8,47,5,28.8,r-reservoir_sl10_st10_sp336_bu50_re0.5,,,,,,,,,,
yahoo-a3,vtcn,ewc,10,10,336,B2,,,,,1000.0,,,0.0046911374794716,-0.0023522937314833,-0.0046911374794716,0.7222668728697539,0.7292023482066736,0.8241936530599,5,10,10,0.8136,0.7662,0.7012,0.6798,0.6506,0.8242,0.7779,0.7064,0.687,0.6506,4.992207108887759e-05,7.541941408688825e-05,3.428166151667635e-05,4.113775257021189e-05,24.7,47,5,24.7,r-ewc_sl10_st10_sp336_la1000.0,,,,,,,,,,
yahoo-a3,vtcn,lwf,10,10,336,B2,,,,,,1.0,2.0,0.0018052175242397,-0.0031776441356817,-0.0018052175242397,0.7215269743496202,0.7234741794837851,0.816131431680786,5,10,10,0.8136,0.7661,0.6996,0.6787,0.6496,0.8161,0.7716,0.7005,0.6795,0.6496,4.674673972940289e-05,7.062230480356246e-05,3.210115862376471e-05,3.852114617979775e-05,23.1,46,5,23.1,r-lwf_sl10_st10_sp336_al1.0_te2.0,,,,,,,,,,
yahoo-a3,vtcn,naive,16,16,336,B2,,,,,,,,0.0085352528859336,-0.0093828942353352,-0.0085352528859336,0.7348877202237913,0.7501586709821503,0.8541943014035067,5,10,10,0.8383,0.7498,0.7084,0.7004,0.6775,0.8542,0.7735,0.7358,0.7097,0.6775,1.511421142340966e-07,6.3579391236417e-05,2.8899837556915976e-05,3.467955367950102e-05,20.8,69,5,20.8,r-naive_sl16_st16_sp336,,,,,,,,,,
yahoo-a3,vtcn,cumulative,16,16,336,B2,,,,,,,,-0.0042276123781838,-0.0080517771109971,0.0042276123781838,0.7326885475409292,0.7294293610105695,0.8382593156818564,5,10,10,0.8383,0.7556,0.7059,0.6916,0.6721,0.8254,0.7543,0.7036,0.6918,0.6721,7.41100524913019e-05,0.0001119612350796,5.089162945514545e-05,6.106960562445844e-05,36.6,67,5,36.7,r-cumulative_sl16_st16_sp336,,,,,,,,,,
yahoo-a3,vtcn,experts,16,16,336,B2,,,,,,,,0.0033026452798528,-0.0139959709860711,-0.0033026452798528,0.728565042891238,0.7370151286945548,0.8383157919126037,5,10,10,0.8383,0.7439,0.7188,0.6887,0.6532,0.8374,0.7711,0.7238,0.6996,0.6532,1.5523537708060838e-07,6.53012618167688e-05,2.9682514524837543e-05,3.561874729193126e-05,21.4,73,5,21.4,r-experts_sl16_st16_sp336,,,,,,,,,,
yahoo-a3,vtcn,random-buffer,16,16,336,B2,50.0,,,0.5,,,,0.0081412937424048,0.0019490548821494,-0.0081412937424048,0.7425753105434779,0.756045650885887,0.8545664652830474,5,10,10,0.8383,0.7609,0.7149,0.7075,0.6913,0.8546,0.7786,0.7373,0.7185,0.6913,4.721267429613017e-05,7.132621213871365e-05,3.2421126445600145e-05,3.89050856931135e-05,23.3,52,5,23.4,r-random-buffer_sl16_st16_sp336_bu50_re0.5,,,,,,,,,,
yahoo-a3,vtcn,reservoir,16,16,336,B2,50.0,,,0.5,,,,-0.0042653722381564,-0.009998770840724,0.0042653722381564,0.7319285710132201,0.7326981308805569,0.8382593156818564,5,10,10,0.8383,0.756,0.7058,0.6876,0.672,0.8306,0.758,0.7072,0.6958,0.672,4.6398071689167886e-05,7.009555703986229e-05,3.186174016316525e-05,3.823381687669705e-05,22.9,47,5,23.0,r-reservoir_sl16_st16_sp336_bu50_re0.5,,,,,,,,,,
yahoo-a3,vtcn,ewc,16,16,336,B2,,,,,1000.0,,,0.0043041622944832,-0.0056918513742836,-0.0043041622944832,0.7352182622566658,0.7445853746100738,0.8462499782783728,5,10,10,0.8383,0.7604,0.7008,0.6991,0.6775,0.8462,0.7692,0.7257,0.7044,0.6775,1.991279969038133e-07,8.376511659524921e-05,3.807516875030059e-05,4.568994784494862e-05,27.4,90,5,27.4,r-ewc_sl16_st16_sp336_la1000.0,,,,,,,,,,
yahoo-a3,vtcn,lwf,16,16,336,B2,,,,,,1.0,2.0,-0.0031436813240421,-0.0019290743589675,0.0031436813240421,0.7376171848265001,0.7353159397879553,0.8386604417310108,5,10,10,0.8383,0.7596,0.7134,0.6959,0.6809,0.8316,0.7569,0.7099,0.6972,0.6809,1.4978075694791078e-07,6.300672313560629e-05,2.8639525983534337e-05,3.436719715207195e-05,20.6,54,5,20.6,r-lwf_sl16_st16_sp336_al1.0_te2.0,,,,,,,,,,
yahoo-a3,vtcn,naive,24,24,336,B2,,,,,,,,0.0015591622732958,0.0067777125622518,-0.0015591622732958,0.7412675650070103,0.7470747997875332,0.8346968389260873,5,10,10,0.8334,0.7691,0.708,0.6956,0.7001,0.8347,0.7722,0.7278,0.7005,0.7001,3.446600735889472e-05,5.206927565754287e-05,2.3667972047244097e-05,2.8401303610298785e-05,17.0,42,5,17.1,r-naive_sl24_st24_sp336,,,,,,,,,,
yahoo-a3,vtcn,cumulative,24,24,336,B2,,,,,,,,-0.0028965193740134,0.003157285222541,0.0028965193740134,0.7399614242274695,0.7393695352936215,0.8382944156682909,5,10,10,0.8334,0.7759,0.7006,0.6886,0.7014,0.8251,0.7688,0.71,0.6916,0.7014,6.60077833271154e-05,9.972078952498528e-05,4.532780480286521e-05,5.439298472212007e-05,32.6,76,5,32.6,r-cumulative_sl24_st24_sp336,,,,,,,,,,
yahoo-a3,vtcn,experts,24,24,336,B2,,,,,,,,0.0049482927753776,0.0060882643438966,-0.0049482927753776,0.7418742636358144,0.7569559382196198,0.8413311624293502,5,10,10,0.8334,0.7714,0.7022,0.6957,0.7066,0.8413,0.7845,0.736,0.7164,0.7066,4.107667352943326e-05,6.20562925907628e-05,2.8207523494105164e-05,3.384876909665763e-05,20.3,84,5,20.3,r-experts_sl24_st24_sp336,,,,,,,,,,
yahoo-a3,vtcn,random-buffer,24,24,336,B2,50.0,,,0.5,,,,-0.0021089684383315,0.0085281490706805,0.0021089684383315,0.7433409350440712,0.7399242898988907,0.8334216886531697,5,10,10,0.8334,0.7689,0.7183,0.683,0.7131,0.8205,0.7638,0.7203,0.6819,0.7131,1.57502847817839e-07,6.625509529891941e-05,3.011606898055308e-05,3.613902631836632e-05,21.7,56,5,21.7,r-random-buffer_sl24_st24_sp336_bu50_re0.5,,,,,,,,,,
yahoo-a3,vtcn,reservoir,24,24,336,B2,50.0,,,0.5,,,,-0.003802113302716,0.0044791611747454,0.003802113302716,0.7412468344619311,0.7369280959777219,0.8384042202751254,5,10,10,0.8334,0.7765,0.7119,0.6887,0.6958,0.8255,0.7716,0.7022,0.6896,0.6958,4.246087540722304e-05,6.414746573970964e-05,2.9158052545972172e-05,3.498941319373747e-05,21.0,49,5,21.0,r-reservoir_sl24_st24_sp336_bu50_re0.5,,,,,,,,,,
yahoo-a3,vtcn,ewc,24,24,336,B2,,,,,1000.0,,,-0.0010416211846832,0.0071438584562363,0.0010416211846832,0.7413179588110983,0.7425542186414164,0.8334216886531697,5,10,10,0.8334,0.7691,0.7067,0.6963,0.7011,0.8323,0.7694,0.7149,0.6951,0.7011,1.324152526197105e-07,5.570175589139884e-05,2.53190885996446e-05,3.0382667291754237e-05,18.2,42,5,18.2,r-ewc_sl24_st24_sp336_la1000.0,,,,,,,,,,
yahoo-a3,vtcn,lwf,24,24,336,B2,,,,,,1.0,2.0,-0.0038816008894204,0.0036231742560365,0.0038816008894204,0.7400903042445979,0.7366761048001076,0.8341855981222231,5,10,10,0.8334,0.7759,0.7089,0.6882,0.6941,0.8259,0.7689,0.7047,0.6897,0.6941,3.609683891187028e-05,5.4533042835408e-05,2.4787859433046023e-05,2.974518340236197e-05,17.8,43,5,17.9,r-lwf_sl24_st24_sp336_al1.0_te2.0,,,,,,,,,,
yahoo-a3,vtcn,naive,8,4,336,B3,,,,,,,,0.0229962346583913,0.0010241167298663,-0.0229962346583913,0.7216633708360856,0.7633284664002092,0.872638669088849,5,10,10,0.817,0.7662,0.6956,0.6842,0.6454,0.8726,0.8135,0.7639,0.7212,0.6454,8.649542257448665e-05,0.0001306723449063,5.939667650446711e-05,7.127566840189199e-05,42.8,57,5,42.8,r-naive_sl8_st4_sp336,,,,,,,,,,
yahoo-a3,vtcn,cumulative,8,4,336,B3,,,,,,,,0.0012454719631855,0.0017568664561272,-0.0012454719631855,0.7198266981638424,0.7188525965551439,0.8247607077250313,5,10,10,0.817,0.7697,0.6941,0.6835,0.6348,0.8166,0.7665,0.6968,0.6797,0.6348,0.0002269054761698,0.0003427958354405,0.0001558166738418,0.0001869791615987,112.2,68,5,112.2,r-cumulative_sl8_st4_sp336,,,,,,,,,,
yahoo-a3,vtcn,experts,8,4,336,B3,,,,,,,,0.0086091433951996,-0.0009480056618955,-0.0086091433951996,0.7178616234064528,0.740401434120239,0.8444307617152714,5,10,10,0.817,0.7739,0.6873,0.6739,0.6372,0.8444,0.7877,0.7325,0.7001,0.6372,2.992421827728819e-07,0.0001258791165478,5.721794779852239e-05,6.866116874928897e-05,41.2,54,5,41.2,r-experts_sl8_st4_sp336,,,,,,,,,,
yahoo-a3,vtcn,random-buffer,8,4,336,B3,50.0,,,0.5,,,,0.0065980015653695,0.0125776359374159,-0.0065980015653695,0.7294754235362456,0.7346486676639099,0.8325437493957265,5,10,10,0.817,0.7737,0.7101,0.6894,0.6572,0.8325,0.7767,0.7144,0.6924,0.6572,0.0001276689883151,0.0001928750167166,8.767070289468392e-05,0.0001052043138219,63.1,58,5,63.1,r-random-buffer_sl8_st4_sp336_bu50_re0.5,,,,,,,,,,
yahoo-a3,vtcn,reservoir,8,4,336,B3,50.0,,,0.5,,,,0.0068762500634119,0.0060529197729963,-0.0068762500634119,0.7257379112832517,0.7327985996444913,0.8308322774450386,5,10,10,0.817,0.7669,0.7045,0.6861,0.6542,0.8308,0.7764,0.7113,0.6913,0.6542,0.0001117059991994,0.0001687590443636,7.670884311341475e-05,9.20502012502402e-05,55.2,50,5,55.2,r-reservoir_sl8_st4_sp336_bu50_re0.5,,,,,,,,,,
yahoo-a3,vtcn,ewc,8,4,336,B3,,,,,1000.0,,,0.017303952185955,0.0006729271595606,-0.017303952185955,0.7215634176788345,0.7571233419008734,0.8596847431350298,5,10,10,0.817,0.7653,0.6955,0.6787,0.6514,0.8597,0.8042,0.7464,0.724,0.6514,0.0001036977207393,0.0001566605945972,7.120955897197645e-05,8.54510356253013e-05,51.3,57,5,51.3,r-ewc_sl8_st4_sp336_la1000.0,,,,,,,,,,
yahoo-a3,vtcn,lwf,8,4,336,B3,,,,,,1.0,2.0,0.0009141499229529,-0.002759185063705,-0.0009141499229529,0.7169634106055967,0.7205767808701901,0.8207585094419312,5,10,10,0.817,0.765,0.6946,0.6787,0.6296,0.8208,0.7685,0.7032,0.6808,0.6296,9.76187105801374e-05,0.0001474767732044,6.703509507998307e-05,8.044167812447996e-05,48.3,61,5,48.3,r-lwf_sl8_st4_sp336_al1.0_te2.0,,,,,,,,,,
yahoo-a3,vtcn,naive,12,6,336,B3,,,,,,,,0.0049523813569502,-0.0085643081772536,-0.0049523813569502,0.7320788766496322,0.748458503155041,0.8481222842954687,5,10,10,0.835,0.7792,0.7049,0.6871,0.6541,0.8481,0.7945,0.736,0.7096,0.6541,2.4018044199993016e-07,0.0001010342244227,4.592480289413491e-05,5.5109421528565393e-05,33.1,62,5,33.1,r-naive_sl12_st6_sp336,,,,,,,,,,
yahoo-a3,vtcn,cumulative,12,6,336,B3,,,,,,,,-0.0046213424041296,-0.0103164838376128,0.0046213424041296,0.7317181092454926,0.7263916610506184,0.8350294847920546,5,10,10,0.835,0.7754,0.7022,0.6906,0.6554,0.8208,0.7739,0.6995,0.6823,0.6554,0.0001252683976465,0.0001892483414256,8.602222760414912e-05,0.0001032261138215,61.9,52,5,61.9,r-cumulative_sl12_st6_sp336,,,,,,,,,,
yahoo-a3,vtcn,experts,12,6,336,B3,,,,,,,,0.0034224109469899,-0.004691251781275,-0.0034224109469899,0.7349880840729082,0.743865173001939,0.8454220980757293,5,10,10,0.835,0.7807,0.7106,0.693,0.6557,0.8454,0.7923,0.7348,0.6912,0.6557,5.943888117867012e-05,8.979686729131371e-05,4.081687742986509e-05,4.8979989861448606e-05,29.4,49,5,29.4,r-experts_sl12_st6_sp336,,,,,,,,,,
yahoo-a3,vtcn,random-buffer,12,6,336,B3,50.0,,,0.5,,,,0.0012482380995232,0.0018068700879514,-0.0012482380995232,0.7423366485924245,0.7440533813312726,0.8370127250155183,5,10,10,0.835,0.7813,0.7141,0.7009,0.6802,0.837,0.7818,0.7202,0.701,0.6802,8.274319902129866e-05,0.0001250036998415,5.6820027547655625e-05,6.818367229386544e-05,40.9,47,5,40.9,r-random-buffer_sl12_st6_sp336_bu50_re0.5,,,,,,,,,,
yahoo-a3,vtcn,reservoir,12,6,336,B3,50.0,,,0.5,,,,-0.0018227166944553,-0.0085072399750244,0.0018227166944553,0.7342601061105237,0.7367286344378571,0.8350294847920546,5,10,10,0.835,0.7777,0.7024,0.6864,0.6698,0.8318,0.7805,0.7102,0.6914,0.6698,7.897848465762708e-05,0.0001193161843735,5.423479305528518e-05,6.508139131823556e-05,39.0,45,5,39.1,r-reservoir_sl12_st6_sp336_bu50_re0.5,,,,,,,,,,
yahoo-a3,vtcn,ewc,12,6,336,B3,,,,,1000.0,,,0.0046540882492305,-0.00661572793055,-0.0046540882492305,0.7327488517089228,0.7444911171564571,0.8472889509621353,5,10,10,0.835,0.7793,0.7109,0.6892,0.6493,0.8473,0.7966,0.729,0.7003,0.6493,6.708260907271055e-05,0.000101344574881,4.606587835458211e-05,5.527869652646283e-05,33.2,43,5,33.2,r-ewc_sl12_st6_sp336_la1000.0,,,,,,,,,,
yahoo-a3,vtcn,lwf,12,6,336,B3,,,,,,1.0,2.0,-0.0026191371498783,-0.008370662640155,0.0026191371498783,0.7336028658079556,0.7335386098500427,0.8350294847920546,5,10,10,0.835,0.7757,0.7057,0.688,0.6637,0.8289,0.7809,0.7058,0.6884,0.6637,6.434223295989099e-05,9.720457114525036e-05,4.418405503513189e-05,5.302051611011848e-05,31.8,49,5,31.8,r-lwf_sl12_st6_sp336_al1.0_te2.0,,,,,,,,,,
yahoo-a3,vtcn,naive,24,12,336,B3,,,,,,,,0.0040780745649344,-0.0034035732930713,-0.0040780745649344,0.7361298903123897,0.7485219139967757,0.8271108754969249,5,10,10,0.8271,0.7586,0.7119,0.6885,0.6946,0.8231,0.782,0.7469,0.6961,0.6946,1.663511820096677e-07,6.997723260144186e-05,3.1807954685710784e-05,3.816927791573107e-05,22.9,59,5,22.9,r-naive_sl24_st12_sp336,,,,,,,,,,
yahoo-a3,vtcn,cumulative,24,12,336,B3,,,,,,,,-0.0022951750689986,-0.001302558912826,0.0022951750689986,0.7376771774943837,0.735760747829973,0.8271108754969249,5,10,10,0.8271,0.7593,0.7064,0.6941,0.7016,0.8207,0.7588,0.7097,0.6881,0.7016,2.742141606254582e-07,0.0001153508371198,5.243235399312754e-05,6.291848312675332e-05,37.8,53,5,37.8,r-cumulative_sl24_st12_sp336,,,,,,,,,,
yahoo-a3,vtcn,experts,24,12,336,B3,,,,,,,,0.0065931342086252,-0.0051756165230299,-0.0065931342086252,0.733490918765112,0.7514237515400545,0.8271108754969249,5,10,10,0.8271,0.7604,0.6986,0.6813,0.7001,0.8263,0.7823,0.7458,0.7027,0.7001,1.8257152594900528e-07,7.680047705937694e-05,3.49094362263309e-05,4.189104083304604e-05,25.1,71,5,25.1,r-experts_sl24_st12_sp336,,,,,,,,,,
yahoo-a3,vtcn,random-buffer,24,12,336,B3,50.0,,,0.5,,,,-0.0058913285099846,0.0021268329604423,0.0058913285099846,0.7404169800849284,0.7344454128573452,0.8271108754969249,5,10,10,0.8271,0.7593,0.7251,0.682,0.7086,0.8076,0.7533,0.7246,0.6781,0.7086,1.9550594021187457e-07,8.224146343832319e-05,3.738260017384568e-05,4.4858863264477504e-05,26.9,47,5,26.9,r-random-buffer_sl24_st12_sp336_bu50_re0.5,,,,,,,,,,
yahoo-a3,vtcn,reservoir,24,12,336,B3,50.0,,,0.5,,,,-0.0026222420396458,-0.003688544074702,0.0026222420396458,0.7361659095866819,0.735008970407755,0.8299162060973435,5,10,10,0.8271,0.7639,0.7005,0.6884,0.701,0.8211,0.7589,0.7041,0.6899,0.701,5.459955687844393e-05,8.24858924992279e-05,3.7493723263550134e-05,4.499216923567777e-05,27.0,49,5,27.0,r-reservoir_sl24_st12_sp336_bu50_re0.5,,,,,,,,,,
yahoo-a3,vtcn,ewc,24,12,336,B3,,,,,1000.0,,,-0.0032520867418972,-0.0057231705935199,0.0032520867418972,0.7345801287968519,0.7330087145752253,0.8271108754969249,5,10,10,0.8271,0.7593,0.7032,0.6865,0.6968,0.8173,0.7598,0.7028,0.6883,0.6968,1.7717399032755665e-07,7.452995152962911e-05,3.3877363542301786e-05,4.065258798732733e-05,24.4,50,5,24.4,r-ewc_sl24_st12_sp336_la1000.0,,,,,,,,,,
yahoo-a3,vtcn,lwf,24,12,336,B3,,,,,,1.0,2.0,-0.0037591462767453,-0.0025190204658396,0.0037591462767453,0.7368363202741639,0.7339922259438164,0.8271108754969249,5,10,10,0.8271,0.76,0.7064,0.6866,0.7041,0.8175,0.7562,0.7071,0.6851,0.7041,1.647991193299882e-07,6.932434243357016e-05,3.151118437656098e-05,3.7813158057009184e-05,22.7,49,5,22.7,r-lwf_sl24_st12_sp336_al1.0_te2.0,,,,,,,,,,
yahoo-a3,vtcn,naive,12,12,168,B5,,,,,,,,0.0013034623060687,-0.0012775838626531,-0.0013034623060687,0.7166607813037373,0.717023888760427,0.868263295931849,10,45,45,0.8665,0.7218,0.799,0.6964,0.7224,0.8596,0.7376,0.8103,0.6838,0.7179,2.357509679423785e-07,9.91709233467312e-05,4.5077864179620525e-05,5.409305916711067e-05,32.5,103,10,32.5,r-naive_sl12_st12_sp168,0.6565,0.6449,0.708,0.6521,0.699,0.6546,0.6464,0.7085,0.6525,0.699
yahoo-a3,vtcn,cumulative,12,12,168,B5,,,,,,,,-0.0025017458339519,-0.0037281891624398,0.0025017458339519,0.7138130492086043,0.7123182705912141,0.8834227287965136,10,45,45,0.8665,0.7562,0.7842,0.6789,0.7138,0.8589,0.7347,0.8017,0.6819,0.7099,0.0001535030047591,0.0002319035734494,0.0001054110112276,0.0001264925622218,75.9,130,10,75.9,r-cumulative_sl12_st12_sp168,0.6567,0.6395,0.7101,0.6433,0.689,0.6576,0.6423,0.7016,0.6455,0.689
yahoo-a3,vtcn,experts,12,12,168,B5,,,,,,,,0.0124390926936503,0.0113784125662632,-0.0124390926936503,0.7316689196008686,0.7359606521284469,0.9119964110350812,10,45,45,0.8665,0.7297,0.8085,0.726,0.7297,0.8936,0.7544,0.8629,0.693,0.7334,6.998730121793945e-05,0.0001057328178949,4.806053622612833e-05,5.767228166883191e-05,34.6,136,10,34.6,r-experts_sl12_st12_sp168,0.6796,0.6896,0.7314,0.6627,0.6931,0.6835,0.692,0.7077,0.6461,0.6931
yahoo-a3,vtcn,random-buffer,12,12,168,B5,50.0,,,0.5,,,,0.0190374277701996,0.0158498725044996,-0.0190374277701996,0.7370002395153039,0.7510867472489043,0.9071749718995878,10,45,45,0.8665,0.7309,0.7987,0.719,0.7433,0.9072,0.7818,0.8138,0.7367,0.7477,8.178967910233016e-05,0.0001235631764008,5.6165232581164074e-05,6.739794381971782e-05,40.4,109,10,40.5,r-random-buffer_sl12_st12_sp168_bu50_re0.5,0.6955,0.7219,0.7252,0.651,0.7181,0.699,0.7307,0.7246,0.6512,0.7181
yahoo-a3,vtcn,reservoir,12,12,168,B5,50.0,,,0.5,,,,-0.0021396778283363,-0.0006730805976204,0.0021396778283363,0.7158562362484941,0.716610363092214,0.8778864546153694,10,45,45,0.8665,0.7398,0.7974,0.6876,0.7138,0.858,0.7329,0.8028,0.6902,0.7204,2.6495304876821817e-07,0.0001114550609026,5.0661544792173025e-05,6.0793516110473625e-05,36.5,87,10,36.5,r-reservoir_sl12_st12_sp168_bu50_re0.5,0.6607,0.6385,0.7065,0.647,0.7009,0.6622,0.6438,0.7022,0.6527,0.7009
yahoo-a3,vtcn,ewc,12,12,168,B5,,,,,1000.0,,,0.0043351615936507,-0.0019375089861142,-0.0043351615936507,0.717661148474785,0.7210421575869818,0.866493462956755,10,45,45,0.8665,0.7215,0.7966,0.6896,0.7224,0.8642,0.7421,0.8095,0.6904,0.7235,2.411217759331741e-07,0.0001014302056403,4.610478813798788e-05,5.5325417502317586e-05,33.2,80,10,33.2,r-ewc_sl12_st12_sp168_la1000.0,0.6586,0.6552,0.7111,0.6526,0.7026,0.6578,0.6554,0.7121,0.6529,0.7026
yahoo-a3,vtcn,lwf,12,12,168,B5,,,,,,1.0,2.0,0.0006568094364716,-0.0033199555475712,-0.0006568094364716,0.7148597032838896,0.7183098104910226,0.866493462956755,10,45,45,0.8665,0.7343,0.8011,0.6778,0.7167,0.8577,0.7429,0.808,0.6863,0.7238,6.527404564931876e-05,9.86123005431404e-05,4.482393373877534e-05,5.378836680436507e-05,32.3,81,10,32.3,r-lwf_sl12_st12_sp168_al1.0_te2.0,0.655,0.6419,0.7063,0.6511,0.698,0.6592,0.6466,0.7087,0.6519,0.698
yahoo-a3,gru,gdumb,12,12,336,LITE,100.0,,,0.5,,,,0.006940953664438055,0.02357202116624313,-0.006940953664438055,0.9485068789949018,0.9549039970946225,0.9832902722510092,5,10,10,0.9593,0.9738,0.9682,0.9444,0.8967,0.9699,0.9833,0.9767,0.9479,0.8967,0.0001645535325036,0.0002485980797002,0.0001129994410892,0.000135598638611,81.4,53,5,81.4,r-gdumb_sl12_st12_sp336_bu100_re0.5,,,,,,,,,,
yahoo-a3,gru,derpp,12,12,336,LITE,100.0,,,0.5,,0.5,0.5,0.00693778621095521,0.022617554938349105,-0.00693778621095521,0.9464383504406335,0.9521633398234369,0.9826443560161462,5,10,10,0.9593,0.9721,0.9687,0.9405,0.8915,0.9662,0.9826,0.9752,0.9452,0.8915,0.0002746670088458,0.0004149512314757,0.00018861488814,0.0002263363433357,135.8,53,5,135.8,r-derpp_sl12_st12_sp336_bu100_re0.5_al0.5_te0.5,,,,,,,,,,
yahoo-a3,gru,gdumb,12,12,336,LITE,500.0,,,0.5,,,,0.00698430937301715,0.024173417065615,-0.00698430937301715,0.9473145750899779,0.9531108070426528,0.9822417766453866,5,10,10,0.9593,0.9747,0.9675,0.9406,0.8944,0.9706,0.9822,0.9748,0.9435,0.8944,0.0003914662031464,0.0005914047841396,0.0002688217528927,0.0003225830312469,193.6,56,5,193.6,r-gdumb_sl12_st12_sp336_bu500_re0.5,,,,,,,,,,
yahoo-a3,gru,derpp,12,12,336,LITE,500.0,,,0.5,,0.5,0.5,0.006903760749263854,0.020759709270397497,-0.006903760749263854,0.9444049281103531,0.9499041483503975,0.9803970685064842,5,10,10,0.9593,0.9721,0.9646,0.9364,0.8896,0.9675,0.9804,0.9711,0.9409,0.8896,1.8600592605640547e-06,0.0007824519066019,0.0003556615715322,0.0004267903350697,256.1,57,5,256.1,r-derpp_sl12_st12_sp336_bu500_re0.5_al0.5_te0.5,,,,,,,,,,
yahoo-a3,gru,strb,12,12,336,LITE,50.0,0.05,0.9,0.5,,,,0.0074066894977190215,0.029348391098956685,-0.0074066894977190215,0.9505317353989499,0.9556828866196746,0.9808211187770176,5,10,10,0.9593,0.9722,0.9682,0.9511,0.9018,0.9706,0.9808,0.9754,0.9498,0.9018,0.0005247231427567,0.0007927217585602,0.000360329701968,0.00043239205659199994,259.4,58,5,169.0,r-strb_sl12_st12_sp336_bu50_no0.05_re0.9_re0.5,,,,,,,,,,
yahoo-a3,gru,strb,12,12,336,LITE,50.0,0.2,0.9,0.5,,,,0.006596868837738967,0.027099988918959917,-0.006596868837738967,0.9479784668492938,0.9532239155409078,0.9783573330279693,5,10,10,0.9593,0.9722,0.9668,0.9448,0.8967,0.9702,0.9784,0.9728,0.948,0.8967,0.0005353201649256,0.0008087311344858,0.0003676065585103,0.00044112457597539996,264.7,58,5,174.6,r-strb_sl12_st12_sp336_bu50_no0.2_re0.9_re0.5,,,,,,,,,,
yahoo-a3,gru,strb,12,12,336,LITE,100.0,0.05,0.9,0.5,,,,0.006949332665697361,0.02061951397413101,-0.006949332665697361,0.9436434424393246,0.9490361925711508,0.9788654776559502,5,10,10,0.9593,0.9706,0.9617,0.9375,0.889,0.9679,0.9789,0.9678,0.9416,0.889,0.0003967398963927,0.0005993719787299,0.0002724436049769,0.0003269283737529,196.2,54,5,196.2,r-strb_sl12_st12_sp336_bu100_no0.05_re0.9_re0.5,,,,,,,,,,
yahoo-a3,gru,strb,12,12,336,LITE,100.0,0.2,0.9,0.5,,,,0.0069419461278077965,0.020068780432462928,-0.0069419461278077965,0.9432766958771295,0.9487720620767398,0.978620351550199,5,10,10,0.9593,0.9706,0.9629,0.9356,0.8879,0.9678,0.9786,0.969,0.9405,0.8879,0.0005711068488463,0.0008627956128726,0.0003921814398173,0.0004706141730553,282.4,54,5,194.4,r-strb_sl12_st12_sp336_bu100_no0.2_re0.9_re0.5,,,,,,,,,,
yahoo-a3,gru,strb,12,12,336,LITE,250.0,0.05,0.9,0.5,,,,0.007192610888096617,0.02285269400559594,-0.007192610888096617,0.9452494521318064,0.951082480696237,0.9809803612836736,5,10,10,0.9593,0.9745,0.9642,0.9385,0.8897,0.9699,0.981,0.9716,0.9432,0.8897,0.00017624696605829802,0.0005650875669087,0.0002568586776038,0.0003082288893047,184.9,56,5,86.8,r-strb_sl12_st12_sp336_bu250_no0.05_re0.9_re0.5,,,,,,,,,,
yahoo-a3,gru,strb,12,12,336,LITE,250.0,0.2,0.9,0.5,,,,0.007287577489505115,0.022745699896817982,-0.007287577489505115,0.9451847919147391,0.9511361807374638,0.9809571011422519,5,10,10,0.9593,0.9745,0.9645,0.9381,0.8895,0.9699,0.981,0.9722,0.9431,0.8895,0.0001771201489752923,0.0005687224792262,0.0002585108458917,0.0003102116333343,186.1,56,5,87.2,r-strb_sl12_st12_sp336_bu250_no0.2_re0.9_re0.5,,,,,,,,,,
yahoo-a3,gru,strb,12,12,336,LITE,500.0,0.05,0.9,0.5,,,,0.006794725737489182,0.023724544144422523,-0.006794725737489182,0.9464730473446636,0.9523746047588828,0.9814223039706851,5,10,10,0.9593,0.976,0.9651,0.9394,0.8925,0.9698,0.9814,0.9732,0.9449,0.8925,0.0001787548759254,0.0002700526583415,0.0001227515280654,0.0001473011302761,88.4,56,5,88.4,r-strb_sl12_st12_sp336_bu500_no0.05_re0.9_re0.5,,,,,,,,,,
yahoo-a3,gru,strb,12,12,336,LITE,500.0,0.2,0.9,0.5,,,,0.0067339735599599715,0.023567563681857716,-0.0067339735599599715,0.9463474261109139,0.9521866527299532,0.9811897025564684,5,10,10,0.9593,0.976,0.9652,0.9389,0.8922,0.9697,0.9812,0.9734,0.9445,0.8922,0.0003998085884112,0.0006040079833866999,0.0002745499288747,0.000329458054512,197.7,56,5,86.0,r-strb_sl12_st12_sp336_bu500_no0.2_re0.9_re0.5,,,,,,,,,,
yahoo-a3,gru,strb,12,12,336,LITE,1000.0,0.05,0.9,0.5,,,,0.007411181775886078,0.023604446564493176,-0.007411181775886078,0.9470789754290024,0.952944332029712,0.9826622484326243,5,10,10,0.9593,0.9732,0.9692,0.9404,0.8933,0.9696,0.9827,0.9747,0.9445,0.8933,0.0004652421301876,0.0007028612415704,0.0003194833994829,0.0003833778420874,230.0,57,5,96.9,r-strb_sl12_st12_sp336_bu1000_no0.05_re0.9_re0.5,,,,,,,,,,
yahoo-a3,gru,strb,12,12,336,LITE,1000.0,0.2,0.9,0.5,,,,0.007622829449528468,0.023192625285552403,-0.007622829449528468,0.9464364764146118,0.9525336012105854,0.9822543013369214,5,10,10,0.9593,0.9732,0.9682,0.9394,0.8921,0.9695,0.9823,0.9747,0.9441,0.8921,0.0004579846200966,0.0006918970097814,0.0003144996247739,0.0003773973850074,226.4,56,5,90.6,r-strb_sl12_st12_sp336_bu1000_no0.2_re0.9_re0.5,,,,,,,,,,
yahoo-a3,lstm,gdumb,12,12,336,LITE,100.0,,,0.5,,,,0.008598053273556793,0.01599496601170597,-0.008598053273556793,0.9499739088809063,0.9561201563558445,0.9821129512467437,5,10,10,0.9586,0.9675,0.9728,0.9478,0.9032,0.9665,0.9821,0.9794,0.9494,0.9032,0.0001604342078455,0.0002423748392501,0.0001101707659163,0.0001322040733338,79.3,44,5,79.3,r-gdumb_sl12_st12_sp336_bu100_re0.5,,,,,,,,,,
yahoo-a3,lstm,derpp,12,12,336,LITE,100.0,,,0.5,,0.5,0.5,0.008515525529632662,0.01619483597581787,-0.008515525529632662,0.950324066647428,0.9571188572033451,0.9833457387420915,5,10,10,0.9586,0.9688,0.9728,0.9477,0.9037,0.9668,0.9833,0.9802,0.9515,0.9037,0.0002263869502498,0.0003420124760922,0.0001554608156788,0.0001865516604133,111.9,43,5,111.9,r-derpp_sl12_st12_sp336_bu100_re0.5_al0.5_te0.5,,,,,,,,,,
yahoo-a3,lstm,gdumb,12,12,336,LITE,500.0,,,0.5,,,,0.009085565558289432,0.019486548201662734,-0.009085565558289432,0.9526989388788177,0.9592759439342308,0.9856842775757924,5,10,10,0.9586,0.9708,0.978,0.9491,0.9071,0.9686,0.9857,0.9824,0.9526,0.9071,0.0001589093941984,0.0002400712378702,0.0001091236293982,0.000130947608472,78.6,43,5,78.6,r-gdumb_sl12_st12_sp336_bu500_re0.5,,,,,,,,,,
yahoo-a3,lstm,derpp,12,12,336,LITE,500.0,,,0.5,,0.5,0.5,0.00806557099502141,0.02043993875458252,-0.00806557099502141,0.9526724703087635,0.9594663213006672,0.9872230253929175,5,10,10,0.9586,0.9765,0.9755,0.9463,0.9063,0.9689,0.9872,0.9835,0.9514,0.9063,0.0002492001181589,0.000376477307371,0.000171126478761,0.00020535082861,123.2,46,5,123.2,r-derpp_sl12_st12_sp336_bu500_re0.5_al0.5_te0.5,,,,,,,,,,
yahoo-a3,lstm,strb,12,12,336,LITE,50.0,0.05,0.9,0.5,,,,0.005027552750872211,0.006371096114831065,-0.005027552750872211,0.9421600161579631,0.945815128259577,0.9794863445077439,5,10,10,0.9586,0.9671,0.9625,0.9363,0.8863,0.9561,0.9795,0.9671,0.9401,0.8863,0.00018353245575202786,0.0005433498145866,0.0002469778468748,0.00029637196771169997,177.8,51,5,90.4,r-strb_sl12_st12_sp336_bu50_no0.05_re0.9_re0.5,,,,,,,,,,
yahoo-a3,lstm,strb,12,12,336,LITE,50.0,0.2,0.9,0.5,,,,0.005027552750872211,0.006371096114831065,-0.005027552750872211,0.9421600161579631,0.945815128259577,0.9794863445077439,5,10,10,0.9586,0.9671,0.9625,0.9363,0.8863,0.9561,0.9795,0.9671,0.9401,0.8863,0.00019349709856562725,0.0005585259371677,0.0002538762395269,0.00030464969764070003,182.8,51,5,95.4,r-strb_sl12_st12_sp336_bu50_no0.2_re0.9_re0.5,,,,,,,,,,
yahoo-a3,lstm,strb,12,12,336,LITE,100.0,0.05,0.9,0.5,,,,0.008919585820171005,0.02311409365287258,-0.008919585820171005,0.9547224521065678,0.9613082217265998,0.9875611920643554,5,10,10,0.9586,0.9775,0.9761,0.9532,0.9082,0.9703,0.9876,0.9842,0.9563,0.9082,0.000160740342414,0.0002428373298738,0.0001103809141793,0.0001324564156945,79.5,46,5,79.5,r-strb_sl12_st12_sp336_bu100_no0.05_re0.9_re0.5,,,,,,,,,,
yahoo-a3,lstm,strb,12,12,336,LITE,100.0,0.2,0.9,0.5,,,,0.008919585820171005,0.02311409365287258,-0.008919585820171005,0.9547224521065678,0.9613082217265998,0.9875611920643554,5,10,10,0.9586,0.9775,0.9761,0.9532,0.9082,0.9703,0.9876,0.9842,0.9563,0.9082,0.00016698639238943116,0.000506888158747,0.0002304043350682,0.00027648382367860005,165.9,46,5,82.3,r-strb_sl12_st12_sp336_bu100_no0.2_re0.9_re0.5,,,,,,,,,,
yahoo-a3,lstm,strb,12,12,336,LITE,250.0,0.05,0.9,0.5,,,,0.009629564710574934,0.023000706987510278,-0.009629564710574934,0.9544654677845676,0.9615428785542395,0.9871120924107526,5,10,10,0.9586,0.9751,0.9764,0.9516,0.9105,0.9713,0.9871,0.9836,0.9552,0.9105,0.0003724482275735,0.0005626735127092,0.0002557616020843,0.0003069119106248,184.1,47,5,87.8,r-strb_sl12_st12_sp336_bu250_no0.05_re0.9_re0.5,,,,,,,,,,
yahoo-a3,lstm,strb,12,12,336,LITE,250.0,0.2,0.9,0.5,,,,0.009629564710574934,0.023000706987510278,-0.009629564710574934,0.9544654677845676,0.9615428785542395,0.9871120924107526,5,10,10,0.9586,0.9751,0.9764,0.9516,0.9105,0.9713,0.9871,0.9836,0.9552,0.9105,0.0003640608111368,0.0005500022829393,0.0002500016835634,0.0003000005993758,180.0,47,5,82.9,r-strb_sl12_st12_sp336_bu250_no0.2_re0.9_re0.5,,,,,,,,,,
yahoo-a3,lstm,strb,12,12,336,LITE,500.0,0.05,0.9,0.5,,,,0.00883771968337176,0.02394547829040431,-0.00883771968337176,0.9557463598190201,0.9625759906332606,0.9875003578483296,5,10,10,0.9586,0.9766,0.9777,0.9542,0.9116,0.9711,0.9875,0.9847,0.958,0.9116,0.0001605969234211,0.0002426206606495,0.0001102824203702,0.0001323382402793,79.4,45,5,79.4,r-strb_sl12_st12_sp336_bu500_no0.05_re0.9_re0.5,,,,,,,,,,
yahoo-a3,lstm,strb,12,12,336,LITE,500.0,0.2,0.9,0.5,,,,0.00883771968337176,0.02394547829040431,-0.00883771968337176,0.9557463598190201,0.9625759906332606,0.9875003578483296,5,10,10,0.9586,0.9766,0.9777,0.9542,0.9116,0.9711,0.9875,0.9847,0.958,0.9116,0.0003828156061065,0.0005783359561439,0.00026288078454919997,0.00031545517159460004,189.3,45,5,85.0,r-strb_sl12_st12_sp336_bu500_no0.2_re0.9_re0.5,,,,,,,,,,
yahoo-a3,lstm,strb,12,12,336,LITE,1000.0,0.05,0.9,0.5,,,,0.008093936037490469,0.023956751594736612,-0.008093936037490469,0.9558749652089548,0.9616246995531205,0.9871890298016089,5,10,10,0.9586,0.978,0.9792,0.9539,0.9097,0.971,0.9872,0.9836,0.9567,0.9097,0.0004395091714303,0.0006639853570192,0.000301812324594,0.00036217303242520003,217.3,50,5,89.1,r-strb_sl12_st12_sp336_bu1000_no0.05_re0.9_re0.5,,,,,,,,,,
yahoo-a3,lstm,strb,12,12,336,LITE,1000.0,0.2,0.9,0.5,,,,0.008093936037490469,0.023956751594736612,-0.008093936037490469,0.9558749652089548,0.9616246995531205,0.9871890298016089,5,10,10,0.9586,0.978,0.9792,0.9539,0.9097,0.971,0.9872,0.9836,0.9567,0.9097,0.00042887372598879997,0.0006479179334078001,0.0002945088826442,0.0003534090507634,212.0,50,5,83.3,r-strb_sl12_st12_sp336_bu1000_no0.2_re0.9_re0.5,,,,,,,,,,
yahoo-a3,tcn,gdumb,12,12,336,LITE,100.0,,,0.5,,,,0.0016539374412459118,0.013803739072585664,-0.0016539374412459118,0.9222319194352465,0.9227639836440009,0.9571663563004346,5,10,10,0.9548,0.9479,0.9378,0.9153,0.8553,0.9546,0.9537,0.9389,0.9114,0.8553,4.059110176285436e-05,6.132271849550306e-05,2.7874077662515143e-05,3.344864083298792e-05,20.1,42,5,20.1,r-gdumb_sl12_st12_sp336_bu100_re0.5,,,,,,,,,,
yahoo-a3,tcn,derpp,12,12,336,LITE,100.0,,,0.5,,0.5,0.5,0.0012876189211566524,0.015166550694614544,-0.0012876189211566524,0.9255265988798099,0.9289287059285455,0.9580691219833386,5,10,10,0.9548,0.9555,0.9418,0.9168,0.8587,0.957,0.9581,0.9472,0.9236,0.8587,5.290006680812776e-05,7.991839995426643e-05,3.632666412094194e-05,4.359173583332449e-05,26.2,46,5,26.2,r-derpp_sl12_st12_sp336_bu100_re0.5_al0.5_te0.5,,,,,,,,,,
yahoo-a3,tcn,gdumb,12,12,336,LITE,500.0,,,0.5,,,,0.0011286510510949532,0.01649493522310379,-0.0011286510510949532,0.9251994079440662,0.9292207402996736,0.9566201117318436,5,10,10,0.9548,0.9535,0.941,0.9169,0.8597,0.9566,0.9565,0.9489,0.9243,0.8597,4.323259475925867e-05,6.531333526596427e-05,2.9687995890465874e-05,3.562533937549839e-05,21.4,45,5,21.4,r-gdumb_sl12_st12_sp336_bu500_re0.5,,,,,,,,,,
yahoo-a3,tcn,derpp,12,12,336,LITE,500.0,,,0.5,,0.5,0.5,0.00044606855345660226,0.014044581708820492,-0.00044606855345660226,0.9249790706633492,0.9282295799844498,0.9566144685236609,5,10,10,0.9548,0.9564,0.9394,0.9175,0.8567,0.9559,0.9566,0.9478,0.9242,0.8567,5.329616465844949e-05,8.051680196645772e-05,3.659866446655036e-05,4.391813749990737e-05,26.4,46,5,26.4,r-derpp_sl12_st12_sp336_bu500_re0.5_al0.5_te0.5,,,,,,,,,,
yahoo-a3,tcn,strb,12,12,336,LITE,50.0,0.05,0.9,0.5,,,,0.0015122325251806456,0.021199777935411845,-0.0015122325251806456,0.9270768392554851,0.9297165025291203,0.957304469273743,5,10,10,0.9548,0.9555,0.9451,0.9167,0.8632,0.9573,0.9573,0.9492,0.9215,0.8632,9.421612383977888e-05,0.0001423363394696369,6.469855231569253e-05,7.763778715394438e-05,46.6,47,5,21.8,r-strb_sl12_st12_sp336_bu50_no0.05_re0.9_re0.5,,,,,,,,,,
yahoo-a3,tcn,strb,12,12,336,LITE,50.0,0.2,0.9,0.5,,,,0.0015122325251806456,0.021199777935411845,-0.0015122325251806456,0.9270768392554851,0.9297165025291203,0.957304469273743,5,10,10,0.9548,0.9555,0.9451,0.9167,0.8632,0.9573,0.9573,0.9492,0.9215,0.8632,4.31004427050396e-05,0.0001398944071779907,6.358859085853005e-05,7.630581631946066e-05,45.8,47,5,21.2,r-strb_sl12_st12_sp336_bu50_no0.2_re0.9_re0.5,,,,,,,,,,
yahoo-a3,tcn,strb,12,12,336,LITE,100.0,0.05,0.9,0.5,,,,7.002420428084966e-05,0.01336292185030027,-7.002420428084966e-05,0.9203256670294057,0.9212685974822193,0.9556339641006555,5,10,10,0.9548,0.9496,0.9391,0.9108,0.8474,0.9531,0.9516,0.9408,0.9135,0.8474,4.265527188029815e-05,6.444114882977576e-05,2.9291551330566617e-05,3.5149597499209145e-05,21.1,46,5,21.1,r-strb_sl12_st12_sp336_bu100_no0.05_re0.9_re0.5,,,,,,,,,,
yahoo-a3,tcn,strb,12,12,336,LITE,100.0,0.2,0.9,0.5,,,,7.002420428084966e-05,0.01336292185030027,-7.002420428084966e-05,0.9203256670294057,0.9212685974822193,0.9556339641006555,5,10,10,0.9548,0.9496,0.9391,0.9108,0.8474,0.9531,0.9516,0.9408,0.9135,0.8474,9.811362658293632e-05,0.00014822446403817997,6.737496383203607e-05,8.084950020614392e-05,48.5,46,5,21.1,r-strb_sl12_st12_sp336_bu100_no0.2_re0.9_re0.5,,,,,,,,,,
yahoo-a3,tcn,strb,12,12,336,LITE,250.0,0.05,0.9,0.5,,,,0.0034224190476076386,0.016727851051158694,-0.0034224190476076386,0.9271312183046106,0.931380453968849,0.9582176290401075,5,10,10,0.9548,0.9507,0.94,0.9243,0.8658,0.9574,0.9582,0.9506,0.9249,0.8658,0.00011440236710353462,0.0001728325630108357,7.856052280144973e-05,9.427204020942251e-05,56.6,47,5,21.8,r-strb_sl12_st12_sp336_bu250_no0.05_re0.9_re0.5,,,,,,,,,,
yahoo-a3,tcn,strb,12,12,336,LITE,250.0,0.2,0.9,0.5,,,,0.0034224190476076386,0.016727851051158694,-0.0034224190476076386,0.9271312183046106,0.931380453968849,0.9582176290401075,5,10,10,0.9548,0.9507,0.94,0.9243,0.8658,0.9574,0.9582,0.9506,0.9249,0.8658,0.00011531438055211815,0.00017421038084628878,7.918679230432543e-05,9.502358854205037e-05,57.0,47,5,21.6,r-strb_sl12_st12_sp336_bu250_no0.2_re0.9_re0.5,,,,,,,,,,
yahoo-a3,tcn,strb,12,12,336,LITE,500.0,0.05,0.9,0.5,,,,-0.002278482105175317,0.01797556527667369,0.002278482105175317,0.9249603210837648,0.9230685202039217,0.959547035584438,5,10,10,0.9548,0.9595,0.9456,0.9167,0.8481,0.9526,0.956,0.9455,0.9132,0.8481,4.680805912242392e-05,7.071494264075429e-05,3.214327048756079e-05,3.8571672153193503e-05,23.1,52,5,23.2,r-strb_sl12_st12_sp336_bu500_no0.05_re0.9_re0.5,,,,,,,,,,
yahoo-a3,tcn,strb,12,12,336,LITE,500.0,0.2,0.9,0.5,,,,-0.002278482105175317,0.01797556527667369,0.002278482105175317,0.9249603210837648,0.9230685202039217,0.959547035584438,5,10,10,0.9548,0.9595,0.9456,0.9167,0.8481,0.9526,0.956,0.9455,0.9132,0.8481,0.00014747731356062129,0.00022280030329771102,0.00010127318350585282,0.0001215271197919113,72.9,52,5,23.1,r-strb_sl12_st12_sp336_bu500_no0.2_re0.9_re0.5,,,,,,,,,,
yahoo-a3,tcn,strb,12,12,336,LITE,1000.0,0.05,0.9,0.5,,,,0.0009464967728362806,0.016333299957545833,-0.0009464967728362806,0.9244135394796634,0.9257131934308342,0.9560508574045976,5,10,10,0.9548,0.9523,0.9422,0.9194,0.8533,0.9541,0.9561,0.9466,0.9185,0.8533,0.00019587173173814625,0.0002959118266063187,0.00013450573674563308,0.00016140608986058567,96.8,48,5,22.5,r-strb_sl12_st12_sp336_bu1000_no0.05_re0.9_re0.5,,,,,,,,,,
yahoo-a3,tcn,strb,12,12,336,LITE,1000.0,0.2,0.9,0.5,,,,0.0009464967728362806,0.016333299957545833,-0.0009464967728362806,0.9244135394796634,0.9257131934308342,0.9560508574045976,5,10,10,0.9548,0.9523,0.9422,0.9194,0.8533,0.9541,0.9561,0.9466,0.9185,0.8533,0.00019804562642362916,0.0002991960225518638,0.0001359985486675043,0.0001631974738843595,97.9,48,5,23.0,r-strb_sl12_st12_sp336_bu1000_no0.2_re0.9_re0.5,,,,,,,,,,
yahoo-a3,vgru,gdumb,12,12,336,LITE,100.0,,,0.5,,,,0.0034053899722850224,-0.00025824641222728096,-0.0034053899722850224,0.7308212267897255,0.7364299593833782,0.8354003724394786,5,10,10,0.8354,0.7652,0.6949,0.689,0.6695,0.8329,0.7839,0.7072,0.6887,0.6695,0.0001916903088058,0.0002895947716298,0.00013163432309,0.0001579604485398,94.8,57,5,94.8,r-gdumb_sl12_st12_sp336_bu100_re0.5,,,,,,,,,,
yahoo-a3,vgru,derpp,12,12,336,LITE,100.0,,,0.5,,0.5,0.5,-0.0050499163028671305,-0.0014275812724616644,0.0050499163028671305,0.7267855199122893,0.7237397159359498,0.8354003724394786,5,10,10,0.8354,0.7719,0.6888,0.6838,0.654,0.8248,0.7681,0.689,0.6827,0.654,0.0002132218692176,0.0003221234234908,0.000146420147799,0.0001757032756918,105.4,40,5,105.4,r-derpp_sl12_st12_sp336_bu100_re0.5_al0.5_te0.5,,,,,,,,,,
yahoo-a3,vgru,gdumb,12,12,336,LITE,500.0,,,0.5,,,,0.0019204458211594555,0.0028359600437018904,-0.0019204458211594555,0.7320684759288323,0.7371744859944698,0.8354003724394786,5,10,10,0.8354,0.7719,0.6944,0.6898,0.6688,0.834,0.7804,0.7107,0.6919,0.6688,0.000163728424901,0.0002473515542538,0.0001124328280702,0.0001349187261836,81.0,45,5,81.0,r-gdumb_sl12_st12_sp336_bu500_re0.5,,,,,,,,,,
yahoo-a3,vgru,derpp,12,12,336,LITE,500.0,,,0.5,,0.5,0.5,-0.004565368375603685,-0.0010489194962989613,0.004565368375603685,0.7275033191788103,0.7251512152518667,0.8354003724394786,5,10,10,0.8354,0.7723,0.6906,0.6839,0.6553,0.825,0.7704,0.6911,0.684,0.6553,0.0002068075099321,0.000312432975789,0.0001420153658571,0.0001704176099319,102.3,38,5,102.3,r-derpp_sl12_st12_sp336_bu500_re0.5_al0.5_te0.5,,,,,,,,,,
yahoo-a3,vgru,strb,12,12,336,LITE,50.0,0.05,0.9,0.5,,,,0.00017362390128412565,0.009000963289294062,-0.00017362390128412565,0.735125330387855,0.7353993678154641,0.8386483550589696,5,10,10,0.8354,0.7817,0.7035,0.6859,0.6691,0.8343,0.7831,0.7048,0.6857,0.6691,0.0003712295532674,0.0005608324091627001,0.0002549244871504,0.0003059079220122,183.5,49,5,84.3,r-strb_sl12_st12_sp336_bu50_no0.05_re0.9_re0.5,,,,,,,,,,
yahoo-a3,vgru,strb,12,12,336,LITE,50.0,0.2,0.9,0.5,,,,0.00017362390128412565,0.009000963289294062,-0.00017362390128412565,0.735125330387855,0.7353993678154641,0.8386483550589696,5,10,10,0.8354,0.7817,0.7035,0.6859,0.6691,0.8343,0.7831,0.7048,0.6857,0.6691,0.0003674738602127,0.0005551585225731001,0.0002523454270234,0.0003028130955496,181.7,49,5,84.0,r-strb_sl12_st12_sp336_bu50_no0.2_re0.9_re0.5,,,,,,,,,,
yahoo-a3,vgru,strb,12,12,336,LITE,100.0,0.05,0.9,0.5,,,,0.001849274860948469,0.005577219848499171,-0.001849274860948469,0.7330714988571028,0.7364257646869513,0.8354003724394786,5,10,10,0.8354,0.7737,0.6995,0.6871,0.6696,0.8342,0.7827,0.7071,0.6885,0.6696,0.0001657736273119,0.0002504413292603,0.0001138372693288,0.0001366040599315,82.0,47,5,82.0,r-strb_sl12_st12_sp336_bu100_no0.05_re0.9_re0.5,,,,,,,,,,
yahoo-a3,vgru,strb,12,12,336,LITE,100.0,0.2,0.9,0.5,,,,0.0018064067081521196,0.005531379315233853,-0.0018064067081521196,0.7330325262273693,0.7363568823389731,0.8354003724394786,5,10,10,0.8354,0.7737,0.6995,0.6871,0.6695,0.8341,0.7827,0.707,0.6885,0.6695,0.00035263429020419997,0.0005327397476518,0.00024215512286029998,0.0002905846247914,174.4,47,5,81.5,r-strb_sl12_st12_sp336_bu100_no0.2_re0.9_re0.5,,,,,,,,,,
yahoo-a3,vgru,strb,12,12,336,LITE,250.0,0.05,0.9,0.5,,,,0.0004320065446707155,0.006419350854483863,-0.0004320065446707155,0.7342039235837776,0.735865316604942,0.8354003724394786,5,10,10,0.8354,0.7744,0.7049,0.6893,0.6671,0.8337,0.7784,0.7101,0.6901,0.6671,0.0003618884329268,0.0005467203779983001,0.0002485098905666,0.0002982104874315,178.9,48,5,83.9,r-strb_sl12_st12_sp336_bu250_no0.05_re0.9_re0.5,,,,,,,,,,
yahoo-a3,vgru,strb,12,12,336,LITE,250.0,0.2,0.9,0.5,,,,0.0004550412258424452,0.006519528903521921,-0.0004550412258424452,0.7343040856611412,0.7359281740663205,0.8354003724394786,5,10,10,0.8354,0.7744,0.7053,0.6894,0.6671,0.8338,0.7784,0.7102,0.6902,0.6671,0.00036443110902029997,0.0005505617078349,0.0002502559733834,0.00030030573445129997,180.2,48,5,84.0,r-strb_sl12_st12_sp336_bu250_no0.2_re0.9_re0.5,,,,,,,,,,
yahoo-a3,vgru,strb,12,12,336,LITE,500.0,0.05,0.9,0.5,,,,-0.00039543568438703546,0.006237183347424324,0.00039543568438703546,0.7336943563609363,0.7337441800230915,0.8354003724394786,5,10,10,0.8354,0.7742,0.7049,0.6884,0.6657,0.8317,0.7762,0.7066,0.6886,0.6657,0.0001644031925288,0.0002483709546518,0.000112896210763,0.0001354747438888,81.3,46,5,81.3,r-strb_sl12_st12_sp336_bu500_no0.05_re0.9_re0.5,,,,,,,,,,
yahoo-a3,vgru,strb,12,12,336,LITE,500.0,0.2,0.9,0.5,,,,-0.00039543568438703546,0.006237183347424324,0.00039543568438703546,0.7336943563609363,0.7337441800230915,0.8354003724394786,5,10,10,0.8354,0.7742,0.7049,0.6884,0.6657,0.8317,0.7762,0.7066,0.6886,0.6657,0.0003887552035536,0.0005873091607725999,0.0002669594759819,0.00032034968479060003,192.2,46,5,81.6,r-strb_sl12_st12_sp336_bu500_no0.2_re0.9_re0.5,,,,,,,,,,
yahoo-a3,vgru,strb,12,12,336,LITE,1000.0,0.05,0.9,0.5,,,,-0.001276624973834073,0.005491224477871403,0.001276624973834073,0.7332492655754079,0.7332878395446466,0.8354003724394786,5,10,10,0.8354,0.7758,0.7022,0.6879,0.6649,0.8309,0.7765,0.7054,0.6887,0.6649,0.0004380486000584,0.0006617788091999,0.0003008094088523,0.00036096940034759995,216.6,45,5,81.1,r-strb_sl12_st12_sp336_bu1000_no0.05_re0.9_re0.5,,,,,,,,,,
yahoo-a3,vgru,strb,12,12,336,LITE,1000.0,0.2,0.9,0.5,,,,-0.0012799126113853475,0.0054959086177082,0.0012799126113853475,0.7332456943661283,0.7332646576785139,0.8354003724394786,5,10,10,0.8354,0.7758,0.7022,0.6879,0.6649,0.8309,0.7765,0.7053,0.6887,0.6649,0.0004430601581542,0.0006693499849744001,0.0003042508351842,0.0003650991497902,219.1,45,5,80.7,r-strb_sl12_st12_sp336_bu1000_no0.2_re0.9_re0.5,,,,,,,,,,
yahoo-a3,vlstm,gdumb,12,12,336,LITE,100.0,,,0.5,,,,0.006562239213083354,0.0046600889710683106,-0.006562239213083354,0.7301600249775226,0.7358078225867535,0.8332107386716324,5,10,10,0.8252,0.7669,0.7011,0.6886,0.669,0.8332,0.7837,0.7059,0.6872,0.669,0.0001588791505945,0.0002400255475604,0.0001091028316567,0.0001309227159037,78.6,43,5,78.6,r-gdumb_sl12_st12_sp336_bu100_re0.5,,,,,,,,,,
yahoo-a3,vlstm,derpp,12,12,336,LITE,100.0,,,0.5,,0.5,0.5,-0.0019101140652207915,0.00167662285207959,0.0019101140652207915,0.7248990828494138,0.7232777166733214,0.8283255741775294,5,10,10,0.8252,0.7721,0.6893,0.684,0.6538,0.8229,0.7683,0.6884,0.6829,0.6538,0.0001980812881663,0.0002992498982762,0.0001360230225125,0.0001632268757636,97.9,34,5,97.9,r-derpp_sl12_st12_sp336_bu100_re0.5_al0.5_te0.5,,,,,,,,,,
yahoo-a3,vlstm,gdumb,12,12,336,LITE,500.0,,,0.5,,,,0.007121579633306096,0.005497964959118362,-0.007121579633306096,0.7297252134808703,0.7377317820018818,0.8362088764742396,5,10,10,0.8252,0.7719,0.6926,0.6895,0.6694,0.8362,0.7806,0.7109,0.6916,0.6694,0.0001479412836533,0.0002235012428176,0.000101591746357,0.0001219094964605,73.1,38,5,73.1,r-gdumb_sl12_st12_sp336_bu500_re0.5,,,,,,,,,,
yahoo-a3,vlstm,derpp,12,12,336,LITE,500.0,,,0.5,,0.5,0.5,-0.0003101687414963306,0.0021379642600157013,0.0003101687414963306,0.7258276611801154,0.7256556285142757,0.827102731222843,5,10,10,0.8252,0.7732,0.69,0.6851,0.6556,0.8257,0.7712,0.691,0.6847,0.6556,0.0001923118661976,0.0002905337850419,0.0001320611695584,0.0001584726154835,95.1,32,5,95.1,r-derpp_sl12_st12_sp336_bu500_re0.5_al0.5_te0.5,,,,,,,,,,
yahoo-a3,vlstm,strb,12,12,336,LITE,50.0,0.05,0.9,0.5,,,,0.0015789601863741565,0.0016424954798551438,-0.0015789601863741565,0.725450879157668,0.7259391588264877,0.8302327746741156,5,10,10,0.8252,0.7691,0.6927,0.6823,0.6578,0.8275,0.7719,0.6912,0.6813,0.6578,0.00017335867635226716,0.0005365261153546001,0.0002438761357043,0.0002926499796502,175.6,49,5,85.4,r-strb_sl12_st12_sp336_bu50_no0.05_re0.9_re0.5,,,,,,,,,,
yahoo-a3,vlstm,strb,12,12,336,LITE,50.0,0.2,0.9,0.5,,,,0.0009357452763583462,0.0016963832295455394,-0.0009357452763583462,0.7251480119741227,0.7246688936800044,0.8333007448789571,5,10,10,0.8252,0.7691,0.6947,0.6809,0.6558,0.8266,0.7711,0.69,0.6799,0.6558,0.0003562364525987,0.0005381816888878001,0.0002446287159698,0.000293552972918,176.1,49,5,85.8,r-strb_sl12_st12_sp336_bu50_no0.2_re0.9_re0.5,,,,,,,,,,
yahoo-a3,vlstm,strb,12,12,336,LITE,100.0,0.05,0.9,0.5,,,,0.0010760713959100609,0.0013983217724145903,-0.0010760713959100609,0.7254935069430452,0.7260472507203036,0.827850713842334,5,10,10,0.8252,0.7698,0.6912,0.6837,0.6575,0.8267,0.7723,0.6913,0.6824,0.6575,0.0001676254563254,0.0002532389667809,0.0001151089337958,0.0001381300329851,82.9,47,5,82.9,r-strb_sl12_st12_sp336_bu100_no0.05_re0.9_re0.5,,,,,,,,,,
yahoo-a3,vlstm,strb,12,12,336,LITE,100.0,0.2,0.9,0.5,,,,0.0012118944733531922,0.001437897937595045,-0.0012118944733531922,0.7255474114900825,0.7262239992638674,0.8282107386716324,5,10,10,0.8252,0.7698,0.6912,0.6839,0.6576,0.8269,0.7725,0.6915,0.6826,0.6576,0.0003690916825672,0.0005576026361967001,0.000253456400984,0.0003041462352126,182.5,47,5,89.9,r-strb_sl12_st12_sp336_bu100_no0.2_re0.9_re0.5,,,,,,,,,,
yahoo-a3,vlstm,strb,12,12,336,LITE,250.0,0.05,0.9,0.5,,,,-0.0014045842012690769,0.0012568224944062845,0.0014045842012690769,0.7247915620859573,0.7236127168650196,0.8280198634388578,5,10,10,0.8252,0.7739,0.6903,0.6827,0.6518,0.824,0.7696,0.6905,0.6821,0.6518,0.00033628599241660004,0.0005080416729613001,0.00023092866400510002,0.0002771130089562,166.3,40,5,78.6,r-strb_sl12_st12_sp336_bu250_no0.05_re0.9_re0.5,,,,,,,,,,
yahoo-a3,vlstm,strb,12,12,336,LITE,250.0,0.2,0.9,0.5,,,,-0.0014045842012690769,0.0012568224944062845,0.0014045842012690769,0.7247915620859573,0.7236127168650196,0.8280198634388578,5,10,10,0.8252,0.7739,0.6903,0.6827,0.6518,0.824,0.7696,0.6905,0.6821,0.6518,0.00016875441417071827,0.0005220395677466,0.0002372913703127,0.00028474819743369996,170.8,40,5,83.1,r-strb_sl12_st12_sp336_bu250_no0.2_re0.9_re0.5,,,,,,,,,,
yahoo-a3,vlstm,strb,12,12,336,LITE,500.0,0.05,0.9,0.5,,,,-0.001009045838244471,-0.0012735268346749985,0.001009045838244471,0.7228987494447325,0.7228100227550766,0.8252374301675978,5,10,10,0.8252,0.7704,0.6862,0.6818,0.6509,0.8231,0.7695,0.6894,0.6811,0.6509,0.0001712412185899,0.0002587014539237,0.0001175919588538,0.0001411094950698,84.7,40,5,84.7,r-strb_sl12_st12_sp336_bu500_no0.05_re0.9_re0.5,,,,,,,,,,
yahoo-a3,vlstm,strb,12,12,336,LITE,500.0,0.2,0.9,0.5,,,,-0.000958186322413479,-0.0011950105374846864,0.000958186322413479,0.7229888221253444,0.7229416288919601,0.8252374301675978,5,10,10,0.8252,0.7704,0.6862,0.682,0.6511,0.8232,0.7696,0.6895,0.6812,0.6511,0.00037387689984579996,0.0005648318691906999,0.0002567424464123,0.0003080894227783,184.9,40,5,80.8,r-strb_sl12_st12_sp336_bu500_no0.2_re0.9_re0.5,,,,,,,,,,
yahoo-a3,vlstm,strb,12,12,336,LITE,1000.0,0.05,0.9,0.5,,,,-0.0014983959321478557,-0.0034078057432903597,0.0014983959321478557,0.7211112896279233,0.722164164224106,0.8252374301675978,5,10,10,0.8252,0.7685,0.6837,0.6784,0.6497,0.8228,0.7689,0.6882,0.6812,0.6497,0.0004023889897096,0.0006079063063085,0.00027632179832099996,0.0003315845079874,199.0,35,5,72.6,r-strb_sl12_st12_sp336_bu1000_no0.05_re0.9_re0.5,,,,,,,,,,
yahoo-a3,vlstm,strb,12,12,336,LITE,1000.0,0.2,0.9,0.5,,,,-0.0013839801092197512,-0.00346024747353777,0.0013839801092197512,0.721084810542692,0.7224177793775937,0.8252374301675978,5,10,10,0.8252,0.7685,0.6836,0.6779,0.6501,0.823,0.7689,0.6886,0.6814,0.6501,0.0004112574114488,0.0006213042114207,0.0002824117460681,0.0003388924653524,203.3,35,5,76.4,r-strb_sl12_st12_sp336_bu1000_no0.2_re0.9_re0.5,,,,,,,,,,
yahoo-a3,vtcn,gdumb,12,12,336,LITE,100.0,,,0.5,,,,0.009692509599424415,0.009006078633750959,-0.009692509599424415,0.728718571267041,0.7366513929786062,0.835175356921167,5,10,10,0.8189,0.7693,0.696,0.6889,0.6705,0.8352,0.7844,0.7061,0.6871,0.6705,6.910313155342754e-05,0.0001043970648583,4.7453357638247936e-05,5.694370722010111e-05,34.2,60,5,34.2,r-gdumb_sl12_st12_sp336_bu100_re0.5,,,,,,,,,,
yahoo-a3,vtcn,derpp,12,12,336,LITE,100.0,,,0.5,,0.5,0.5,0.0012967032641380328,0.008703292184395616,-0.0012967032641380328,0.7247064352328562,0.7223221051472409,0.8347594661700807,5,10,10,0.8189,0.7734,0.6925,0.6866,0.6521,0.8222,0.7677,0.6887,0.6809,0.6521,7.896265006349367e-05,0.0001192922623729,5.4223930151460485e-05,6.506833222151424e-05,39.0,44,5,39.1,r-derpp_sl12_st12_sp336_bu100_re0.5_al0.5_te0.5,,,,,,,,,,
yahoo-a3,vtcn,gdumb,12,12,336,LITE,500.0,,,0.5,,,,0.007296913698537211,0.014721634374997083,-0.007296913698537211,0.731684352891376,0.7378659962241,0.8353181253879577,5,10,10,0.8189,0.7798,0.7007,0.6893,0.6698,0.8353,0.7817,0.7121,0.6904,0.6698,5.508413965754585e-05,8.321797248868583e-05,3.7826473322153715e-05,4.539149916653211e-05,27.2,52,5,27.2,r-gdumb_sl12_st12_sp336_bu500_re0.5,,,,,,,,,,
yahoo-a3,vtcn,derpp,12,12,336,LITE,500.0,,,0.5,,0.5,0.5,0.0014604448912790224,0.006193205884134989,-0.0014604448912790224,0.7243393418960957,0.7251426575645995,0.8272998137802606,5,10,10,0.8189,0.7725,0.6905,0.6834,0.6563,0.8244,0.7715,0.6907,0.6828,0.6563,6.244943936824777e-05,9.43450466793082e-05,4.288427876243886e-05,5.146076791686938e-05,30.9,46,5,30.9,r-derpp_sl12_st12_sp336_bu500_re0.5_al0.5_te0.5,,,,,,,,,,
yahoo-a3,vtcn,strb,12,12,336,LITE,50.0,0.05,0.9,0.5,,,,-0.0006093691421063862,0.0034948813609596897,0.0006093691421063862,0.7218896783774836,0.7198708286702743,0.8273975791433892,5,10,10,0.8189,0.7723,0.6857,0.6828,0.6497,0.8203,0.7674,0.6836,0.6782,0.6497,5.117499028217564e-05,0.00016771715708736642,7.6235307987857e-05,9.148184909950941e-05,54.9,49,5,25.2,r-strb_sl12_st12_sp336_bu50_no0.05_re0.9_re0.5,,,,,,,,,,
yahoo-a3,vtcn,strb,12,12,336,LITE,50.0,0.2,0.9,0.5,,,,-0.0009562326158155998,0.0018086581725662687,0.0009562326158155998,0.7205942523162285,0.7202335423664165,0.8273975791433892,5,10,10,0.8189,0.7723,0.6853,0.6769,0.6496,0.8215,0.7673,0.6843,0.6785,0.6496,0.00011086234615086097,0.00016748450151657582,7.612953200328371e-05,9.135496951329211e-05,54.8,50,5,25.6,r-strb_sl12_st12_sp336_bu50_no0.2_re0.9_re0.5,,,,,,,,,,
yahoo-a3,vtcn,strb,12,12,336,LITE,100.0,0.05,0.9,0.5,,,,0.0011335712613205983,0.004812887449650138,-0.0011335712613205983,0.7227926126201942,0.7216517746035294,0.8290797641216636,5,10,10,0.8189,0.7716,0.688,0.6841,0.6514,0.8219,0.7688,0.6862,0.68,0.6514,5.264386725503872e-05,7.953134830032166e-05,3.615071857736136e-05,4.3380629722960295e-05,26.0,49,5,26.0,r-strb_sl12_st12_sp336_bu100_no0.05_re0.9_re0.5,,,,,,,,,,
yahoo-a3,vtcn,strb,12,12,336,LITE,100.0,0.2,0.9,0.5,,,,0.0011906033895199507,0.004714823857066586,-0.0011906033895199507,0.7227626800280376,0.7219124897624007,0.8290797641216636,5,10,10,0.8189,0.7716,0.6875,0.6841,0.6518,0.822,0.7691,0.6868,0.68,0.6518,5.209260325262655e-05,0.00018172298774090273,8.260163732468046e-05,9.912135041629275e-05,59.5,49,5,25.7,r-strb_sl12_st12_sp336_bu100_no0.2_re0.9_re0.5,,,,,,,,,,
yahoo-a3,vtcn,strb,12,12,336,LITE,250.0,0.05,0.9,0.5,,,,-8.141594178964206e-05,-0.0020910284769966258,8.141594178964206e-05,0.7179051561277472,0.7170118423938175,0.8218311607697082,5,10,10,0.8189,0.7645,0.6869,0.6753,0.6439,0.8187,0.766,0.6817,0.6747,0.6439,0.00013393200806586324,0.00020233682929181535,9.197154866803126e-05,0.00011036528062385818,66.2,51,5,27.9,r-strb_sl12_st12_sp336_bu250_no0.05_re0.9_re0.5,,,,,,,,,,
yahoo-a3,vtcn,strb,12,12,336,LITE,250.0,0.2,0.9,0.5,,,,7.799953638291113e-05,-0.002052758896664475,-7.799953638291113e-05,0.7179533679956897,0.7172579569256858,0.8217442582247052,5,10,10,0.8189,0.7645,0.6868,0.6755,0.6441,0.819,0.7664,0.6821,0.6747,0.6441,5.435572058293312e-05,0.00020174355109492365,9.170187366544268e-05,0.00011004167742949602,66.0,51,5,26.8,r-strb_sl12_st12_sp336_bu250_no0.2_re0.9_re0.5,,,,,,,,,,
yahoo-a3,vtcn,strb,12,12,336,LITE,500.0,0.05,0.9,0.5,,,,0.002104762920256453,7.31118713040657e-05,-0.002104762920256453,0.7197762882681406,0.7206114912860829,0.8232495344506517,5,10,10,0.8189,0.7638,0.688,0.68,0.6482,0.8219,0.7693,0.6854,0.6784,0.6482,6.141325294674237e-05,9.277963540749626e-05,4.217271811406439e-05,5.060691729343186e-05,30.4,58,5,30.4,r-strb_sl12_st12_sp336_bu500_no0.05_re0.9_re0.5,,,,,,,,,,
yahoo-a3,vtcn,strb,12,12,336,LITE,500.0,0.2,0.9,0.5,,,,0.002116465476435847,5.24608781157343e-05,-0.002116465476435847,0.719753606521965,0.7205995475144393,0.8232495344506517,5,10,10,0.8189,0.7638,0.688,0.6799,0.6481,0.8218,0.7694,0.6854,0.6783,0.6481,6.135274940215068e-05,0.0002509836806148432,0.0001140838483225606,0.0001368998322923047,82.1,58,5,30.2,r-strb_sl12_st12_sp336_bu500_no0.2_re0.9_re0.5,,,,,,,,,,
yahoo-a3,vtcn,strb,12,12,336,LITE,1000.0,0.05,0.9,0.5,,,,-0.0006813269671145483,-0.0006604400005105537,0.0006813269671145483,0.7169143992619539,0.7164748733846847,0.8264587212911235,5,10,10,0.8189,0.7701,0.678,0.6741,0.6435,0.8174,0.7651,0.6811,0.6753,0.6435,6.451949846966586e-05,0.00034270904169072223,0.0001557772936350905,0.00018693174805563172,112.2,50,5,31.6,r-strb_sl12_st12_sp336_bu1000_no0.05_re0.9_re0.5,,,,,,,,,,
yahoo-a3,vtcn,strb,12,12,336,LITE,1000.0,0.2,0.9,0.5,,,,0.0009455487798764817,0.005459339467585556,-0.0009455487798764817,0.7239817255726141,0.7224530453176626,0.8276831160769709,5,10,10,0.8189,0.7701,0.6979,0.6843,0.6487,0.8228,0.7697,0.6889,0.6823,0.6487,0.0002300827755589302,0.0003475959179106,0.00015799868269885642,0.0001895972352117861,113.8,49,5,33.0,r-strb_sl12_st12_sp336_bu1000_no0.2_re0.9_re0.5,,,,,,,,,,
yahoo-a3,vgru-kl,naive,12,12,336,LITE,,,,,,,,0.017614354330943893,0.042775856608620565,-0.017614354330943893,0.8184613760423975,0.8328554346845719,0.895828677839851,5,10,10,0.8825,0.8371,0.8139,0.8117,0.7471,0.8849,0.874,0.8474,0.8109,0.7471,0.0001077647560383,0.0001628048392695,7.40024043402324e-05,8.880243492933611e-05,53.3,30,5,53.3,r-naive_sl12_st12_sp336,,,,,,,,,,
yahoo-a3,vgru-kl,cumulative,12,12,336,LITE,,,,,,,,0.019969685704569952,0.028717416170304932,-0.019969685704569952,0.8037109157215176,0.8186381061512218,0.9092132216014898,5,10,10,0.8825,0.8225,0.7851,0.8045,0.724,0.9077,0.8426,0.8392,0.7797,0.724,0.0001811267379573,0.0002736359320487,0.0001243802685756,0.0001492556634731,89.6,30,5,89.6,r-cumulative_sl12_st12_sp336,,,,,,,,,,
yahoo-a3,vgru-kl,experts,12,12,336,LITE,,,,,,,,0.01450152040738829,0.032835002191248505,-0.01450152040738829,0.8092988299896933,0.8309347872069596,0.9071523898199876,5,10,10,0.8825,0.8317,0.8031,0.801,0.7281,0.9072,0.8659,0.8521,0.8014,0.7281,0.0001048752486095,0.0001584395364581,7.201819756947871e-05,8.642133888866132e-05,51.9,35,5,51.9,r-experts_sl12_st12_sp336,,,,,,,,,,
yahoo-a3,vgru-kl,ewc,12,12,336,LITE,,,,,1000.0,,,-0.03473068345568413,-0.03965388782616478,0.03473068345568413,0.8506127974407374,0.8275283547027165,0.9052203600248293,5,10,10,0.9052,0.8841,0.8587,0.8264,0.7786,0.8143,0.8608,0.8539,0.83,0.7786,0.0001440533479107,0.0002176275715271,9.89218916659916e-05,0.0001187056798612,71.2,56,5,71.2,r-ewc_sl12_st12_sp336_la1000,,,,,,,,,,
yahoo-a3,vgru-kl,lwf,12,12,336,LITE,,,,,,1.0,2.0,-0.009074656591275132,-0.024827645447591206,0.009074656591275132,0.8658795582419389,0.8736221050445636,0.9052203600248293,5,10,10,0.9052,0.8993,0.8777,0.8416,0.8055,0.8928,0.9043,0.9017,0.8637,0.8055,0.0001501327320233,0.0002268119578674,0.0001030966214111,0.0001237153364562,74.2,63,5,74.2,r-lwf_sl12_st12_sp336_al1.0_te2.0,,,,,,,,,,
yahoo-a3,vgru-kl,random-buffer,12,12,336,LITE,100.0,,,0.5,,,,0.02947636456167202,0.04397922367928227,-0.02947636456167202,0.8238266533524781,0.8465636239318123,0.9196958410924891,5,10,10,0.8825,0.8373,0.8152,0.8294,0.7547,0.9037,0.8881,0.8577,0.8285,0.7547,0.0001309736261501,0.0001978674748387,8.994001226835987e-05,0.0001079274625703,64.8,30,5,64.8,r-random-buffer_sl12_st12_sp336_bu100_re0.5,,,,,,,,,,
yahoo-a3,vgru-kl,reservoir,12,12,336,LITE,100.0,,,0.5,,,,0.01645018379303944,0.033620835759714376,-0.01645018379303944,0.8137941078987362,0.8296633685003105,0.8936204220980757,5,10,10,0.8825,0.8331,0.7986,0.8066,0.7481,0.8796,0.8668,0.8378,0.816,0.7481,0.0001313377840501,0.000198417623798,9.019006574203051e-05,0.000108227558056,64.9,30,5,64.9,r-reservoir_sl12_st12_sp336_bu100_re0.5,,,,,,,,,,
yahoo-a3,vgru-kl,random-buffer,12,12,336,LITE,500.0,,,0.5,,,,0.016188358790293234,0.04088177910507827,-0.016188358790293234,0.819704391252567,0.8324433091137422,0.8971477343265053,5,10,10,0.8825,0.8365,0.8182,0.8164,0.7449,0.875,0.8722,0.8546,0.8155,0.7449,0.000134754849326,0.0002035799308775,9.25366105304824e-05,0.000111043320347,66.6,30,5,66.6,r-random-buffer_sl12_st12_sp336_bu500_re0.5,,,,,,,,,,
yahoo-a3,vgru-kl,reservoir,12,12,336,LITE,500.0,,,0.5,,,,0.013033385806595854,0.035305072255143996,-0.013033385806595854,0.8155068206908733,0.8284233244380419,0.8922299813780261,5,10,10,0.8825,0.835,0.8117,0.8065,0.7419,0.8745,0.8667,0.845,0.8141,0.7419,0.0001325027868248,0.0002001776434598,9.099011498749151e-05,0.0001091875284723,65.5,30,5,65.5,r-reservoir_sl12_st12_sp336_bu500_re0.5,,,,,,,,,,
yahoo-a3,vgru-kl,gdumb,12,12,336,LITE,100.0,,,0.5,,,,0.02444414943997082,0.0383585314687902,-0.02444414943997082,0.8166088576417782,0.8368440867765784,0.9098743016759776,5,10,10,0.8825,0.8373,0.8014,0.8151,0.7467,0.895,0.878,0.842,0.8225,0.7467,0.0001403007542795,0.0002119583673696,9.634499785865452e-05,0.0001156133695109,69.4,30,5,69.4,r-gdumb_sl12_st12_sp336_bu100_re0.5,,,,,,,,,,
yahoo-a3,vgru-kl,derpp,12,12,336,LITE,100.0,,,0.5,,0.5,0.5,0.01613816542093962,0.028978818299372024,-0.01613816542093962,0.8124357269915323,0.8289424890652161,0.897776225946617,5,10,10,0.8825,0.8364,0.796,0.8013,0.746,0.8891,0.8633,0.8377,0.8086,0.746,0.0002039486852729,0.0003081140267537,0.0001400522176532,0.0001680618091005,100.8,30,5,100.9,r-derpp_sl12_st12_sp336_bu100_re0.5_al0.5_te0.5,,,,,,,,,,
yahoo-a3,vgru-kl,gdumb,12,12,336,LITE,500.0,,,0.5,,,,0.01926016458689104,0.03708678816675966,-0.01926016458689104,0.8169205343280475,0.8346115025292953,0.9025605214152699,5,10,10,0.8825,0.8365,0.8113,0.8117,0.7426,0.8887,0.8731,0.8511,0.8176,0.7426,0.0001369640976514,0.0002069175370833,9.405369513939754e-05,0.0001128638419439,67.7,30,5,67.7,r-gdumb_sl12_st12_sp336_bu500_re0.5,,,,,,,,,,
yahoo-a3,vgru-kl,derpp,12,12,336,LITE,500.0,,,0.5,,0.5,0.5,0.022344983503566875,0.04825549731939406,-0.022344983503566875,0.8253379016025895,0.8420735808350536,0.9151086281812539,5,10,10,0.8825,0.8466,0.8249,0.8217,0.751,0.8937,0.8813,0.8579,0.8263,0.751,0.0001963765730845,0.0002966745120822,0.0001348524552071,0.000161822056875,97.1,30,5,97.1,r-derpp_sl12_st12_sp336_bu500_re0.5_al0.5_te0.5,,,,,,,,,,
yahoo-a3,vgru-kl,strb,12,12,336,LITE,50.0,0.05,0.9,0.5,,,,0.02270014054046602,0.009490822648820696,-0.02270014054046602,0.7996657680419998,0.8232549187080023,0.8976769087523279,5,10,10,0.8825,0.8089,0.7874,0.7911,0.7284,0.8952,0.8626,0.8281,0.802,0.7284,0.0001309087440391,0.0001977694546507,8.98954774298343e-05,0.0001078739772209,64.7,30,5,64.7,r-strb_sl12_st12_sp336_bu50_no0.05_re0.9_re0.5,,,,,,,,,,
yahoo-a3,vgru-kl,strb,12,12,336,LITE,50.0,0.2,0.9,0.5,,,,0.02286591036058703,0.00956737315813495,-0.02286591036058703,0.7996566113144095,0.8234355985511943,0.8980617628801987,5,10,10,0.8825,0.8089,0.7876,0.7915,0.7278,0.896,0.8624,0.8286,0.8023,0.7278,0.0001392492252866,0.0002103697774171,9.562291845989723e-05,0.0001147468589572,68.8,30,5,68.9,r-strb_sl12_st12_sp336_bu50_no0.2_re0.9_re0.5,,,,,,,,,,
yahoo-a3,vgru-kl,strb,12,12,336,LITE,100.0,0.05,0.9,0.5,,,,0.02194995745181453,0.00959222750929497,-0.02194995745181453,0.7995230480190734,0.8223270746750883,0.8953041589075108,5,10,10,0.8825,0.8085,0.7871,0.7894,0.7301,0.8922,0.8616,0.8265,0.8012,0.7301,0.0001520938989978,0.0002297747769355,0.0001044434969345,0.0001253312800009,75.2,30,5,75.2,r-strb_sl12_st12_sp336_bu100_no0.05_re0.9_re0.5,,,,,,,,,,
yahoo-a3,vgru-kl,strb,12,12,336,LITE,100.0,0.2,0.9,0.5,,,,0.022163012254050617,0.009639187395572835,-0.022163012254050617,0.7994558051924738,0.8224134875698148,0.8956610800744879,5,10,10,0.8825,0.8085,0.7867,0.79,0.7297,0.8924,0.8621,0.8268,0.8012,0.7297,0.0001380330720106,0.000208532482499,9.4787987150226e-05,0.0001137444953488,68.2,30,5,68.3,r-strb_sl12_st12_sp336_bu100_no0.2_re0.9_re0.5,,,,,,,,,,
yahoo-a3,vgru-kl,strb,12,12,336,LITE,250.0,0.05,0.9,0.5,,,,0.02816662658496454,0.010104055040624593,-0.02816662658496454,0.7991178970228656,0.8279408523441015,0.8962818125387958,5,10,10,0.8825,0.7999,0.7843,0.7955,0.7333,0.8917,0.8691,0.8374,0.8082,0.7333,0.0001331902217048,0.000201216180819,9.146214345948668e-05,0.0001097540373595,65.9,30,5,65.9,r-strb_sl12_st12_sp336_bu250_no0.05_re0.9_re0.5,,,,,,,,,,
yahoo-a3,vgru-kl,strb,12,12,336,LITE,250.0,0.2,0.9,0.5,,,,0.0278945204594233,0.01006809498217195,-0.0278945204594233,0.7990731089711779,0.8277012412539854,0.8955881440099317,5,10,10,0.8825,0.7999,0.7844,0.7946,0.7339,0.891,0.8686,0.8372,0.8078,0.7339,0.0001339325171229,0.0002023375983462,9.197188848435569e-05,0.0001103657098618,66.2,30,5,66.2,r-strb_sl12_st12_sp336_bu250_no0.2_re0.9_re0.5,,,,,,,,,,
yahoo-a3,vgru-kl,strb,12,12,336,LITE,500.0,0.05,0.9,0.5,,,,0.027513775726416667,0.014650202097239962,-0.027513775726416667,0.8009365836814346,0.8292754035618131,0.8960397268777157,5,10,10,0.8825,0.8071,0.7877,0.7929,0.7345,0.892,0.8716,0.8409,0.8075,0.7345,0.0001449730559905,0.0002190170139722,9.955351730459368e-05,0.0001194634966676,71.7,30,5,71.7,r-strb_sl12_st12_sp336_bu500_no0.05_re0.9_re0.5,,,,,,,,,,
yahoo-a3,vgru-kl,strb,12,12,336,LITE,500.0,0.2,0.9,0.5,,,,0.027471731017149382,0.015101788771787394,-0.027471731017149382,0.8012147642864049,0.8293575933942965,0.8956812538795779,5,10,10,0.8825,0.8071,0.7881,0.7936,0.7347,0.8919,0.8719,0.8409,0.8074,0.7347,0.0001689132525724,0.0002551844958084,0.0001159934028944,0.0001391910929139,83.5,30,5,83.5,r-strb_sl12_st12_sp336_bu500_no0.2_re0.9_re0.5,,,,,,,,,,
yahoo-a3,vgru-kl,strb,12,12,336,LITE,1000.0,0.05,0.9,0.5,,,,0.022267321216963776,0.021469478726527814,-0.022267321216963776,0.8053894485892797,0.8277258239456143,0.8926567349472377,5,10,10,0.8825,0.818,0.7959,0.795,0.7356,0.8863,0.8694,0.8416,0.8057,0.7356,0.0001478921246814,0.0002234269762503,0.0001015582055558,0.0001218687706945,73.1,30,5,73.1,r-strb_sl12_st12_sp336_bu1000_no0.05_re0.9_re0.5,,,,,,,,,,
yahoo-a3,vgru-kl,strb,12,12,336,LITE,1000.0,0.2,0.9,0.5,,,,0.02125052893881303,0.021940090112203058,-0.02125052893881303,0.8062958867314262,0.8276273553144456,0.8917566728739913,5,10,10,0.8825,0.818,0.7977,0.7967,0.7366,0.8842,0.8689,0.8423,0.8061,0.7366,0.0001635168568071,0.0002470319292597,0.0001122877224523,0.0001347442068074,80.8,30,5,80.9,r-strb_sl12_st12_sp336_bu1000_no0.2_re0.9_re0.5,,,,,,,,,,
yahoo-a3,vlstm-kl,naive,12,12,336,LITE,,,,,,,,-0.00995770893508755,0.03532898937864637,0.00995770893508755,0.7942635779354458,0.7852381510470484,0.8693544382371198,5,10,10,0.8637,0.8257,0.7988,0.7631,0.7201,0.8135,0.8157,0.8088,0.768,0.7201,0.0001025403961759,0.0001549121747384,7.041483327759326e-05,8.449734146085878e-05,50.7,30,5,50.7,r-naive_sl12_st12_sp336,,,,,,,,,,
yahoo-a3,vlstm-kl,cumulative,12,12,336,LITE,,,,,,,,0.025172316628154258,0.040625685916777544,-0.025172316628154258,0.8006396418849728,0.8327373264213602,0.8956579764121664,5,10,10,0.8637,0.8319,0.7903,0.7851,0.7322,0.8957,0.8838,0.8384,0.8136,0.7322,0.0001767432084131,0.0002670135459448,0.0001213700893503,0.0001456434565945,87.4,30,5,87.4,r-cumulative_sl12_st12_sp336,,,,,,,,,,
yahoo-a3,vlstm-kl,experts,12,12,336,LITE,,,,,,,,0.010527934297462382,0.04616360694626616,-0.010527934297462382,0.8100945276808883,0.8107742883076365,0.8931114214773432,5,10,10,0.8637,0.8329,0.8257,0.7947,0.7334,0.8638,0.8557,0.8098,0.791,0.7334,0.0001027077240187,0.0001551649640876,7.052977783799482e-05,8.463518624970069e-05,50.8,33,5,50.8,r-experts_sl12_st12_sp336,,,,,,,,,,
yahoo-a3,vlstm-kl,ewc,12,12,336,LITE,,,,,1000.0,,,-0.005258178190390617,-0.002141418149075469,0.005258178190390617,0.8829424156542434,0.8798333945573642,0.9239835505896958,5,10,10,0.924,0.9057,0.9091,0.8691,0.8068,0.9029,0.914,0.9103,0.8651,0.8068,0.0001748488470223,0.0002641516529375,0.000120069314119,0.0001440823388185,86.5,53,5,86.5,r-ewc_sl12_st12_sp336_la1000,,,,,,,,,,
yahoo-a3,vlstm-kl,lwf,12,12,336,LITE,,,,,,1.0,2.0,-0.007741011034614875,0.0009197510901891248,0.007741011034614875,0.8832933412688199,0.8786366477212384,0.9239835505896958,5,10,10,0.924,0.9102,0.9058,0.8657,0.8108,0.8978,0.9109,0.9089,0.8647,0.8108,0.0001420972700594,0.0002146724408157,9.757867650736848e-05,0.0001170937643083,70.3,50,5,70.3,r-lwf_sl12_st12_sp336_al1.0_te2.0,,,,,,,,,,
yahoo-a3,vlstm-kl,random-buffer,12,12,336,LITE,100.0,,,0.5,,,,0.004320992566393444,0.04282716760204993,-0.004320992566393444,0.806092785688131,0.8040590415686706,0.8777126008690256,5,10,10,0.8637,0.8333,0.8157,0.7905,0.7273,0.8405,0.8348,0.8275,0.7902,0.7273,0.0001325601124293,0.0002002642477095,9.102946562472627e-05,0.0001092347820848,65.5,30,5,65.6,r-random-buffer_sl12_st12_sp336_bu100_re0.5,,,,,,,,,,
yahoo-a3,vlstm-kl,reservoir,12,12,336,LITE,100.0,,,0.5,,,,-0.000926791924718029,0.03776348870676764,0.000926791924718029,0.7989340960707337,0.7933724010848996,0.8768668528864059,5,10,10,0.8637,0.8347,0.8057,0.7676,0.723,0.8354,0.826,0.8164,0.7661,0.723,0.000140147615585,0.0002117270141753,9.62398419551189e-05,0.0001154871722202,69.3,30,5,69.3,r-reservoir_sl12_st12_sp336_bu100_re0.5,,,,,,,,,,
yahoo-a3,vlstm-kl,random-buffer,12,12,336,LITE,500.0,,,0.5,,,,-0.009305805539331236,0.0393610582384093,0.009305805539331236,0.8005257069357677,0.7867691221294366,0.8744863438857853,5,10,10,0.8637,0.8371,0.811,0.7718,0.719,0.8143,0.8181,0.8123,0.7703,0.719,0.0001654469117107,0.0002499477459878,0.0001136129690411,0.0001363347769466,81.8,30,5,81.8,r-random-buffer_sl12_st12_sp336_bu500_re0.5,,,,,,,,,,
yahoo-a3,vlstm-kl,reservoir,12,12,336,LITE,500.0,,,0.5,,,,-0.014378094591765977,0.03627395438093518,0.014378094591765977,0.7949549828562688,0.7739561452279646,0.8755415890751086,5,10,10,0.8637,0.8373,0.8083,0.7625,0.7031,0.806,0.8073,0.8005,0.7529,0.7031,0.0001484645163853,0.0002242917129487,0.0001019511279507,0.000122340584998,73.4,30,5,73.4,r-reservoir_sl12_st12_sp336_bu500_re0.5,,,,,,,,,,
yahoo-a3,vlstm-kl,gdumb,12,12,336,LITE,100.0,,,0.5,,,,0.0035287282324167556,0.037613935079511954,-0.0035287282324167556,0.8002158289225401,0.7983788394315697,0.8777126008690256,5,10,10,0.8637,0.8333,0.8074,0.7771,0.7196,0.8389,0.8301,0.8249,0.7784,0.7196,0.0001449112001738,0.0002189235657366,9.951111921173936e-05,0.0001194124465249,71.6,30,5,71.7,r-gdumb_sl12_st12_sp336_bu100_re0.5,,,,,,,,,,
yahoo-a3,vlstm-kl,derpp,12,12,336,LITE,100.0,,,0.5,,0.5,0.5,0.009473704694940566,0.042771341111129256,-0.009473704694940566,0.805517614497321,0.8125465883124917,0.8778941651148354,5,10,10,0.8637,0.842,0.808,0.7852,0.7287,0.8652,0.8438,0.8309,0.794,0.7287,0.0001966058804905,0.000297020936616,0.0001350098738408,0.0001620110627752,97.2,30,5,97.2,r-derpp_sl12_st12_sp336_bu100_re0.5_al0.5_te0.5,,,,,,,,,,
yahoo-a3,vlstm-kl,gdumb,12,12,336,LITE,500.0,,,0.5,,,,-0.010107637042080486,0.03612617241780626,0.010107637042080486,0.796643970939491,0.7813344185564663,0.8744863438857853,5,10,10,0.8637,0.8371,0.8082,0.7661,0.7081,0.8171,0.814,0.8059,0.7615,0.7081,0.0001316639644096,0.0001989103984579,9.041408651456653e-05,0.0001084963119433,65.1,30,5,65.1,r-gdumb_sl12_st12_sp336_bu500_re0.5,,,,,,,,,,
yahoo-a3,vlstm-kl,derpp,12,12,336,LITE,500.0,,,0.5,,0.5,0.5,0.0010380964959558869,0.041427103299432666,-0.0010380964959558869,0.8036773696788464,0.8014086974428807,0.8822548106765984,5,10,10,0.8637,0.8456,0.8103,0.7775,0.7212,0.8449,0.8319,0.827,0.7821,0.7212,0.0002016505819991,0.000304642183566,0.0001384742318283,0.0001661679517376,99.7,30,5,99.7,r-derpp_sl12_st12_sp336_bu500_re0.5_al0.5_te0.5,,,,,,,,,,
yahoo-a3,vlstm-kl,strb,12,12,336,LITE,50.0,0.05,0.9,0.5,,,,0.009789621945734073,0.0317451937518536,-0.009789621945734073,0.799162893571028,0.798600931871074,0.8867970204841713,5,10,10,0.8637,0.8153,0.8108,0.7862,0.7198,0.8451,0.8271,0.8243,0.7766,0.7198,0.0001419850700123,0.000214502935392,9.750163900316694e-05,0.0001170012963889,70.2,30,5,70.2,r-strb_sl12_st12_sp336_bu50_no0.05_re0.9_re0.5,,,,,,,,,,
yahoo-a3,vlstm-kl,strb,12,12,336,LITE,50.0,0.2,0.9,0.5,,,,0.013591602176498097,0.03273654105992794,-0.013591602176498097,0.8015257243837072,0.8084412002996129,0.8868839230291745,5,10,10,0.8637,0.8153,0.8104,0.7864,0.7318,0.858,0.8376,0.829,0.7857,0.7318,0.0001418466107524,0.0002142937590492,9.7407254743545e-05,0.0001168865043056,70.1,30,5,70.2,r-strb_sl12_st12_sp336_bu50_no0.2_re0.9_re0.5,,,,,,,,,,
yahoo-a3,vlstm-kl,strb,12,12,336,LITE,100.0,0.05,0.9,0.5,,,,0.011774723567828781,0.034214694131505165,-0.011774723567828781,0.8029744049669052,0.807713269704251,0.8862895716945997,5,10,10,0.8637,0.8192,0.8135,0.7862,0.7323,0.8552,0.8382,0.8286,0.7842,0.7323,0.0001421688136399,0.0002147805247715,9.7627902548993e-05,0.0001171526222225,70.3,30,5,70.3,r-strb_sl12_st12_sp336_bu100_no0.05_re0.9_re0.5,,,,,,,,,,
yahoo-a3,vlstm-kl,strb,12,12,336,LITE,100.0,0.2,0.9,0.5,,,,0.01197394193997382,0.03493097991933184,-0.01197394193997382,0.8036538434784809,0.8080846635729655,0.88766139044072,5,10,10,0.8637,0.8192,0.8158,0.7871,0.7324,0.8562,0.839,0.8288,0.7841,0.7324,0.0001375229812314,0.0002077618664796,9.443752905030528e-05,0.0001133243374293,68.0,30,5,68.0,r-strb_sl12_st12_sp336_bu100_no0.2_re0.9_re0.5,,,,,,,,,,
yahoo-a3,vlstm-kl,strb,12,12,336,LITE,250.0,0.05,0.9,0.5,,,,0.004223587055789124,0.025056099537209574,-0.004223587055789124,0.7906607990253487,0.7951706740817587,0.8637166356300434,5,10,10,0.8637,0.8118,0.7925,0.7673,0.718,0.8476,0.8232,0.815,0.7721,0.718,0.0001444559983776,0.0002182358728583,9.919846799780824e-05,0.0001190374048605,71.4,30,5,71.4,r-strb_sl12_st12_sp336_bu250_no0.05_re0.9_re0.5,,,,,,,,,,
yahoo-a3,vlstm-kl,strb,12,12,336,LITE,250.0,0.2,0.9,0.5,,,,0.003350729873720415,0.02484696132036863,-0.003350729873720415,0.7904239020211914,0.7948265528247038,0.8637166356300434,5,10,10,0.8637,0.8118,0.7919,0.7675,0.7172,0.8462,0.8226,0.8154,0.7728,0.7172,0.0001442634662188,0.0002179450062677,9.906622974279649e-05,0.0001188787765249,71.3,30,5,71.3,r-strb_sl12_st12_sp336_bu250_no0.2_re0.9_re0.5,,,,,,,,,,
yahoo-a3,vlstm-kl,strb,12,12,336,LITE,500.0,0.05,0.9,0.5,,,,-0.0005659459811883316,0.02473070872538291,0.0005659459811883316,0.788277750910382,0.7893994669521223,0.8637166356300434,5,10,10,0.8637,0.8143,0.7898,0.763,0.7105,0.8404,0.8185,0.8089,0.7686,0.7105,0.0001389420923354,0.000209905778494,9.541203252350292e-05,0.0001144937459705,68.7,30,5,68.7,r-strb_sl12_st12_sp336_bu500_no0.05_re0.9_re0.5,,,,,,,,,,
yahoo-a3,vlstm-kl,strb,12,12,336,LITE,500.0,0.2,0.9,0.5,,,,-0.0007638626459154473,0.024996367824766875,0.0007638626459154473,0.7884544146583397,0.7889167726540526,0.8637166356300434,5,10,10,0.8637,0.8143,0.7912,0.762,0.7109,0.8382,0.8176,0.8099,0.7679,0.7109,0.0001599704557893,0.0002416742291273,0.0001098523619765,0.0001318218671507,79.1,30,5,79.1,r-strb_sl12_st12_sp336_bu500_no0.2_re0.9_re0.5,,,,,,,,,,
yahoo-a3,vlstm-kl,strb,12,12,336,LITE,1000.0,0.05,0.9,0.5,,,,-0.0055777530334428,0.029710289922103516,0.0055777530334428,0.7915933026000497,0.7823889754832558,0.868247982619491,5,10,10,0.8637,0.8243,0.7985,0.7647,0.7067,0.8297,0.8109,0.8049,0.7598,0.7067,0.0001536367760872,0.0002321056675327,0.0001055030921868,0.0001266025753458,76.0,30,5,76.0,r-strb_sl12_st12_sp336_bu1000_no0.05_re0.9_re0.5,,,,,,,,,,
yahoo-a3,vlstm-kl,strb,12,12,336,LITE,1000.0,0.2,0.9,0.5,,,,-0.006487144467338146,0.029416671150804395,0.006487144467338146,0.7910501930253011,0.7811185688698071,0.868247982619491,5,10,10,0.8637,0.8243,0.7985,0.7635,0.7052,0.8277,0.8101,0.8036,0.759,0.7052,0.0001475405366199,0.0002228958170851,0.0001013166256953,0.0001215791913898,72.9,30,5,73.0,r-strb_sl12_st12_sp336_bu1000_no0.2_re0.9_re0.5,,,,,,,,,,
yahoo-a3,vtcn-kl,naive,12,12,336,LITE,,,,,,,,0.02035341598980952,0.05082697139943494,-0.02035341598980952,0.8283842904561709,0.8411867294959154,0.9113516449410304,5,10,10,0.8734,0.8639,0.8616,0.8104,0.7327,0.9015,0.873,0.8822,0.8166,0.7327,3.446432606021721e-05,5.2066735647515295e-05,2.366681238377674e-05,2.8399923263738553e-05,17.0,30,5,17.1,r-naive_sl12_st12_sp336,,,,,,,,,,
yahoo-a3,vtcn-kl,cumulative,12,12,336,LITE,,,,,,,,0.02603281116075471,0.025362422595021215,-0.02603281116075471,0.8083528152601058,0.8326068674597179,0.9151443202979516,5,10,10,0.8734,0.8561,0.8097,0.7936,0.709,0.9151,0.8665,0.871,0.8013,0.709,5.586820143937355e-05,8.44024882530276e-05,3.836488096146948e-05,4.603760729155814e-05,27.6,30,5,27.6,r-cumulative_sl12_st12_sp336,,,,,,,,,,
yahoo-a3,vtcn-kl,experts,12,12,336,LITE,,,,,,,,0.0212517543171154,0.032896501712559235,-0.0212517543171154,0.8146358363763992,0.8277132776572392,0.9062492240844197,5,10,10,0.8734,0.8173,0.8658,0.8021,0.7146,0.8913,0.8513,0.8782,0.8031,0.7146,3.5822874230396825e-05,5.41191526400184e-05,2.4599728124707733e-05,2.951942451531067e-05,17.7,34,5,17.7,r-experts_sl12_st12_sp336,,,,,,,,,,
yahoo-a3,vtcn-kl,ewc,12,12,336,LITE,,,,,1000.0,,,0.0005648376597241044,0.011487595675986628,-0.0005648376597241044,0.8936932210771303,0.8950254040946046,0.9313640595903167,5,10,10,0.929,0.9212,0.909,0.8859,0.8233,0.9314,0.9214,0.9074,0.8916,0.8233,5.109603491018284e-05,7.71929715862239e-05,3.5087838946815784e-05,4.2105132639408115e-05,25.3,60,5,25.3,r-ewc_sl12_st12_sp336_la1000,,,,,,,,,,
yahoo-a3,vtcn-kl,lwf,12,12,336,LITE,,,,,,1.0,2.0,0.012839121740222748,0.022787367887176356,-0.012839121740222748,0.9032147897231761,0.9136458379748472,0.9488469894475481,5,10,10,0.929,0.9191,0.925,0.9087,0.8343,0.9488,0.9402,0.9341,0.9109,0.8343,4.868754054125937e-05,7.355435583624057e-05,3.343391493156863e-05,4.0120440904671946e-05,24.1,64,5,24.1,r-lwf_sl12_st12_sp336_al1.0_te2.0,,,,,,,,,,
yahoo-a3,vtcn-kl,random-buffer,12,12,336,LITE,100.0,,,0.5,,,,0.021358114072526024,0.0412281617545624,-0.021358114072526024,0.825167649439587,0.8388352427402538,0.911118870266915,5,10,10,0.8734,0.8602,0.8558,0.8117,0.7247,0.9074,0.8738,0.8757,0.8125,0.7247,4.257238755236111e-05,6.431593192042783e-05,2.9234625115835416e-05,3.508130680459241e-05,21.0,30,5,21.1,r-random-buffer_sl12_st12_sp336_bu100_re0.5,,,,,,,,,,
yahoo-a3,vtcn-kl,reservoir,12,12,336,LITE,100.0,,,0.5,,,,0.020563502449490224,0.03824149337806163,-0.020563502449490224,0.8197251464017195,0.8348790952141251,0.9088888888888887,5,10,10,0.8734,0.8647,0.8405,0.8015,0.7186,0.9044,0.8758,0.8638,0.8118,0.7186,4.279479868061433e-05,6.465193795169601e-05,2.9387373785074387e-05,3.5264564166621616e-05,21.2,30,5,21.2,r-reservoir_sl12_st12_sp336_bu100_re0.5,,,,,,,,,,
yahoo-a3,vtcn-kl,random-buffer,12,12,336,LITE,500.0,,,0.5,,,,0.02222712808614703,0.043731362079081494,-0.02222712808614703,0.8237703401064538,0.8399000517625843,0.9092752948479205,5,10,10,0.8734,0.8617,0.8531,0.8013,0.7295,0.9077,0.8788,0.8778,0.8056,0.7295,5.048066941240768e-05,7.626331253404108e-05,3.4665431076427925e-05,4.159788145761316e-05,25.0,30,5,25.0,r-random-buffer_sl12_st12_sp336_bu500_re0.5,,,,,,,,,,
yahoo-a3,vtcn-kl,reservoir,12,12,336,LITE,500.0,,,0.5,,,,0.019782892580695467,0.043787582671823796,-0.019782892580695467,0.8235499286226237,0.8351870007608533,0.9071260086902545,5,10,10,0.8734,0.8605,0.8607,0.806,0.7173,0.9035,0.8744,0.8743,0.8065,0.7173,4.519305233684691e-05,6.82750826177653e-05,3.103424143628217e-05,3.724084118148312e-05,22.3,30,5,22.4,r-reservoir_sl12_st12_sp336_bu500_re0.5,,,,,,,,,,
yahoo-a3,vtcn-kl,gdumb,12,12,336,LITE,100.0,,,0.5,,,,0.02174458618706756,0.037885698215812336,-0.02174458618706756,0.821201436246966,0.8358773622318951,0.9091387337057728,5,10,10,0.8734,0.8602,0.8483,0.8042,0.7199,0.9056,0.8761,0.8666,0.8111,0.7199,5.234425835663005e-05,7.907871628645808e-05,3.594498559056471e-05,4.313373069589337e-05,25.9,30,5,25.9,r-gdumb_sl12_st12_sp336_bu100_re0.5,,,,,,,,,,
yahoo-a3,vtcn-kl,derpp,12,12,336,LITE,100.0,,,0.5,,0.5,0.5,0.02145207263498413,0.03409982001762605,-0.02145207263498413,0.8126742799087593,0.8297173311581505,0.9111607697082557,5,10,10,0.8734,0.8535,0.84,0.7918,0.7046,0.9071,0.874,0.8528,0.81,0.7046,6.706579752427185e-05,0.0001013191769537,4.605436417752773e-05,5.5264812776198e-05,33.2,32,5,33.2,r-derpp_sl12_st12_sp336_bu100_re0.5_al0.5_te0.5,,,,,,,,,,
yahoo-a3,vtcn-kl,gdumb,12,12,336,LITE,500.0,,,0.5,,,,0.02081783400966005,0.03973425806441518,-0.02081783400966005,0.8200655256979351,0.8349803385778308,0.9102063935443824,5,10,10,0.8734,0.8617,0.8492,0.7995,0.7166,0.9067,0.8723,0.8732,0.806,0.7166,5.737652765523503e-05,8.66811813635286e-05,3.940065046190284e-05,4.728053090162576e-05,28.4,30,5,28.4,r-gdumb_sl12_st12_sp336_bu500_re0.5,,,,,,,,,,
yahoo-a3,vtcn-kl,derpp,12,12,336,LITE,500.0,,,0.5,,0.5,0.5,0.021254412494721597,0.04306377106084205,-0.021254412494721597,0.8221839270518053,0.8362208226860087,0.9139121663563005,5,10,10,0.8734,0.8746,0.8454,0.8099,0.7077,0.908,0.8812,0.8692,0.8151,0.7077,6.47160419845658e-05,9.776930047250872e-05,4.444081116752285e-05,5.332848930498585e-05,32.0,30,5,32.0,r-derpp_sl12_st12_sp336_bu500_re0.5_al0.5_te0.5,,,,,,,,,,
yahoo-a3,vtcn-kl,strb,12,12,336,LITE,50.0,0.05,0.9,0.5,,,,0.03492558154799861,0.011028785965969212,-0.03492558154799861,0.8023709959232482,0.8288993535082444,0.9087973308504034,5,10,10,0.8734,0.7951,0.8191,0.8163,0.708,0.905,0.8623,0.8571,0.8121,0.708,4.834278546771112e-05,7.303351955915181e-05,3.319716504580962e-05,3.983635451334219e-05,23.9,30,5,23.9,r-strb_sl12_st12_sp336_bu50_no0.05_re0.9_re0.5,,,,,,,,,,
yahoo-a3,vtcn-kl,strb,12,12,336,LITE,50.0,0.2,0.9,0.5,,,,0.034532999833538816,0.005562922759941247,-0.034532999833538816,0.7975823037875999,0.8282861785377023,0.9080214152700187,5,10,10,0.8734,0.7951,0.817,0.7951,0.7074,0.9041,0.8616,0.8574,0.811,0.7074,4.684685606829679e-05,7.077355485099057e-05,3.216990873916075e-05,3.860364611182983e-05,23.2,30,5,23.2,r-strb_sl12_st12_sp336_bu50_no0.2_re0.9_re0.5,,,,,,,,,,
yahoo-a3,vtcn-kl,strb,12,12,336,LITE,100.0,0.05,0.9,0.5,,,,0.03263359136779137,0.004939397983050653,-0.03263359136779137,0.7972600281511363,0.8263575756560263,0.9096942892613284,5,10,10,0.8734,0.8038,0.8161,0.7911,0.702,0.9067,0.8599,0.8547,0.8085,0.702,4.45298068664747e-05,6.727308923727834e-05,3.0578787153353916e-05,3.6694302083924415e-05,22.0,30,5,22.0,r-strb_sl12_st12_sp336_bu100_no0.05_re0.9_re0.5,,,,,,,,,,
yahoo-a3,vtcn-kl,strb,12,12,336,LITE,100.0,0.2,0.9,0.5,,,,0.032728969417025765,0.006778970179847177,-0.032728969417025765,0.7983465495632693,0.8278164718249317,0.9100636250775915,5,10,10,0.8734,0.8038,0.8181,0.7914,0.7051,0.9071,0.8609,0.8566,0.8094,0.7051,4.46669754775686e-05,6.748031574159136e-05,3.067297962972791e-05,3.6807336111863455e-05,22.1,30,5,22.1,r-strb_sl12_st12_sp336_bu100_no0.2_re0.9_re0.5,,,,,,,,,,
yahoo-a3,vtcn-kl,strb,12,12,336,LITE,250.0,0.05,0.9,0.5,,,,0.025541661930373827,0.00393722042664788,-0.025541661930373827,0.7946797673356208,0.8188487560348501,0.9054205462445686,5,10,10,0.8734,0.8094,0.8156,0.7878,0.6873,0.9054,0.8529,0.8505,0.7982,0.6873,4.565874837371429e-05,6.897862959562593e-05,3.13540398731776e-05,3.762458972244834e-05,22.6,30,5,22.6,r-strb_sl12_st12_sp336_bu250_no0.05_re0.9_re0.5,,,,,,,,,,
yahoo-a3,vtcn-kl,strb,12,12,336,LITE,250.0,0.2,0.9,0.5,,,,0.025302254808103074,0.005081847024924336,-0.025302254808103074,0.7954724187945368,0.8190391781885749,0.9044397889509621,5,10,10,0.8734,0.8094,0.8166,0.7885,0.6895,0.9044,0.853,0.8508,0.7974,0.6895,4.306590219646062e-05,6.50615056614495e-05,2.957353802113276e-05,3.548796764031673e-05,21.3,30,5,21.3,r-strb_sl12_st12_sp336_bu250_no0.2_re0.9_re0.5,,,,,,,,,,
yahoo-a3,vtcn-kl,strb,12,12,336,LITE,500.0,0.05,0.9,0.5,,,,0.02097987432508013,0.0098732718289258,-0.02097987432508013,0.7992988941775137,0.8190427658449743,0.9052172563625078,5,10,10,0.8734,0.8292,0.8185,0.7859,0.6895,0.9039,0.8534,0.8495,0.7989,0.6895,4.380359230610998e-05,6.617596575162477e-05,3.0080092072279915e-05,3.609587367934485e-05,21.7,30,5,21.7,r-strb_sl12_st12_sp336_bu500_no0.05_re0.9_re0.5,,,,,,,,,,
yahoo-a3,vtcn-kl,strb,12,12,336,LITE,500.0,0.2,0.9,0.5,,,,0.02207415391709333,0.013647467940257941,-0.02207415391709333,0.8020195578065892,0.8208791639596518,0.906826505276226,5,10,10,0.8734,0.8292,0.8213,0.7913,0.6949,0.9051,0.8552,0.8523,0.7969,0.6949,4.338592647775324e-05,6.554498006990697e-05,2.9793288542552743e-05,3.575169152735422e-05,21.5,30,5,21.5,r-strb_sl12_st12_sp336_bu500_no0.2_re0.9_re0.5,,,,,,,,,,
yahoo-a3,vtcn-kl,strb,12,12,336,LITE,1000.0,0.05,0.9,0.5,,,,0.020950575196100597,0.024831227325829996,-0.020950575196100597,0.8093061088834455,0.8253439953125559,0.9092380509000622,5,10,10,0.8734,0.8449,0.8325,0.7959,0.6999,0.9087,0.8618,0.8611,0.7953,0.6999,4.453960398527841e-05,6.728789016488008e-05,3.058549710743439e-05,3.670239305744568e-05,22.0,30,5,22.0,r-strb_sl12_st12_sp336_bu1000_no0.05_re0.9_re0.5,,,,,,,,,,
yahoo-a3,vtcn-kl,strb,12,12,336,LITE,1000.0,0.2,0.9,0.5,,,,0.02078530030006105,0.025729773229520823,-0.02078530030006105,0.8102675433652541,0.8256863455214065,0.9077032898820608,5,10,10,0.8734,0.8449,0.835,0.7956,0.7025,0.9061,0.8634,0.8616,0.7948,0.7025,4.436132334012416e-05,6.701855394730552e-05,3.046309380766211e-05,3.65554601396434e-05,21.9,30,5,21.9,r-strb_sl12_st12_sp336_bu1000_no0.2_re0.9_re0.5,,,,,,,,,,
