model,regime,run_id,n_concepts,fwt_lopez_paz
gru,cumulative,r-cumulative_sl10_st10,5,0.1152892017690994
gru,cumulative,r-cumulative_sl12_st12,5,0.14938329116277083
gru,cumulative,r-cumulative_sl12_st6,5,0.1528508244007446
gru,cumulative,r-cumulative_sl16_st16,5,0.13395667873871664
gru,cumulative,r-cumulative_sl24_st12,5,0.1541379291120551
gru,cumulative,r-cumulative_sl48_st24,5,0.15352366826001151
gru,cumulative,r-cumulative_sl48_st48,5,0.11388212984761359
gru,cumulative,r-cumulative_sl6_st6,5,0.12714176260047072
gru,cumulative,r-cumulative_sl8_st4,5,0.09989899618015079
gru,cumulative,r-cumulative_sl8_st8,5,0.12710221945850692
lstm,cumulative,r-cumulative_sl10_st10,5,0.0851588020235115
lstm,cumulative,r-cumulative_sl12_st12,5,0.08957705859562552
lstm,cumulative,r-cumulative_sl12_st6,5,0.08217759587746314
lstm,cumulative,r-cumulative_sl16_st16,5,0.09898203052108431
lstm,cumulative,r-cumulative_sl24_st12,5,0.1186853292306722
lstm,cumulative,r-cumulative_sl48_st24,5,0.14571811281323369
lstm,cumulative,r-cumulative_sl48_st48,5,0.15304793385800863
lstm,cumulative,r-cumulative_sl6_st6,5,0.08653399324359391
lstm,cumulative,r-cumulative_sl8_st4,5,0.08321499085000669
lstm,cumulative,r-cumulative_sl8_st8,5,0.12007248255423736
tcn,cumulative,r-cumulative_sl10_st10,5,0.17998966238538172
tcn,cumulative,r-cumulative_sl12_st12,5,0.1694415556317979
tcn,cumulative,r-cumulative_sl12_st6,5,0.17225925112885598
tcn,cumulative,r-cumulative_sl16_st16,5,0.1677929525571971
tcn,cumulative,r-cumulative_sl24_st12,5,0.13821831991540728
tcn,cumulative,r-cumulative_sl48_st24,5,0.16957981497435634
tcn,cumulative,r-cumulative_sl48_st48,5,0.17420588269917645
tcn,cumulative,r-cumulative_sl6_st6,5,0.1590282023030311
tcn,cumulative,r-cumulative_sl8_st4,5,0.16184041157976337
tcn,cumulative,r-cumulative_sl8_st8,5,0.14374352288318964
vgru,cumulative,r-cumulative_sl10_st10,5,0.18326420745550595
vgru,cumulative,r-cumulative_sl12_st12,5,0.18323988564784915
vgru,cumulative,r-cumulative_sl12_st6,5,0.1829708354326395
vgru,cumulative,r-cumulative_sl16_st16,5,0.1833982249744503
vgru,cumulative,r-cumulative_sl24_st12,5,0.1823527528512144
vgru,cumulative,r-cumulative_sl48_st24,5,0.18365004323490502
vgru,cumulative,r-cumulative_sl48_st48,5,0.17951343976281003
vgru,cumulative,r-cumulative_sl6_st6,5,0.18252844072395819
vgru,cumulative,r-cumulative_sl8_st4,5,0.1832628847936306
vgru,cumulative,r-cumulative_sl8_st8,5,0.1834803095442544
vgru-kl,cumulative,r-cumulative_sl10_st10,5,0.16087347231935034
vgru-kl,cumulative,r-cumulative_sl12_st12,5,0.1664343455755871
vgru-kl,cumulative,r-cumulative_sl12_st6,5,0.1746077649101342
vgru-kl,cumulative,r-cumulative_sl16_st16,5,0.161690912627358
vgru-kl,cumulative,r-cumulative_sl24_st12,5,0.17234289723152474
vgru-kl,cumulative,r-cumulative_sl48_st24,5,0.18786720788242423
vgru-kl,cumulative,r-cumulative_sl48_st48,5,0.17028320248459242
vgru-kl,cumulative,r-cumulative_sl6_st6,5,0.1726860617499094
vgru-kl,cumulative,r-cumulative_sl8_st4,5,0.172758301674458
vgru-kl,cumulative,r-cumulative_sl8_st8,5,0.1670308332627762
vlstm,cumulative,r-cumulative_sl10_st10,5,0.18240030233351828
vlstm,cumulative,r-cumulative_sl12_st12,5,0.1831852376284383
vlstm,cumulative,r-cumulative_sl12_st6,5,0.18336199516832172
vlstm,cumulative,r-cumulative_sl16_st16,5,0.1832241623220807
vlstm,cumulative,r-cumulative_sl24_st12,5,0.1829716744802394
vlstm,cumulative,r-cumulative_sl48_st24,5,0.183657090717438
vlstm,cumulative,r-cumulative_sl48_st48,5,0.18295038004399172
vlstm,cumulative,r-cumulative_sl6_st6,5,0.1830859691623418
vlstm,cumulative,r-cumulative_sl8_st4,5,0.1834113732447517
vlstm,cumulative,r-cumulative_sl8_st8,5,0.18277419588978705
vlstm-kl,cumulative,r-cumulative_sl10_st10,5,0.16602785518979246
vlstm-kl,cumulative,r-cumulative_sl12_st12,5,0.17188117554488788
vlstm-kl,cumulative,r-cumulative_sl12_st6,5,0.16929999975437968
vlstm-kl,cumulative,r-cumulative_sl16_st16,5,0.1695331573376338
vlstm-kl,cumulative,r-cumulative_sl24_st12,5,0.1691266343402603
vlstm-kl,cumulative,r-cumulative_sl48_st24,5,0.1834851545067362
vlstm-kl,cumulative,r-cumulative_sl48_st48,5,0.19147091238653627
vlstm-kl,cumulative,r-cumulative_sl6_st6,5,0.17089815182436624
vlstm-kl,cumulative,r-cumulative_sl8_st4,5,0.17604613377596962
vlstm-kl,cumulative,r-cumulative_sl8_st8,5,0.16957533031660246
vtcn,cumulative,r-cumulative_sl10_st10,5,0.1830390112473323
vtcn,cumulative,r-cumulative_sl12_st12,5,0.18563844126208642
vtcn,cumulative,r-cumulative_sl12_st6,5,0.1809275191441222
vtcn,cumulative,r-cumulative_sl16_st16,5,0.1838443280271286
vtcn,cumulative,r-cumulative_sl24_st12,5,0.18380738856363132
vtcn,cumulative,r-cumulative_sl48_st24,5,0.18326006875772846
vtcn,cumulative,r-cumulative_sl48_st48,5,0.1816873491604168
vtcn,cumulative,r-cumulative_sl6_st6,5,0.18410366390384927
vtcn,cumulative,r-cumulative_sl8_st4,5,0.18458767780413116
vtcn,cumulative,r-cumulative_sl8_st8,5,0.18448342506146825
vtcn-kl,cumulative,r-cumulative_sl10_st10,5,0.15835162402680927
vtcn-kl,cumulative,r-cumulative_sl12_st12,5,0.16350270676986692
vtcn-kl,cumulative,r-cumulative_sl12_st6,5,0.15854227325091078
vtcn-kl,cumulative,r-cumulative_sl16_st16,5,0.16790462888971303
vtcn-kl,cumulative,r-cumulative_sl24_st12,5,0.1628607521407274
vtcn-kl,cumulative,r-cumulative_sl48_st24,5,0.16340640752216293
vtcn-kl,cumulative,r-cumulative_sl48_st48,5,0.17180178278161487
vtcn-kl,cumulative,r-cumulative_sl6_st6,5,0.16716418468180333
vtcn-kl,cumulative,r-cumulative_sl8_st4,5,0.16613457718829322
vtcn-kl,cumulative,r-cumulative_sl8_st8,5,0.16526526591213822
gru,derpp,r-derpp_sl10_st10_bu500_re0.5_al0.5_te0.5,5,0.1584787606507661
gru,derpp,r-derpp_sl12_st12_bu500_re0.5_al0.5_te0.5,5,0.13858371100846922
gru,derpp,r-derpp_sl16_st16_bu500_re0.5_al0.5_te0.5,5,0.13101374891891263
gru,derpp,r-derpp_sl24_st12_bu1000_re0.5_al0.5_te0.5,5,0.12995585771274007
gru,derpp,r-derpp_sl24_st12_bu100_re0.5_al0.5_te0.5,5,0.12824610940597644
gru,derpp,r-derpp_sl24_st12_bu2000_re0.5_al0.5_te0.5,5,0.13065036026115098
gru,derpp,r-derpp_sl24_st12_bu250_re0.5_al0.5_te0.5,5,0.1400952068537649
gru,derpp,r-derpp_sl24_st12_bu4000_re0.5_al0.5_te0.5,5,0.1349603588306215
gru,derpp,r-derpp_sl24_st12_bu500_re0.3_al0.5_te0.5,5,0.1120609333505087
gru,derpp,r-derpp_sl24_st12_bu500_re0.5_al0.1_te0.5,5,0.11170515743130063
gru,derpp,r-derpp_sl24_st12_bu500_re0.5_al0.5_te0.1,5,0.10299527626559929
gru,derpp,r-derpp_sl24_st12_bu500_re0.5_al0.5_te0.5,5,0.1078855204239065
gru,derpp,r-derpp_sl24_st12_bu500_re0.5_al0.5_te1.0,5,0.11369657652499465
gru,derpp,r-derpp_sl24_st12_bu500_re0.5_al1.0_te0.5,5,0.11406826529961228
gru,derpp,r-derpp_sl24_st12_bu500_re0.7_al0.5_te0.5,5,0.11387750937639879
gru,derpp,r-derpp_sl48_st48_bu500_re0.5_al0.5_te0.5,5,0.14359597160951373
gru,derpp,r-derpp_sl6_st6_bu500_re0.5_al0.5_te0.5,5,0.13633165924655521
gru,derpp,r-derpp_sl8_st8_bu500_re0.5_al0.5_te0.5,5,0.1352747569913985
lstm,derpp,r-derpp_sl10_st10_bu500_re0.5_al0.5_te0.5,5,0.09920696798100187
lstm,derpp,r-derpp_sl12_st12_bu500_re0.5_al0.5_te0.5,5,0.0856252628760547
lstm,derpp,r-derpp_sl16_st16_bu500_re0.5_al0.5_te0.5,5,0.09118190937713999
lstm,derpp,r-derpp_sl24_st12_bu1000_re0.5_al0.5_te0.5,5,0.06626151975777261
lstm,derpp,r-derpp_sl24_st12_bu100_re0.5_al0.5_te0.5,5,0.08873728164922812
lstm,derpp,r-derpp_sl24_st12_bu2000_re0.5_al0.5_te0.5,5,0.07377371576269247
lstm,derpp,r-derpp_sl24_st12_bu250_re0.5_al0.5_te0.5,5,0.0793781631996951
lstm,derpp,r-derpp_sl24_st12_bu4000_re0.5_al0.5_te0.5,5,0.08274960988048242
lstm,derpp,r-derpp_sl24_st12_bu500_re0.3_al0.5_te0.5,5,0.10426419029774925
lstm,derpp,r-derpp_sl24_st12_bu500_re0.5_al0.1_te0.5,5,0.09376114519630234
lstm,derpp,r-derpp_sl24_st12_bu500_re0.5_al0.5_te0.1,5,0.07277941979617747
lstm,derpp,r-derpp_sl24_st12_bu500_re0.5_al0.5_te0.5,5,0.09556502560652336
lstm,derpp,r-derpp_sl24_st12_bu500_re0.5_al0.5_te1.0,5,0.0835410335433324
lstm,derpp,r-derpp_sl24_st12_bu500_re0.5_al1.0_te0.5,5,0.08410948186858724
lstm,derpp,r-derpp_sl24_st12_bu500_re0.7_al0.5_te0.5,5,0.09111183937872448
lstm,derpp,r-derpp_sl48_st48_bu500_re0.5_al0.5_te0.5,5,0.12150045425659964
lstm,derpp,r-derpp_sl6_st6_bu500_re0.5_al0.5_te0.5,5,0.09513303489581315
lstm,derpp,r-derpp_sl8_st8_bu500_re0.5_al0.5_te0.5,5,0.12897710288456984
tcn,derpp,r-derpp_sl10_st10_bu500_re0.5_al0.5_te0.5,5,0.17809753904236791
tcn,derpp,r-derpp_sl12_st12_bu500_re0.5_al0.5_te0.5,5,0.16685898054304218
tcn,derpp,r-derpp_sl16_st16_bu500_re0.5_al0.5_te0.5,5,0.1837802266601075
tcn,derpp,r-derpp_sl24_st12_bu1000_re0.5_al0.5_te0.5,5,0.1786832150422843
tcn,derpp,r-derpp_sl24_st12_bu100_re0.5_al0.5_te0.5,5,0.1330293081513891
tcn,derpp,r-derpp_sl24_st12_bu2000_re0.5_al0.5_te0.5,5,0.18289356691524322
tcn,derpp,r-derpp_sl24_st12_bu250_re0.5_al0.5_te0.5,5,0.17187347492681243
tcn,derpp,r-derpp_sl24_st12_bu4000_re0.5_al0.5_te0.5,5,0.1842264513316806
tcn,derpp,r-derpp_sl24_st12_bu500_re0.3_al0.5_te0.5,5,0.18258144689073394
tcn,derpp,r-derpp_sl24_st12_bu500_re0.5_al0.1_te0.5,5,0.17707406058640374
tcn,derpp,r-derpp_sl24_st12_bu500_re0.5_al0.5_te0.1,5,0.18044340744946963
tcn,derpp,r-derpp_sl24_st12_bu500_re0.5_al0.5_te0.5,5,0.16671547258345812
tcn,derpp,r-derpp_sl24_st12_bu500_re0.5_al0.5_te1.0,5,0.20004087753079955
tcn,derpp,r-derpp_sl24_st12_bu500_re0.5_al1.0_te0.5,5,0.17632020487554714
tcn,derpp,r-derpp_sl24_st12_bu500_re0.7_al0.5_te0.5,5,0.1714425838056313
tcn,derpp,r-derpp_sl48_st48_bu500_re0.5_al0.5_te0.5,5,0.18806173412063748
tcn,derpp,r-derpp_sl6_st6_bu500_re0.5_al0.5_te0.5,5,0.14561647273362396
tcn,derpp,r-derpp_sl8_st8_bu500_re0.5_al0.5_te0.5,5,0.170938967405768
vgru,derpp,r-derpp_sl10_st10_bu500_re0.5_al0.5_te0.5,5,0.18302871455751066
vgru,derpp,r-derpp_sl12_st12_bu500_re0.5_al0.5_te0.5,5,0.18466294359137223
vgru,derpp,r-derpp_sl16_st16_bu500_re0.5_al0.5_te0.5,5,0.18245961006652595
vgru,derpp,r-derpp_sl24_st12_bu1000_re0.5_al0.5_te0.5,5,0.1831684738128336
vgru,derpp,r-derpp_sl24_st12_bu100_re0.5_al0.5_te0.5,5,0.18029177133584953
vgru,derpp,r-derpp_sl24_st12_bu2000_re0.5_al0.5_te0.5,5,0.18228177973482262
vgru,derpp,r-derpp_sl24_st12_bu250_re0.5_al0.5_te0.5,5,0.18234349968222494
vgru,derpp,r-derpp_sl24_st12_bu4000_re0.5_al0.5_te0.5,5,0.18182575335369838
vgru,derpp,r-derpp_sl24_st12_bu500_re0.3_al0.5_te0.5,5,0.18364729981898623
vgru,derpp,r-derpp_sl24_st12_bu500_re0.5_al0.1_te0.5,5,0.18284145256816745
vgru,derpp,r-derpp_sl24_st12_bu500_re0.5_al0.5_te0.1,5,0.18319432735953364
vgru,derpp,r-derpp_sl24_st12_bu500_re0.5_al0.5_te0.5,5,0.18305995564649322
vgru,derpp,r-derpp_sl24_st12_bu500_re0.5_al0.5_te1.0,5,0.18297257290946758
vgru,derpp,r-derpp_sl24_st12_bu500_re0.5_al1.0_te0.5,5,0.18316002167406686
vgru,derpp,r-derpp_sl24_st12_bu500_re0.7_al0.5_te0.5,5,0.18333365105748503
vgru,derpp,r-derpp_sl48_st48_bu500_re0.5_al0.5_te0.5,5,0.18350080277281602
vgru,derpp,r-derpp_sl6_st6_bu500_re0.5_al0.5_te0.5,5,0.18396387077619925
vgru,derpp,r-derpp_sl8_st8_bu500_re0.5_al0.5_te0.5,5,0.1827688022785727
vgru-kl,derpp,r-derpp_sl10_st10_bu500_re0.5_al0.5_te0.5,5,0.17597495124907353
vgru-kl,derpp,r-derpp_sl12_st12_bu500_re0.5_al0.5_te0.5,5,0.1860026149266775
vgru-kl,derpp,r-derpp_sl16_st16_bu500_re0.5_al0.5_te0.5,5,0.17273077473034867
vgru-kl,derpp,r-derpp_sl24_st12_bu1000_re0.5_al0.5_te0.5,5,0.18077117282900573
vgru-kl,derpp,r-derpp_sl24_st12_bu100_re0.5_al0.5_te0.5,5,0.16757329700808007
vgru-kl,derpp,r-derpp_sl24_st12_bu2000_re0.5_al0.5_te0.5,5,0.18092902505994352
vgru-kl,derpp,r-derpp_sl24_st12_bu250_re0.5_al0.5_te0.5,5,0.18796806958809065
vgru-kl,derpp,r-derpp_sl24_st12_bu4000_re0.5_al0.5_te0.5,5,0.17144129579971892
vgru-kl,derpp,r-derpp_sl24_st12_bu500_re0.3_al0.5_te0.5,5,0.1881835515889784
vgru-kl,derpp,r-derpp_sl24_st12_bu500_re0.5_al0.1_te0.5,5,0.18681808012603235
vgru-kl,derpp,r-derpp_sl24_st12_bu500_re0.5_al0.5_te0.1,5,0.18727191046112177
vgru-kl,derpp,r-derpp_sl24_st12_bu500_re0.5_al0.5_te0.5,5,0.18527683575488024
vgru-kl,derpp,r-derpp_sl24_st12_bu500_re0.5_al0.5_te1.0,5,0.1748722503710285
vgru-kl,derpp,r-derpp_sl24_st12_bu500_re0.5_al1.0_te0.5,5,0.18803945116081772
vgru-kl,derpp,r-derpp_sl24_st12_bu500_re0.7_al0.5_te0.5,5,0.18134946116188536
vgru-kl,derpp,r-derpp_sl48_st48_bu500_re0.5_al0.5_te0.5,5,0.16510112094787693
vgru-kl,derpp,r-derpp_sl6_st6_bu500_re0.5_al0.5_te0.5,5,0.1757267568610198
vgru-kl,derpp,r-derpp_sl8_st8_bu500_re0.5_al0.5_te0.5,5,0.16643931630354
vlstm,derpp,r-derpp_sl10_st10_bu500_re0.5_al0.5_te0.5,5,0.18267563183432184
vlstm,derpp,r-derpp_sl12_st12_bu500_re0.5_al0.5_te0.5,5,0.18367650884528414
vlstm,derpp,r-derpp_sl16_st16_bu500_re0.5_al0.5_te0.5,5,0.18268238469912595
vlstm,derpp,r-derpp_sl24_st12_bu1000_re0.5_al0.5_te0.5,5,0.18336195598812216
vlstm,derpp,r-derpp_sl24_st12_bu100_re0.5_al0.5_te0.5,5,0.18151278735370582
vlstm,derpp,r-derpp_sl24_st12_bu2000_re0.5_al0.5_te0.5,5,0.18312295008415466
vlstm,derpp,r-derpp_sl24_st12_bu250_re0.5_al0.5_te0.5,5,0.18277917689392703
vlstm,derpp,r-derpp_sl24_st12_bu4000_re0.5_al0.5_te0.5,5,0.1828280268413012
vlstm,derpp,r-derpp_sl24_st12_bu500_re0.3_al0.5_te0.5,5,0.1837983440684123
vlstm,derpp,r-derpp_sl24_st12_bu500_re0.5_al0.1_te0.5,5,0.18326596921571184
vlstm,derpp,r-derpp_sl24_st12_bu500_re0.5_al0.5_te0.1,5,0.1833853309622796
vlstm,derpp,r-derpp_sl24_st12_bu500_re0.5_al0.5_te0.5,5,0.18331995296732537
vlstm,derpp,r-derpp_sl24_st12_bu500_re0.5_al0.5_te1.0,5,0.1832749088495894
vlstm,derpp,r-derpp_sl24_st12_bu500_re0.5_al1.0_te0.5,5,0.18338193188811672
vlstm,derpp,r-derpp_sl24_st12_bu500_re0.7_al0.5_te0.5,5,0.18381693351481554
vlstm,derpp,r-derpp_sl48_st48_bu500_re0.5_al0.5_te0.5,5,0.18478529488904716
vlstm,derpp,r-derpp_sl6_st6_bu500_re0.5_al0.5_te0.5,5,0.18365152956272424
vlstm,derpp,r-derpp_sl8_st8_bu500_re0.5_al0.5_te0.5,5,0.18218535950297993
vlstm-kl,derpp,r-derpp_sl10_st10_bu500_re0.5_al0.5_te0.5,5,0.15858731303626616
vlstm-kl,derpp,r-derpp_sl12_st12_bu500_re0.5_al0.5_te0.5,5,0.17489780036239463
vlstm-kl,derpp,r-derpp_sl16_st16_bu500_re0.5_al0.5_te0.5,5,0.17315624374332664
vlstm-kl,derpp,r-derpp_sl24_st12_bu1000_re0.5_al0.5_te0.5,5,0.16960707621342294
vlstm-kl,derpp,r-derpp_sl24_st12_bu100_re0.5_al0.5_te0.5,5,0.17546529865792404
vlstm-kl,derpp,r-derpp_sl24_st12_bu2000_re0.5_al0.5_te0.5,5,0.17308924711962126
vlstm-kl,derpp,r-derpp_sl24_st12_bu250_re0.5_al0.5_te0.5,5,0.18488768608023473
vlstm-kl,derpp,r-derpp_sl24_st12_bu4000_re0.5_al0.5_te0.5,5,0.16290157757391371
vlstm-kl,derpp,r-derpp_sl24_st12_bu500_re0.3_al0.5_te0.5,5,0.17630549972056173
vlstm-kl,derpp,r-derpp_sl24_st12_bu500_re0.5_al0.1_te0.5,5,0.16069655247991183
vlstm-kl,derpp,r-derpp_sl24_st12_bu500_re0.5_al0.5_te0.1,5,0.17989882619757255
vlstm-kl,derpp,r-derpp_sl24_st12_bu500_re0.5_al0.5_te0.5,5,0.16692458671221533
vlstm-kl,derpp,r-derpp_sl24_st12_bu500_re0.5_al0.5_te1.0,5,0.16568595784044882
vlstm-kl,derpp,r-derpp_sl24_st12_bu500_re0.5_al1.0_te0.5,5,0.16281565249701738
vlstm-kl,derpp,r-derpp_sl24_st12_bu500_re0.7_al0.5_te0.5,5,0.16156521963021553
vlstm-kl,derpp,r-derpp_sl48_st48_bu500_re0.5_al0.5_te0.5,5,0.18155049699228504
vlstm-kl,derpp,r-derpp_sl6_st6_bu500_re0.5_al0.5_te0.5,5,0.18586662989433556
vlstm-kl,derpp,r-derpp_sl8_st8_bu500_re0.5_al0.5_te0.5,5,0.1831889990227299
vtcn,derpp,r-derpp_sl10_st10_bu500_re0.5_al0.5_te0.5,5,0.18231926391732745
vtcn,derpp,r-derpp_sl12_st12_bu500_re0.5_al0.5_te0.5,5,0.18470027599995653
vtcn,derpp,r-derpp_sl16_st16_bu500_re0.5_al0.5_te0.5,5,0.1821081589428691
vtcn,derpp,r-derpp_sl24_st12_bu1000_re0.5_al0.5_te0.5,5,0.18310147409044553
vtcn,derpp,r-derpp_sl24_st12_bu100_re0.5_al0.5_te0.5,5,0.1808097253237643
vtcn,derpp,r-derpp_sl24_st12_bu2000_re0.5_al0.5_te0.5,5,0.18274344519611427
vtcn,derpp,r-derpp_sl24_st12_bu250_re0.5_al0.5_te0.5,5,0.18199395514528524
vtcn,derpp,r-derpp_sl24_st12_bu4000_re0.5_al0.5_te0.5,5,0.18182550708211154
vtcn,derpp,r-derpp_sl24_st12_bu500_re0.3_al0.5_te0.5,5,0.18392206002909234
vtcn,derpp,r-derpp_sl24_st12_bu500_re0.5_al0.1_te0.5,5,0.18492952602746973
vtcn,derpp,r-derpp_sl24_st12_bu500_re0.5_al0.5_te0.1,5,0.18439651103961016
vtcn,derpp,r-derpp_sl24_st12_bu500_re0.5_al0.5_te0.5,5,0.18469136145288112
vtcn,derpp,r-derpp_sl24_st12_bu500_re0.5_al0.5_te1.0,5,0.18323593419285872
vtcn,derpp,r-derpp_sl24_st12_bu500_re0.5_al1.0_te0.5,5,0.18252308669932465
vtcn,derpp,r-derpp_sl24_st12_bu500_re0.7_al0.5_te0.5,5,0.18411092445118207
vtcn,derpp,r-derpp_sl48_st48_bu500_re0.5_al0.5_te0.5,5,0.18543751939677341
vtcn,derpp,r-derpp_sl6_st6_bu500_re0.5_al0.5_te0.5,5,0.18491756219142852
vtcn,derpp,r-derpp_sl8_st8_bu500_re0.5_al0.5_te0.5,5,0.18149763038930578
vtcn-kl,derpp,r-derpp_sl10_st10_bu500_re0.5_al0.5_te0.5,5,0.17058532142470817
vtcn-kl,derpp,r-derpp_sl12_st12_bu500_re0.5_al0.5_te0.5,5,0.18062847827987666
vtcn-kl,derpp,r-derpp_sl16_st16_bu500_re0.5_al0.5_te0.5,5,0.16618175216987102
vtcn-kl,derpp,r-derpp_sl24_st12_bu1000_re0.5_al0.5_te0.5,5,0.14952732054876053
vtcn-kl,derpp,r-derpp_sl24_st12_bu100_re0.5_al0.5_te0.5,5,0.15985396840361799
vtcn-kl,derpp,r-derpp_sl24_st12_bu2000_re0.5_al0.5_te0.5,5,0.1608773996064133
vtcn-kl,derpp,r-derpp_sl24_st12_bu250_re0.5_al0.5_te0.5,5,0.17124855207021444
vtcn-kl,derpp,r-derpp_sl24_st12_bu4000_re0.5_al0.5_te0.5,5,0.16247955787232976
vtcn-kl,derpp,r-derpp_sl24_st12_bu500_re0.3_al0.5_te0.5,5,0.1779432159546672
vtcn-kl,derpp,r-derpp_sl24_st12_bu500_re0.5_al0.1_te0.5,5,0.15893056218901577
vtcn-kl,derpp,r-derpp_sl24_st12_bu500_re0.5_al0.5_te0.1,5,0.16825429118692392
vtcn-kl,derpp,r-derpp_sl24_st12_bu500_re0.5_al0.5_te0.5,5,0.15823610041657613
vtcn-kl,derpp,r-derpp_sl24_st12_bu500_re0.5_al0.5_te1.0,5,0.16499899719378702
vtcn-kl,derpp,r-derpp_sl24_st12_bu500_re0.5_al1.0_te0.5,5,0.1706835479034454
vtcn-kl,derpp,r-derpp_sl24_st12_bu500_re0.7_al0.5_te0.5,5,0.15031425132637802
vtcn-kl,derpp,r-derpp_sl48_st48_bu500_re0.5_al0.5_te0.5,5,0.16047063750247023
vtcn-kl,derpp,r-derpp_sl6_st6_bu500_re0.5_al0.5_te0.5,5,0.16735036655493793
vtcn-kl,derpp,r-derpp_sl8_st8_bu500_re0.5_al0.5_te0.5,5,0.17172199215575035
gru,ewc,r-ewc_sl10_st10_la1000,5,0.15572688501999193
gru,ewc,r-ewc_sl12_st12_la1000,5,0.16131277763574484
gru,ewc,r-ewc_sl12_st6_la1000,5,0.1457519853966729
gru,ewc,r-ewc_sl16_st16_la1000,5,0.1394382925758167
gru,ewc,r-ewc_sl24_st12_la100,5,0.10725774704033056
gru,ewc,r-ewc_sl24_st12_la1000,5,0.10600514364548455
gru,ewc,r-ewc_sl24_st12_la10000,5,0.12491735744932603
gru,ewc,r-ewc_sl24_st12_la500,5,0.10639509107819103
gru,ewc,r-ewc_sl24_st12_la5000,5,0.1229592327295167
gru,ewc,r-ewc_sl48_st24_la1000,5,0.15752875302790914
gru,ewc,r-ewc_sl48_st48_la1000,5,0.10978175884763267
gru,ewc,r-ewc_sl6_st6_la1000,5,0.1323866941065961
gru,ewc,r-ewc_sl8_st4_la1000,5,0.15972936553251738
gru,ewc,r-ewc_sl8_st8_la1000,5,0.1294435189656242
lstm,ewc,r-ewc_sl10_st10_la1000,5,0.10730748805839183
lstm,ewc,r-ewc_sl12_st12_la1000,5,0.0895290485386257
lstm,ewc,r-ewc_sl12_st6_la1000,5,0.11520048408187798
lstm,ewc,r-ewc_sl16_st16_la1000,5,0.1344036975228398
lstm,ewc,r-ewc_sl24_st12_la100,5,0.06240806655869402
lstm,ewc,r-ewc_sl24_st12_la1000,5,0.10513471813112138
lstm,ewc,r-ewc_sl24_st12_la10000,5,0.06051654967453264
lstm,ewc,r-ewc_sl24_st12_la500,5,0.04730311009550077
lstm,ewc,r-ewc_sl24_st12_la5000,5,0.10144021964276043
lstm,ewc,r-ewc_sl48_st24_la1000,5,0.0967176576877895
lstm,ewc,r-ewc_sl48_st48_la1000,5,0.15532045818970325
lstm,ewc,r-ewc_sl6_st6_la1000,5,0.08298111459074886
lstm,ewc,r-ewc_sl8_st4_la1000,5,0.12398337395019263
lstm,ewc,r-ewc_sl8_st8_la1000,5,0.13449938667846767
tcn,ewc,r-ewc_sl10_st10_la1000,5,0.16426073063480415
tcn,ewc,r-ewc_sl12_st12_la1000,5,0.16816660341377568
tcn,ewc,r-ewc_sl12_st6_la1000,5,0.16033375205194686
tcn,ewc,r-ewc_sl16_st16_la1000,5,0.1660313261165943
tcn,ewc,r-ewc_sl24_st12_la100,5,0.15839533787094523
tcn,ewc,r-ewc_sl24_st12_la1000,5,0.15654268285084907
tcn,ewc,r-ewc_sl24_st12_la10000,5,0.18307232219096342
tcn,ewc,r-ewc_sl24_st12_la500,5,0.15615240177729647
tcn,ewc,r-ewc_sl24_st12_la5000,5,0.16909808749335467
tcn,ewc,r-ewc_sl48_st24_la1000,5,0.1683628183064968
tcn,ewc,r-ewc_sl48_st48_la1000,5,0.1649817383385733
tcn,ewc,r-ewc_sl6_st6_la1000,5,0.17045538504671112
tcn,ewc,r-ewc_sl8_st4_la1000,5,0.15624554619556139
tcn,ewc,r-ewc_sl8_st8_la1000,5,0.16521438183184012
vgru,ewc,r-ewc_sl10_st10_la1000,5,0.18255912645529757
vgru,ewc,r-ewc_sl12_st12_la1000,5,0.18238128485548605
vgru,ewc,r-ewc_sl12_st6_la1000,5,0.18281484324442562
vgru,ewc,r-ewc_sl16_st16_la1000,5,0.1829225978719739
vgru,ewc,r-ewc_sl24_st12_la100,5,0.1823496610648797
vgru,ewc,r-ewc_sl24_st12_la1000,5,0.18228476781140118
vgru,ewc,r-ewc_sl24_st12_la10000,5,0.18246071401779473
vgru,ewc,r-ewc_sl24_st12_la500,5,0.18231026164036182
vgru,ewc,r-ewc_sl24_st12_la5000,5,0.18235143086485053
vgru,ewc,r-ewc_sl48_st24_la1000,5,0.18403307951817918
vgru,ewc,r-ewc_sl48_st48_la1000,5,0.1853502388395912
vgru,ewc,r-ewc_sl6_st6_la1000,5,0.18219034016658628
vgru,ewc,r-ewc_sl8_st4_la1000,5,0.1837234197646396
vgru,ewc,r-ewc_sl8_st8_la1000,5,0.18448762183685477
vgru-kl,ewc,r-ewc_sl10_st10_la1000,5,0.11694627837531396
vgru-kl,ewc,r-ewc_sl12_st12_la1000,5,0.08037420903498677
vgru-kl,ewc,r-ewc_sl12_st6_la1000,5,0.1037204438505284
vgru-kl,ewc,r-ewc_sl16_st16_la1000,5,0.09585439710424615
vgru-kl,ewc,r-ewc_sl24_st12_la100,5,0.1386474464451682
vgru-kl,ewc,r-ewc_sl24_st12_la1000,5,0.1269540761443709
vgru-kl,ewc,r-ewc_sl24_st12_la10000,5,0.09891085162532695
vgru-kl,ewc,r-ewc_sl24_st12_la500,5,0.1302045528657188
vgru-kl,ewc,r-ewc_sl24_st12_la5000,5,0.12594714007184454
vgru-kl,ewc,r-ewc_sl48_st24_la1000,5,0.10783064598276652
vgru-kl,ewc,r-ewc_sl48_st48_la1000,5,0.11372874351815362
vgru-kl,ewc,r-ewc_sl6_st6_la1000,5,0.1144139290993437
vgru-kl,ewc,r-ewc_sl8_st4_la1000,5,0.09394983640105897
vgru-kl,ewc,r-ewc_sl8_st8_la1000,5,0.11575114131624989
vlstm,ewc,r-ewc_sl10_st10_la1000,5,0.18235346921810583
vlstm,ewc,r-ewc_sl12_st12_la1000,5,0.18294594609358023
vlstm,ewc,r-ewc_sl12_st6_la1000,5,0.18298264347945375
vlstm,ewc,r-ewc_sl16_st16_la1000,5,0.18315423619880522
vlstm,ewc,r-ewc_sl24_st12_la100,5,0.18331129756856163
vlstm,ewc,r-ewc_sl24_st12_la1000,5,0.1832982741530904
vlstm,ewc,r-ewc_sl24_st12_la10000,5,0.1832297061626543
vlstm,ewc,r-ewc_sl24_st12_la500,5,0.18330516780402553
vlstm,ewc,r-ewc_sl24_st12_la5000,5,0.18326007897198665
vlstm,ewc,r-ewc_sl48_st24_la1000,5,0.18401131292566567
vlstm,ewc,r-ewc_sl48_st48_la1000,5,0.18439060155855053
vlstm,ewc,r-ewc_sl6_st6_la1000,5,0.18262846948076436
vlstm,ewc,r-ewc_sl8_st4_la1000,5,0.18307154933644196
vlstm,ewc,r-ewc_sl8_st8_la1000,5,0.1831919622453321
vlstm-kl,ewc,r-ewc_sl10_st10_la1000,5,0.09036250299850979
vlstm-kl,ewc,r-ewc_sl12_st12_la1000,5,0.10869252860727224
vlstm-kl,ewc,r-ewc_sl12_st6_la1000,5,0.09353150202357921
vlstm-kl,ewc,r-ewc_sl16_st16_la1000,5,0.056189361316574093
vlstm-kl,ewc,r-ewc_sl24_st12_la100,5,0.08852433100130166
vlstm-kl,ewc,r-ewc_sl24_st12_la1000,5,0.10379605531738614
vlstm-kl,ewc,r-ewc_sl24_st12_la10000,5,0.09176794277609668
vlstm-kl,ewc,r-ewc_sl24_st12_la500,5,0.09332368088309026
vlstm-kl,ewc,r-ewc_sl24_st12_la5000,5,0.09816746233461973
vlstm-kl,ewc,r-ewc_sl48_st24_la1000,5,0.16055220940309672
vlstm-kl,ewc,r-ewc_sl48_st48_la1000,5,0.11347569065034477
vlstm-kl,ewc,r-ewc_sl6_st6_la1000,5,0.10411746898998203
vlstm-kl,ewc,r-ewc_sl8_st4_la1000,5,0.11115154037027988
vlstm-kl,ewc,r-ewc_sl8_st8_la1000,5,0.08260641421347872
vtcn,ewc,r-ewc_sl10_st10_la1000,5,0.18074270862897304
vtcn,ewc,r-ewc_sl12_st12_la1000,5,0.18241351915915882
vtcn,ewc,r-ewc_sl12_st6_la1000,5,0.1819379793264675
vtcn,ewc,r-ewc_sl16_st16_la1000,5,0.18243422457954447
vtcn,ewc,r-ewc_sl24_st12_la100,5,0.18308822497134433
vtcn,ewc,r-ewc_sl24_st12_la1000,5,0.18143880712559488
vtcn,ewc,r-ewc_sl24_st12_la10000,5,0.1820628660552816
vtcn,ewc,r-ewc_sl24_st12_la500,5,0.18323051576460833
vtcn,ewc,r-ewc_sl24_st12_la5000,5,0.18181621989703928
vtcn,ewc,r-ewc_sl48_st24_la1000,5,0.18340191569975733
vtcn,ewc,r-ewc_sl48_st48_la1000,5,0.1856085016823635
vtcn,ewc,r-ewc_sl6_st6_la1000,5,0.18210586882473104
vtcn,ewc,r-ewc_sl8_st4_la1000,5,0.18468099922700348
vtcn,ewc,r-ewc_sl8_st8_la1000,5,0.18826443910989665
vtcn-kl,ewc,r-ewc_sl10_st10_la1000,5,0.1394346883515681
vtcn-kl,ewc,r-ewc_sl12_st12_la1000,5,0.13144969978659812
vtcn-kl,ewc,r-ewc_sl12_st6_la1000,5,0.13408670176091217
vtcn-kl,ewc,r-ewc_sl16_st16_la1000,5,0.1669559743640387
vtcn-kl,ewc,r-ewc_sl24_st12_la100,5,0.1569586386680923
vtcn-kl,ewc,r-ewc_sl24_st12_la1000,5,0.11989880323805717
vtcn-kl,ewc,r-ewc_sl24_st12_la10000,5,0.1530619543931642
vtcn-kl,ewc,r-ewc_sl24_st12_la500,5,0.1372350336902041
vtcn-kl,ewc,r-ewc_sl24_st12_la5000,5,0.13129053593059606
vtcn-kl,ewc,r-ewc_sl48_st24_la1000,5,0.18055492210654775
vtcn-kl,ewc,r-ewc_sl48_st48_la1000,5,0.16645647312001816
vtcn-kl,ewc,r-ewc_sl6_st6_la1000,5,0.12288860855194295
vtcn-kl,ewc,r-ewc_sl8_st4_la1000,5,0.14850071763828296
vtcn-kl,ewc,r-ewc_sl8_st8_la1000,5,0.15461090264811553
gru,experts,r-experts_sl10_st10,5,0.12243484728269291
gru,experts,r-experts_sl12_st12,5,0.1271800517670031
gru,experts,r-experts_sl12_st6,5,0.15007914951862045
gru,experts,r-experts_sl16_st16,5,0.08920983709146807
gru,experts,r-experts_sl24_st12,5,0.11450867922015151
gru,experts,r-experts_sl48_st24,5,0.1158253171774127
gru,experts,r-experts_sl48_st48,5,0.10641166388235246
gru,experts,r-experts_sl6_st6,5,0.12066189356749449
gru,experts,r-experts_sl8_st4,5,0.10934076585695574
gru,experts,r-experts_sl8_st8,5,0.1176207588338532
lstm,experts,r-experts_sl10_st10,5,0.07895843520655478
lstm,experts,r-experts_sl12_st12,5,0.10505994137182842
lstm,experts,r-experts_sl12_st6,5,0.0999572290418396
lstm,experts,r-experts_sl16_st16,5,0.08662360412308528
lstm,experts,r-experts_sl24_st12,5,0.08054438942249782
lstm,experts,r-experts_sl48_st24,5,0.09789980047970567
lstm,experts,r-experts_sl48_st48,5,0.10335565299795493
lstm,experts,r-experts_sl6_st6,5,0.06011111520168788
lstm,experts,r-experts_sl8_st4,5,0.06762616955243675
lstm,experts,r-experts_sl8_st8,5,0.10161243549077006
tcn,experts,r-experts_sl10_st10,5,0.15219968779169205
tcn,experts,r-experts_sl12_st12,5,0.17219638574271143
tcn,experts,r-experts_sl12_st6,5,0.14083348796996265
tcn,experts,r-experts_sl16_st16,5,0.17592349219232717
tcn,experts,r-experts_sl24_st12,5,0.167855047576027
tcn,experts,r-experts_sl48_st24,5,0.1480444738816614
tcn,experts,r-experts_sl48_st48,5,0.16631514391370528
tcn,experts,r-experts_sl6_st6,5,0.1638595007213726
tcn,experts,r-experts_sl8_st4,5,0.1218513948455821
tcn,experts,r-experts_sl8_st8,5,0.1863943127275566
vgru,experts,r-experts_sl10_st10,5,0.18316928123778717
vgru,experts,r-experts_sl12_st12,5,0.18280465809046462
vgru,experts,r-experts_sl12_st6,5,0.18294203617923951
vgru,experts,r-experts_sl16_st16,5,0.18323587085243248
vgru,experts,r-experts_sl24_st12,5,0.18360812734618662
vgru,experts,r-experts_sl48_st24,5,0.1814094164071602
vgru,experts,r-experts_sl48_st48,5,0.1841638515772341
vgru,experts,r-experts_sl6_st6,5,0.18316956073935325
vgru,experts,r-experts_sl8_st4,5,0.18429353458274103
vgru,experts,r-experts_sl8_st8,5,0.18391120394875443
vgru-kl,experts,r-experts_sl10_st10,5,0.16580526331701198
vgru-kl,experts,r-experts_sl12_st12,5,0.17278071674913792
vgru-kl,experts,r-experts_sl12_st6,5,0.17386884870792355
vgru-kl,experts,r-experts_sl16_st16,5,0.17014944390801454
vgru-kl,experts,r-experts_sl24_st12,5,0.1671058513018123
vgru-kl,experts,r-experts_sl48_st24,5,0.18395497977249195
vgru-kl,experts,r-experts_sl48_st48,5,0.1906889291243886
vgru-kl,experts,r-experts_sl6_st6,5,0.1713536333865485
vgru-kl,experts,r-experts_sl8_st4,5,0.16955164461328287
vgru-kl,experts,r-experts_sl8_st8,5,0.16875195480595945
vlstm,experts,r-experts_sl10_st10,5,0.18359712698133307
vlstm,experts,r-experts_sl12_st12,5,0.1829591929539861
vlstm,experts,r-experts_sl12_st6,5,0.18357405098920818
vlstm,experts,r-experts_sl16_st16,5,0.18203285756904442
vlstm,experts,r-experts_sl24_st12,5,0.18335127974174245
vlstm,experts,r-experts_sl48_st24,5,0.18422891812576275
vlstm,experts,r-experts_sl48_st48,5,0.18525201377895448
vlstm,experts,r-experts_sl6_st6,5,0.18239428491525378
vlstm,experts,r-experts_sl8_st4,5,0.18340158577016083
vlstm,experts,r-experts_sl8_st8,5,0.18294173757261994
vlstm-kl,experts,r-experts_sl10_st10,5,0.1576288103003862
vlstm-kl,experts,r-experts_sl12_st12,5,0.1703075920324791
vlstm-kl,experts,r-experts_sl12_st6,5,0.1710961399929275
vlstm-kl,experts,r-experts_sl16_st16,5,0.17842484420844493
vlstm-kl,experts,r-experts_sl24_st12,5,0.18240326946566354
vlstm-kl,experts,r-experts_sl48_st24,5,0.1824236709212156
vlstm-kl,experts,r-experts_sl48_st48,5,0.19495020481469424
vlstm-kl,experts,r-experts_sl6_st6,5,0.17644869043431996
vlstm-kl,experts,r-experts_sl8_st4,5,0.17950129609642124
vlstm-kl,experts,r-experts_sl8_st8,5,0.15992012963990182
vtcn,experts,r-experts_sl10_st10,5,0.1858586505143122
vtcn,experts,r-experts_sl12_st12,5,0.18245256033118296
vtcn,experts,r-experts_sl12_st6,5,0.18753857586239459
vtcn,experts,r-experts_sl16_st16,5,0.18207739122638553
vtcn,experts,r-experts_sl24_st12,5,0.18759105542313934
vtcn,experts,r-experts_sl48_st24,5,0.18484183682276678
vtcn,experts,r-experts_sl48_st48,5,0.18466416593074989
vtcn,experts,r-experts_sl6_st6,5,0.18072474757830329
vtcn,experts,r-experts_sl8_st4,5,0.18412715442598152
vtcn,experts,r-experts_sl8_st8,5,0.1882133100024389
vtcn-kl,experts,r-experts_sl10_st10,5,0.17093672742824356
vtcn-kl,experts,r-experts_sl12_st12,5,0.1871996705593045
vtcn-kl,experts,r-experts_sl12_st6,5,0.16863811243186536
vtcn-kl,experts,r-experts_sl16_st16,5,0.1757993826384074
vtcn-kl,experts,r-experts_sl24_st12,5,0.1821219473019095
vtcn-kl,experts,r-experts_sl48_st24,5,0.17398226177097148
vtcn-kl,experts,r-experts_sl48_st48,5,0.18576864159646533
vtcn-kl,experts,r-experts_sl6_st6,5,0.16803651989262272
vtcn-kl,experts,r-experts_sl8_st4,5,0.16465664837888055
vtcn-kl,experts,r-experts_sl8_st8,5,0.17473137832424657
gru,gdumb,r-gdumb_sl10_st10_bu500_re0.5,5,0.10968222957009292
gru,gdumb,r-gdumb_sl12_st12_bu500_re0.5,5,0.12361483129754242
gru,gdumb,r-gdumb_sl16_st16_bu500_re0.5,5,0.1485292631981412
gru,gdumb,r-gdumb_sl24_st12_bu1000_re0.5,5,0.1536015726396782
gru,gdumb,r-gdumb_sl24_st12_bu100_re0.5,5,0.12536661937020724
gru,gdumb,r-gdumb_sl24_st12_bu2000_re0.5,5,0.1369482590081095
gru,gdumb,r-gdumb_sl24_st12_bu250_re0.5,5,0.12353900864398898
gru,gdumb,r-gdumb_sl24_st12_bu4000_re0.5,5,0.11836554349688069
gru,gdumb,r-gdumb_sl24_st12_bu500_re0.3,5,0.13618423650854533
gru,gdumb,r-gdumb_sl24_st12_bu500_re0.5,5,0.16372868365075594
gru,gdumb,r-gdumb_sl24_st12_bu500_re0.7,5,0.13509382071693113
gru,gdumb,r-gdumb_sl48_st48_bu500_re0.5,5,0.13001379725020284
gru,gdumb,r-gdumb_sl6_st6_bu500_re0.5,5,0.1491669850593645
gru,gdumb,r-gdumb_sl8_st8_bu500_re0.5,5,0.12918586106082264
lstm,gdumb,r-gdumb_sl10_st10_bu500_re0.5,5,0.07093792143882761
lstm,gdumb,r-gdumb_sl12_st12_bu500_re0.5,5,0.09592610784424334
lstm,gdumb,r-gdumb_sl16_st16_bu500_re0.5,5,0.11514906178822051
lstm,gdumb,r-gdumb_sl24_st12_bu1000_re0.5,5,0.08918008376758124
lstm,gdumb,r-gdumb_sl24_st12_bu100_re0.5,5,0.08565724948917644
lstm,gdumb,r-gdumb_sl24_st12_bu2000_re0.5,5,0.10888340168267645
lstm,gdumb,r-gdumb_sl24_st12_bu250_re0.5,5,0.08812007129647229
lstm,gdumb,r-gdumb_sl24_st12_bu4000_re0.5,5,0.0947993219450875
lstm,gdumb,r-gdumb_sl24_st12_bu500_re0.3,5,0.10024669417084847
lstm,gdumb,r-gdumb_sl24_st12_bu500_re0.5,5,0.10710095457515073
lstm,gdumb,r-gdumb_sl24_st12_bu500_re0.7,5,0.10327770650241919
lstm,gdumb,r-gdumb_sl48_st48_bu500_re0.5,5,0.144528129364062
lstm,gdumb,r-gdumb_sl6_st6_bu500_re0.5,5,0.11202412963278702
lstm,gdumb,r-gdumb_sl8_st8_bu500_re0.5,5,0.12853633560129354
tcn,gdumb,r-gdumb_sl10_st10_bu500_re0.5,5,0.18190288389030543
tcn,gdumb,r-gdumb_sl12_st12_bu500_re0.5,5,0.18247299648227014
tcn,gdumb,r-gdumb_sl16_st16_bu500_re0.5,5,0.18940728531505066
tcn,gdumb,r-gdumb_sl24_st12_bu1000_re0.5,5,0.14899050667282301
tcn,gdumb,r-gdumb_sl24_st12_bu100_re0.5,5,0.1467155405579821
tcn,gdumb,r-gdumb_sl24_st12_bu2000_re0.5,5,0.1718075288856547
tcn,gdumb,r-gdumb_sl24_st12_bu250_re0.5,5,0.15570745885911236
tcn,gdumb,r-gdumb_sl24_st12_bu4000_re0.5,5,0.1808094357939596
tcn,gdumb,r-gdumb_sl24_st12_bu500_re0.3,5,0.15056349477382427
tcn,gdumb,r-gdumb_sl24_st12_bu500_re0.5,5,0.16763812847411014
tcn,gdumb,r-gdumb_sl24_st12_bu500_re0.7,5,0.1623093586562902
tcn,gdumb,r-gdumb_sl48_st48_bu500_re0.5,5,0.19066179284174584
tcn,gdumb,r-gdumb_sl6_st6_bu500_re0.5,5,0.16897757277451897
tcn,gdumb,r-gdumb_sl8_st8_bu500_re0.5,5,0.15027639568757964
vgru,gdumb,r-gdumb_sl10_st10_bu500_re0.5,5,0.1716613485590163
vgru,gdumb,r-gdumb_sl12_st12_bu500_re0.5,5,0.17424232220138733
vgru,gdumb,r-gdumb_sl16_st16_bu500_re0.5,5,0.17331935910826138
vgru,gdumb,r-gdumb_sl24_st12_bu1000_re0.5,5,0.17357109374822513
vgru,gdumb,r-gdumb_sl24_st12_bu100_re0.5,5,0.17140222944407024
vgru,gdumb,r-gdumb_sl24_st12_bu2000_re0.5,5,0.17425060957226948
vgru,gdumb,r-gdumb_sl24_st12_bu250_re0.5,5,0.17227005605345355
vgru,gdumb,r-gdumb_sl24_st12_bu4000_re0.5,5,0.1787164097328021
vgru,gdumb,r-gdumb_sl24_st12_bu500_re0.3,5,0.1769394064929191
vgru,gdumb,r-gdumb_sl24_st12_bu500_re0.5,5,0.17199973656933043
vgru,gdumb,r-gdumb_sl24_st12_bu500_re0.7,5,0.16699405649099427
vgru,gdumb,r-gdumb_sl48_st48_bu500_re0.5,5,0.17672585337285954
vgru,gdumb,r-gdumb_sl6_st6_bu500_re0.5,5,0.17291170303009545
vgru,gdumb,r-gdumb_sl8_st8_bu500_re0.5,5,0.17233829554318775
vgru-kl,gdumb,r-gdumb_sl10_st10_bu500_re0.5,5,0.1671746481658777
vgru-kl,gdumb,r-gdumb_sl12_st12_bu500_re0.5,5,0.17133151968758353
vgru-kl,gdumb,r-gdumb_sl16_st16_bu500_re0.5,5,0.15452299907395697
vgru-kl,gdumb,r-gdumb_sl24_st12_bu1000_re0.5,5,0.18273892512083403
vgru-kl,gdumb,r-gdumb_sl24_st12_bu100_re0.5,5,0.16789543694866735
vgru-kl,gdumb,r-gdumb_sl24_st12_bu2000_re0.5,5,0.16576151302607647
vgru-kl,gdumb,r-gdumb_sl24_st12_bu250_re0.5,5,0.17590545667949697
vgru-kl,gdumb,r-gdumb_sl24_st12_bu4000_re0.5,5,0.18444035772854056
vgru-kl,gdumb,r-gdumb_sl24_st12_bu500_re0.3,5,0.16857530823690123
vgru-kl,gdumb,r-gdumb_sl24_st12_bu500_re0.5,5,0.1729546404339672
vgru-kl,gdumb,r-gdumb_sl24_st12_bu500_re0.7,5,0.16646119233470727
vgru-kl,gdumb,r-gdumb_sl48_st48_bu500_re0.5,5,0.17504344893544233
vgru-kl,gdumb,r-gdumb_sl6_st6_bu500_re0.5,5,0.17556232959833493
vgru-kl,gdumb,r-gdumb_sl8_st8_bu500_re0.5,5,0.1637340009240363
vlstm,gdumb,r-gdumb_sl10_st10_bu500_re0.5,5,0.17068909111550676
vlstm,gdumb,r-gdumb_sl12_st12_bu500_re0.5,5,0.17357540248922745
vlstm,gdumb,r-gdumb_sl16_st16_bu500_re0.5,5,0.1731791370546676
vlstm,gdumb,r-gdumb_sl24_st12_bu1000_re0.5,5,0.17383245775652487
vlstm,gdumb,r-gdumb_sl24_st12_bu100_re0.5,5,0.1719662432488584
vlstm,gdumb,r-gdumb_sl24_st12_bu2000_re0.5,5,0.17578861682625596
vlstm,gdumb,r-gdumb_sl24_st12_bu250_re0.5,5,0.172245452549033
vlstm,gdumb,r-gdumb_sl24_st12_bu4000_re0.5,5,0.17820111643036415
vlstm,gdumb,r-gdumb_sl24_st12_bu500_re0.3,5,0.1773879131686942
vlstm,gdumb,r-gdumb_sl24_st12_bu500_re0.5,5,0.1725122954075249
vlstm,gdumb,r-gdumb_sl24_st12_bu500_re0.7,5,0.16706295057083326
vlstm,gdumb,r-gdumb_sl48_st48_bu500_re0.5,5,0.17667779550048274
vlstm,gdumb,r-gdumb_sl6_st6_bu500_re0.5,5,0.17271673375919305
vlstm,gdumb,r-gdumb_sl8_st8_bu500_re0.5,5,0.17280317860149746
vlstm-kl,gdumb,r-gdumb_sl10_st10_bu500_re0.5,5,0.14434759805755334
vlstm-kl,gdumb,r-gdumb_sl12_st12_bu500_re0.5,5,0.17379934874898173
vlstm-kl,gdumb,r-gdumb_sl16_st16_bu500_re0.5,5,0.17591459468218762
vlstm-kl,gdumb,r-gdumb_sl24_st12_bu1000_re0.5,5,0.1711749151463691
vlstm-kl,gdumb,r-gdumb_sl24_st12_bu100_re0.5,5,0.16160918189080334
vlstm-kl,gdumb,r-gdumb_sl24_st12_bu2000_re0.5,5,0.16370850865186412
vlstm-kl,gdumb,r-gdumb_sl24_st12_bu250_re0.5,5,0.1627844050513707
vlstm-kl,gdumb,r-gdumb_sl24_st12_bu4000_re0.5,5,0.1749650245829624
vlstm-kl,gdumb,r-gdumb_sl24_st12_bu500_re0.3,5,0.16025987684113271
vlstm-kl,gdumb,r-gdumb_sl24_st12_bu500_re0.5,5,0.1593774704036282
vlstm-kl,gdumb,r-gdumb_sl24_st12_bu500_re0.7,5,0.1627364115143431
vlstm-kl,gdumb,r-gdumb_sl48_st48_bu500_re0.5,5,0.1893404838906072
vlstm-kl,gdumb,r-gdumb_sl6_st6_bu500_re0.5,5,0.1605263984693008
vlstm-kl,gdumb,r-gdumb_sl8_st8_bu500_re0.5,5,0.15563643582855283
vtcn,gdumb,r-gdumb_sl10_st10_bu500_re0.5,5,0.17065564673540898
vtcn,gdumb,r-gdumb_sl12_st12_bu500_re0.5,5,0.17292438091839843
vtcn,gdumb,r-gdumb_sl16_st16_bu500_re0.5,5,0.1737486857412962
vtcn,gdumb,r-gdumb_sl24_st12_bu1000_re0.5,5,0.17315458810910728
vtcn,gdumb,r-gdumb_sl24_st12_bu100_re0.5,5,0.17111504162591962
vtcn,gdumb,r-gdumb_sl24_st12_bu2000_re0.5,5,0.17481893235513
vtcn,gdumb,r-gdumb_sl24_st12_bu250_re0.5,5,0.17114556692360017
vtcn,gdumb,r-gdumb_sl24_st12_bu4000_re0.5,5,0.17822269820945447
vtcn,gdumb,r-gdumb_sl24_st12_bu500_re0.3,5,0.17847659727098014
vtcn,gdumb,r-gdumb_sl24_st12_bu500_re0.5,5,0.17314678277024861
vtcn,gdumb,r-gdumb_sl24_st12_bu500_re0.7,5,0.16827238532007258
vtcn,gdumb,r-gdumb_sl48_st48_bu500_re0.5,5,0.1767746582106736
vtcn,gdumb,r-gdumb_sl6_st6_bu500_re0.5,5,0.1744192006316783
vtcn,gdumb,r-gdumb_sl8_st8_bu500_re0.5,5,0.173896778473209
vtcn-kl,gdumb,r-gdumb_sl10_st10_bu500_re0.5,5,0.1648875273033893
vtcn-kl,gdumb,r-gdumb_sl12_st12_bu500_re0.5,5,0.17811298992228797
vtcn-kl,gdumb,r-gdumb_sl16_st16_bu500_re0.5,5,0.1684785019892969
vtcn-kl,gdumb,r-gdumb_sl24_st12_bu1000_re0.5,5,0.16323598905910428
vtcn-kl,gdumb,r-gdumb_sl24_st12_bu100_re0.5,5,0.1695464590183844
vtcn-kl,gdumb,r-gdumb_sl24_st12_bu2000_re0.5,5,0.16071509467425868
vtcn-kl,gdumb,r-gdumb_sl24_st12_bu250_re0.5,5,0.15909490720251815
vtcn-kl,gdumb,r-gdumb_sl24_st12_bu4000_re0.5,5,0.17040449672179708
vtcn-kl,gdumb,r-gdumb_sl24_st12_bu500_re0.3,5,0.15743914287833297
vtcn-kl,gdumb,r-gdumb_sl24_st12_bu500_re0.5,5,0.1641951258221872
vtcn-kl,gdumb,r-gdumb_sl24_st12_bu500_re0.7,5,0.15045523705172542
vtcn-kl,gdumb,r-gdumb_sl48_st48_bu500_re0.5,5,0.17160534384921197
vtcn-kl,gdumb,r-gdumb_sl6_st6_bu500_re0.5,5,0.16971562212657879
vtcn-kl,gdumb,r-gdumb_sl8_st8_bu500_re0.5,5,0.1737639942892472
gru,lwf,r-lwf_sl10_st10_al1.0_te2.0,5,0.15888825404920406
gru,lwf,r-lwf_sl12_st12_al1.0_te2.0,5,0.15176684272181315
gru,lwf,r-lwf_sl12_st6_al1.0_te2.0,5,0.15239908488956277
gru,lwf,r-lwf_sl16_st16_al1.0_te2.0,5,0.14061387842103842
gru,lwf,r-lwf_sl24_st12_al0.5_te2.0,5,0.1300021670066396
gru,lwf,r-lwf_sl24_st12_al1.0_te1.0,5,0.1340139949559803
gru,lwf,r-lwf_sl24_st12_al1.0_te2.0,5,0.14591266737232608
gru,lwf,r-lwf_sl24_st12_al1.0_te4.0,5,0.12712274518654534
gru,lwf,r-lwf_sl24_st12_al2.0_te2.0,5,0.14619712445990668
gru,lwf,r-lwf_sl48_st24_al1.0_te2.0,5,0.13839219640340214
gru,lwf,r-lwf_sl48_st48_al1.0_te2.0,5,0.14412395091482008
gru,lwf,r-lwf_sl6_st6_al1.0_te2.0,5,0.1346058775943411
gru,lwf,r-lwf_sl8_st4_al1.0_te2.0,5,0.13449478873037982
gru,lwf,r-lwf_sl8_st8_al1.0_te2.0,5,0.14806190185313073
lstm,lwf,r-lwf_sl10_st10_al1.0_te2.0,5,0.12427732975838862
lstm,lwf,r-lwf_sl12_st12_al1.0_te2.0,5,0.0971230820492027
lstm,lwf,r-lwf_sl12_st6_al1.0_te2.0,5,0.1348742199506408
lstm,lwf,r-lwf_sl16_st16_al1.0_te2.0,5,0.1553805529844357
lstm,lwf,r-lwf_sl24_st12_al0.5_te2.0,5,0.12926821006318218
lstm,lwf,r-lwf_sl24_st12_al1.0_te1.0,5,0.1281576157888688
lstm,lwf,r-lwf_sl24_st12_al1.0_te2.0,5,0.12757573086570087
lstm,lwf,r-lwf_sl24_st12_al1.0_te4.0,5,0.10143361728600045
lstm,lwf,r-lwf_sl24_st12_al2.0_te2.0,5,0.08902941770711009
lstm,lwf,r-lwf_sl48_st24_al1.0_te2.0,5,0.1578240171298825
lstm,lwf,r-lwf_sl48_st48_al1.0_te2.0,5,0.14597505810414949
lstm,lwf,r-lwf_sl6_st6_al1.0_te2.0,5,0.09267772424226431
lstm,lwf,r-lwf_sl8_st4_al1.0_te2.0,5,0.11277895289175044
lstm,lwf,r-lwf_sl8_st8_al1.0_te2.0,5,0.12902988051838366
tcn,lwf,r-lwf_sl10_st10_al1.0_te2.0,5,0.15969371050900144
tcn,lwf,r-lwf_sl12_st12_al1.0_te2.0,5,0.17107861449280637
tcn,lwf,r-lwf_sl12_st6_al1.0_te2.0,5,0.16540848208150535
tcn,lwf,r-lwf_sl16_st16_al1.0_te2.0,5,0.18150220463569824
tcn,lwf,r-lwf_sl24_st12_al0.5_te2.0,5,0.15882702544856978
tcn,lwf,r-lwf_sl24_st12_al1.0_te1.0,5,0.17873116294185967
tcn,lwf,r-lwf_sl24_st12_al1.0_te2.0,5,0.16741900561209896
tcn,lwf,r-lwf_sl24_st12_al1.0_te4.0,5,0.1582219127882939
tcn,lwf,r-lwf_sl24_st12_al2.0_te2.0,5,0.17643476728049304
tcn,lwf,r-lwf_sl48_st24_al1.0_te2.0,5,0.18575016376396017
tcn,lwf,r-lwf_sl48_st48_al1.0_te2.0,5,0.17164885437642546
tcn,lwf,r-lwf_sl6_st6_al1.0_te2.0,5,0.17658050390574487
tcn,lwf,r-lwf_sl8_st4_al1.0_te2.0,5,0.17061438228185705
tcn,lwf,r-lwf_sl8_st8_al1.0_te2.0,5,0.1825985570036151
vgru,lwf,r-lwf_sl10_st10_al1.0_te2.0,5,0.18401268947541347
vgru,lwf,r-lwf_sl12_st12_al1.0_te2.0,5,0.18181399349311678
vgru,lwf,r-lwf_sl12_st6_al1.0_te2.0,5,0.18143440333767638
vgru,lwf,r-lwf_sl16_st16_al1.0_te2.0,5,0.18281169161966637
vgru,lwf,r-lwf_sl24_st12_al0.5_te2.0,5,0.18329142052560432
vgru,lwf,r-lwf_sl24_st12_al1.0_te1.0,5,0.18250855882261444
vgru,lwf,r-lwf_sl24_st12_al1.0_te2.0,5,0.1833016401409115
vgru,lwf,r-lwf_sl24_st12_al1.0_te4.0,5,0.18329080062869962
vgru,lwf,r-lwf_sl24_st12_al2.0_te2.0,5,0.18333450200522677
vgru,lwf,r-lwf_sl48_st24_al1.0_te2.0,5,0.1818356460237066
vgru,lwf,r-lwf_sl48_st48_al1.0_te2.0,5,0.1859682722886768
vgru,lwf,r-lwf_sl6_st6_al1.0_te2.0,5,0.18419976078910769
vgru,lwf,r-lwf_sl8_st4_al1.0_te2.0,5,0.18331911945502918
vgru,lwf,r-lwf_sl8_st8_al1.0_te2.0,5,0.1841801706373533
vgru-kl,lwf,r-lwf_sl10_st10_al1.0_te2.0,5,0.0901706687099782
vgru-kl,lwf,r-lwf_sl12_st12_al1.0_te2.0,5,0.11884855260139937
vgru-kl,lwf,r-lwf_sl12_st6_al1.0_te2.0,5,0.13213278404335793
vgru-kl,lwf,r-lwf_sl16_st16_al1.0_te2.0,5,0.1510313381649314
vgru-kl,lwf,r-lwf_sl24_st12_al0.5_te2.0,5,0.14770323331663265
vgru-kl,lwf,r-lwf_sl24_st12_al1.0_te1.0,5,0.17982935190670551
vgru-kl,lwf,r-lwf_sl24_st12_al1.0_te2.0,5,0.13553584507177024
vgru-kl,lwf,r-lwf_sl24_st12_al1.0_te4.0,5,0.11546203512928294
vgru-kl,lwf,r-lwf_sl24_st12_al2.0_te2.0,5,0.16120224873542213
vgru-kl,lwf,r-lwf_sl48_st24_al1.0_te2.0,5,0.08913654858508009
vgru-kl,lwf,r-lwf_sl48_st48_al1.0_te2.0,5,0.13993689670871073
vgru-kl,lwf,r-lwf_sl6_st6_al1.0_te2.0,5,0.1381325723015173
vgru-kl,lwf,r-lwf_sl8_st4_al1.0_te2.0,5,0.11148580240617825
vgru-kl,lwf,r-lwf_sl8_st8_al1.0_te2.0,5,0.14285781969954356
vlstm,lwf,r-lwf_sl10_st10_al1.0_te2.0,5,0.182955060062402
vlstm,lwf,r-lwf_sl12_st12_al1.0_te2.0,5,0.18305783338753087
vlstm,lwf,r-lwf_sl12_st6_al1.0_te2.0,5,0.18296785822190068
vlstm,lwf,r-lwf_sl16_st16_al1.0_te2.0,5,0.18281241237537946
vlstm,lwf,r-lwf_sl24_st12_al0.5_te2.0,5,0.1833220949389677
vlstm,lwf,r-lwf_sl24_st12_al1.0_te1.0,5,0.18332266979388
vlstm,lwf,r-lwf_sl24_st12_al1.0_te2.0,5,0.18332139173365467
vlstm,lwf,r-lwf_sl24_st12_al1.0_te4.0,5,0.18332141631753648
vlstm,lwf,r-lwf_sl24_st12_al2.0_te2.0,5,0.18331911107109755
vlstm,lwf,r-lwf_sl48_st24_al1.0_te2.0,5,0.18316901071276262
vlstm,lwf,r-lwf_sl48_st48_al1.0_te2.0,5,0.1845861638601483
vlstm,lwf,r-lwf_sl6_st6_al1.0_te2.0,5,0.18315946271025912
vlstm,lwf,r-lwf_sl8_st4_al1.0_te2.0,5,0.183335269609143
vlstm,lwf,r-lwf_sl8_st8_al1.0_te2.0,5,0.1835135078817195
vlstm-kl,lwf,r-lwf_sl10_st10_al1.0_te2.0,5,0.10455838448762073
vlstm-kl,lwf,r-lwf_sl12_st12_al1.0_te2.0,5,0.11425657094928057
vlstm-kl,lwf,r-lwf_sl12_st6_al1.0_te2.0,5,0.10323456542344717
vlstm-kl,lwf,r-lwf_sl16_st16_al1.0_te2.0,5,0.09398539841873169
vlstm-kl,lwf,r-lwf_sl24_st12_al0.5_te2.0,5,0.13294058411779838
vlstm-kl,lwf,r-lwf_sl24_st12_al1.0_te1.0,5,0.16797769123469067
vlstm-kl,lwf,r-lwf_sl24_st12_al1.0_te2.0,5,0.12392307279112594
vlstm-kl,lwf,r-lwf_sl24_st12_al1.0_te4.0,5,0.09600801297697284
vlstm-kl,lwf,r-lwf_sl24_st12_al2.0_te2.0,5,0.10553833147844807
vlstm-kl,lwf,r-lwf_sl48_st24_al1.0_te2.0,5,0.15466652586675578
vlstm-kl,lwf,r-lwf_sl48_st48_al1.0_te2.0,5,0.15494179388258814
vlstm-kl,lwf,r-lwf_sl6_st6_al1.0_te2.0,5,0.10321186961664638
vlstm-kl,lwf,r-lwf_sl8_st4_al1.0_te2.0,5,0.09856719973152486
vlstm-kl,lwf,r-lwf_sl8_st8_al1.0_te2.0,5,0.12696302387833652
vtcn,lwf,r-lwf_sl10_st10_al1.0_te2.0,5,0.18347517704226976
vtcn,lwf,r-lwf_sl12_st12_al1.0_te2.0,5,0.18004588570497723
vtcn,lwf,r-lwf_sl12_st6_al1.0_te2.0,5,0.1816044105517963
vtcn,lwf,r-lwf_sl16_st16_al1.0_te2.0,5,0.1821287022864827
vtcn,lwf,r-lwf_sl24_st12_al0.5_te2.0,5,0.18062277473008065
vtcn,lwf,r-lwf_sl24_st12_al1.0_te1.0,5,0.18150216286937995
vtcn,lwf,r-lwf_sl24_st12_al1.0_te2.0,5,0.18259461481763675
vtcn,lwf,r-lwf_sl24_st12_al1.0_te4.0,5,0.18158014494724575
vtcn,lwf,r-lwf_sl24_st12_al2.0_te2.0,5,0.18319236414133827
vtcn,lwf,r-lwf_sl48_st24_al1.0_te2.0,5,0.17954156213766584
vtcn,lwf,r-lwf_sl48_st48_al1.0_te2.0,5,0.18455923271561944
vtcn,lwf,r-lwf_sl6_st6_al1.0_te2.0,5,0.18331989665642442
vtcn,lwf,r-lwf_sl8_st4_al1.0_te2.0,5,0.18563108771199102
vtcn,lwf,r-lwf_sl8_st8_al1.0_te2.0,5,0.18489170378410927
vtcn-kl,lwf,r-lwf_sl10_st10_al1.0_te2.0,5,0.12628691518629237
vtcn-kl,lwf,r-lwf_sl12_st12_al1.0_te2.0,5,0.15614535424366835
vtcn-kl,lwf,r-lwf_sl12_st6_al1.0_te2.0,5,0.14540544923895213
vtcn-kl,lwf,r-lwf_sl16_st16_al1.0_te2.0,5,0.15886070252026838
vtcn-kl,lwf,r-lwf_sl24_st12_al0.5_te2.0,5,0.12405546427523233
vtcn-kl,lwf,r-lwf_sl24_st12_al1.0_te1.0,5,0.1549480828603299
vtcn-kl,lwf,r-lwf_sl24_st12_al1.0_te2.0,5,0.134163008397075
vtcn-kl,lwf,r-lwf_sl24_st12_al1.0_te4.0,5,0.12898559643176197
vtcn-kl,lwf,r-lwf_sl24_st12_al2.0_te2.0,5,0.15386505790029092
vtcn-kl,lwf,r-lwf_sl48_st24_al1.0_te2.0,5,0.16707979060453831
vtcn-kl,lwf,r-lwf_sl48_st48_al1.0_te2.0,5,0.16329427829645812
vtcn-kl,lwf,r-lwf_sl6_st6_al1.0_te2.0,5,0.13855204912198274
vtcn-kl,lwf,r-lwf_sl8_st4_al1.0_te2.0,5,0.14054603769295151
vtcn-kl,lwf,r-lwf_sl8_st8_al1.0_te2.0,5,0.15258656760462244
gru,naive,r-naive_sl10_st10,5,0.157406378839967
gru,naive,r-naive_sl12_st12,5,0.1650784984985342
gru,naive,r-naive_sl12_st6,5,0.14812412570990804
gru,naive,r-naive_sl16_st16,5,0.14279314188044687
gru,naive,r-naive_sl24_st12,5,0.10745800904203079
gru,naive,r-naive_sl48_st24,5,0.15617889415641903
gru,naive,r-naive_sl48_st48,5,0.11025505920035908
gru,naive,r-naive_sl6_st6,5,0.13624774590294808
gru,naive,r-naive_sl8_st4,5,0.15859523756278926
gru,naive,r-naive_sl8_st8,5,0.12957648610855727
lstm,naive,r-naive_sl10_st10,5,0.11392818079415032
lstm,naive,r-naive_sl12_st12,5,0.0924940410806863
lstm,naive,r-naive_sl12_st6,5,0.13362466478686413
lstm,naive,r-naive_sl16_st16,5,0.13431565848883964
lstm,naive,r-naive_sl24_st12,5,0.07031907274336263
lstm,naive,r-naive_sl48_st24,5,0.10151437812885862
lstm,naive,r-naive_sl48_st48,5,0.155376696078118
lstm,naive,r-naive_sl6_st6,5,0.08579294546695851
lstm,naive,r-naive_sl8_st4,5,0.10879131597758311
lstm,naive,r-naive_sl8_st8,5,0.13061130200830015
tcn,naive,r-naive_sl10_st10,5,0.16445896570144794
tcn,naive,r-naive_sl12_st12,5,0.1730486371035059
tcn,naive,r-naive_sl12_st6,5,0.14502925870449865
tcn,naive,r-naive_sl16_st16,5,0.16039258451468902
tcn,naive,r-naive_sl24_st12,5,0.15892362617415146
tcn,naive,r-naive_sl48_st24,5,0.16587180525778009
tcn,naive,r-naive_sl48_st48,5,0.16498832914812286
tcn,naive,r-naive_sl6_st6,5,0.16859971629374504
tcn,naive,r-naive_sl8_st4,5,0.14652865583672714
tcn,naive,r-naive_sl8_st8,5,0.17158873256105417
vgru,naive,r-naive_sl10_st10,5,0.1825577754856707
vgru,naive,r-naive_sl12_st12,5,0.18254467038925462
vgru,naive,r-naive_sl12_st6,5,0.18274191556202304
vgru,naive,r-naive_sl16_st16,5,0.18289532727281435
vgru,naive,r-naive_sl24_st12,5,0.18236306422036305
vgru,naive,r-naive_sl48_st24,5,0.1840941234691406
vgru,naive,r-naive_sl48_st48,5,0.18543677714922963
vgru,naive,r-naive_sl6_st6,5,0.18232716882180436
vgru,naive,r-naive_sl8_st4,5,0.18370662367304194
vgru,naive,r-naive_sl8_st8,5,0.184077110718621
vgru-kl,naive,r-naive_sl10_st10,5,0.1729839991800632
vgru-kl,naive,r-naive_sl12_st12,5,0.16544826767947612
vgru-kl,naive,r-naive_sl12_st6,5,0.1834068287497494
vgru-kl,naive,r-naive_sl16_st16,5,0.17166460791775862
vgru-kl,naive,r-naive_sl24_st12,5,0.1673802056571761
vgru-kl,naive,r-naive_sl48_st24,5,0.19540852347752213
vgru-kl,naive,r-naive_sl48_st48,5,0.17950050272390194
vgru-kl,naive,r-naive_sl6_st6,5,0.16316502095882354
vgru-kl,naive,r-naive_sl8_st4,5,0.16309238220908853
vgru-kl,naive,r-naive_sl8_st8,5,0.14894016377416464
vlstm,naive,r-naive_sl10_st10,5,0.18239678390156544
vlstm,naive,r-naive_sl12_st12,5,0.1830452655092513
vlstm,naive,r-naive_sl12_st6,5,0.18300646326759681
vlstm,naive,r-naive_sl16_st16,5,0.18313749052879671
vlstm,naive,r-naive_sl24_st12,5,0.18331287588791847
vlstm,naive,r-naive_sl48_st24,5,0.18408649885548228
vlstm,naive,r-naive_sl48_st48,5,0.1844835195740443
vlstm,naive,r-naive_sl6_st6,5,0.18264161634650478
vlstm,naive,r-naive_sl8_st4,5,0.1830783798098597
vlstm,naive,r-naive_sl8_st8,5,0.18325329945402083
vlstm-kl,naive,r-naive_sl10_st10,5,0.15296871081892427
vlstm-kl,naive,r-naive_sl12_st12,5,0.17110742938940918
vlstm-kl,naive,r-naive_sl12_st6,5,0.17701876042170284
vlstm-kl,naive,r-naive_sl16_st16,5,0.17650551999648884
vlstm-kl,naive,r-naive_sl24_st12,5,0.16296730866935294
vlstm-kl,naive,r-naive_sl48_st24,5,0.16152486824212167
vlstm-kl,naive,r-naive_sl48_st48,5,0.20378004841811148
vlstm-kl,naive,r-naive_sl6_st6,5,0.16594911082929795
vlstm-kl,naive,r-naive_sl8_st4,5,0.17871613014550017
vlstm-kl,naive,r-naive_sl8_st8,5,0.1691959457345971
vtcn,naive,r-naive_sl10_st10,5,0.18268897030865885
vtcn,naive,r-naive_sl12_st12,5,0.18579297604130718
vtcn,naive,r-naive_sl12_st6,5,0.1852679526645054
vtcn,naive,r-naive_sl16_st16,5,0.18188577343527065
vtcn,naive,r-naive_sl24_st12,5,0.18203838678626028
vtcn,naive,r-naive_sl48_st24,5,0.1838024283447892
vtcn,naive,r-naive_sl48_st48,5,0.18523622313373095
vtcn,naive,r-naive_sl6_st6,5,0.18168277429757454
vtcn,naive,r-naive_sl8_st4,5,0.18495783694456797
vtcn,naive,r-naive_sl8_st8,5,0.18864571740527494
vtcn-kl,naive,r-naive_sl10_st10,5,0.15956418311378587
vtcn-kl,naive,r-naive_sl12_st12,5,0.1682738341551042
vtcn-kl,naive,r-naive_sl12_st6,5,0.16477522919453694
vtcn-kl,naive,r-naive_sl16_st16,5,0.16854690846091128
vtcn-kl,naive,r-naive_sl24_st12,5,0.15510129616734278
vtcn-kl,naive,r-naive_sl48_st24,5,0.1718851014346649
vtcn-kl,naive,r-naive_sl48_st48,5,0.1830170915525717
vtcn-kl,naive,r-naive_sl6_st6,5,0.16503209410038708
vtcn-kl,naive,r-naive_sl8_st4,5,0.1560366715846401
vtcn-kl,naive,r-naive_sl8_st8,5,0.16530281246398093
gru,random-buffer,r-random-buffer_sl10_st10_bu500_re0.5,5,0.10645133730774133
gru,random-buffer,r-random-buffer_sl12_st12_bu500_re0.5,5,0.13975064678208268
gru,random-buffer,r-random-buffer_sl12_st6_bu500_re0.5,5,0.1408579873819009
gru,random-buffer,r-random-buffer_sl16_st16_bu500_re0.5,5,0.15401641571526925
gru,random-buffer,r-random-buffer_sl24_st12_bu1000_re0.5,5,0.15694846882838562
gru,random-buffer,r-random-buffer_sl24_st12_bu100_re0.5,5,0.13479944214466796
gru,random-buffer,r-random-buffer_sl24_st12_bu2000_re0.5,5,0.11987057104983875
gru,random-buffer,r-random-buffer_sl24_st12_bu250_re0.5,5,0.16456060784056706
gru,random-buffer,r-random-buffer_sl24_st12_bu4000_re0.5,5,0.12081939720170423
gru,random-buffer,r-random-buffer_sl24_st12_bu500_re0.3,5,0.14543995547636188
gru,random-buffer,r-random-buffer_sl24_st12_bu500_re0.5,5,0.16409916974310346
gru,random-buffer,r-random-buffer_sl24_st12_bu500_re0.7,5,0.14052002191691995
gru,random-buffer,r-random-buffer_sl48_st24_bu500_re0.5,5,0.1224912397507524
gru,random-buffer,r-random-buffer_sl48_st48_bu500_re0.5,5,0.1332173113024502
gru,random-buffer,r-random-buffer_sl6_st6_bu500_re0.5,5,0.14242164375468247
gru,random-buffer,r-random-buffer_sl8_st4_bu500_re0.5,5,0.15144979423615174
gru,random-buffer,r-random-buffer_sl8_st8_bu500_re0.5,5,0.1394868254757669
lstm,random-buffer,r-random-buffer_sl10_st10_bu500_re0.5,5,0.06448008014522903
lstm,random-buffer,r-random-buffer_sl12_st12_bu500_re0.5,5,0.08986222742106924
lstm,random-buffer,r-random-buffer_sl12_st6_bu500_re0.5,5,0.10576210776823716
lstm,random-buffer,r-random-buffer_sl16_st16_bu500_re0.5,5,0.12013849968380416
lstm,random-buffer,r-random-buffer_sl24_st12_bu1000_re0.5,5,0.06654083208433151
lstm,random-buffer,r-random-buffer_sl24_st12_bu100_re0.5,5,0.08325439547662175
lstm,random-buffer,r-random-buffer_sl24_st12_bu2000_re0.5,5,0.10675655838064417
lstm,random-buffer,r-random-buffer_sl24_st12_bu250_re0.5,5,0.09953826759242043
lstm,random-buffer,r-random-buffer_sl24_st12_bu4000_re0.5,5,0.09896419460551084
lstm,random-buffer,r-random-buffer_sl24_st12_bu500_re0.3,5,0.1038179819362777
lstm,random-buffer,r-random-buffer_sl24_st12_bu500_re0.5,5,0.09441492268778384
lstm,random-buffer,r-random-buffer_sl24_st12_bu500_re0.7,5,0.10721330685648706
lstm,random-buffer,r-random-buffer_sl48_st24_bu500_re0.5,5,0.12645376544575743
lstm,random-buffer,r-random-buffer_sl48_st48_bu500_re0.5,5,0.15598706252323136
lstm,random-buffer,r-random-buffer_sl6_st6_bu500_re0.5,5,0.10821338577719536
lstm,random-buffer,r-random-buffer_sl8_st4_bu500_re0.5,5,0.10165866538663915
lstm,random-buffer,r-random-buffer_sl8_st8_bu500_re0.5,5,0.13086389105857665
tcn,random-buffer,r-random-buffer_sl10_st10_bu500_re0.5,5,0.17867676630382973
tcn,random-buffer,r-random-buffer_sl12_st12_bu500_re0.5,5,0.19297318951032483
tcn,random-buffer,r-random-buffer_sl12_st6_bu500_re0.5,5,0.1856990177605492
tcn,random-buffer,r-random-buffer_sl16_st16_bu500_re0.5,5,0.157606003746138
tcn,random-buffer,r-random-buffer_sl24_st12_bu1000_re0.5,5,0.13743717666177285
tcn,random-buffer,r-random-buffer_sl24_st12_bu100_re0.5,5,0.17397385878991534
tcn,random-buffer,r-random-buffer_sl24_st12_bu2000_re0.5,5,0.1769125724839295
tcn,random-buffer,r-random-buffer_sl24_st12_bu250_re0.5,5,0.1690205730776768
tcn,random-buffer,r-random-buffer_sl24_st12_bu4000_re0.5,5,0.1802282128211539
tcn,random-buffer,r-random-buffer_sl24_st12_bu500_re0.3,5,0.17060985577226337
tcn,random-buffer,r-random-buffer_sl24_st12_bu500_re0.5,5,0.18538302729356007
tcn,random-buffer,r-random-buffer_sl24_st12_bu500_re0.7,5,0.15360592025383088
tcn,random-buffer,r-random-buffer_sl48_st24_bu500_re0.5,5,0.18147531717691162
tcn,random-buffer,r-random-buffer_sl48_st48_bu500_re0.5,5,0.19039325943299684
tcn,random-buffer,r-random-buffer_sl6_st6_bu500_re0.5,5,0.1748503624060827
tcn,random-buffer,r-random-buffer_sl8_st4_bu500_re0.5,5,0.11854873042524519
tcn,random-buffer,r-random-buffer_sl8_st8_bu500_re0.5,5,0.14574409890008874
vgru,random-buffer,r-random-buffer_sl10_st10_bu500_re0.5,5,0.1721198181737419
vgru,random-buffer,r-random-buffer_sl12_st12_bu500_re0.5,5,0.17171607110610257
vgru,random-buffer,r-random-buffer_sl12_st6_bu500_re0.5,5,0.1706839686242826
vgru,random-buffer,r-random-buffer_sl16_st16_bu500_re0.5,5,0.17161460062451192
vgru,random-buffer,r-random-buffer_sl24_st12_bu1000_re0.5,5,0.17105251403083196
vgru,random-buffer,r-random-buffer_sl24_st12_bu100_re0.5,5,0.1714805907288277
vgru,random-buffer,r-random-buffer_sl24_st12_bu2000_re0.5,5,0.1734180013128999
vgru,random-buffer,r-random-buffer_sl24_st12_bu250_re0.5,5,0.17108550465567068
vgru,random-buffer,r-random-buffer_sl24_st12_bu4000_re0.5,5,0.17874336102023058
vgru,random-buffer,r-random-buffer_sl24_st12_bu500_re0.3,5,0.1749573829483997
vgru,random-buffer,r-random-buffer_sl24_st12_bu500_re0.5,5,0.1708156812155343
vgru,random-buffer,r-random-buffer_sl24_st12_bu500_re0.7,5,0.1651574242175605
vgru,random-buffer,r-random-buffer_sl48_st24_bu500_re0.5,5,0.17011891109359215
vgru,random-buffer,r-random-buffer_sl48_st48_bu500_re0.5,5,0.1735771494255823
vgru,random-buffer,r-random-buffer_sl6_st6_bu500_re0.5,5,0.1714486027345404
vgru,random-buffer,r-random-buffer_sl8_st4_bu500_re0.5,5,0.17182354035197822
vgru,random-buffer,r-random-buffer_sl8_st8_bu500_re0.5,5,0.17141635670238362
vgru-kl,random-buffer,r-random-buffer_sl10_st10_bu500_re0.5,5,0.16357584977391493
vgru-kl,random-buffer,r-random-buffer_sl12_st12_bu500_re0.5,5,0.17446877572691255
vgru-kl,random-buffer,r-random-buffer_sl12_st6_bu500_re0.5,5,0.17804505335026258
vgru-kl,random-buffer,r-random-buffer_sl16_st16_bu500_re0.5,5,0.16542423527568317
vgru-kl,random-buffer,r-random-buffer_sl24_st12_bu1000_re0.5,5,0.17777216420436695
vgru-kl,random-buffer,r-random-buffer_sl24_st12_bu100_re0.5,5,0.169765374862997
vgru-kl,random-buffer,r-random-buffer_sl24_st12_bu2000_re0.5,5,0.17402898650089116
vgru-kl,random-buffer,r-random-buffer_sl24_st12_bu250_re0.5,5,0.17032129960539277
vgru-kl,random-buffer,r-random-buffer_sl24_st12_bu4000_re0.5,5,0.18386933909584263
vgru-kl,random-buffer,r-random-buffer_sl24_st12_bu500_re0.3,5,0.16874864141832807
vgru-kl,random-buffer,r-random-buffer_sl24_st12_bu500_re0.5,5,0.1715784123087285
vgru-kl,random-buffer,r-random-buffer_sl24_st12_bu500_re0.7,5,0.16451744213806216
vgru-kl,random-buffer,r-random-buffer_sl48_st24_bu500_re0.5,5,0.18843443088359155
vgru-kl,random-buffer,r-random-buffer_sl48_st48_bu500_re0.5,5,0.1869834881677696
vgru-kl,random-buffer,r-random-buffer_sl6_st6_bu500_re0.5,5,0.17445079876460892
vgru-kl,random-buffer,r-random-buffer_sl8_st4_bu500_re0.5,5,0.17368075833632612
vgru-kl,random-buffer,r-random-buffer_sl8_st8_bu500_re0.5,5,0.16426336091178945
vlstm,random-buffer,r-random-buffer_sl10_st10_bu500_re0.5,5,0.17095914014497623
vlstm,random-buffer,r-random-buffer_sl12_st12_bu500_re0.5,5,0.17087383923204696
vlstm,random-buffer,r-random-buffer_sl12_st6_bu500_re0.5,5,0.16999940484760293
vlstm,random-buffer,r-random-buffer_sl16_st16_bu500_re0.5,5,0.17145834208847785
vlstm,random-buffer,r-random-buffer_sl24_st12_bu1000_re0.5,5,0.1721894353608492
vlstm,random-buffer,r-random-buffer_sl24_st12_bu100_re0.5,5,0.17249698597521662
vlstm,random-buffer,r-random-buffer_sl24_st12_bu2000_re0.5,5,0.17464216791418422
vlstm,random-buffer,r-random-buffer_sl24_st12_bu250_re0.5,5,0.1708648945872871
vlstm,random-buffer,r-random-buffer_sl24_st12_bu4000_re0.5,5,0.17854043149484367
vlstm,random-buffer,r-random-buffer_sl24_st12_bu500_re0.3,5,0.17535235715329953
vlstm,random-buffer,r-random-buffer_sl24_st12_bu500_re0.5,5,0.17102108749555825
vlstm,random-buffer,r-random-buffer_sl24_st12_bu500_re0.7,5,0.16446505706304798
vlstm,random-buffer,r-random-buffer_sl48_st24_bu500_re0.5,5,0.1713193742796838
vlstm,random-buffer,r-random-buffer_sl48_st48_bu500_re0.5,5,0.17458021802180956
vlstm,random-buffer,r-random-buffer_sl6_st6_bu500_re0.5,5,0.17122983538115336
vlstm,random-buffer,r-random-buffer_sl8_st4_bu500_re0.5,5,0.17228106031426774
vlstm,random-buffer,r-random-buffer_sl8_st8_bu500_re0.5,5,0.17180652273157063
vlstm-kl,random-buffer,r-random-buffer_sl10_st10_bu500_re0.5,5,0.15554101891346767
vlstm-kl,random-buffer,r-random-buffer_sl12_st12_bu500_re0.5,5,0.17610113845906045
vlstm-kl,random-buffer,r-random-buffer_sl12_st6_bu500_re0.5,5,0.17599644208389986
vlstm-kl,random-buffer,r-random-buffer_sl16_st16_bu500_re0.5,5,0.17203405840650818
vlstm-kl,random-buffer,r-random-buffer_sl24_st12_bu1000_re0.5,5,0.18396486920745114
vlstm-kl,random-buffer,r-random-buffer_sl24_st12_bu100_re0.5,5,0.15251366555937373
vlstm-kl,random-buffer,r-random-buffer_sl24_st12_bu2000_re0.5,5,0.17222248977096966
vlstm-kl,random-buffer,r-random-buffer_sl24_st12_bu250_re0.5,5,0.16045216831386958
vlstm-kl,random-buffer,r-random-buffer_sl24_st12_bu4000_re0.5,5,0.17269676233938724
vlstm-kl,random-buffer,r-random-buffer_sl24_st12_bu500_re0.3,5,0.15832651540756232
vlstm-kl,random-buffer,r-random-buffer_sl24_st12_bu500_re0.5,5,0.17069495808902424
vlstm-kl,random-buffer,r-random-buffer_sl24_st12_bu500_re0.7,5,0.17939759807736716
vlstm-kl,random-buffer,r-random-buffer_sl48_st24_bu500_re0.5,5,0.13843699630468811
vlstm-kl,random-buffer,r-random-buffer_sl48_st48_bu500_re0.5,5,0.20561715181605617
vlstm-kl,random-buffer,r-random-buffer_sl6_st6_bu500_re0.5,5,0.17484635164728723
vlstm-kl,random-buffer,r-random-buffer_sl8_st4_bu500_re0.5,5,0.18249250980883952
vlstm-kl,random-buffer,r-random-buffer_sl8_st8_bu500_re0.5,5,0.15971261921824437
vtcn,random-buffer,r-random-buffer_sl10_st10_bu500_re0.5,5,0.1709331667749029
vtcn,random-buffer,r-random-buffer_sl12_st12_bu500_re0.5,5,0.17090505455233457
vtcn,random-buffer,r-random-buffer_sl12_st6_bu500_re0.5,5,0.16947786685386193
vtcn,random-buffer,r-random-buffer_sl16_st16_bu500_re0.5,5,0.17199091497500277
vtcn,random-buffer,r-random-buffer_sl24_st12_bu1000_re0.5,5,0.1710734333408256
vtcn,random-buffer,r-random-buffer_sl24_st12_bu100_re0.5,5,0.171175636582449
vtcn,random-buffer,r-random-buffer_sl24_st12_bu2000_re0.5,5,0.1744908856646704
vtcn,random-buffer,r-random-buffer_sl24_st12_bu250_re0.5,5,0.1699372765427991
vtcn,random-buffer,r-random-buffer_sl24_st12_bu4000_re0.5,5,0.17832908566987643
vtcn,random-buffer,r-random-buffer_sl24_st12_bu500_re0.3,5,0.17640821992020358
vtcn,random-buffer,r-random-buffer_sl24_st12_bu500_re0.5,5,0.17128096337015813
vtcn,random-buffer,r-random-buffer_sl24_st12_bu500_re0.7,5,0.16598905140202208
vtcn,random-buffer,r-random-buffer_sl48_st24_bu500_re0.5,5,0.17036866977154272
vtcn,random-buffer,r-random-buffer_sl48_st48_bu500_re0.5,5,0.1744399179272381
vtcn,random-buffer,r-random-buffer_sl6_st6_bu500_re0.5,5,0.17203967596860667
vtcn,random-buffer,r-random-buffer_sl8_st4_bu500_re0.5,5,0.17212471818642747
vtcn,random-buffer,r-random-buffer_sl8_st8_bu500_re0.5,5,0.1731673730647296
vtcn-kl,random-buffer,r-random-buffer_sl10_st10_bu500_re0.5,5,0.16810667403001067
vtcn-kl,random-buffer,r-random-buffer_sl12_st12_bu500_re0.5,5,0.1776696373569212
vtcn-kl,random-buffer,r-random-buffer_sl12_st6_bu500_re0.5,5,0.15921725989531607
vtcn-kl,random-buffer,r-random-buffer_sl16_st16_bu500_re0.5,5,0.17878236322866942
vtcn-kl,random-buffer,r-random-buffer_sl24_st12_bu1000_re0.5,5,0.1768075559227293
vtcn-kl,random-buffer,r-random-buffer_sl24_st12_bu100_re0.5,5,0.16278331802157847
vtcn-kl,random-buffer,r-random-buffer_sl24_st12_bu2000_re0.5,5,0.1778790917676583
vtcn-kl,random-buffer,r-random-buffer_sl24_st12_bu250_re0.5,5,0.16400607343551982
vtcn-kl,random-buffer,r-random-buffer_sl24_st12_bu4000_re0.5,5,0.17469991383237293
vtcn-kl,random-buffer,r-random-buffer_sl24_st12_bu500_re0.3,5,0.1596565303837367
vtcn-kl,random-buffer,r-random-buffer_sl24_st12_bu500_re0.5,5,0.16497258550943836
vtcn-kl,random-buffer,r-random-buffer_sl24_st12_bu500_re0.7,5,0.14758515746057077
vtcn-kl,random-buffer,r-random-buffer_sl48_st24_bu500_re0.5,5,0.1668866531907916
vtcn-kl,random-buffer,r-random-buffer_sl48_st48_bu500_re0.5,5,0.17819767886191862
vtcn-kl,random-buffer,r-random-buffer_sl6_st6_bu500_re0.5,5,0.18079830666252597
vtcn-kl,random-buffer,r-random-buffer_sl8_st4_bu500_re0.5,5,0.16159873708525488
vtcn-kl,random-buffer,r-random-buffer_sl8_st8_bu500_re0.5,5,0.17930799451184776
gru,reservoir,r-reservoir_sl10_st10_bu500_re0.5,5,0.13199746327291162
gru,reservoir,r-reservoir_sl12_st12_bu500_re0.5,5,0.13647299602332127
gru,reservoir,r-reservoir_sl12_st6_bu500_re0.5,5,0.12479360722005028
gru,reservoir,r-reservoir_sl16_st16_bu500_re0.5,5,0.13579338068158414
gru,reservoir,r-reservoir_sl24_st12_bu1000_re0.5,5,0.12616911132300582
gru,reservoir,r-reservoir_sl24_st12_bu100_re0.5,5,0.14899958692169002
gru,reservoir,r-reservoir_sl24_st12_bu2000_re0.5,5,0.15217417172830588
gru,reservoir,r-reservoir_sl24_st12_bu250_re0.5,5,0.14338354501071363
gru,reservoir,r-reservoir_sl24_st12_bu4000_re0.5,5,0.14204089758693628
gru,reservoir,r-reservoir_sl24_st12_bu500_re0.3,5,0.1214607822170373
gru,reservoir,r-reservoir_sl24_st12_bu500_re0.5,5,0.12244542372592668
gru,reservoir,r-reservoir_sl24_st12_bu500_re0.7,5,0.10310006511000352
gru,reservoir,r-reservoir_sl48_st24_bu500_re0.5,5,0.1506111631693702
gru,reservoir,r-reservoir_sl48_st48_bu500_re0.5,5,0.13916484053220607
gru,reservoir,r-reservoir_sl6_st6_bu500_re0.5,5,0.14591829425984854
gru,reservoir,r-reservoir_sl8_st4_bu500_re0.5,5,0.1196806334253667
gru,reservoir,r-reservoir_sl8_st8_bu500_re0.5,5,0.1310675558833366
lstm,reservoir,r-reservoir_sl10_st10_bu500_re0.5,5,0.12158959609984842
lstm,reservoir,r-reservoir_sl12_st12_bu500_re0.5,5,0.08755981756211738
lstm,reservoir,r-reservoir_sl12_st6_bu500_re0.5,5,0.08942570743340521
lstm,reservoir,r-reservoir_sl16_st16_bu500_re0.5,5,0.12472936100209692
lstm,reservoir,r-reservoir_sl24_st12_bu1000_re0.5,5,0.07643910160647513
lstm,reservoir,r-reservoir_sl24_st12_bu100_re0.5,5,0.08560410909223379
lstm,reservoir,r-reservoir_sl24_st12_bu2000_re0.5,5,0.08208463789385223
lstm,reservoir,r-reservoir_sl24_st12_bu250_re0.5,5,0.07574047208761889
lstm,reservoir,r-reservoir_sl24_st12_bu4000_re0.5,5,0.08920737575041573
lstm,reservoir,r-reservoir_sl24_st12_bu500_re0.3,5,0.08355854660086372
lstm,reservoir,r-reservoir_sl24_st12_bu500_re0.5,5,0.11908480391571616
lstm,reservoir,r-reservoir_sl24_st12_bu500_re0.7,5,0.0728518833659742
lstm,reservoir,r-reservoir_sl48_st24_bu500_re0.5,5,0.1322344307926299
lstm,reservoir,r-reservoir_sl48_st48_bu500_re0.5,5,0.13089936876907693
lstm,reservoir,r-reservoir_sl6_st6_bu500_re0.5,5,0.09592490096085768
lstm,reservoir,r-reservoir_sl8_st4_bu500_re0.5,5,0.09871945676297034
lstm,reservoir,r-reservoir_sl8_st8_bu500_re0.5,5,0.0900632833884864
tcn,reservoir,r-reservoir_sl10_st10_bu500_re0.5,5,0.17241221104001095
tcn,reservoir,r-reservoir_sl12_st12_bu500_re0.5,5,0.18450665166394675
tcn,reservoir,r-reservoir_sl12_st6_bu500_re0.5,5,0.18303040247827956
tcn,reservoir,r-reservoir_sl16_st16_bu500_re0.5,5,0.1666301306614077
tcn,reservoir,r-reservoir_sl24_st12_bu1000_re0.5,5,0.18932888254111171
tcn,reservoir,r-reservoir_sl24_st12_bu100_re0.5,5,0.1922011512012696
tcn,reservoir,r-reservoir_sl24_st12_bu2000_re0.5,5,0.18284928409801318
tcn,reservoir,r-reservoir_sl24_st12_bu250_re0.5,5,0.18217715067014104
tcn,reservoir,r-reservoir_sl24_st12_bu4000_re0.5,5,0.1910379007395172
tcn,reservoir,r-reservoir_sl24_st12_bu500_re0.3,5,0.17395253447396236
tcn,reservoir,r-reservoir_sl24_st12_bu500_re0.5,5,0.19152975100883626
tcn,reservoir,r-reservoir_sl24_st12_bu500_re0.7,5,0.17530045016955745
tcn,reservoir,r-reservoir_sl48_st24_bu500_re0.5,5,0.19910983021226483
tcn,reservoir,r-reservoir_sl48_st48_bu500_re0.5,5,0.18705013080133703
tcn,reservoir,r-reservoir_sl6_st6_bu500_re0.5,5,0.14538792502331452
tcn,reservoir,r-reservoir_sl8_st4_bu500_re0.5,5,0.15165417899436465
tcn,reservoir,r-reservoir_sl8_st8_bu500_re0.5,5,0.18324927584978948
vgru,reservoir,r-reservoir_sl10_st10_bu500_re0.5,5,0.18342758774241286
vgru,reservoir,r-reservoir_sl12_st12_bu500_re0.5,5,0.1835575230578438
vgru,reservoir,r-reservoir_sl12_st6_bu500_re0.5,5,0.18379681006401158
vgru,reservoir,r-reservoir_sl16_st16_bu500_re0.5,5,0.18246335806393366
vgru,reservoir,r-reservoir_sl24_st12_bu1000_re0.5,5,0.18308252605676098
vgru,reservoir,r-reservoir_sl24_st12_bu100_re0.5,5,0.1813752040644819
vgru,reservoir,r-reservoir_sl24_st12_bu2000_re0.5,5,0.1823291038827685
vgru,reservoir,r-reservoir_sl24_st12_bu250_re0.5,5,0.18299692518607527
vgru,reservoir,r-reservoir_sl24_st12_bu4000_re0.5,5,0.1826048828426215
vgru,reservoir,r-reservoir_sl24_st12_bu500_re0.3,5,0.1829127835598116
vgru,reservoir,r-reservoir_sl24_st12_bu500_re0.5,5,0.18255641329658256
vgru,reservoir,r-reservoir_sl24_st12_bu500_re0.7,5,0.18308638044721995
vgru,reservoir,r-reservoir_sl48_st24_bu500_re0.5,5,0.18269609116151697
vgru,reservoir,r-reservoir_sl48_st48_bu500_re0.5,5,0.18330119594950575
vgru,reservoir,r-reservoir_sl6_st6_bu500_re0.5,5,0.18335815865229782
vgru,reservoir,r-reservoir_sl8_st4_bu500_re0.5,5,0.18140544322136704
vgru,reservoir,r-reservoir_sl8_st8_bu500_re0.5,5,0.1825117836869306
vgru-kl,reservoir,r-reservoir_sl10_st10_bu500_re0.5,5,0.17620397204573107
vgru-kl,reservoir,r-reservoir_sl12_st12_bu500_re0.5,5,0.18453738096863465
vgru-kl,reservoir,r-reservoir_sl12_st6_bu500_re0.5,5,0.18366387623389752
vgru-kl,reservoir,r-reservoir_sl16_st16_bu500_re0.5,5,0.1656807735309706
vgru-kl,reservoir,r-reservoir_sl24_st12_bu1000_re0.5,5,0.18811248962601154
vgru-kl,reservoir,r-reservoir_sl24_st12_bu100_re0.5,5,0.19041156743055387
vgru-kl,reservoir,r-reservoir_sl24_st12_bu2000_re0.5,5,0.1917380225555527
vgru-kl,reservoir,r-reservoir_sl24_st12_bu250_re0.5,5,0.18969469984325107
vgru-kl,reservoir,r-reservoir_sl24_st12_bu4000_re0.5,5,0.1877382425508311
vgru-kl,reservoir,r-reservoir_sl24_st12_bu500_re0.3,5,0.1947991270533472
vgru-kl,reservoir,r-reservoir_sl24_st12_bu500_re0.5,5,0.18993753696213708
vgru-kl,reservoir,r-reservoir_sl24_st12_bu500_re0.7,5,0.1824937652942075
vgru-kl,reservoir,r-reservoir_sl48_st24_bu500_re0.5,5,0.18356460065255895
vgru-kl,reservoir,r-reservoir_sl48_st48_bu500_re0.5,5,0.1801296864405338
vgru-kl,reservoir,r-reservoir_sl6_st6_bu500_re0.5,5,0.1796846921264739
vgru-kl,reservoir,r-reservoir_sl8_st4_bu500_re0.5,5,0.1801121617962725
vgru-kl,reservoir,r-reservoir_sl8_st8_bu500_re0.5,5,0.17791305549321212
vlstm,reservoir,r-reservoir_sl10_st10_bu500_re0.5,5,0.18294530250316146
vlstm,reservoir,r-reservoir_sl12_st12_bu500_re0.5,5,0.18359613641813588
vlstm,reservoir,r-reservoir_sl12_st6_bu500_re0.5,5,0.1836730036535012
vlstm,reservoir,r-reservoir_sl16_st16_bu500_re0.5,5,0.18245272666718287
vlstm,reservoir,r-reservoir_sl24_st12_bu1000_re0.5,5,0.18319436591629035
vlstm,reservoir,r-reservoir_sl24_st12_bu100_re0.5,5,0.18188953966962712
vlstm,reservoir,r-reservoir_sl24_st12_bu2000_re0.5,5,0.18283846104828766
vlstm,reservoir,r-reservoir_sl24_st12_bu250_re0.5,5,0.18300163521550947
vlstm,reservoir,r-reservoir_sl24_st12_bu4000_re0.5,5,0.18271534648061918
vlstm,reservoir,r-reservoir_sl24_st12_bu500_re0.3,5,0.1837124746482124
vlstm,reservoir,r-reservoir_sl24_st12_bu500_re0.5,5,0.18358608318382796
vlstm,reservoir,r-reservoir_sl24_st12_bu500_re0.7,5,0.18363397030793407
vlstm,reservoir,r-reservoir_sl48_st24_bu500_re0.5,5,0.1845497640999696
vlstm,reservoir,r-reservoir_sl48_st48_bu500_re0.5,5,0.18418759720000333
vlstm,reservoir,r-reservoir_sl6_st6_bu500_re0.5,5,0.1833329298434273
vlstm,reservoir,r-reservoir_sl8_st4_bu500_re0.5,5,0.1817979403474611
vlstm,reservoir,r-reservoir_sl8_st8_bu500_re0.5,5,0.1821626957225434
vlstm-kl,reservoir,r-reservoir_sl10_st10_bu500_re0.5,5,0.16464229179489454
vlstm-kl,reservoir,r-reservoir_sl12_st12_bu500_re0.5,5,0.1824231541792643
vlstm-kl,reservoir,r-reservoir_sl12_st6_bu500_re0.5,5,0.17572972878958684
vlstm-kl,reservoir,r-reservoir_sl16_st16_bu500_re0.5,5,0.1762718807900146
vlstm-kl,reservoir,r-reservoir_sl24_st12_bu1000_re0.5,5,0.17789689822648727
vlstm-kl,reservoir,r-reservoir_sl24_st12_bu100_re0.5,5,0.18128790181287086
vlstm-kl,reservoir,r-reservoir_sl24_st12_bu2000_re0.5,5,0.16587726441330905
vlstm-kl,reservoir,r-reservoir_sl24_st12_bu250_re0.5,5,0.17284817425464524
vlstm-kl,reservoir,r-reservoir_sl24_st12_bu4000_re0.5,5,0.1717168631986273
vlstm-kl,reservoir,r-reservoir_sl24_st12_bu500_re0.3,5,0.1809943163527074
vlstm-kl,reservoir,r-reservoir_sl24_st12_bu500_re0.5,5,0.1735046460002454
vlstm-kl,reservoir,r-reservoir_sl24_st12_bu500_re0.7,5,0.17489561557062164
vlstm-kl,reservoir,r-reservoir_sl48_st24_bu500_re0.5,5,0.18159433394258612
vlstm-kl,reservoir,r-reservoir_sl48_st48_bu500_re0.5,5,0.19602296668575522
vlstm-kl,reservoir,r-reservoir_sl6_st6_bu500_re0.5,5,0.18759012493413565
vlstm-kl,reservoir,r-reservoir_sl8_st4_bu500_re0.5,5,0.1885510567213345
vlstm-kl,reservoir,r-reservoir_sl8_st8_bu500_re0.5,5,0.18138888517465712
vtcn,reservoir,r-reservoir_sl10_st10_bu500_re0.5,5,0.18231537612437249
vtcn,reservoir,r-reservoir_sl12_st12_bu500_re0.5,5,0.18290768711939487
vtcn,reservoir,r-reservoir_sl12_st6_bu500_re0.5,5,0.18294646503362738
vtcn,reservoir,r-reservoir_sl16_st16_bu500_re0.5,5,0.1819942027281696
vtcn,reservoir,r-reservoir_sl24_st12_bu1000_re0.5,5,0.18334964666069467
vtcn,reservoir,r-reservoir_sl24_st12_bu100_re0.5,5,0.18086069617580125
vtcn,reservoir,r-reservoir_sl24_st12_bu2000_re0.5,5,0.18371716332905103
vtcn,reservoir,r-reservoir_sl24_st12_bu250_re0.5,5,0.1827529820364315
vtcn,reservoir,r-reservoir_sl24_st12_bu4000_re0.5,5,0.183313971904981
vtcn,reservoir,r-reservoir_sl24_st12_bu500_re0.3,5,0.18346348466294954
vtcn,reservoir,r-reservoir_sl24_st12_bu500_re0.5,5,0.18750421890502192
vtcn,reservoir,r-reservoir_sl24_st12_bu500_re0.7,5,0.18459231068156895
vtcn,reservoir,r-reservoir_sl48_st24_bu500_re0.5,5,0.18300460204371516
vtcn,reservoir,r-reservoir_sl48_st48_bu500_re0.5,5,0.18490174141982618
vtcn,reservoir,r-reservoir_sl6_st6_bu500_re0.5,5,0.1876065661978725
vtcn,reservoir,r-reservoir_sl8_st4_bu500_re0.5,5,0.18245088620950858
vtcn,reservoir,r-reservoir_sl8_st8_bu500_re0.5,5,0.18298303418447892
vtcn-kl,reservoir,r-reservoir_sl10_st10_bu500_re0.5,5,0.17815312077424875
vtcn-kl,reservoir,r-reservoir_sl12_st12_bu500_re0.5,5,0.18426973253279716
vtcn-kl,reservoir,r-reservoir_sl12_st6_bu500_re0.5,5,0.172812665057268
vtcn-kl,reservoir,r-reservoir_sl16_st16_bu500_re0.5,5,0.17544199681740746
vtcn-kl,reservoir,r-reservoir_sl24_st12_bu1000_re0.5,5,0.1744449667498895
vtcn-kl,reservoir,r-reservoir_sl24_st12_bu100_re0.5,5,0.1765932137873893
vtcn-kl,reservoir,r-reservoir_sl24_st12_bu2000_re0.5,5,0.16679753901126074
vtcn-kl,reservoir,r-reservoir_sl24_st12_bu250_re0.5,5,0.17181579784154535
vtcn-kl,reservoir,r-reservoir_sl24_st12_bu4000_re0.5,5,0.1725493149577982
vtcn-kl,reservoir,r-reservoir_sl24_st12_bu500_re0.3,5,0.16397078170413543
vtcn-kl,reservoir,r-reservoir_sl24_st12_bu500_re0.5,5,0.17711275220081973
vtcn-kl,reservoir,r-reservoir_sl24_st12_bu500_re0.7,5,0.16417685968080487
vtcn-kl,reservoir,r-reservoir_sl48_st24_bu500_re0.5,5,0.16489114340769992
vtcn-kl,reservoir,r-reservoir_sl48_st48_bu500_re0.5,5,0.17348209995949315
vtcn-kl,reservoir,r-reservoir_sl6_st6_bu500_re0.5,5,0.18186162644543322
vtcn-kl,reservoir,r-reservoir_sl8_st4_bu500_re0.5,5,0.16318544150163433
vtcn-kl,reservoir,r-reservoir_sl8_st8_bu500_re0.5,5,0.18547450772865604
gru,strb,r-strb_sl10_st10_bu1000_no0.05_re0.9_re0.5,5,0.16321716456079974
gru,strb,r-strb_sl10_st10_bu1000_no0.2_re0.9_re0.5,5,0.16718461956021388
gru,strb,r-strb_sl10_st10_bu1000_no0.35_re0.9_re0.5,5,0.16463859708689735
gru,strb,r-strb_sl10_st10_bu100_no0.05_re0.9_re0.5,5,0.15400104139687687
gru,strb,r-strb_sl10_st10_bu100_no0.2_re0.9_re0.5,5,0.15017965019897797
gru,strb,r-strb_sl10_st10_bu100_no0.35_re0.9_re0.5,5,0.15298642482331673
gru,strb,r-strb_sl10_st10_bu500_no0.05_re0.9_re0.5,5,0.16593078730129956
gru,strb,r-strb_sl10_st10_bu500_no0.2_re0.9_re0.5,5,0.1655465048240006
gru,strb,r-strb_sl10_st10_bu500_no0.35_re0.9_re0.5,5,0.16058661915419198
gru,strb,r-strb_sl12_st12_bu1000_no0.05_re0.9_re0.5,5,0.1411523128171445
gru,strb,r-strb_sl12_st12_bu1000_no0.2_re0.9_re0.5,5,0.14235519282039522
gru,strb,r-strb_sl12_st12_bu1000_no0.35_re0.9_re0.5,5,0.13994261093027915
gru,strb,r-strb_sl12_st12_bu100_no0.05_re0.9_re0.5,5,0.16139986355817582
gru,strb,r-strb_sl12_st12_bu100_no0.2_re0.9_re0.5,5,0.15997270878880135
gru,strb,r-strb_sl12_st12_bu100_no0.35_re0.9_re0.5,5,0.1641269928468916
gru,strb,r-strb_sl12_st12_bu500_no0.05_re0.9_re0.5,5,0.14785690159239673
gru,strb,r-strb_sl12_st12_bu500_no0.2_re0.9_re0.5,5,0.1532126728358055
gru,strb,r-strb_sl12_st12_bu500_no0.35_re0.9_re0.5,5,0.1457648069175854
gru,strb,r-strb_sl12_st6_bu500_no0.2_re0.9_re0.5,5,0.09703066397762977
gru,strb,r-strb_sl16_st16_bu1000_no0.05_re0.9_re0.5,5,0.1261129109954133
gru,strb,r-strb_sl16_st16_bu1000_no0.2_re0.9_re0.5,5,0.12885564550935966
gru,strb,r-strb_sl16_st16_bu1000_no0.35_re0.9_re0.5,5,0.1377071800857463
gru,strb,r-strb_sl16_st16_bu100_no0.05_re0.9_re0.5,5,0.151427791579088
gru,strb,r-strb_sl16_st16_bu100_no0.2_re0.9_re0.5,5,0.1530478057270026
gru,strb,r-strb_sl16_st16_bu100_no0.35_re0.9_re0.5,5,0.15242950388824944
gru,strb,r-strb_sl16_st16_bu500_no0.05_re0.9_re0.5,5,0.13695948358703555
gru,strb,r-strb_sl16_st16_bu500_no0.2_re0.9_re0.5,5,0.1419257615804953
gru,strb,r-strb_sl16_st16_bu500_no0.35_re0.9_re0.5,5,0.13447044653400858
gru,strb,r-strb_sl24_st12_bu1000_no0.2_re0.9_re0.5,5,0.1424945544978879
gru,strb,r-strb_sl24_st12_bu100_no0.2_re0.9_re0.5,5,0.15952872515463337
gru,strb,r-strb_sl24_st12_bu2000_no0.2_re0.9_re0.5,5,0.12298092824218457
gru,strb,r-strb_sl24_st12_bu250_no0.2_re0.9_re0.5,5,0.13643812980630815
gru,strb,r-strb_sl24_st12_bu4000_no0.2_re0.9_re0.5,5,0.12858758803161627
gru,strb,r-strb_sl24_st12_bu500_no0.01_re0.3_re0.5,5,0.1457769769584609
gru,strb,r-strb_sl24_st12_bu500_no0.01_re0.5_re0.5,5,0.1457769769584609
gru,strb,r-strb_sl24_st12_bu500_no0.01_re0.7_re0.5,5,0.1457769769584609
gru,strb,r-strb_sl24_st12_bu500_no0.01_re0.95_re0.5,5,0.1461209596225294
gru,strb,r-strb_sl24_st12_bu500_no0.01_re0.9_re0.5,5,0.1358334342428532
gru,strb,r-strb_sl24_st12_bu500_no0.05_re0.3_re0.5,5,0.15158415161012626
gru,strb,r-strb_sl24_st12_bu500_no0.05_re0.5_re0.5,5,0.15158415161012626
gru,strb,r-strb_sl24_st12_bu500_no0.05_re0.7_re0.5,5,0.15158415161012626
gru,strb,r-strb_sl24_st12_bu500_no0.05_re0.95_re0.5,5,0.14592333591233053
gru,strb,r-strb_sl24_st12_bu500_no0.05_re0.9_re0.5,5,0.1403921147648919
gru,strb,r-strb_sl24_st12_bu500_no0.1_re0.3_re0.5,5,0.15015938150690847
gru,strb,r-strb_sl24_st12_bu500_no0.1_re0.5_re0.5,5,0.15015938150690847
gru,strb,r-strb_sl24_st12_bu500_no0.1_re0.7_re0.5,5,0.15015938150690847
gru,strb,r-strb_sl24_st12_bu500_no0.1_re0.95_re0.5,5,0.147495034890235
gru,strb,r-strb_sl24_st12_bu500_no0.1_re0.9_re0.5,5,0.13834710185432839
gru,strb,r-strb_sl24_st12_bu500_no0.2_re0.3_re0.5,5,0.14696483683761102
gru,strb,r-strb_sl24_st12_bu500_no0.2_re0.5_re0.5,5,0.14696483683761102
gru,strb,r-strb_sl24_st12_bu500_no0.2_re0.7_re0.5,5,0.14696483683761102
gru,strb,r-strb_sl24_st12_bu500_no0.2_re0.95_re0.5,5,0.14303806602412175
gru,strb,r-strb_sl24_st12_bu500_no0.2_re0.9_re0.3,5,0.14962257955204333
gru,strb,r-strb_sl24_st12_bu500_no0.2_re0.9_re0.5,5,0.13732328307631333
gru,strb,r-strb_sl24_st12_bu500_no0.2_re0.9_re0.7,5,0.14475156807437317
gru,strb,r-strb_sl24_st12_bu500_no0.2_re0.9_re0.9,5,0.1337417668323206
gru,strb,r-strb_sl24_st12_bu500_no0.35_re0.3_re0.5,5,0.12706981094349065
gru,strb,r-strb_sl24_st12_bu500_no0.35_re0.5_re0.5,5,0.12706981094349065
gru,strb,r-strb_sl24_st12_bu500_no0.35_re0.7_re0.5,5,0.12706981094349065
gru,strb,r-strb_sl24_st12_bu500_no0.35_re0.95_re0.5,5,0.14215124812403465
gru,strb,r-strb_sl24_st12_bu500_no0.35_re0.9_re0.5,5,0.13964205225797605
gru,strb,r-strb_sl24_st12_bu500_no0.5_re0.3_re0.5,5,0.1431030666429578
gru,strb,r-strb_sl24_st12_bu500_no0.5_re0.5_re0.5,5,0.1431030666429578
gru,strb,r-strb_sl24_st12_bu500_no0.5_re0.7_re0.5,5,0.1431030666429578
gru,strb,r-strb_sl24_st12_bu500_no0.5_re0.95_re0.5,5,0.14291370289107094
gru,strb,r-strb_sl24_st12_bu500_no0.5_re0.9_re0.5,5,0.14292853927824534
gru,strb,r-strb_sl24_st24_bu1000_no0.05_re0.9_re0.5,5,0.14091513313731785
gru,strb,r-strb_sl24_st24_bu1000_no0.2_re0.9_re0.5,5,0.1445750034793696
gru,strb,r-strb_sl24_st24_bu1000_no0.35_re0.9_re0.5,5,0.14196447649446087
gru,strb,r-strb_sl24_st24_bu100_no0.05_re0.9_re0.5,5,0.16247155150991197
gru,strb,r-strb_sl24_st24_bu100_no0.2_re0.9_re0.5,5,0.1624676737885235
gru,strb,r-strb_sl24_st24_bu100_no0.35_re0.9_re0.5,5,0.1648503927687062
gru,strb,r-strb_sl24_st24_bu500_no0.05_re0.9_re0.5,5,0.14120316281947415
gru,strb,r-strb_sl24_st24_bu500_no0.35_re0.9_re0.5,5,0.1422789162393016
gru,strb,r-strb_sl48_st24_bu500_no0.2_re0.9_re0.5,5,0.14176878861486997
gru,strb,r-strb_sl48_st48_bu1000_no0.05_re0.9_re0.5,5,0.13926997336856414
gru,strb,r-strb_sl48_st48_bu1000_no0.2_re0.9_re0.5,5,0.1260836292955947
gru,strb,r-strb_sl48_st48_bu1000_no0.35_re0.9_re0.5,5,0.12624889205113105
gru,strb,r-strb_sl48_st48_bu100_no0.05_re0.9_re0.5,5,0.13339464738355172
gru,strb,r-strb_sl48_st48_bu100_no0.2_re0.9_re0.5,5,0.1343807242911798
gru,strb,r-strb_sl48_st48_bu100_no0.35_re0.9_re0.5,5,0.13327142899287708
gru,strb,r-strb_sl48_st48_bu500_no0.05_re0.9_re0.5,5,0.13089323736580583
gru,strb,r-strb_sl48_st48_bu500_no0.2_re0.9_re0.5,5,0.1312582570741462
gru,strb,r-strb_sl48_st48_bu500_no0.35_re0.9_re0.5,5,0.12243013036581762
gru,strb,r-strb_sl6_st6_bu1000_no0.05_re0.9_re0.5,5,0.15133674913195072
gru,strb,r-strb_sl6_st6_bu1000_no0.2_re0.9_re0.5,5,0.15241968322536545
gru,strb,r-strb_sl6_st6_bu1000_no0.35_re0.9_re0.5,5,0.150773719601747
gru,strb,r-strb_sl6_st6_bu100_no0.05_re0.9_re0.5,5,0.1216034541402713
gru,strb,r-strb_sl6_st6_bu100_no0.2_re0.9_re0.5,5,0.1237184055059235
gru,strb,r-strb_sl6_st6_bu100_no0.35_re0.9_re0.5,5,0.1264027189583907
gru,strb,r-strb_sl6_st6_bu500_no0.05_re0.9_re0.5,5,0.16759797798325632
gru,strb,r-strb_sl6_st6_bu500_no0.2_re0.9_re0.5,5,0.167587068486111
gru,strb,r-strb_sl6_st6_bu500_no0.35_re0.9_re0.5,5,0.16906703862306716
gru,strb,r-strb_sl8_st4_bu500_no0.2_re0.9_re0.5,5,0.12590713314875354
gru,strb,r-strb_sl8_st8_bu1000_no0.05_re0.9_re0.5,5,0.1507750933346353
gru,strb,r-strb_sl8_st8_bu1000_no0.2_re0.9_re0.5,5,0.15167155611235997
gru,strb,r-strb_sl8_st8_bu1000_no0.35_re0.9_re0.5,5,0.15269281982504124
gru,strb,r-strb_sl8_st8_bu100_no0.05_re0.9_re0.5,5,0.14249944721753874
gru,strb,r-strb_sl8_st8_bu100_no0.2_re0.9_re0.5,5,0.14333847457170568
gru,strb,r-strb_sl8_st8_bu100_no0.35_re0.9_re0.5,5,0.14406917985410836
gru,strb,r-strb_sl8_st8_bu500_no0.05_re0.9_re0.5,5,0.16263176704137655
gru,strb,r-strb_sl8_st8_bu500_no0.2_re0.9_re0.5,5,0.15647941942833682
gru,strb,r-strb_sl8_st8_bu500_no0.35_re0.9_re0.5,5,0.16560603204326288
lstm,strb,r-strb_sl10_st10_bu1000_no0.05_re0.9_re0.5,5,0.07236119760543457
lstm,strb,r-strb_sl10_st10_bu1000_no0.2_re0.9_re0.5,5,0.06308485494124831
lstm,strb,r-strb_sl10_st10_bu1000_no0.35_re0.9_re0.5,5,0.0765676420138768
lstm,strb,r-strb_sl10_st10_bu100_no0.05_re0.9_re0.5,5,0.1045451511705402
lstm,strb,r-strb_sl10_st10_bu100_no0.2_re0.9_re0.5,5,0.09894427776098616
lstm,strb,r-strb_sl10_st10_bu100_no0.35_re0.9_re0.5,5,0.10086143239161785
lstm,strb,r-strb_sl10_st10_bu500_no0.05_re0.9_re0.5,5,0.0650178292578127
lstm,strb,r-strb_sl10_st10_bu500_no0.2_re0.9_re0.5,5,0.0645954272260248
lstm,strb,r-strb_sl10_st10_bu500_no0.35_re0.9_re0.5,5,0.06485647019992445
lstm,strb,r-strb_sl12_st12_bu1000_no0.05_re0.9_re0.5,5,0.11300723559782022
lstm,strb,r-strb_sl12_st12_bu1000_no0.2_re0.9_re0.5,5,0.09890542955036205
lstm,strb,r-strb_sl12_st12_bu1000_no0.35_re0.9_re0.5,5,0.08287173406644291
lstm,strb,r-strb_sl12_st12_bu100_no0.05_re0.9_re0.5,5,0.07313460969494048
lstm,strb,r-strb_sl12_st12_bu100_no0.2_re0.9_re0.5,5,0.07289233234891834
lstm,strb,r-strb_sl12_st12_bu100_no0.35_re0.9_re0.5,5,0.10425957007242884
lstm,strb,r-strb_sl12_st12_bu500_no0.05_re0.9_re0.5,5,0.08479516946409799
lstm,strb,r-strb_sl12_st12_bu500_no0.2_re0.9_re0.5,5,0.0851876107614439
lstm,strb,r-strb_sl12_st12_bu500_no0.35_re0.9_re0.5,5,0.08615185038334336
lstm,strb,r-strb_sl12_st6_bu500_no0.2_re0.9_re0.5,5,0.12042917517726581
lstm,strb,r-strb_sl16_st16_bu1000_no0.05_re0.9_re0.5,5,0.089943884853455
lstm,strb,r-strb_sl16_st16_bu1000_no0.2_re0.9_re0.5,5,0.09709604149090034
lstm,strb,r-strb_sl16_st16_bu1000_no0.35_re0.9_re0.5,5,0.10155804621479497
lstm,strb,r-strb_sl16_st16_bu100_no0.05_re0.9_re0.5,5,0.12375993643713384
lstm,strb,r-strb_sl16_st16_bu100_no0.2_re0.9_re0.5,5,0.12030384202983496
lstm,strb,r-strb_sl16_st16_bu100_no0.35_re0.9_re0.5,5,0.10084585898367154
lstm,strb,r-strb_sl16_st16_bu500_no0.05_re0.9_re0.5,5,0.1299330095639821
lstm,strb,r-strb_sl16_st16_bu500_no0.2_re0.9_re0.5,5,0.12886836519057132
lstm,strb,r-strb_sl16_st16_bu500_no0.35_re0.9_re0.5,5,0.13556836809219683
lstm,strb,r-strb_sl24_st12_bu1000_no0.2_re0.9_re0.5,5,0.08191021202369486
lstm,strb,r-strb_sl24_st12_bu100_no0.2_re0.9_re0.5,5,0.1025249356064026
lstm,strb,r-strb_sl24_st12_bu2000_no0.2_re0.9_re0.5,5,0.06573094664189325
lstm,strb,r-strb_sl24_st12_bu250_no0.2_re0.9_re0.5,5,0.08723930603922947
lstm,strb,r-strb_sl24_st12_bu4000_no0.2_re0.9_re0.5,5,0.06839907111166316
lstm,strb,r-strb_sl24_st12_bu500_no0.01_re0.3_re0.5,5,0.08993984660649426
lstm,strb,r-strb_sl24_st12_bu500_no0.01_re0.5_re0.5,5,0.08993984660649426
lstm,strb,r-strb_sl24_st12_bu500_no0.01_re0.7_re0.5,5,0.08993984660649426
lstm,strb,r-strb_sl24_st12_bu500_no0.01_re0.95_re0.5,5,0.08456429714027225
lstm,strb,r-strb_sl24_st12_bu500_no0.01_re0.9_re0.5,5,0.09183684261121033
lstm,strb,r-strb_sl24_st12_bu500_no0.05_re0.3_re0.5,5,0.09215668557606038
lstm,strb,r-strb_sl24_st12_bu500_no0.05_re0.5_re0.5,5,0.09215668557606038
lstm,strb,r-strb_sl24_st12_bu500_no0.05_re0.7_re0.5,5,0.09215668557606038
lstm,strb,r-strb_sl24_st12_bu500_no0.05_re0.95_re0.5,5,0.08501382745048408
lstm,strb,r-strb_sl24_st12_bu500_no0.05_re0.9_re0.5,5,0.08731708415885209
lstm,strb,r-strb_sl24_st12_bu500_no0.1_re0.3_re0.5,5,0.08950756613311864
lstm,strb,r-strb_sl24_st12_bu500_no0.1_re0.5_re0.5,5,0.08950756613311864
lstm,strb,r-strb_sl24_st12_bu500_no0.1_re0.7_re0.5,5,0.08950756613311864
lstm,strb,r-strb_sl24_st12_bu500_no0.1_re0.95_re0.5,5,0.08467899756967578
lstm,strb,r-strb_sl24_st12_bu500_no0.1_re0.9_re0.5,5,0.08699476887695853
lstm,strb,r-strb_sl24_st12_bu500_no0.2_re0.3_re0.5,5,0.10058370711580444
lstm,strb,r-strb_sl24_st12_bu500_no0.2_re0.5_re0.5,5,0.10058370711580444
lstm,strb,r-strb_sl24_st12_bu500_no0.2_re0.7_re0.5,5,0.10058370711580444
lstm,strb,r-strb_sl24_st12_bu500_no0.2_re0.95_re0.5,5,0.07957138440178249
lstm,strb,r-strb_sl24_st12_bu500_no0.2_re0.9_re0.3,5,0.10610896321883556
lstm,strb,r-strb_sl24_st12_bu500_no0.2_re0.9_re0.5,5,0.09027477356594443
lstm,strb,r-strb_sl24_st12_bu500_no0.2_re0.9_re0.7,5,0.08364383793968636
lstm,strb,r-strb_sl24_st12_bu500_no0.2_re0.9_re0.9,5,0.10332255283130481
lstm,strb,r-strb_sl24_st12_bu500_no0.35_re0.3_re0.5,5,0.08739003710456494
lstm,strb,r-strb_sl24_st12_bu500_no0.35_re0.5_re0.5,5,0.08739003710456494
lstm,strb,r-strb_sl24_st12_bu500_no0.35_re0.7_re0.5,5,0.08739003710456494
lstm,strb,r-strb_sl24_st12_bu500_no0.35_re0.95_re0.5,5,0.08739003710456494
lstm,strb,r-strb_sl24_st12_bu500_no0.35_re0.9_re0.5,5,0.08739003710456494
lstm,strb,r-strb_sl24_st12_bu500_no0.5_re0.3_re0.5,5,0.08739003710456494
lstm,strb,r-strb_sl24_st12_bu500_no0.5_re0.5_re0.5,5,0.08739003710456494
lstm,strb,r-strb_sl24_st12_bu500_no0.5_re0.7_re0.5,5,0.08739003710456494
lstm,strb,r-strb_sl24_st12_bu500_no0.5_re0.95_re0.5,5,0.08739003710456494
lstm,strb,r-strb_sl24_st12_bu500_no0.5_re0.9_re0.5,5,0.08739003710456494
lstm,strb,r-strb_sl24_st24_bu1000_no0.05_re0.9_re0.5,5,0.13577960307976006
lstm,strb,r-strb_sl24_st24_bu1000_no0.2_re0.9_re0.5,5,0.08129058046245999
lstm,strb,r-strb_sl24_st24_bu1000_no0.35_re0.9_re0.5,5,0.08942827284038679
lstm,strb,r-strb_sl24_st24_bu100_no0.05_re0.9_re0.5,5,0.0949382366059669
lstm,strb,r-strb_sl24_st24_bu100_no0.2_re0.9_re0.5,5,0.09947332803416878
lstm,strb,r-strb_sl24_st24_bu100_no0.35_re0.9_re0.5,5,0.09566109135561088
lstm,strb,r-strb_sl24_st24_bu500_no0.05_re0.9_re0.5,5,0.08504741003768576
lstm,strb,r-strb_sl24_st24_bu500_no0.35_re0.9_re0.5,5,0.07387905455889457
lstm,strb,r-strb_sl48_st24_bu500_no0.2_re0.9_re0.5,5,0.1286708230457635
lstm,strb,r-strb_sl48_st48_bu1000_no0.05_re0.9_re0.5,5,0.13927514531757915
lstm,strb,r-strb_sl48_st48_bu1000_no0.2_re0.9_re0.5,5,0.1265459635338547
lstm,strb,r-strb_sl48_st48_bu1000_no0.35_re0.9_re0.5,5,0.12238632158485366
lstm,strb,r-strb_sl48_st48_bu100_no0.05_re0.9_re0.5,5,0.13644818255178343
lstm,strb,r-strb_sl48_st48_bu100_no0.2_re0.9_re0.5,5,0.13493351764848616
lstm,strb,r-strb_sl48_st48_bu100_no0.35_re0.9_re0.5,5,0.1295707068181109
lstm,strb,r-strb_sl48_st48_bu500_no0.05_re0.9_re0.5,5,0.15179270926274907
lstm,strb,r-strb_sl48_st48_bu500_no0.2_re0.9_re0.5,5,0.12026028260045507
lstm,strb,r-strb_sl48_st48_bu500_no0.35_re0.9_re0.5,5,0.12373566544162831
lstm,strb,r-strb_sl6_st6_bu1000_no0.05_re0.9_re0.5,5,0.08597973861609756
lstm,strb,r-strb_sl6_st6_bu1000_no0.2_re0.9_re0.5,5,0.08200373170818898
lstm,strb,r-strb_sl6_st6_bu1000_no0.35_re0.9_re0.5,5,0.08264683288961863
lstm,strb,r-strb_sl6_st6_bu100_no0.05_re0.9_re0.5,5,0.08336915828506136
lstm,strb,r-strb_sl6_st6_bu100_no0.2_re0.9_re0.5,5,0.08580027481583763
lstm,strb,r-strb_sl6_st6_bu100_no0.35_re0.9_re0.5,5,0.07858961260903063
lstm,strb,r-strb_sl6_st6_bu500_no0.05_re0.9_re0.5,5,0.10779241708862505
lstm,strb,r-strb_sl6_st6_bu500_no0.2_re0.9_re0.5,5,0.10950021018596878
lstm,strb,r-strb_sl6_st6_bu500_no0.35_re0.9_re0.5,5,0.1013678845342248
lstm,strb,r-strb_sl8_st4_bu500_no0.2_re0.9_re0.5,5,0.0818349226559533
lstm,strb,r-strb_sl8_st8_bu1000_no0.05_re0.9_re0.5,5,0.09826606119163311
lstm,strb,r-strb_sl8_st8_bu1000_no0.2_re0.9_re0.5,5,0.10118692202511814
lstm,strb,r-strb_sl8_st8_bu1000_no0.35_re0.9_re0.5,5,0.1019475087896353
lstm,strb,r-strb_sl8_st8_bu100_no0.05_re0.9_re0.5,5,0.08230735818535612
lstm,strb,r-strb_sl8_st8_bu100_no0.2_re0.9_re0.5,5,0.09877487327179835
lstm,strb,r-strb_sl8_st8_bu100_no0.35_re0.9_re0.5,5,0.1092414045476883
lstm,strb,r-strb_sl8_st8_bu500_no0.05_re0.9_re0.5,5,0.10800232800910664
lstm,strb,r-strb_sl8_st8_bu500_no0.2_re0.9_re0.5,5,0.11825540069022558
lstm,strb,r-strb_sl8_st8_bu500_no0.35_re0.9_re0.5,5,0.11576030744172439
tcn,strb,r-strb_sl10_st10_bu1000_no0.05_re0.9_re0.5,5,0.16189692012773166
tcn,strb,r-strb_sl10_st10_bu1000_no0.2_re0.9_re0.5,5,0.1616208989585431
tcn,strb,r-strb_sl10_st10_bu1000_no0.35_re0.9_re0.5,5,0.16288636895584968
tcn,strb,r-strb_sl10_st10_bu100_no0.05_re0.9_re0.5,5,0.13137764301207347
tcn,strb,r-strb_sl10_st10_bu100_no0.2_re0.9_re0.5,5,0.13103288142638042
tcn,strb,r-strb_sl10_st10_bu100_no0.35_re0.9_re0.5,5,0.13585618124250076
tcn,strb,r-strb_sl10_st10_bu500_no0.05_re0.9_re0.5,5,0.15771242996568935
tcn,strb,r-strb_sl10_st10_bu500_no0.2_re0.9_re0.5,5,0.15875072274555588
tcn,strb,r-strb_sl10_st10_bu500_no0.35_re0.9_re0.5,5,0.15719028717588068
tcn,strb,r-strb_sl12_st12_bu1000_no0.05_re0.9_re0.5,5,0.1618521517210185
tcn,strb,r-strb_sl12_st12_bu1000_no0.2_re0.9_re0.5,5,0.15918553178132328
tcn,strb,r-strb_sl12_st12_bu1000_no0.35_re0.9_re0.5,5,0.15869931284435296
tcn,strb,r-strb_sl12_st12_bu100_no0.05_re0.9_re0.5,5,0.16393205686104545
tcn,strb,r-strb_sl12_st12_bu100_no0.2_re0.9_re0.5,5,0.16480323812316122
tcn,strb,r-strb_sl12_st12_bu100_no0.35_re0.9_re0.5,5,0.16009885461156312
tcn,strb,r-strb_sl12_st12_bu500_no0.05_re0.9_re0.5,5,0.1365273936712712
tcn,strb,r-strb_sl12_st12_bu500_no0.2_re0.9_re0.5,5,0.13682023621856365
tcn,strb,r-strb_sl12_st12_bu500_no0.35_re0.9_re0.5,5,0.14181523973272042
tcn,strb,r-strb_sl12_st6_bu500_no0.2_re0.9_re0.5,5,0.14949142448625857
tcn,strb,r-strb_sl16_st16_bu1000_no0.05_re0.9_re0.5,5,0.17986972363649606
tcn,strb,r-strb_sl16_st16_bu1000_no0.2_re0.9_re0.5,5,0.17946403836287114
tcn,strb,r-strb_sl16_st16_bu1000_no0.35_re0.9_re0.5,5,0.1788582338219578
tcn,strb,r-strb_sl16_st16_bu100_no0.05_re0.9_re0.5,5,0.14713085779415244
tcn,strb,r-strb_sl16_st16_bu100_no0.2_re0.9_re0.5,5,0.14718156132126037
tcn,strb,r-strb_sl16_st16_bu100_no0.35_re0.9_re0.5,5,0.14799848723705902
tcn,strb,r-strb_sl16_st16_bu500_no0.05_re0.9_re0.5,5,0.18724474417902787
tcn,strb,r-strb_sl16_st16_bu500_no0.2_re0.9_re0.5,5,0.1853656672274124
tcn,strb,r-strb_sl16_st16_bu500_no0.35_re0.9_re0.5,5,0.18601009458472778
tcn,strb,r-strb_sl24_st12_bu1000_no0.2_re0.9_re0.5,5,0.18880225663581068
tcn,strb,r-strb_sl24_st12_bu100_no0.2_re0.9_re0.5,5,0.16171694994694963
tcn,strb,r-strb_sl24_st12_bu2000_no0.2_re0.9_re0.5,5,0.18422100314999057
tcn,strb,r-strb_sl24_st12_bu250_no0.2_re0.9_re0.5,5,0.17669122797640277
tcn,strb,r-strb_sl24_st12_bu4000_no0.2_re0.9_re0.5,5,0.18379199381434244
tcn,strb,r-strb_sl24_st12_bu500_no0.01_re0.3_re0.5,5,0.15481158615111784
tcn,strb,r-strb_sl24_st12_bu500_no0.01_re0.5_re0.5,5,0.17506865393728752
tcn,strb,r-strb_sl24_st12_bu500_no0.01_re0.7_re0.5,5,0.17581898830638915
tcn,strb,r-strb_sl24_st12_bu500_no0.01_re0.95_re0.5,5,0.1829578355561139
tcn,strb,r-strb_sl24_st12_bu500_no0.01_re0.9_re0.5,5,0.17948496078971687
tcn,strb,r-strb_sl24_st12_bu500_no0.05_re0.3_re0.5,5,0.15341944237893562
tcn,strb,r-strb_sl24_st12_bu500_no0.05_re0.5_re0.5,5,0.15178272305649204
tcn,strb,r-strb_sl24_st12_bu500_no0.05_re0.7_re0.5,5,0.18364107201781293
tcn,strb,r-strb_sl24_st12_bu500_no0.05_re0.95_re0.5,5,0.18286311262062374
tcn,strb,r-strb_sl24_st12_bu500_no0.05_re0.9_re0.5,5,0.18038038981751756
tcn,strb,r-strb_sl24_st12_bu500_no0.1_re0.3_re0.5,5,0.16278400681412855
tcn,strb,r-strb_sl24_st12_bu500_no0.1_re0.5_re0.5,5,0.15749682134911147
tcn,strb,r-strb_sl24_st12_bu500_no0.1_re0.7_re0.5,5,0.1742247858643836
tcn,strb,r-strb_sl24_st12_bu500_no0.1_re0.95_re0.5,5,0.1833210345169574
tcn,strb,r-strb_sl24_st12_bu500_no0.1_re0.9_re0.5,5,0.1799540541982558
tcn,strb,r-strb_sl24_st12_bu500_no0.2_re0.3_re0.5,5,0.1564798748390534
tcn,strb,r-strb_sl24_st12_bu500_no0.2_re0.5_re0.5,5,0.1570615257697553
tcn,strb,r-strb_sl24_st12_bu500_no0.2_re0.7_re0.5,5,0.17370004863594843
tcn,strb,r-strb_sl24_st12_bu500_no0.2_re0.95_re0.5,5,0.18273994417872624
tcn,strb,r-strb_sl24_st12_bu500_no0.2_re0.9_re0.3,5,0.15653548404873216
tcn,strb,r-strb_sl24_st12_bu500_no0.2_re0.9_re0.5,5,0.18082855036354412
tcn,strb,r-strb_sl24_st12_bu500_no0.2_re0.9_re0.7,5,0.1834659180866974
tcn,strb,r-strb_sl24_st12_bu500_no0.2_re0.9_re0.9,5,0.0918464407116674
tcn,strb,r-strb_sl24_st12_bu500_no0.35_re0.3_re0.5,5,0.1768923127020424
tcn,strb,r-strb_sl24_st12_bu500_no0.35_re0.5_re0.5,5,0.19190475129404885
tcn,strb,r-strb_sl24_st12_bu500_no0.35_re0.7_re0.5,5,0.17788496673747914
tcn,strb,r-strb_sl24_st12_bu500_no0.35_re0.95_re0.5,5,0.18324803128160685
tcn,strb,r-strb_sl24_st12_bu500_no0.35_re0.9_re0.5,5,0.17952454239678686
tcn,strb,r-strb_sl24_st12_bu500_no0.5_re0.3_re0.5,5,0.17159683101812157
tcn,strb,r-strb_sl24_st12_bu500_no0.5_re0.5_re0.5,5,0.17423615983270468
tcn,strb,r-strb_sl24_st12_bu500_no0.5_re0.7_re0.5,5,0.17380447155278064
tcn,strb,r-strb_sl24_st12_bu500_no0.5_re0.95_re0.5,5,0.17964337944115052
tcn,strb,r-strb_sl24_st12_bu500_no0.5_re0.9_re0.5,5,0.17748714599761986
tcn,strb,r-strb_sl24_st24_bu1000_no0.05_re0.9_re0.5,5,0.17747513407321158
tcn,strb,r-strb_sl24_st24_bu1000_no0.2_re0.9_re0.5,5,0.17781304315024116
tcn,strb,r-strb_sl24_st24_bu1000_no0.35_re0.9_re0.5,5,0.17022333356697114
tcn,strb,r-strb_sl24_st24_bu100_no0.05_re0.9_re0.5,5,0.1426541505357657
tcn,strb,r-strb_sl24_st24_bu100_no0.2_re0.9_re0.5,5,0.1419112829319621
tcn,strb,r-strb_sl24_st24_bu100_no0.35_re0.9_re0.5,5,0.1411908114614928
tcn,strb,r-strb_sl24_st24_bu500_no0.05_re0.9_re0.5,5,0.1645940568463052
tcn,strb,r-strb_sl24_st24_bu500_no0.35_re0.9_re0.5,5,0.16332968229519504
tcn,strb,r-strb_sl48_st24_bu500_no0.2_re0.9_re0.5,5,0.16266203595517006
tcn,strb,r-strb_sl48_st48_bu1000_no0.05_re0.9_re0.5,5,0.18823249657011423
tcn,strb,r-strb_sl48_st48_bu1000_no0.2_re0.9_re0.5,5,0.18822520179019725
tcn,strb,r-strb_sl48_st48_bu1000_no0.35_re0.9_re0.5,5,0.18674803428341535
tcn,strb,r-strb_sl48_st48_bu100_no0.05_re0.9_re0.5,5,0.14767131223506236
tcn,strb,r-strb_sl48_st48_bu100_no0.2_re0.9_re0.5,5,0.1474833676454741
tcn,strb,r-strb_sl48_st48_bu100_no0.35_re0.9_re0.5,5,0.14748826431376644
tcn,strb,r-strb_sl48_st48_bu500_no0.05_re0.9_re0.5,5,0.18944019664832473
tcn,strb,r-strb_sl48_st48_bu500_no0.2_re0.9_re0.5,5,0.18955355187353878
tcn,strb,r-strb_sl48_st48_bu500_no0.35_re0.9_re0.5,5,0.19204506434323187
tcn,strb,r-strb_sl6_st6_bu1000_no0.05_re0.9_re0.5,5,0.18372881974348879
tcn,strb,r-strb_sl6_st6_bu1000_no0.2_re0.9_re0.5,5,0.18565808671874226
tcn,strb,r-strb_sl6_st6_bu1000_no0.35_re0.9_re0.5,5,0.18473037077741014
tcn,strb,r-strb_sl6_st6_bu100_no0.05_re0.9_re0.5,5,0.13915114657758113
tcn,strb,r-strb_sl6_st6_bu100_no0.2_re0.9_re0.5,5,0.14222373897927365
tcn,strb,r-strb_sl6_st6_bu100_no0.35_re0.9_re0.5,5,0.13862922237305017
tcn,strb,r-strb_sl6_st6_bu500_no0.05_re0.9_re0.5,5,0.11720037786188123
tcn,strb,r-strb_sl6_st6_bu500_no0.2_re0.9_re0.5,5,0.1166800026799783
tcn,strb,r-strb_sl6_st6_bu500_no0.35_re0.9_re0.5,5,0.11511301204448232
tcn,strb,r-strb_sl8_st4_bu500_no0.2_re0.9_re0.5,5,0.1509466226906244
tcn,strb,r-strb_sl8_st8_bu1000_no0.05_re0.9_re0.5,5,0.1767575366565812
tcn,strb,r-strb_sl8_st8_bu1000_no0.2_re0.9_re0.5,5,0.1760146617760903
tcn,strb,r-strb_sl8_st8_bu1000_no0.35_re0.9_re0.5,5,0.18222499661221486
tcn,strb,r-strb_sl8_st8_bu100_no0.05_re0.9_re0.5,5,0.15890643398646856
tcn,strb,r-strb_sl8_st8_bu100_no0.2_re0.9_re0.5,5,0.15623471196121616
tcn,strb,r-strb_sl8_st8_bu100_no0.35_re0.9_re0.5,5,0.15758161254969588
tcn,strb,r-strb_sl8_st8_bu500_no0.05_re0.9_re0.5,5,0.15805796077587095
tcn,strb,r-strb_sl8_st8_bu500_no0.2_re0.9_re0.5,5,0.1596855745794571
tcn,strb,r-strb_sl8_st8_bu500_no0.35_re0.9_re0.5,5,0.15784209511990502
vgru,strb,r-strb_sl10_st10_bu1000_no0.05_re0.9_re0.5,5,0.18243364349490762
vgru,strb,r-strb_sl10_st10_bu1000_no0.2_re0.9_re0.5,5,0.1824431294096122
vgru,strb,r-strb_sl10_st10_bu1000_no0.35_re0.9_re0.5,5,0.1822417159870885
vgru,strb,r-strb_sl10_st10_bu100_no0.05_re0.9_re0.5,5,0.1805581555348861
vgru,strb,r-strb_sl10_st10_bu100_no0.2_re0.9_re0.5,5,0.1805581555348861
vgru,strb,r-strb_sl10_st10_bu100_no0.35_re0.9_re0.5,5,0.1805581555348861
vgru,strb,r-strb_sl10_st10_bu500_no0.05_re0.9_re0.5,5,0.18252324617357824
vgru,strb,r-strb_sl10_st10_bu500_no0.2_re0.9_re0.5,5,0.1825484480063552
vgru,strb,r-strb_sl10_st10_bu500_no0.35_re0.9_re0.5,5,0.18252369170350283
vgru,strb,r-strb_sl12_st12_bu1000_no0.05_re0.9_re0.5,5,0.18466560843480953
vgru,strb,r-strb_sl12_st12_bu1000_no0.2_re0.9_re0.5,5,0.18450317678638903
vgru,strb,r-strb_sl12_st12_bu1000_no0.35_re0.9_re0.5,5,0.18449136509068276
vgru,strb,r-strb_sl12_st12_bu100_no0.05_re0.9_re0.5,5,0.18560852442253595
vgru,strb,r-strb_sl12_st12_bu100_no0.2_re0.9_re0.5,5,0.18560852442253595
vgru,strb,r-strb_sl12_st12_bu100_no0.35_re0.9_re0.5,5,0.18560852442253595
vgru,strb,r-strb_sl12_st12_bu500_no0.05_re0.9_re0.5,5,0.1854364151394798
vgru,strb,r-strb_sl12_st12_bu500_no0.2_re0.9_re0.5,5,0.1854364151394798
vgru,strb,r-strb_sl12_st12_bu500_no0.35_re0.9_re0.5,5,0.1853213068306434
vgru,strb,r-strb_sl12_st6_bu500_no0.2_re0.9_re0.5,5,0.1788085116289808
vgru,strb,r-strb_sl16_st16_bu1000_no0.05_re0.9_re0.5,5,0.18454772144975132
vgru,strb,r-strb_sl16_st16_bu1000_no0.2_re0.9_re0.5,5,0.18451699563845714
vgru,strb,r-strb_sl16_st16_bu1000_no0.35_re0.9_re0.5,5,0.18452586248432057
vgru,strb,r-strb_sl16_st16_bu100_no0.05_re0.9_re0.5,5,0.18311116597861138
vgru,strb,r-strb_sl16_st16_bu100_no0.2_re0.9_re0.5,5,0.18303498822714945
vgru,strb,r-strb_sl16_st16_bu100_no0.35_re0.9_re0.5,5,0.18307323272022757
vgru,strb,r-strb_sl16_st16_bu500_no0.05_re0.9_re0.5,5,0.18420658451576716
vgru,strb,r-strb_sl16_st16_bu500_no0.2_re0.9_re0.5,5,0.18398137581071136
vgru,strb,r-strb_sl16_st16_bu500_no0.35_re0.9_re0.5,5,0.18378991555892507
vgru,strb,r-strb_sl24_st12_bu1000_no0.2_re0.9_re0.5,5,0.18172699924650798
vgru,strb,r-strb_sl24_st12_bu100_no0.2_re0.9_re0.5,5,0.18329162859974432
vgru,strb,r-strb_sl24_st12_bu2000_no0.2_re0.9_re0.5,5,0.18145918006810588
vgru,strb,r-strb_sl24_st12_bu250_no0.2_re0.9_re0.5,5,0.1823715806919823
vgru,strb,r-strb_sl24_st12_bu4000_no0.2_re0.9_re0.5,5,0.18013134569331224
vgru,strb,r-strb_sl24_st12_bu500_no0.01_re0.3_re0.5,5,0.17946164298342282
vgru,strb,r-strb_sl24_st12_bu500_no0.01_re0.5_re0.5,5,0.18101739203053382
vgru,strb,r-strb_sl24_st12_bu500_no0.01_re0.7_re0.5,5,0.18005872011620336
vgru,strb,r-strb_sl24_st12_bu500_no0.01_re0.95_re0.5,5,0.1807124430115261
vgru,strb,r-strb_sl24_st12_bu500_no0.01_re0.9_re0.5,5,0.1807124430115261
vgru,strb,r-strb_sl24_st12_bu500_no0.05_re0.3_re0.5,5,0.17981392743639343
vgru,strb,r-strb_sl24_st12_bu500_no0.05_re0.5_re0.5,5,0.17975357924441557
vgru,strb,r-strb_sl24_st12_bu500_no0.05_re0.7_re0.5,5,0.18025995575034126
vgru,strb,r-strb_sl24_st12_bu500_no0.05_re0.95_re0.5,5,0.1807124430115261
vgru,strb,r-strb_sl24_st12_bu500_no0.05_re0.9_re0.5,5,0.1807124430115261
vgru,strb,r-strb_sl24_st12_bu500_no0.1_re0.3_re0.5,5,0.18018221888142888
vgru,strb,r-strb_sl24_st12_bu500_no0.1_re0.5_re0.5,5,0.17985455997856764
vgru,strb,r-strb_sl24_st12_bu500_no0.1_re0.7_re0.5,5,0.18021802803234432
vgru,strb,r-strb_sl24_st12_bu500_no0.1_re0.95_re0.5,5,0.1807124430115261
vgru,strb,r-strb_sl24_st12_bu500_no0.1_re0.9_re0.5,5,0.1807124430115261
vgru,strb,r-strb_sl24_st12_bu500_no0.2_re0.3_re0.5,5,0.1797156067199266
vgru,strb,r-strb_sl24_st12_bu500_no0.2_re0.5_re0.5,5,0.17969034525320587
vgru,strb,r-strb_sl24_st12_bu500_no0.2_re0.7_re0.5,5,0.18074558864576112
vgru,strb,r-strb_sl24_st12_bu500_no0.2_re0.95_re0.5,5,0.1807124430115261
vgru,strb,r-strb_sl24_st12_bu500_no0.2_re0.9_re0.3,5,0.1823279719251234
vgru,strb,r-strb_sl24_st12_bu500_no0.2_re0.9_re0.5,5,0.1807124430115261
vgru,strb,r-strb_sl24_st12_bu500_no0.2_re0.9_re0.7,5,0.18126634092104568
vgru,strb,r-strb_sl24_st12_bu500_no0.2_re0.9_re0.9,5,0.18112031978622103
vgru,strb,r-strb_sl24_st12_bu500_no0.35_re0.3_re0.5,5,0.1797228895984872
vgru,strb,r-strb_sl24_st12_bu500_no0.35_re0.5_re0.5,5,0.17977692862435096
vgru,strb,r-strb_sl24_st12_bu500_no0.35_re0.7_re0.5,5,0.18000954681007353
vgru,strb,r-strb_sl24_st12_bu500_no0.35_re0.95_re0.5,5,0.1807124430115261
vgru,strb,r-strb_sl24_st12_bu500_no0.35_re0.9_re0.5,5,0.1807124430115261
vgru,strb,r-strb_sl24_st12_bu500_no0.5_re0.3_re0.5,5,0.18024938364558055
vgru,strb,r-strb_sl24_st12_bu500_no0.5_re0.5_re0.5,5,0.18028544641393573
vgru,strb,r-strb_sl24_st12_bu500_no0.5_re0.7_re0.5,5,0.18010309048260412
vgru,strb,r-strb_sl24_st12_bu500_no0.5_re0.95_re0.5,5,0.1807124430115261
vgru,strb,r-strb_sl24_st12_bu500_no0.5_re0.9_re0.5,5,0.1807124430115261
vgru,strb,r-strb_sl24_st24_bu1000_no0.05_re0.9_re0.5,5,0.18221064900104794
vgru,strb,r-strb_sl24_st24_bu1000_no0.2_re0.9_re0.5,5,0.18214051360250788
vgru,strb,r-strb_sl24_st24_bu1000_no0.35_re0.9_re0.5,5,0.1822610284206219
vgru,strb,r-strb_sl24_st24_bu100_no0.05_re0.9_re0.5,5,0.17900789230860237
vgru,strb,r-strb_sl24_st24_bu100_no0.2_re0.9_re0.5,5,0.17900789230860237
vgru,strb,r-strb_sl24_st24_bu100_no0.35_re0.9_re0.5,5,0.1788515625093102
vgru,strb,r-strb_sl24_st24_bu500_no0.05_re0.9_re0.5,5,0.18130193098097075
vgru,strb,r-strb_sl24_st24_bu500_no0.35_re0.9_re0.5,5,0.18132159297221576
vgru,strb,r-strb_sl48_st24_bu500_no0.2_re0.9_re0.5,5,0.18126320272281393
vgru,strb,r-strb_sl48_st48_bu1000_no0.05_re0.9_re0.5,5,0.1814606195593214
vgru,strb,r-strb_sl48_st48_bu1000_no0.2_re0.9_re0.5,5,0.1813312851294432
vgru,strb,r-strb_sl48_st48_bu1000_no0.35_re0.9_re0.5,5,0.18159406599030692
vgru,strb,r-strb_sl48_st48_bu100_no0.05_re0.9_re0.5,5,0.1794423384961075
vgru,strb,r-strb_sl48_st48_bu100_no0.2_re0.9_re0.5,5,0.17891995302831903
vgru,strb,r-strb_sl48_st48_bu100_no0.35_re0.9_re0.5,5,0.17946490968020856
vgru,strb,r-strb_sl48_st48_bu500_no0.05_re0.9_re0.5,5,0.18197657437639375
vgru,strb,r-strb_sl48_st48_bu500_no0.2_re0.9_re0.5,5,0.18128015767010947
vgru,strb,r-strb_sl48_st48_bu500_no0.35_re0.9_re0.5,5,0.18215884002896549
vgru,strb,r-strb_sl6_st6_bu1000_no0.05_re0.9_re0.5,5,0.18316156692270433
vgru,strb,r-strb_sl6_st6_bu1000_no0.2_re0.9_re0.5,5,0.183119785919826
vgru,strb,r-strb_sl6_st6_bu1000_no0.35_re0.9_re0.5,5,0.1831270916444938
vgru,strb,r-strb_sl6_st6_bu100_no0.05_re0.9_re0.5,5,0.18197031357454546
vgru,strb,r-strb_sl6_st6_bu100_no0.2_re0.9_re0.5,5,0.18197031357454546
vgru,strb,r-strb_sl6_st6_bu100_no0.35_re0.9_re0.5,5,0.18197031357454546
vgru,strb,r-strb_sl6_st6_bu500_no0.05_re0.9_re0.5,5,0.18199535568290895
vgru,strb,r-strb_sl6_st6_bu500_no0.2_re0.9_re0.5,5,0.18191409348538645
vgru,strb,r-strb_sl6_st6_bu500_no0.35_re0.9_re0.5,5,0.18194221631307303
vgru,strb,r-strb_sl8_st4_bu500_no0.2_re0.9_re0.5,5,0.18640836303197295
vgru,strb,r-strb_sl8_st8_bu1000_no0.05_re0.9_re0.5,5,0.1781860705478836
vgru,strb,r-strb_sl8_st8_bu1000_no0.2_re0.9_re0.5,5,0.1782612020156776
vgru,strb,r-strb_sl8_st8_bu1000_no0.35_re0.9_re0.5,5,0.17821035486624867
vgru,strb,r-strb_sl8_st8_bu100_no0.05_re0.9_re0.5,5,0.17661692904932066
vgru,strb,r-strb_sl8_st8_bu100_no0.2_re0.9_re0.5,5,0.17661692904932066
vgru,strb,r-strb_sl8_st8_bu100_no0.35_re0.9_re0.5,5,0.17661692904932066
vgru,strb,r-strb_sl8_st8_bu500_no0.05_re0.9_re0.5,5,0.17678066658291056
vgru,strb,r-strb_sl8_st8_bu500_no0.2_re0.9_re0.5,5,0.17672712024803114
vgru,strb,r-strb_sl8_st8_bu500_no0.35_re0.9_re0.5,5,0.1767244128847398
vgru-kl,strb,r-strb_sl10_st10_bu1000_no0.05_re0.9_re0.5,5,0.1770995683234078
vgru-kl,strb,r-strb_sl10_st10_bu1000_no0.2_re0.9_re0.5,5,0.17644310205861322
vgru-kl,strb,r-strb_sl10_st10_bu1000_no0.35_re0.9_re0.5,5,0.1747630214753578
vgru-kl,strb,r-strb_sl10_st10_bu100_no0.05_re0.9_re0.5,5,0.175929947040173
vgru-kl,strb,r-strb_sl10_st10_bu100_no0.2_re0.9_re0.5,5,0.17655922477209615
vgru-kl,strb,r-strb_sl10_st10_bu100_no0.35_re0.9_re0.5,5,0.16635387578954627
vgru-kl,strb,r-strb_sl10_st10_bu500_no0.05_re0.9_re0.5,5,0.17520840935296259
vgru-kl,strb,r-strb_sl10_st10_bu500_no0.2_re0.9_re0.5,5,0.17501688088327463
vgru-kl,strb,r-strb_sl10_st10_bu500_no0.35_re0.9_re0.5,5,0.1737849048448692
vgru-kl,strb,r-strb_sl12_st12_bu1000_no0.05_re0.9_re0.5,5,0.17467563542078243
vgru-kl,strb,r-strb_sl12_st12_bu1000_no0.2_re0.9_re0.5,5,0.17217944510861175
vgru-kl,strb,r-strb_sl12_st12_bu1000_no0.35_re0.9_re0.5,5,0.17122042023112957
vgru-kl,strb,r-strb_sl12_st12_bu100_no0.05_re0.9_re0.5,5,0.17213864876418872
vgru-kl,strb,r-strb_sl12_st12_bu100_no0.2_re0.9_re0.5,5,0.17028751676944956
vgru-kl,strb,r-strb_sl12_st12_bu100_no0.35_re0.9_re0.5,5,0.17110406286424654
vgru-kl,strb,r-strb_sl12_st12_bu500_no0.05_re0.9_re0.5,5,0.17339901209848932
vgru-kl,strb,r-strb_sl12_st12_bu500_no0.2_re0.9_re0.5,5,0.173870336706168
vgru-kl,strb,r-strb_sl12_st12_bu500_no0.35_re0.9_re0.5,5,0.1734520947816658
vgru-kl,strb,r-strb_sl12_st6_bu500_no0.2_re0.9_re0.5,5,0.17680459494565695
vgru-kl,strb,r-strb_sl16_st16_bu1000_no0.05_re0.9_re0.5,5,0.17764795272279255
vgru-kl,strb,r-strb_sl16_st16_bu1000_no0.2_re0.9_re0.5,5,0.1768272773083921
vgru-kl,strb,r-strb_sl16_st16_bu1000_no0.35_re0.9_re0.5,5,0.17481814300342716
vgru-kl,strb,r-strb_sl16_st16_bu100_no0.05_re0.9_re0.5,5,0.17655848768642013
vgru-kl,strb,r-strb_sl16_st16_bu100_no0.2_re0.9_re0.5,5,0.17144855533522377
vgru-kl,strb,r-strb_sl16_st16_bu100_no0.35_re0.9_re0.5,5,0.17144855533522377
vgru-kl,strb,r-strb_sl16_st16_bu500_no0.05_re0.9_re0.5,5,0.16504398582153446
vgru-kl,strb,r-strb_sl16_st16_bu500_no0.2_re0.9_re0.5,5,0.16598506492649284
vgru-kl,strb,r-strb_sl16_st16_bu500_no0.35_re0.9_re0.5,5,0.16598506492649284
vgru-kl,strb,r-strb_sl24_st12_bu1000_no0.2_re0.9_re0.5,5,0.1787472644370327
vgru-kl,strb,r-strb_sl24_st12_bu100_no0.2_re0.9_re0.5,5,0.17742005173856876
vgru-kl,strb,r-strb_sl24_st12_bu2000_no0.2_re0.9_re0.5,5,0.18385046092397214
vgru-kl,strb,r-strb_sl24_st12_bu250_no0.2_re0.9_re0.5,5,0.17999985564291582
vgru-kl,strb,r-strb_sl24_st12_bu4000_no0.2_re0.9_re0.5,5,0.18710739577660526
vgru-kl,strb,r-strb_sl24_st12_bu500_no0.01_re0.3_re0.5,5,0.18780836625779657
vgru-kl,strb,r-strb_sl24_st12_bu500_no0.01_re0.5_re0.5,5,0.18757240837635505
vgru-kl,strb,r-strb_sl24_st12_bu500_no0.01_re0.7_re0.5,5,0.18822836334573192
vgru-kl,strb,r-strb_sl24_st12_bu500_no0.01_re0.95_re0.5,5,0.18588748601379784
vgru-kl,strb,r-strb_sl24_st12_bu500_no0.01_re0.9_re0.5,5,0.1866636771466476
vgru-kl,strb,r-strb_sl24_st12_bu500_no0.05_re0.3_re0.5,5,0.17869116664647464
vgru-kl,strb,r-strb_sl24_st12_bu500_no0.05_re0.5_re0.5,5,0.18765876034619564
vgru-kl,strb,r-strb_sl24_st12_bu500_no0.05_re0.7_re0.5,5,0.18611678401625079
vgru-kl,strb,r-strb_sl24_st12_bu500_no0.05_re0.95_re0.5,5,0.18675307203155683
vgru-kl,strb,r-strb_sl24_st12_bu500_no0.05_re0.9_re0.5,5,0.18701509113241133
vgru-kl,strb,r-strb_sl24_st12_bu500_no0.1_re0.3_re0.5,5,0.18441803304362744
vgru-kl,strb,r-strb_sl24_st12_bu500_no0.1_re0.5_re0.5,5,0.18527146044006823
vgru-kl,strb,r-strb_sl24_st12_bu500_no0.1_re0.7_re0.5,5,0.18352384193390536
vgru-kl,strb,r-strb_sl24_st12_bu500_no0.1_re0.95_re0.5,5,0.18221556827231608
vgru-kl,strb,r-strb_sl24_st12_bu500_no0.1_re0.9_re0.5,5,0.1835340540059332
vgru-kl,strb,r-strb_sl24_st12_bu500_no0.2_re0.3_re0.5,5,0.1756287997485476
vgru-kl,strb,r-strb_sl24_st12_bu500_no0.2_re0.5_re0.5,5,0.1743934144735305
vgru-kl,strb,r-strb_sl24_st12_bu500_no0.2_re0.7_re0.5,5,0.17580000068351628
vgru-kl,strb,r-strb_sl24_st12_bu500_no0.2_re0.95_re0.5,5,0.17421415077307895
vgru-kl,strb,r-strb_sl24_st12_bu500_no0.2_re0.9_re0.3,5,0.1753688799966269
vgru-kl,strb,r-strb_sl24_st12_bu500_no0.2_re0.9_re0.5,5,0.17577428396620584
vgru-kl,strb,r-strb_sl24_st12_bu500_no0.2_re0.9_re0.7,5,0.16946336250709343
vgru-kl,strb,r-strb_sl24_st12_bu500_no0.2_re0.9_re0.9,5,0.13917001327986567
vgru-kl,strb,r-strb_sl24_st12_bu500_no0.35_re0.3_re0.5,5,0.1842697671827724
vgru-kl,strb,r-strb_sl24_st12_bu500_no0.35_re0.5_re0.5,5,0.1803058874781569
vgru-kl,strb,r-strb_sl24_st12_bu500_no0.35_re0.7_re0.5,5,0.1765840886980581
vgru-kl,strb,r-strb_sl24_st12_bu500_no0.35_re0.95_re0.5,5,0.17776973937703155
vgru-kl,strb,r-strb_sl24_st12_bu500_no0.35_re0.9_re0.5,5,0.18371426094621787
vgru-kl,strb,r-strb_sl24_st12_bu500_no0.5_re0.3_re0.5,5,0.1762000843250747
vgru-kl,strb,r-strb_sl24_st12_bu500_no0.5_re0.5_re0.5,5,0.18494972196211276
vgru-kl,strb,r-strb_sl24_st12_bu500_no0.5_re0.7_re0.5,5,0.18259201396977257
vgru-kl,strb,r-strb_sl24_st12_bu500_no0.5_re0.95_re0.5,5,0.1842645657227568
vgru-kl,strb,r-strb_sl24_st12_bu500_no0.5_re0.9_re0.5,5,0.18466739283507727
vgru-kl,strb,r-strb_sl24_st24_bu1000_no0.05_re0.9_re0.5,5,0.17985446366024108
vgru-kl,strb,r-strb_sl24_st24_bu1000_no0.2_re0.9_re0.5,5,0.17590968643260843
vgru-kl,strb,r-strb_sl24_st24_bu1000_no0.35_re0.9_re0.5,5,0.17584036594278057
vgru-kl,strb,r-strb_sl24_st24_bu100_no0.05_re0.9_re0.5,5,0.17542884669482742
vgru-kl,strb,r-strb_sl24_st24_bu100_no0.2_re0.9_re0.5,5,0.16921386490168763
vgru-kl,strb,r-strb_sl24_st24_bu100_no0.35_re0.9_re0.5,5,0.16780952928559564
vgru-kl,strb,r-strb_sl24_st24_bu500_no0.05_re0.9_re0.5,5,0.18298542469951332
vgru-kl,strb,r-strb_sl24_st24_bu500_no0.35_re0.9_re0.5,5,0.17527632146409
vgru-kl,strb,r-strb_sl48_st24_bu500_no0.2_re0.9_re0.5,5,0.18599258663207985
vgru-kl,strb,r-strb_sl48_st48_bu1000_no0.05_re0.9_re0.5,5,0.18321767217555207
vgru-kl,strb,r-strb_sl48_st48_bu1000_no0.2_re0.9_re0.5,5,0.18208077005482745
vgru-kl,strb,r-strb_sl48_st48_bu1000_no0.35_re0.9_re0.5,5,0.18201024812225589
vgru-kl,strb,r-strb_sl48_st48_bu100_no0.05_re0.9_re0.5,5,0.18030863648615375
vgru-kl,strb,r-strb_sl48_st48_bu100_no0.2_re0.9_re0.5,5,0.18627521500856478
vgru-kl,strb,r-strb_sl48_st48_bu100_no0.35_re0.9_re0.5,5,0.179828923179647
vgru-kl,strb,r-strb_sl48_st48_bu500_no0.05_re0.9_re0.5,5,0.18019624491010047
vgru-kl,strb,r-strb_sl48_st48_bu500_no0.2_re0.9_re0.5,5,0.17882635142378892
vgru-kl,strb,r-strb_sl48_st48_bu500_no0.35_re0.9_re0.5,5,0.17932603579990083
vgru-kl,strb,r-strb_sl6_st6_bu1000_no0.05_re0.9_re0.5,5,0.17504011512068754
vgru-kl,strb,r-strb_sl6_st6_bu1000_no0.2_re0.9_re0.5,5,0.17166844226211941
vgru-kl,strb,r-strb_sl6_st6_bu1000_no0.35_re0.9_re0.5,5,0.17129796131708366
vgru-kl,strb,r-strb_sl6_st6_bu100_no0.05_re0.9_re0.5,5,0.17514801617519526
vgru-kl,strb,r-strb_sl6_st6_bu100_no0.2_re0.9_re0.5,5,0.17492048416365255
vgru-kl,strb,r-strb_sl6_st6_bu100_no0.35_re0.9_re0.5,5,0.17435135111841257
vgru-kl,strb,r-strb_sl6_st6_bu500_no0.05_re0.9_re0.5,5,0.17777819873152217
vgru-kl,strb,r-strb_sl6_st6_bu500_no0.2_re0.9_re0.5,5,0.17201087532025494
vgru-kl,strb,r-strb_sl6_st6_bu500_no0.35_re0.9_re0.5,5,0.1736852429444668
vgru-kl,strb,r-strb_sl8_st4_bu500_no0.2_re0.9_re0.5,5,0.16888933465162312
vgru-kl,strb,r-strb_sl8_st8_bu1000_no0.05_re0.9_re0.5,5,0.17539766576821098
vgru-kl,strb,r-strb_sl8_st8_bu1000_no0.2_re0.9_re0.5,5,0.16909285726719794
vgru-kl,strb,r-strb_sl8_st8_bu1000_no0.35_re0.9_re0.5,5,0.16879621367544
vgru-kl,strb,r-strb_sl8_st8_bu100_no0.05_re0.9_re0.5,5,0.1752300661573237
vgru-kl,strb,r-strb_sl8_st8_bu100_no0.2_re0.9_re0.5,5,0.1687913218829252
vgru-kl,strb,r-strb_sl8_st8_bu100_no0.35_re0.9_re0.5,5,0.17159736589269375
vgru-kl,strb,r-strb_sl8_st8_bu500_no0.05_re0.9_re0.5,5,0.17742713625004694
vgru-kl,strb,r-strb_sl8_st8_bu500_no0.2_re0.9_re0.5,5,0.16754105071744213
vgru-kl,strb,r-strb_sl8_st8_bu500_no0.35_re0.9_re0.5,5,0.16615965754339357
vlstm,strb,r-strb_sl10_st10_bu1000_no0.05_re0.9_re0.5,5,0.18287690151281405
vlstm,strb,r-strb_sl10_st10_bu1000_no0.2_re0.9_re0.5,5,0.18282578454719722
vlstm,strb,r-strb_sl10_st10_bu1000_no0.35_re0.9_re0.5,5,0.1826875797466467
vlstm,strb,r-strb_sl10_st10_bu100_no0.05_re0.9_re0.5,5,0.18205569972307106
vlstm,strb,r-strb_sl10_st10_bu100_no0.2_re0.9_re0.5,5,0.18205569972307106
vlstm,strb,r-strb_sl10_st10_bu100_no0.35_re0.9_re0.5,5,0.18201695074098756
vlstm,strb,r-strb_sl10_st10_bu500_no0.05_re0.9_re0.5,5,0.1823161005940667
vlstm,strb,r-strb_sl10_st10_bu500_no0.2_re0.9_re0.5,5,0.18235309843873806
vlstm,strb,r-strb_sl10_st10_bu500_no0.35_re0.9_re0.5,5,0.18256238585167256
vlstm,strb,r-strb_sl12_st12_bu1000_no0.05_re0.9_re0.5,5,0.18367815284831482
vlstm,strb,r-strb_sl12_st12_bu1000_no0.2_re0.9_re0.5,5,0.18367369641332557
vlstm,strb,r-strb_sl12_st12_bu1000_no0.35_re0.9_re0.5,5,0.18339724803319282
vlstm,strb,r-strb_sl12_st12_bu100_no0.05_re0.9_re0.5,5,0.1854877669061189
vlstm,strb,r-strb_sl12_st12_bu100_no0.2_re0.9_re0.5,5,0.1854877669061189
vlstm,strb,r-strb_sl12_st12_bu100_no0.35_re0.9_re0.5,5,0.1854877669061189
vlstm,strb,r-strb_sl12_st12_bu500_no0.05_re0.9_re0.5,5,0.1836827606459843
vlstm,strb,r-strb_sl12_st12_bu500_no0.2_re0.9_re0.5,5,0.18369000746151087
vlstm,strb,r-strb_sl12_st12_bu500_no0.35_re0.9_re0.5,5,0.183652334338778
vlstm,strb,r-strb_sl12_st6_bu500_no0.2_re0.9_re0.5,5,0.18305047721150428
vlstm,strb,r-strb_sl16_st16_bu1000_no0.05_re0.9_re0.5,5,0.18279812594782577
vlstm,strb,r-strb_sl16_st16_bu1000_no0.2_re0.9_re0.5,5,0.18253996479439957
vlstm,strb,r-strb_sl16_st16_bu1000_no0.35_re0.9_re0.5,5,0.1825084853608146
vlstm,strb,r-strb_sl16_st16_bu100_no0.05_re0.9_re0.5,5,0.1819013253547511
vlstm,strb,r-strb_sl16_st16_bu100_no0.2_re0.9_re0.5,5,0.18191275933498144
vlstm,strb,r-strb_sl16_st16_bu100_no0.35_re0.9_re0.5,5,0.1819013253547511
vlstm,strb,r-strb_sl16_st16_bu500_no0.05_re0.9_re0.5,5,0.18294988735879927
vlstm,strb,r-strb_sl16_st16_bu500_no0.2_re0.9_re0.5,5,0.18275273410875273
vlstm,strb,r-strb_sl16_st16_bu500_no0.35_re0.9_re0.5,5,0.18266814631758382
vlstm,strb,r-strb_sl24_st12_bu1000_no0.2_re0.9_re0.5,5,0.1825187699608911
vlstm,strb,r-strb_sl24_st12_bu100_no0.2_re0.9_re0.5,5,0.18242081697699938
vlstm,strb,r-strb_sl24_st12_bu2000_no0.2_re0.9_re0.5,5,0.1824417402689776
vlstm,strb,r-strb_sl24_st12_bu250_no0.2_re0.9_re0.5,5,0.18359556450258568
vlstm,strb,r-strb_sl24_st12_bu4000_no0.2_re0.9_re0.5,5,0.18257447381865344
vlstm,strb,r-strb_sl24_st12_bu500_no0.01_re0.3_re0.5,5,0.18252692115512148
vlstm,strb,r-strb_sl24_st12_bu500_no0.01_re0.5_re0.5,5,0.1827368067659593
vlstm,strb,r-strb_sl24_st12_bu500_no0.01_re0.7_re0.5,5,0.18194264687817993
vlstm,strb,r-strb_sl24_st12_bu500_no0.01_re0.95_re0.5,5,0.18285234930487584
vlstm,strb,r-strb_sl24_st12_bu500_no0.01_re0.9_re0.5,5,0.18278145823256564
vlstm,strb,r-strb_sl24_st12_bu500_no0.05_re0.3_re0.5,5,0.1820350551996469
vlstm,strb,r-strb_sl24_st12_bu500_no0.05_re0.5_re0.5,5,0.18197752252141297
vlstm,strb,r-strb_sl24_st12_bu500_no0.05_re0.7_re0.5,5,0.1823591861236124
vlstm,strb,r-strb_sl24_st12_bu500_no0.05_re0.95_re0.5,5,0.18285423210027454
vlstm,strb,r-strb_sl24_st12_bu500_no0.05_re0.9_re0.5,5,0.18273893188067414
vlstm,strb,r-strb_sl24_st12_bu500_no0.1_re0.3_re0.5,5,0.182657785178304
vlstm,strb,r-strb_sl24_st12_bu500_no0.1_re0.5_re0.5,5,0.18169356027122865
vlstm,strb,r-strb_sl24_st12_bu500_no0.1_re0.7_re0.5,5,0.18323851440779404
vlstm,strb,r-strb_sl24_st12_bu500_no0.1_re0.95_re0.5,5,0.18285423210027454
vlstm,strb,r-strb_sl24_st12_bu500_no0.1_re0.9_re0.5,5,0.18276105633038656
vlstm,strb,r-strb_sl24_st12_bu500_no0.2_re0.3_re0.5,5,0.18297007865607318
vlstm,strb,r-strb_sl24_st12_bu500_no0.2_re0.5_re0.5,5,0.1821933892765751
vlstm,strb,r-strb_sl24_st12_bu500_no0.2_re0.7_re0.5,5,0.18211022398437735
vlstm,strb,r-strb_sl24_st12_bu500_no0.2_re0.95_re0.5,5,0.18287245454137194
vlstm,strb,r-strb_sl24_st12_bu500_no0.2_re0.9_re0.3,5,0.1832659134084507
vlstm,strb,r-strb_sl24_st12_bu500_no0.2_re0.9_re0.5,5,0.18278629666381394
vlstm,strb,r-strb_sl24_st12_bu500_no0.2_re0.9_re0.7,5,0.1824123520544044
vlstm,strb,r-strb_sl24_st12_bu500_no0.2_re0.9_re0.9,5,0.18227689195891533
vlstm,strb,r-strb_sl24_st12_bu500_no0.35_re0.3_re0.5,5,0.18231964980311785
vlstm,strb,r-strb_sl24_st12_bu500_no0.35_re0.5_re0.5,5,0.18141016233773327
vlstm,strb,r-strb_sl24_st12_bu500_no0.35_re0.7_re0.5,5,0.18288951937836853
vlstm,strb,r-strb_sl24_st12_bu500_no0.35_re0.95_re0.5,5,0.18289520759309802
vlstm,strb,r-strb_sl24_st12_bu500_no0.35_re0.9_re0.5,5,0.18272368148333987
vlstm,strb,r-strb_sl24_st12_bu500_no0.5_re0.3_re0.5,5,0.18320689212356964
vlstm,strb,r-strb_sl24_st12_bu500_no0.5_re0.5_re0.5,5,0.18276243722082672
vlstm,strb,r-strb_sl24_st12_bu500_no0.5_re0.7_re0.5,5,0.18271520557013554
vlstm,strb,r-strb_sl24_st12_bu500_no0.5_re0.95_re0.5,5,0.1828437574021196
vlstm,strb,r-strb_sl24_st12_bu500_no0.5_re0.9_re0.5,5,0.1828175456562888
vlstm,strb,r-strb_sl24_st24_bu1000_no0.05_re0.9_re0.5,5,0.18572781052980353
vlstm,strb,r-strb_sl24_st24_bu1000_no0.2_re0.9_re0.5,5,0.18493171582790585
vlstm,strb,r-strb_sl24_st24_bu1000_no0.35_re0.9_re0.5,5,0.18491352457060153
vlstm,strb,r-strb_sl24_st24_bu100_no0.05_re0.9_re0.5,5,0.18519179912528316
vlstm,strb,r-strb_sl24_st24_bu100_no0.2_re0.9_re0.5,5,0.18512139406984124
vlstm,strb,r-strb_sl24_st24_bu100_no0.35_re0.9_re0.5,5,0.18578722715158344
vlstm,strb,r-strb_sl24_st24_bu500_no0.05_re0.9_re0.5,5,0.18599097665924552
vlstm,strb,r-strb_sl24_st24_bu500_no0.35_re0.9_re0.5,5,0.18547030401259695
vlstm,strb,r-strb_sl48_st24_bu500_no0.2_re0.9_re0.5,5,0.18344806688200255
vlstm,strb,r-strb_sl48_st48_bu1000_no0.05_re0.9_re0.5,5,0.1818433860338104
vlstm,strb,r-strb_sl48_st48_bu1000_no0.2_re0.9_re0.5,5,0.18134714213454423
vlstm,strb,r-strb_sl48_st48_bu1000_no0.35_re0.9_re0.5,5,0.1813033452518391
vlstm,strb,r-strb_sl48_st48_bu100_no0.05_re0.9_re0.5,5,0.18145448307999995
vlstm,strb,r-strb_sl48_st48_bu100_no0.2_re0.9_re0.5,5,0.18107970904662746
vlstm,strb,r-strb_sl48_st48_bu100_no0.35_re0.9_re0.5,5,0.1810322152205322
vlstm,strb,r-strb_sl48_st48_bu500_no0.05_re0.9_re0.5,5,0.18278926539864002
vlstm,strb,r-strb_sl48_st48_bu500_no0.2_re0.9_re0.5,5,0.18172377982635235
vlstm,strb,r-strb_sl48_st48_bu500_no0.35_re0.9_re0.5,5,0.1813256021258876
vlstm,strb,r-strb_sl6_st6_bu1000_no0.05_re0.9_re0.5,5,0.18126344367355657
vlstm,strb,r-strb_sl6_st6_bu1000_no0.2_re0.9_re0.5,5,0.18123673121460968
vlstm,strb,r-strb_sl6_st6_bu1000_no0.35_re0.9_re0.5,5,0.18099180251349314
vlstm,strb,r-strb_sl6_st6_bu100_no0.05_re0.9_re0.5,5,0.18013626646613795
vlstm,strb,r-strb_sl6_st6_bu100_no0.2_re0.9_re0.5,5,0.18013626646613795
vlstm,strb,r-strb_sl6_st6_bu100_no0.35_re0.9_re0.5,5,0.18013626646613795
vlstm,strb,r-strb_sl6_st6_bu500_no0.05_re0.9_re0.5,5,0.18002578041209522
vlstm,strb,r-strb_sl6_st6_bu500_no0.2_re0.9_re0.5,5,0.18002578041209522
vlstm,strb,r-strb_sl6_st6_bu500_no0.35_re0.9_re0.5,5,0.18002578041209522
vlstm,strb,r-strb_sl8_st4_bu500_no0.2_re0.9_re0.5,5,0.18075926034222037
vlstm,strb,r-strb_sl8_st8_bu1000_no0.05_re0.9_re0.5,5,0.18070348897497066
vlstm,strb,r-strb_sl8_st8_bu1000_no0.2_re0.9_re0.5,5,0.18070348897497066
vlstm,strb,r-strb_sl8_st8_bu1000_no0.35_re0.9_re0.5,5,0.1807061379502352
vlstm,strb,r-strb_sl8_st8_bu100_no0.05_re0.9_re0.5,5,0.18274942882035514
vlstm,strb,r-strb_sl8_st8_bu100_no0.2_re0.9_re0.5,5,0.18274942882035514
vlstm,strb,r-strb_sl8_st8_bu100_no0.35_re0.9_re0.5,5,0.18274942882035514
vlstm,strb,r-strb_sl8_st8_bu500_no0.05_re0.9_re0.5,5,0.1817106578675144
vlstm,strb,r-strb_sl8_st8_bu500_no0.2_re0.9_re0.5,5,0.18167371377151073
vlstm,strb,r-strb_sl8_st8_bu500_no0.35_re0.9_re0.5,5,0.18166326611024003
vlstm-kl,strb,r-strb_sl10_st10_bu1000_no0.05_re0.9_re0.5,5,0.16407602029900878
vlstm-kl,strb,r-strb_sl10_st10_bu1000_no0.2_re0.9_re0.5,5,0.16548475882409514
vlstm-kl,strb,r-strb_sl10_st10_bu1000_no0.35_re0.9_re0.5,5,0.1670222949958069
vlstm-kl,strb,r-strb_sl10_st10_bu100_no0.05_re0.9_re0.5,5,0.16126682881807533
vlstm-kl,strb,r-strb_sl10_st10_bu100_no0.2_re0.9_re0.5,5,0.16140824527832012
vlstm-kl,strb,r-strb_sl10_st10_bu100_no0.35_re0.9_re0.5,5,0.16024921978297804
vlstm-kl,strb,r-strb_sl10_st10_bu500_no0.05_re0.9_re0.5,5,0.1558796366521543
vlstm-kl,strb,r-strb_sl10_st10_bu500_no0.2_re0.9_re0.5,5,0.16702311299905523
vlstm-kl,strb,r-strb_sl10_st10_bu500_no0.35_re0.9_re0.5,5,0.16832106000004837
vlstm-kl,strb,r-strb_sl12_st12_bu1000_no0.05_re0.9_re0.5,5,0.17976501956953522
vlstm-kl,strb,r-strb_sl12_st12_bu1000_no0.2_re0.9_re0.5,5,0.17611313313947113
vlstm-kl,strb,r-strb_sl12_st12_bu1000_no0.35_re0.9_re0.5,5,0.17717383190773697
vlstm-kl,strb,r-strb_sl12_st12_bu100_no0.05_re0.9_re0.5,5,0.18226066602472418
vlstm-kl,strb,r-strb_sl12_st12_bu100_no0.2_re0.9_re0.5,5,0.18392697687424636
vlstm-kl,strb,r-strb_sl12_st12_bu100_no0.35_re0.9_re0.5,5,0.18103246616715887
vlstm-kl,strb,r-strb_sl12_st12_bu500_no0.05_re0.9_re0.5,5,0.18303878805282933
vlstm-kl,strb,r-strb_sl12_st12_bu500_no0.2_re0.9_re0.5,5,0.1809871791286276
vlstm-kl,strb,r-strb_sl12_st12_bu500_no0.35_re0.9_re0.5,5,0.17967864466004374
vlstm-kl,strb,r-strb_sl12_st6_bu500_no0.2_re0.9_re0.5,5,0.17576773647187988
vlstm-kl,strb,r-strb_sl16_st16_bu1000_no0.05_re0.9_re0.5,5,0.1727483965676786
vlstm-kl,strb,r-strb_sl16_st16_bu1000_no0.2_re0.9_re0.5,5,0.17442972482111258
vlstm-kl,strb,r-strb_sl16_st16_bu1000_no0.35_re0.9_re0.5,5,0.17241656733640118
vlstm-kl,strb,r-strb_sl16_st16_bu100_no0.05_re0.9_re0.5,5,0.17773401951114065
vlstm-kl,strb,r-strb_sl16_st16_bu100_no0.2_re0.9_re0.5,5,0.17644964856511144
vlstm-kl,strb,r-strb_sl16_st16_bu100_no0.35_re0.9_re0.5,5,0.17840434712184805
vlstm-kl,strb,r-strb_sl16_st16_bu500_no0.05_re0.9_re0.5,5,0.17559935461227524
vlstm-kl,strb,r-strb_sl16_st16_bu500_no0.2_re0.9_re0.5,5,0.1738259192664903
vlstm-kl,strb,r-strb_sl16_st16_bu500_no0.35_re0.9_re0.5,5,0.17110235901459905
vlstm-kl,strb,r-strb_sl24_st12_bu1000_no0.2_re0.9_re0.5,5,0.18093464130534884
vlstm-kl,strb,r-strb_sl24_st12_bu100_no0.2_re0.9_re0.5,5,0.17193958026232425
vlstm-kl,strb,r-strb_sl24_st12_bu2000_no0.2_re0.9_re0.5,5,0.1663729952900865
vlstm-kl,strb,r-strb_sl24_st12_bu250_no0.2_re0.9_re0.5,5,0.17066507051645635
vlstm-kl,strb,r-strb_sl24_st12_bu4000_no0.2_re0.9_re0.5,5,0.1781628248043695
vlstm-kl,strb,r-strb_sl24_st12_bu500_no0.01_re0.3_re0.5,5,0.18429244190853017
vlstm-kl,strb,r-strb_sl24_st12_bu500_no0.01_re0.5_re0.5,5,0.18106809481859606
vlstm-kl,strb,r-strb_sl24_st12_bu500_no0.01_re0.7_re0.5,5,0.18267667880133723
vlstm-kl,strb,r-strb_sl24_st12_bu500_no0.01_re0.95_re0.5,5,0.1671082720275928
vlstm-kl,strb,r-strb_sl24_st12_bu500_no0.01_re0.9_re0.5,5,0.17554477922235165
vlstm-kl,strb,r-strb_sl24_st12_bu500_no0.05_re0.3_re0.5,5,0.1846804196844843
vlstm-kl,strb,r-strb_sl24_st12_bu500_no0.05_re0.5_re0.5,5,0.17871115084938205
vlstm-kl,strb,r-strb_sl24_st12_bu500_no0.05_re0.7_re0.5,5,0.18122124491710814
vlstm-kl,strb,r-strb_sl24_st12_bu500_no0.05_re0.95_re0.5,5,0.17743870741321624
vlstm-kl,strb,r-strb_sl24_st12_bu500_no0.05_re0.9_re0.5,5,0.18199615324991072
vlstm-kl,strb,r-strb_sl24_st12_bu500_no0.1_re0.3_re0.5,5,0.17570663508853923
vlstm-kl,strb,r-strb_sl24_st12_bu500_no0.1_re0.5_re0.5,5,0.17518140380555688
vlstm-kl,strb,r-strb_sl24_st12_bu500_no0.1_re0.7_re0.5,5,0.1785385293691765
vlstm-kl,strb,r-strb_sl24_st12_bu500_no0.1_re0.95_re0.5,5,0.17446991917342275
vlstm-kl,strb,r-strb_sl24_st12_bu500_no0.1_re0.9_re0.5,5,0.18094790246646278
vlstm-kl,strb,r-strb_sl24_st12_bu500_no0.2_re0.3_re0.5,5,0.1730998924866852
vlstm-kl,strb,r-strb_sl24_st12_bu500_no0.2_re0.5_re0.5,5,0.1730998924866852
vlstm-kl,strb,r-strb_sl24_st12_bu500_no0.2_re0.7_re0.5,5,0.1730998924866852
vlstm-kl,strb,r-strb_sl24_st12_bu500_no0.2_re0.95_re0.5,5,0.1730998924866852
vlstm-kl,strb,r-strb_sl24_st12_bu500_no0.2_re0.9_re0.3,5,0.17418120549167415
vlstm-kl,strb,r-strb_sl24_st12_bu500_no0.2_re0.9_re0.5,5,0.1730998924866852
vlstm-kl,strb,r-strb_sl24_st12_bu500_no0.2_re0.9_re0.7,5,0.17194447684826455
vlstm-kl,strb,r-strb_sl24_st12_bu500_no0.2_re0.9_re0.9,5,0.15728916536810666
vlstm-kl,strb,r-strb_sl24_st12_bu500_no0.35_re0.3_re0.5,5,0.1730998924866852
vlstm-kl,strb,r-strb_sl24_st12_bu500_no0.35_re0.5_re0.5,5,0.1730998924866852
vlstm-kl,strb,r-strb_sl24_st12_bu500_no0.35_re0.7_re0.5,5,0.1730998924866852
vlstm-kl,strb,r-strb_sl24_st12_bu500_no0.35_re0.95_re0.5,5,0.1730998924866852
vlstm-kl,strb,r-strb_sl24_st12_bu500_no0.35_re0.9_re0.5,5,0.1730998924866852
vlstm-kl,strb,r-strb_sl24_st12_bu500_no0.5_re0.3_re0.5,5,0.1730998924866852
vlstm-kl,strb,r-strb_sl24_st12_bu500_no0.5_re0.5_re0.5,5,0.1730998924866852
vlstm-kl,strb,r-strb_sl24_st12_bu500_no0.5_re0.7_re0.5,5,0.1730998924866852
vlstm-kl,strb,r-strb_sl24_st12_bu500_no0.5_re0.95_re0.5,5,0.1730998924866852
vlstm-kl,strb,r-strb_sl24_st12_bu500_no0.5_re0.9_re0.5,5,0.1730998924866852
vlstm-kl,strb,r-strb_sl24_st24_bu1000_no0.05_re0.9_re0.5,5,0.17916820395827013
vlstm-kl,strb,r-strb_sl24_st24_bu1000_no0.2_re0.9_re0.5,5,0.17349748120312608
vlstm-kl,strb,r-strb_sl24_st24_bu1000_no0.35_re0.9_re0.5,5,0.17516700206709707
vlstm-kl,strb,r-strb_sl24_st24_bu100_no0.05_re0.9_re0.5,5,0.1778286443904594
vlstm-kl,strb,r-strb_sl24_st24_bu100_no0.2_re0.9_re0.5,5,0.1773784923805024
vlstm-kl,strb,r-strb_sl24_st24_bu100_no0.35_re0.9_re0.5,5,0.1763800194825017
vlstm-kl,strb,r-strb_sl24_st24_bu500_no0.05_re0.9_re0.5,5,0.178254668456283
vlstm-kl,strb,r-strb_sl24_st24_bu500_no0.35_re0.9_re0.5,5,0.17538756770946082
vlstm-kl,strb,r-strb_sl48_st24_bu500_no0.2_re0.9_re0.5,5,0.17296566322603737
vlstm-kl,strb,r-strb_sl48_st48_bu1000_no0.05_re0.9_re0.5,5,0.192896815608779
vlstm-kl,strb,r-strb_sl48_st48_bu1000_no0.2_re0.9_re0.5,5,0.19297121029434142
vlstm-kl,strb,r-strb_sl48_st48_bu1000_no0.35_re0.9_re0.5,5,0.19268024099976208
vlstm-kl,strb,r-strb_sl48_st48_bu100_no0.05_re0.9_re0.5,5,0.1878511516405133
vlstm-kl,strb,r-strb_sl48_st48_bu100_no0.2_re0.9_re0.5,5,0.18825179107199835
vlstm-kl,strb,r-strb_sl48_st48_bu100_no0.35_re0.9_re0.5,5,0.1894232694514596
vlstm-kl,strb,r-strb_sl48_st48_bu500_no0.05_re0.9_re0.5,5,0.1934592734440068
vlstm-kl,strb,r-strb_sl48_st48_bu500_no0.2_re0.9_re0.5,5,0.19198094158424775
vlstm-kl,strb,r-strb_sl48_st48_bu500_no0.35_re0.9_re0.5,5,0.19275364644215667
vlstm-kl,strb,r-strb_sl6_st6_bu1000_no0.05_re0.9_re0.5,5,0.1810155320606823
vlstm-kl,strb,r-strb_sl6_st6_bu1000_no0.2_re0.9_re0.5,5,0.17858506667815108
vlstm-kl,strb,r-strb_sl6_st6_bu1000_no0.35_re0.9_re0.5,5,0.17858506667815108
vlstm-kl,strb,r-strb_sl6_st6_bu100_no0.05_re0.9_re0.5,5,0.17974421064337492
vlstm-kl,strb,r-strb_sl6_st6_bu100_no0.2_re0.9_re0.5,5,0.17772017595658876
vlstm-kl,strb,r-strb_sl6_st6_bu100_no0.35_re0.9_re0.5,5,0.17682126354460861
vlstm-kl,strb,r-strb_sl6_st6_bu500_no0.05_re0.9_re0.5,5,0.17712602625133428
vlstm-kl,strb,r-strb_sl6_st6_bu500_no0.2_re0.9_re0.5,5,0.18013261527085925
vlstm-kl,strb,r-strb_sl6_st6_bu500_no0.35_re0.9_re0.5,5,0.17775018278234403
vlstm-kl,strb,r-strb_sl8_st4_bu500_no0.2_re0.9_re0.5,5,0.18546270685453461
vlstm-kl,strb,r-strb_sl8_st8_bu1000_no0.05_re0.9_re0.5,5,0.17389484288404775
vlstm-kl,strb,r-strb_sl8_st8_bu1000_no0.2_re0.9_re0.5,5,0.17514760143358968
vlstm-kl,strb,r-strb_sl8_st8_bu1000_no0.35_re0.9_re0.5,5,0.1714385977992959
vlstm-kl,strb,r-strb_sl8_st8_bu100_no0.05_re0.9_re0.5,5,0.17662529385149667
vlstm-kl,strb,r-strb_sl8_st8_bu100_no0.2_re0.9_re0.5,5,0.1747908484956741
vlstm-kl,strb,r-strb_sl8_st8_bu100_no0.35_re0.9_re0.5,5,0.17604664193642605
vlstm-kl,strb,r-strb_sl8_st8_bu500_no0.05_re0.9_re0.5,5,0.17847176854832442
vlstm-kl,strb,r-strb_sl8_st8_bu500_no0.2_re0.9_re0.5,5,0.17975935674958946
vlstm-kl,strb,r-strb_sl8_st8_bu500_no0.35_re0.9_re0.5,5,0.17829900527409023
vtcn,strb,r-strb_sl10_st10_bu1000_no0.05_re0.9_re0.5,5,0.17675977624821199
vtcn,strb,r-strb_sl10_st10_bu1000_no0.2_re0.9_re0.5,5,0.17677661521523788
vtcn,strb,r-strb_sl10_st10_bu1000_no0.35_re0.9_re0.5,5,0.17675511783764522
vtcn,strb,r-strb_sl10_st10_bu100_no0.05_re0.9_re0.5,5,0.17860057729172005
vtcn,strb,r-strb_sl10_st10_bu100_no0.2_re0.9_re0.5,5,0.17860057729172005
vtcn,strb,r-strb_sl10_st10_bu100_no0.35_re0.9_re0.5,5,0.17860057729172005
vtcn,strb,r-strb_sl10_st10_bu500_no0.05_re0.9_re0.5,5,0.17696902902945214
vtcn,strb,r-strb_sl10_st10_bu500_no0.2_re0.9_re0.5,5,0.17696902902945214
vtcn,strb,r-strb_sl10_st10_bu500_no0.35_re0.9_re0.5,5,0.17699550723279195
vtcn,strb,r-strb_sl12_st12_bu1000_no0.05_re0.9_re0.5,5,0.18066489422417342
vtcn,strb,r-strb_sl12_st12_bu1000_no0.2_re0.9_re0.5,5,0.1801090755738572
vtcn,strb,r-strb_sl12_st12_bu1000_no0.35_re0.9_re0.5,5,0.180363985599772
vtcn,strb,r-strb_sl12_st12_bu100_no0.05_re0.9_re0.5,5,0.17885873160921267
vtcn,strb,r-strb_sl12_st12_bu100_no0.2_re0.9_re0.5,5,0.17885873160921267
vtcn,strb,r-strb_sl12_st12_bu100_no0.35_re0.9_re0.5,5,0.17859304235979323
vtcn,strb,r-strb_sl12_st12_bu500_no0.05_re0.9_re0.5,5,0.17979825913536776
vtcn,strb,r-strb_sl12_st12_bu500_no0.2_re0.9_re0.5,5,0.17975912514043918
vtcn,strb,r-strb_sl12_st12_bu500_no0.35_re0.9_re0.5,5,0.17981141375930423
vtcn,strb,r-strb_sl12_st6_bu500_no0.2_re0.9_re0.5,5,0.17326824296683846
vtcn,strb,r-strb_sl16_st16_bu1000_no0.05_re0.9_re0.5,5,0.18346801763343684
vtcn,strb,r-strb_sl16_st16_bu1000_no0.2_re0.9_re0.5,5,0.18326181888516763
vtcn,strb,r-strb_sl16_st16_bu1000_no0.35_re0.9_re0.5,5,0.18310631603724536
vtcn,strb,r-strb_sl16_st16_bu100_no0.05_re0.9_re0.5,5,0.18481315225546702
vtcn,strb,r-strb_sl16_st16_bu100_no0.2_re0.9_re0.5,5,0.18565776270559092
vtcn,strb,r-strb_sl16_st16_bu100_no0.35_re0.9_re0.5,5,0.1856230079686312
vtcn,strb,r-strb_sl16_st16_bu500_no0.05_re0.9_re0.5,5,0.18542357403519175
vtcn,strb,r-strb_sl16_st16_bu500_no0.2_re0.9_re0.5,5,0.18508516422719773
vtcn,strb,r-strb_sl16_st16_bu500_no0.35_re0.9_re0.5,5,0.18466013166276438
vtcn,strb,r-strb_sl24_st12_bu1000_no0.2_re0.9_re0.5,5,0.17937646417204875
vtcn,strb,r-strb_sl24_st12_bu100_no0.2_re0.9_re0.5,5,0.18247729381015565
vtcn,strb,r-strb_sl24_st12_bu2000_no0.2_re0.9_re0.5,5,0.18096424550354495
vtcn,strb,r-strb_sl24_st12_bu250_no0.2_re0.9_re0.5,5,0.181479394095474
vtcn,strb,r-strb_sl24_st12_bu4000_no0.2_re0.9_re0.5,5,0.18201287935817895
vtcn,strb,r-strb_sl24_st12_bu500_no0.01_re0.3_re0.5,5,0.18186141070355716
vtcn,strb,r-strb_sl24_st12_bu500_no0.01_re0.5_re0.5,5,0.18285140307566183
vtcn,strb,r-strb_sl24_st12_bu500_no0.01_re0.7_re0.5,5,0.18140084908477752
vtcn,strb,r-strb_sl24_st12_bu500_no0.01_re0.95_re0.5,5,0.18222665021510798
vtcn,strb,r-strb_sl24_st12_bu500_no0.01_re0.9_re0.5,5,0.18184765100393877
vtcn,strb,r-strb_sl24_st12_bu500_no0.05_re0.3_re0.5,5,0.1800090829369834
vtcn,strb,r-strb_sl24_st12_bu500_no0.05_re0.5_re0.5,5,0.18286471367105134
vtcn,strb,r-strb_sl24_st12_bu500_no0.05_re0.7_re0.5,5,0.18070366763751894
vtcn,strb,r-strb_sl24_st12_bu500_no0.05_re0.95_re0.5,5,0.18222665021510798
vtcn,strb,r-strb_sl24_st12_bu500_no0.05_re0.9_re0.5,5,0.18142235746227664
vtcn,strb,r-strb_sl24_st12_bu500_no0.1_re0.3_re0.5,5,0.18159788956442724
vtcn,strb,r-strb_sl24_st12_bu500_no0.1_re0.5_re0.5,5,0.1812352011948373
vtcn,strb,r-strb_sl24_st12_bu500_no0.1_re0.7_re0.5,5,0.18126149408882897
vtcn,strb,r-strb_sl24_st12_bu500_no0.1_re0.95_re0.5,5,0.18222665021510798
vtcn,strb,r-strb_sl24_st12_bu500_no0.1_re0.9_re0.5,5,0.1818455579836238
vtcn,strb,r-strb_sl24_st12_bu500_no0.2_re0.3_re0.5,5,0.1821108020980776
vtcn,strb,r-strb_sl24_st12_bu500_no0.2_re0.5_re0.5,5,0.18167887301774135
vtcn,strb,r-strb_sl24_st12_bu500_no0.2_re0.7_re0.5,5,0.1823284710526998
vtcn,strb,r-strb_sl24_st12_bu500_no0.2_re0.95_re0.5,5,0.18222665021510798
vtcn,strb,r-strb_sl24_st12_bu500_no0.2_re0.9_re0.3,5,0.18211780057073484
vtcn,strb,r-strb_sl24_st12_bu500_no0.2_re0.9_re0.5,5,0.18162666496147897
vtcn,strb,r-strb_sl24_st12_bu500_no0.2_re0.9_re0.7,5,0.1809117863315281
vtcn,strb,r-strb_sl24_st12_bu500_no0.2_re0.9_re0.9,5,0.17879923500015893
vtcn,strb,r-strb_sl24_st12_bu500_no0.35_re0.3_re0.5,5,0.18361892434572052
vtcn,strb,r-strb_sl24_st12_bu500_no0.35_re0.5_re0.5,5,0.18307571885505775
vtcn,strb,r-strb_sl24_st12_bu500_no0.35_re0.7_re0.5,5,0.18282735887843743
vtcn,strb,r-strb_sl24_st12_bu500_no0.35_re0.95_re0.5,5,0.18222665021510798
vtcn,strb,r-strb_sl24_st12_bu500_no0.35_re0.9_re0.5,5,0.18221105258343168
vtcn,strb,r-strb_sl24_st12_bu500_no0.5_re0.3_re0.5,5,0.18211464505422895
vtcn,strb,r-strb_sl24_st12_bu500_no0.5_re0.5_re0.5,5,0.18211464505422895
vtcn,strb,r-strb_sl24_st12_bu500_no0.5_re0.7_re0.5,5,0.18211464505422895
vtcn,strb,r-strb_sl24_st12_bu500_no0.5_re0.95_re0.5,5,0.18211464505422895
vtcn,strb,r-strb_sl24_st12_bu500_no0.5_re0.9_re0.5,5,0.18211464505422895
vtcn,strb,r-strb_sl24_st24_bu1000_no0.05_re0.9_re0.5,5,0.18186457869662218
vtcn,strb,r-strb_sl24_st24_bu1000_no0.2_re0.9_re0.5,5,0.18210023945181092
vtcn,strb,r-strb_sl24_st24_bu1000_no0.35_re0.9_re0.5,5,0.1812289496842258
vtcn,strb,r-strb_sl24_st24_bu100_no0.05_re0.9_re0.5,5,0.17614073292625113
vtcn,strb,r-strb_sl24_st24_bu100_no0.2_re0.9_re0.5,5,0.17579974410314353
vtcn,strb,r-strb_sl24_st24_bu100_no0.35_re0.9_re0.5,5,0.1758124839948891
vtcn,strb,r-strb_sl24_st24_bu500_no0.05_re0.9_re0.5,5,0.18123547658872835
vtcn,strb,r-strb_sl24_st24_bu500_no0.35_re0.9_re0.5,5,0.18047825552785532
vtcn,strb,r-strb_sl48_st24_bu500_no0.2_re0.9_re0.5,5,0.18212125430736426
vtcn,strb,r-strb_sl48_st48_bu1000_no0.05_re0.9_re0.5,5,0.18311154108736694
vtcn,strb,r-strb_sl48_st48_bu1000_no0.2_re0.9_re0.5,5,0.1830073907060208
vtcn,strb,r-strb_sl48_st48_bu1000_no0.35_re0.9_re0.5,5,0.18268938352518926
vtcn,strb,r-strb_sl48_st48_bu100_no0.05_re0.9_re0.5,5,0.18369370039877642
vtcn,strb,r-strb_sl48_st48_bu100_no0.2_re0.9_re0.5,5,0.18369370039877642
vtcn,strb,r-strb_sl48_st48_bu100_no0.35_re0.9_re0.5,5,0.18369370039877642
vtcn,strb,r-strb_sl48_st48_bu500_no0.05_re0.9_re0.5,5,0.1820136386462523
vtcn,strb,r-strb_sl48_st48_bu500_no0.2_re0.9_re0.5,5,0.18220615675441135
vtcn,strb,r-strb_sl48_st48_bu500_no0.35_re0.9_re0.5,5,0.18217676342773917
vtcn,strb,r-strb_sl6_st6_bu1000_no0.05_re0.9_re0.5,5,0.1790908702199984
vtcn,strb,r-strb_sl6_st6_bu1000_no0.2_re0.9_re0.5,5,0.1790908702199984
vtcn,strb,r-strb_sl6_st6_bu1000_no0.35_re0.9_re0.5,5,0.1790908702199984
vtcn,strb,r-strb_sl6_st6_bu100_no0.05_re0.9_re0.5,5,0.17594832788734915
vtcn,strb,r-strb_sl6_st6_bu100_no0.2_re0.9_re0.5,5,0.17594832788734915
vtcn,strb,r-strb_sl6_st6_bu100_no0.35_re0.9_re0.5,5,0.17594832788734915
vtcn,strb,r-strb_sl6_st6_bu500_no0.05_re0.9_re0.5,5,0.17873981548768864
vtcn,strb,r-strb_sl6_st6_bu500_no0.2_re0.9_re0.5,5,0.17873981548768864
vtcn,strb,r-strb_sl6_st6_bu500_no0.35_re0.9_re0.5,5,0.17873981548768864
vtcn,strb,r-strb_sl8_st4_bu500_no0.2_re0.9_re0.5,5,0.18000766577393726
vtcn,strb,r-strb_sl8_st8_bu1000_no0.05_re0.9_re0.5,5,0.18170347269432927
vtcn,strb,r-strb_sl8_st8_bu1000_no0.2_re0.9_re0.5,5,0.18170347269432927
vtcn,strb,r-strb_sl8_st8_bu1000_no0.35_re0.9_re0.5,5,0.18170347269432927
vtcn,strb,r-strb_sl8_st8_bu100_no0.05_re0.9_re0.5,5,0.18086715657915492
vtcn,strb,r-strb_sl8_st8_bu100_no0.2_re0.9_re0.5,5,0.18086715657915492
vtcn,strb,r-strb_sl8_st8_bu100_no0.35_re0.9_re0.5,5,0.18086715657915492
vtcn,strb,r-strb_sl8_st8_bu500_no0.05_re0.9_re0.5,5,0.1775437045426267
vtcn,strb,r-strb_sl8_st8_bu500_no0.2_re0.9_re0.5,5,0.1775437045426267
vtcn,strb,r-strb_sl8_st8_bu500_no0.35_re0.9_re0.5,5,0.1775437045426267
vtcn-kl,strb,r-strb_sl10_st10_bu1000_no0.05_re0.9_re0.5,5,0.17547603990984278
vtcn-kl,strb,r-strb_sl10_st10_bu1000_no0.2_re0.9_re0.5,5,0.17146082718726016
vtcn-kl,strb,r-strb_sl10_st10_bu1000_no0.35_re0.9_re0.5,5,0.17169852384934584
vtcn-kl,strb,r-strb_sl10_st10_bu100_no0.05_re0.9_re0.5,5,0.1729651703160949
vtcn-kl,strb,r-strb_sl10_st10_bu100_no0.2_re0.9_re0.5,5,0.17312687384852862
vtcn-kl,strb,r-strb_sl10_st10_bu100_no0.35_re0.9_re0.5,5,0.17104890473482262
vtcn-kl,strb,r-strb_sl10_st10_bu500_no0.05_re0.9_re0.5,5,0.1781542476601664
vtcn-kl,strb,r-strb_sl10_st10_bu500_no0.2_re0.9_re0.5,5,0.17378800271196282
vtcn-kl,strb,r-strb_sl10_st10_bu500_no0.35_re0.9_re0.5,5,0.17084092735231146
vtcn-kl,strb,r-strb_sl12_st12_bu1000_no0.05_re0.9_re0.5,5,0.18129030656958856
vtcn-kl,strb,r-strb_sl12_st12_bu1000_no0.2_re0.9_re0.5,5,0.17893806361361195
vtcn-kl,strb,r-strb_sl12_st12_bu1000_no0.35_re0.9_re0.5,5,0.17543519880616892
vtcn-kl,strb,r-strb_sl12_st12_bu100_no0.05_re0.9_re0.5,5,0.17670003674728144
vtcn-kl,strb,r-strb_sl12_st12_bu100_no0.2_re0.9_re0.5,5,0.16925333088144645
vtcn-kl,strb,r-strb_sl12_st12_bu100_no0.35_re0.9_re0.5,5,0.16885511720066662
vtcn-kl,strb,r-strb_sl12_st12_bu500_no0.05_re0.9_re0.5,5,0.17733359214840522
vtcn-kl,strb,r-strb_sl12_st12_bu500_no0.2_re0.9_re0.5,5,0.17443081123793772
vtcn-kl,strb,r-strb_sl12_st12_bu500_no0.35_re0.9_re0.5,5,0.17360702417977494
vtcn-kl,strb,r-strb_sl12_st6_bu500_no0.2_re0.9_re0.5,5,0.16274986791091164
vtcn-kl,strb,r-strb_sl16_st16_bu1000_no0.05_re0.9_re0.5,5,0.1761397243622362
vtcn-kl,strb,r-strb_sl16_st16_bu1000_no0.2_re0.9_re0.5,5,0.17421311914498383
vtcn-kl,strb,r-strb_sl16_st16_bu1000_no0.35_re0.9_re0.5,5,0.1726593311087548
vtcn-kl,strb,r-strb_sl16_st16_bu100_no0.05_re0.9_re0.5,5,0.17309922818748397
vtcn-kl,strb,r-strb_sl16_st16_bu100_no0.2_re0.9_re0.5,5,0.17301265566057922
vtcn-kl,strb,r-strb_sl16_st16_bu100_no0.35_re0.9_re0.5,5,0.173047798810234
vtcn-kl,strb,r-strb_sl16_st16_bu500_no0.05_re0.9_re0.5,5,0.17075075683517343
vtcn-kl,strb,r-strb_sl16_st16_bu500_no0.2_re0.9_re0.5,5,0.1674289020061991
vtcn-kl,strb,r-strb_sl16_st16_bu500_no0.35_re0.9_re0.5,5,0.1668798725812113
vtcn-kl,strb,r-strb_sl24_st12_bu1000_no0.2_re0.9_re0.5,5,0.1620609328252849
vtcn-kl,strb,r-strb_sl24_st12_bu100_no0.2_re0.9_re0.5,5,0.17063679484228234
vtcn-kl,strb,r-strb_sl24_st12_bu2000_no0.2_re0.9_re0.5,5,0.16109617824882952
vtcn-kl,strb,r-strb_sl24_st12_bu250_no0.2_re0.9_re0.5,5,0.16408831149240025
vtcn-kl,strb,r-strb_sl24_st12_bu4000_no0.2_re0.9_re0.5,5,0.1682019322975585
vtcn-kl,strb,r-strb_sl24_st12_bu500_no0.01_re0.3_re0.5,5,0.16955883092341442
vtcn-kl,strb,r-strb_sl24_st12_bu500_no0.01_re0.5_re0.5,5,0.16630475992787708
vtcn-kl,strb,r-strb_sl24_st12_bu500_no0.01_re0.7_re0.5,5,0.16904277122348693
vtcn-kl,strb,r-strb_sl24_st12_bu500_no0.01_re0.95_re0.5,5,0.166722714741301
vtcn-kl,strb,r-strb_sl24_st12_bu500_no0.01_re0.9_re0.5,5,0.16694570907854592
vtcn-kl,strb,r-strb_sl24_st12_bu500_no0.05_re0.3_re0.5,5,0.1712317887039945
vtcn-kl,strb,r-strb_sl24_st12_bu500_no0.05_re0.5_re0.5,5,0.162119703085743
vtcn-kl,strb,r-strb_sl24_st12_bu500_no0.05_re0.7_re0.5,5,0.16941876593166738
vtcn-kl,strb,r-strb_sl24_st12_bu500_no0.05_re0.95_re0.5,5,0.1665381316200678
vtcn-kl,strb,r-strb_sl24_st12_bu500_no0.05_re0.9_re0.5,5,0.16412844523241155
vtcn-kl,strb,r-strb_sl24_st12_bu500_no0.1_re0.3_re0.5,5,0.16496359089003954
vtcn-kl,strb,r-strb_sl24_st12_bu500_no0.1_re0.5_re0.5,5,0.16889158562069884
vtcn-kl,strb,r-strb_sl24_st12_bu500_no0.1_re0.7_re0.5,5,0.16715266159843656
vtcn-kl,strb,r-strb_sl24_st12_bu500_no0.1_re0.95_re0.5,5,0.1663488623084826
vtcn-kl,strb,r-strb_sl24_st12_bu500_no0.1_re0.9_re0.5,5,0.16689664246085983
vtcn-kl,strb,r-strb_sl24_st12_bu500_no0.2_re0.3_re0.5,5,0.1668450965905882
vtcn-kl,strb,r-strb_sl24_st12_bu500_no0.2_re0.5_re0.5,5,0.17023619256090483
vtcn-kl,strb,r-strb_sl24_st12_bu500_no0.2_re0.7_re0.5,5,0.16805649333972816
vtcn-kl,strb,r-strb_sl24_st12_bu500_no0.2_re0.95_re0.5,5,0.1665040394677259
vtcn-kl,strb,r-strb_sl24_st12_bu500_no0.2_re0.9_re0.3,5,0.1615475720651515
vtcn-kl,strb,r-strb_sl24_st12_bu500_no0.2_re0.9_re0.5,5,0.16745293003695397
vtcn-kl,strb,r-strb_sl24_st12_bu500_no0.2_re0.9_re0.7,5,0.16175223522908994
vtcn-kl,strb,r-strb_sl24_st12_bu500_no0.2_re0.9_re0.9,5,0.13294623111629972
vtcn-kl,strb,r-strb_sl24_st12_bu500_no0.35_re0.3_re0.5,5,0.16320778750309317
vtcn-kl,strb,r-strb_sl24_st12_bu500_no0.35_re0.5_re0.5,5,0.16800365997440217
vtcn-kl,strb,r-strb_sl24_st12_bu500_no0.35_re0.7_re0.5,5,0.1624930394557592
vtcn-kl,strb,r-strb_sl24_st12_bu500_no0.35_re0.95_re0.5,5,0.166071743132921
vtcn-kl,strb,r-strb_sl24_st12_bu500_no0.35_re0.9_re0.5,5,0.1634689637296289
vtcn-kl,strb,r-strb_sl24_st12_bu500_no0.5_re0.3_re0.5,5,0.16462510572797298
vtcn-kl,strb,r-strb_sl24_st12_bu500_no0.5_re0.5_re0.5,5,0.16427041985504576
vtcn-kl,strb,r-strb_sl24_st12_bu500_no0.5_re0.7_re0.5,5,0.16409927346383563
vtcn-kl,strb,r-strb_sl24_st12_bu500_no0.5_re0.95_re0.5,5,0.16467251903234317
vtcn-kl,strb,r-strb_sl24_st12_bu500_no0.5_re0.9_re0.5,5,0.16467981987425062
vtcn-kl,strb,r-strb_sl24_st24_bu1000_no0.05_re0.9_re0.5,5,0.17018049221091847
vtcn-kl,strb,r-strb_sl24_st24_bu1000_no0.2_re0.9_re0.5,5,0.1701991107547404
vtcn-kl,strb,r-strb_sl24_st24_bu1000_no0.35_re0.9_re0.5,5,0.16863208027695042
vtcn-kl,strb,r-strb_sl24_st24_bu100_no0.05_re0.9_re0.5,5,0.17020602577653188
vtcn-kl,strb,r-strb_sl24_st24_bu100_no0.2_re0.9_re0.5,5,0.17050620140663414
vtcn-kl,strb,r-strb_sl24_st24_bu100_no0.35_re0.9_re0.5,5,0.16874148417603588
vtcn-kl,strb,r-strb_sl24_st24_bu500_no0.05_re0.9_re0.5,5,0.17285885782468025
vtcn-kl,strb,r-strb_sl24_st24_bu500_no0.35_re0.9_re0.5,5,0.1687010254837372
vtcn-kl,strb,r-strb_sl48_st24_bu500_no0.2_re0.9_re0.5,5,0.17266833647303442
vtcn-kl,strb,r-strb_sl48_st48_bu1000_no0.05_re0.9_re0.5,5,0.16477151660775122
vtcn-kl,strb,r-strb_sl48_st48_bu1000_no0.2_re0.9_re0.5,5,0.16416247805587808
vtcn-kl,strb,r-strb_sl48_st48_bu1000_no0.35_re0.9_re0.5,5,0.16405657296274723
vtcn-kl,strb,r-strb_sl48_st48_bu100_no0.05_re0.9_re0.5,5,0.16565414571220236
vtcn-kl,strb,r-strb_sl48_st48_bu100_no0.2_re0.9_re0.5,5,0.16233917967896028
vtcn-kl,strb,r-strb_sl48_st48_bu100_no0.35_re0.9_re0.5,5,0.16484950516828192
vtcn-kl,strb,r-strb_sl48_st48_bu500_no0.05_re0.9_re0.5,5,0.1720406731116949
vtcn-kl,strb,r-strb_sl48_st48_bu500_no0.2_re0.9_re0.5,5,0.16658519234339997
vtcn-kl,strb,r-strb_sl48_st48_bu500_no0.35_re0.9_re0.5,5,0.16573279274730093
vtcn-kl,strb,r-strb_sl6_st6_bu1000_no0.05_re0.9_re0.5,5,0.17714921177488885
vtcn-kl,strb,r-strb_sl6_st6_bu1000_no0.2_re0.9_re0.5,5,0.17826813634805946
vtcn-kl,strb,r-strb_sl6_st6_bu1000_no0.35_re0.9_re0.5,5,0.17969436453369084
vtcn-kl,strb,r-strb_sl6_st6_bu100_no0.05_re0.9_re0.5,5,0.1650282815614844
vtcn-kl,strb,r-strb_sl6_st6_bu100_no0.2_re0.9_re0.5,5,0.1667255316086714
vtcn-kl,strb,r-strb_sl6_st6_bu100_no0.35_re0.9_re0.5,5,0.16696282600561685
vtcn-kl,strb,r-strb_sl6_st6_bu500_no0.05_re0.9_re0.5,5,0.1765393859063633
vtcn-kl,strb,r-strb_sl6_st6_bu500_no0.2_re0.9_re0.5,5,0.17626265518427153
vtcn-kl,strb,r-strb_sl6_st6_bu500_no0.35_re0.9_re0.5,5,0.17595330374087015
vtcn-kl,strb,r-strb_sl8_st4_bu500_no0.2_re0.9_re0.5,5,0.16195348327844333
vtcn-kl,strb,r-strb_sl8_st8_bu1000_no0.05_re0.9_re0.5,5,0.17116726704146223
vtcn-kl,strb,r-strb_sl8_st8_bu1000_no0.2_re0.9_re0.5,5,0.17035638302382886
vtcn-kl,strb,r-strb_sl8_st8_bu1000_no0.35_re0.9_re0.5,5,0.16901811221301533
vtcn-kl,strb,r-strb_sl8_st8_bu100_no0.05_re0.9_re0.5,5,0.17791305751763614
vtcn-kl,strb,r-strb_sl8_st8_bu100_no0.2_re0.9_re0.5,5,0.17737841923141617
vtcn-kl,strb,r-strb_sl8_st8_bu100_no0.35_re0.9_re0.5,5,0.17726154582358578
vtcn-kl,strb,r-strb_sl8_st8_bu500_no0.05_re0.9_re0.5,5,0.17638440641241765
vtcn-kl,strb,r-strb_sl8_st8_bu500_no0.2_re0.9_re0.5,5,0.17541783292723023
vtcn-kl,strb,r-strb_sl8_st8_bu500_no0.35_re0.9_re0.5,5,0.17385199223791117
