dataset,model,regime,seq_len,stride,block,buffer_size,novelty_threshold,retention_threshold,replay_ratio,lambda_ewc,alpha,temperature,bwt,fwt,af,avg_diagonal_auc,final_avg_auc,peak_auc,n_valid_diag,n_valid_bwt_pairs,n_valid_af_pairs,diag_c0,diag_c1,diag_c2,diag_c3,diag_c4,final_c0,final_c1,final_c2,final_c3,final_c4,co2_kg,energy_kwh,cpu_energy_kwh,ram_energy_kwh,cc_duration_s,total_epochs,n_concepts,elapsed_s,run_id
smd,gru,naive,24,12,B1,,,,,,,,-0.0177174207745046,0.1066683478665924,0.0177174207745046,0.7709610495693433,0.7643251588442095,0.8572008979541246,5,10,10,0.7996,0.7011,0.6973,0.8572,0.7996,0.7713,0.7004,0.7044,0.8459,0.7996,0.000523597181327,0.0007910207203328,0.0003595557917245,0.0004314649286082,258.9,135,5,258.9,r-naive_sl24_st12
smd,gru,cumulative,24,12,B1,,,,,,,,-0.0179748594210937,0.1352492432807353,0.0179748594210937,0.764053684801465,0.7350167178050994,0.8781111941364089,5,10,10,0.7996,0.6944,0.695,0.8781,0.7532,0.7796,0.7129,0.5746,0.8549,0.7532,4.912760000307979e-06,0.0020665999790529,0.0009393660377323,0.0011272339413206,676.3,139,5,676.4,r-cumulative_sl24_st12
smd,gru,experts,24,12,B1,,,,,,,,-0.0519998785879491,0.1110850044087163,0.0519998785879491,0.7576793170804501,0.7300530226427885,0.8458481776310771,5,10,10,0.7996,0.6989,0.7148,0.8458,0.7293,0.6994,0.7256,0.7623,0.7338,0.7293,0.0005510015012139,0.0008324216018315,0.000378374396066,0.0004540472057655,272.4,152,5,272.4,r-experts_sl24_st12
smd,gru,random-buffer,24,12,B1,500.0,,,0.5,,,,-0.0271358438375003,0.1474722950908072,0.0271358438375003,0.7801164936224454,0.7669432391079523,0.874537189740521,5,10,10,0.7996,0.6999,0.7031,0.8745,0.8234,0.749,0.6263,0.7822,0.8538,0.8234,0.0011110909265495,0.0016785727204394,0.0007629899248849,0.0009155827955544,549.4,149,5,549.4,r-random-buffer_sl24_st12_bu500_re0.5
smd,gru,random-buffer,24,12,B1,100.0,,,0.5,,,,-0.0284317578971475,0.1177175794014476,0.0284317578971475,0.7724348270230299,0.7612213178436439,0.8797476016043755,5,10,10,0.7996,0.7041,0.6882,0.8753,0.7951,0.751,0.6599,0.7204,0.8797,0.7951,0.0016652164800489,0.0025157139620576,0.0011435104428227,0.0013722035192349,823.3,222,5,823.3,r-random-buffer_sl24_st12_bu100_re0.5
smd,gru,random-buffer,24,12,B1,250.0,,,0.5,,,,-0.0278804982722116,0.1360043479878709,0.0278804982722116,0.7687159780199515,0.7570752386262749,0.8741254812936493,5,10,10,0.7996,0.6949,0.6921,0.8741,0.7828,0.7409,0.6495,0.7709,0.8412,0.7828,0.0010931163811061,0.0016514178036609,0.0007506467283088,0.000900771075352,540.5,141,5,540.5,r-random-buffer_sl24_st12_bu250_re0.5
smd,gru,random-buffer,24,12,B1,1000.0,,,0.5,,,,-0.0113622173290239,0.1382809782606498,0.0113622173290239,0.7773206521372452,0.7660518663074477,0.8813489193007574,5,10,10,0.7996,0.6926,0.7022,0.8813,0.8108,0.7783,0.6653,0.6977,0.8782,0.8108,0.000931602937545,0.0014074125167239,0.0006397345903361,0.0007676779263877,460.6,138,5,460.6,r-random-buffer_sl24_st12_bu1000_re0.5
smd,gru,random-buffer,24,12,B1,2000.0,,,0.5,,,,-0.0116260572168872,0.1175749543689827,0.0116260572168872,0.7791275956495394,0.772883013972551,0.8922857444213904,5,10,10,0.7996,0.7021,0.688,0.8904,0.8157,0.7838,0.7029,0.6698,0.8923,0.8157,3.0823157298029782e-06,0.0012966059042668,0.0005893677164916,0.0007072381877751,424.3,137,5,424.4,r-random-buffer_sl24_st12_bu2000_re0.5
smd,gru,random-buffer,24,12,B1,4000.0,,,0.5,,,,-0.0242954423759052,0.1066780202418524,0.0242954423759052,0.7727904153363616,0.751444295733626,0.8778138560588142,5,10,10,0.7996,0.7026,0.689,0.8778,0.7949,0.7448,0.6573,0.6843,0.8759,0.7949,0.0008850708549558,0.0013371145036693,0.0006077809886612,0.0007293335150081,437.6,135,5,444.9,r-random-buffer_sl24_st12_bu4000_re0.5
smd,gru,random-buffer,24,12,B1,500.0,,,0.3,,,,-0.0201665268255426,0.1290604895368375,0.0201665268255426,0.777833821995612,0.7711478831240047,0.8767091340893225,5,10,10,0.7996,0.6945,0.6927,0.8767,0.8257,0.7562,0.6263,0.776,0.8716,0.8257,2.801332377016374e-06,0.0011784075410358,0.0005356410476314,0.0006427664934044,385.7,163,5,385.7,r-random-buffer_sl24_st12_bu500_re0.3
smd,gru,random-buffer,24,12,B1,500.0,,,0.7,,,,-0.0299491411440285,0.1378265294387219,0.0299491411440285,0.7727197131907331,0.7538617106433664,0.8914150074533714,5,10,10,0.7996,0.6976,0.694,0.8914,0.781,0.7377,0.6386,0.7505,0.8614,0.781,7.866390913288616e-06,0.0033090733713035,0.0015041278240154,0.0018049455472881,1083.0,222,5,1082.9,r-random-buffer_sl24_st12_bu500_re0.7
smd,gru,reservoir,24,12,B1,500.0,,,0.5,,,,-0.0084459693373137,0.1098849561337991,0.0084459693373137,0.7699916154474835,0.7622022557003583,0.8907519584428056,5,10,10,0.7996,0.6993,0.6932,0.889,0.7688,0.7865,0.6888,0.6762,0.8908,0.7688,3.0699860107575965e-06,0.0012914192887759,0.0005870102040514,0.0007044090847244,422.6,139,5,422.7,r-reservoir_sl24_st12_bu500_re0.5
smd,gru,reservoir,24,12,B1,100.0,,,0.5,,,,-0.012157606265045,0.1425296449414439,0.012157606265045,0.7824713328498887,0.770286283507004,0.8968286311245343,5,10,10,0.7996,0.7083,0.6955,0.8968,0.8121,0.7895,0.6768,0.6764,0.8966,0.8121,0.0010594641192747,0.0016005778882756,0.0007275370727978,0.0008730408154777,523.8,171,5,523.8,r-reservoir_sl24_st12_bu100_re0.5
smd,gru,reservoir,24,12,B1,250.0,,,0.5,,,,0.0004322167937624,0.1399606319070321,-0.0004322167937624,0.7850108718114639,0.7792479509840662,0.8886573473635371,5,10,10,0.7996,0.7078,0.6977,0.8887,0.8313,0.8092,0.7099,0.6575,0.8883,0.8313,0.0010054034672977,0.0015189061425261,0.0006904143119774,0.0008284918305487,497.1,142,5,497.1,r-reservoir_sl24_st12_bu250_re0.5
smd,gru,reservoir,24,12,B1,1000.0,,,0.5,,,,-0.0118331648254328,0.1161730922273941,0.0118331648254328,0.7780188416536122,0.7670319128495666,0.8867240318529445,5,10,10,0.7996,0.6967,0.6879,0.8817,0.8242,0.8004,0.6859,0.638,0.8867,0.8242,0.0010743646404504,0.0016230887447395,0.0007377697082792,0.0008853190364603,531.2,140,5,531.3,r-reservoir_sl24_st12_bu1000_re0.5
smd,gru,reservoir,24,12,B1,2000.0,,,0.5,,,,-0.0088646561411282,0.1293911862994591,0.0088646561411282,0.7826820953928811,0.7721370181522702,0.8923767279203969,5,10,10,0.7996,0.702,0.6924,0.8878,0.8315,0.7983,0.6877,0.6508,0.8924,0.8315,0.0010998824623563,0.0016616396128212,0.0007552925789974,0.0009063470338238,543.8,141,5,543.8,r-reservoir_sl24_st12_bu2000_re0.5
smd,gru,reservoir,24,12,B1,4000.0,,,0.5,,,,-0.0058597585974326,0.1219726728060855,0.0058597585974326,0.7804446200595982,0.7750988427044007,0.8787818106805725,5,10,10,0.7996,0.7059,0.6856,0.8788,0.8323,0.7985,0.7024,0.6651,0.8771,0.8323,0.0011230244843513,0.0016966012580731,0.0007711847138319,0.0009254165442412,555.3,142,5,555.2,r-reservoir_sl24_st12_bu4000_re0.5
smd,gru,reservoir,24,12,B1,500.0,,,0.3,,,,-0.015776140360346,0.1114107882256608,0.015776140360346,0.777148550091401,0.7640337320348691,0.8923202554037721,5,10,10,0.7996,0.7025,0.6917,0.8923,0.7997,0.7798,0.6936,0.6669,0.8802,0.7997,0.0007557332614584,0.0011417186535329,0.0005189649660327,0.0006227536875001,373.7,132,5,373.7,r-reservoir_sl24_st12_bu500_re0.3
smd,gru,reservoir,24,12,B1,500.0,,,0.7,,,,-0.0183416219171744,0.0950694136377057,0.0183416219171744,0.766547371118131,0.7508301945935438,0.8878428881793271,5,10,10,0.7996,0.6928,0.7008,0.8847,0.7549,0.7737,0.6851,0.6527,0.8878,0.7549,0.0018882984350666,0.0028527334400924,0.0012967005373838,0.0015560329027085,933.6,179,5,933.6,r-reservoir_sl24_st12_bu500_re0.7
smd,gru,ewc,24,12,B1,,,,,1000.0,,,-0.0148554081792874,0.1065133475566181,0.0148554081792874,0.7711418851981178,0.7652651947454817,0.859060877627156,5,10,10,0.7996,0.7004,0.7005,0.8591,0.7961,0.7721,0.6957,0.7214,0.841,0.7961,0.0005403809331628,0.0008163766541317,0.0003710811887162,0.0004452954654154,267.2,137,5,267.2,r-ewc_sl24_st12_la1000
smd,gru,ewc,24,12,B1,,,,,100.0,,,-0.0172055175605294,0.106631052991182,0.0172055175605294,0.7709650112025879,0.7647631231662997,0.8573850692194291,5,10,10,0.7996,0.701,0.6975,0.8574,0.7994,0.7718,0.7,0.7068,0.8459,0.7994,1.945977116728746e-06,0.0008185940832479,0.0003720891115152,0.0004465049717326,267.9,138,5,267.9,r-ewc_sl24_st12_la100
smd,gru,ewc,24,12,B1,,,,,500.0,,,-0.0161000947598334,0.1067116504854015,0.0161000947598334,0.771281836993613,0.765386788457229,0.8583064962212881,5,10,10,0.7996,0.7007,0.6998,0.8583,0.798,0.7727,0.698,0.7141,0.8441,0.798,0.0005511478689039,0.0008326427257789,0.0003784748877909,0.0004541678379879,272.5,140,5,272.5,r-ewc_sl24_st12_la500
smd,gru,ewc,24,12,B1,,,,,5000.0,,,-0.0067798020243184,0.1094593634949904,0.0067798020243184,0.7676912661865651,0.7654599918467981,0.8574520843543396,5,10,10,0.7996,0.7018,0.6973,0.8575,0.7823,0.7242,0.7099,0.7767,0.8342,0.7823,1.6924631816188256e-06,0.0007119509960718,0.0003236148825264,0.0003883361135454,233.0,116,5,233.0,r-ewc_sl24_st12_la5000
smd,gru,ewc,24,12,B1,,,,,10000.0,,,-0.0211372496282951,0.1104723973275388,0.0211372496282951,0.7688882357583453,0.7506268031361812,0.8640729946873048,5,10,10,0.7996,0.701,0.6991,0.8641,0.7806,0.6856,0.7152,0.7329,0.8388,0.7806,1.6462768931548636e-06,0.0006925222874099,0.0003147836417813,0.0003777386456285,226.6,111,5,226.7,r-ewc_sl24_st12_la10000
smd,gru,lwf,24,12,B1,,,,,,1.0,2.0,-0.0185834535028329,0.1192563649680819,0.0185834535028329,0.7652653205946948,0.7471575249658171,0.871453993179494,5,10,10,0.7996,0.6801,0.695,0.8715,0.7802,0.7194,0.6744,0.7494,0.8125,0.7802,0.0004564779478404,0.0006896208153787,0.0003134647873896,0.0003761560279891,225.7,98,5,225.8,r-lwf_sl24_st12_al1.0_te2.0
smd,gru,lwf,24,12,B1,,,,,,0.5,2.0,-0.0065825035931957,0.10933564686824,0.0065825035931957,0.7650499018592379,0.7635769198009912,0.8641441370760642,5,10,10,0.7996,0.6915,0.6907,0.8641,0.7793,0.7411,0.6634,0.776,0.8581,0.7793,0.0004679887582414,0.0007070106903815,0.0003213692838545,0.0003856414065269,231.4,106,5,231.4,r-lwf_sl24_st12_al0.5_te2.0
smd,gru,lwf,24,12,B1,,,,,,2.0,2.0,-0.0015819134292074,0.1124352868089372,0.0015819134292074,0.7553916899307818,0.7532564433650701,0.8596764388768552,5,10,10,0.7996,0.6574,0.6886,0.8597,0.7717,0.7567,0.7088,0.7433,0.7858,0.7717,0.0004463041301785,0.0006742507926544,0.0003064784103622,0.0003677723822921,220.7,91,5,220.7,r-lwf_sl24_st12_al2.0_te2.0
smd,gru,lwf,24,12,B1,,,,,,1.0,1.0,0.0181136491727895,0.0978744572956119,-0.0181136491727895,0.742407629373588,0.7592420965035321,0.822794143607457,5,10,10,0.7996,0.6301,0.6826,0.8228,0.7769,0.7658,0.7121,0.7433,0.7982,0.7769,0.0004383692593933,0.000662263243011,0.0003010294804401,0.0003612337625709,216.7,93,5,216.8,r-lwf_sl24_st12_al1.0_te1.0
smd,gru,lwf,24,12,B1,,,,,,1.0,4.0,-0.0075592002740459,0.1130871731519829,0.0075592002740459,0.7714714794077675,0.7707986874232254,0.8627160044686203,5,10,10,0.7996,0.6996,0.6957,0.8627,0.7997,0.7556,0.6906,0.7547,0.8534,0.7997,0.0005771869664056,0.0008719811072622,0.0003963560651082,0.0004756250421539,285.4,133,5,285.4,r-lwf_sl24_st12_al1.0_te4.0
smd,gru,naive,6,6,B2,,,,,,,,-0.0491548331669381,0.0833721782253527,0.0491548331669381,0.7776928056683066,0.7476902974823028,0.8874264033692197,5,10,10,0.784,0.7175,0.6817,0.8874,0.8178,0.7171,0.658,0.7274,0.8181,0.8178,0.0003218849379886,0.0004862853823368,0.0002210393390042,0.0002652460433325,159.1,114,5,159.2,r-naive_sl6_st6
smd,gru,cumulative,6,6,B2,,,,,,,,0.0009923798439593,0.0758511312733469,-0.0009923798439593,0.7568265306408113,0.758277196652253,0.8786642353336993,5,10,10,0.784,0.7297,0.6815,0.8749,0.714,0.7893,0.6904,0.719,0.8787,0.714,0.0010981753339173,0.0016590605806651,0.000754120169274,0.000904940411391,543.0,162,5,543.0,r-cumulative_sl6_st6
smd,gru,experts,6,6,B2,,,,,,,,-0.0664943889301393,0.065261588564311,0.0664943889301393,0.7667092748910921,0.6952704211459755,0.8602668444332057,5,10,10,0.784,0.7311,0.6986,0.8603,0.7596,0.6825,0.7007,0.6347,0.6989,0.7596,0.0004076483876816,0.0006158519044147,0.0002799334005213,0.0003359185038933,201.6,155,5,201.5,r-experts_sl6_st6
smd,gru,random-buffer,6,6,B2,500.0,,,0.5,,,,-0.0335698473864816,0.0830270338058349,0.0335698473864816,0.7756125539784215,0.7638924857912064,0.8929992319359092,5,10,10,0.784,0.7101,0.6784,0.893,0.8125,0.753,0.6429,0.7426,0.8686,0.8125,0.0007418222485971,0.0011207026897223,0.0005094114864594,0.0006112912032629,366.8,173,5,366.8,r-random-buffer_sl6_st6_bu500_re0.5
smd,gru,reservoir,6,6,B2,500.0,,,0.5,,,,-0.0069281306098418,0.0847514897660734,0.0069281306098418,0.7718844506591921,0.7628583998711551,0.9030320045492616,5,10,10,0.784,0.7285,0.6699,0.889,0.788,0.7904,0.6938,0.6391,0.903,0.788,0.0005853189561811,0.0008842664530191,0.0004019402237835,0.0004823262292356,289.4,135,5,289.4,r-reservoir_sl6_st6_bu500_re0.5
smd,gru,ewc,6,6,B2,,,,,1000.0,,,-0.0491565082811905,0.0814170815367127,0.0491565082811905,0.7771598000244261,0.7472100710753745,0.8862824508511816,5,10,10,0.784,0.7161,0.6797,0.8863,0.8197,0.7323,0.6518,0.7162,0.8159,0.8197,0.0003557918728749,0.0005375100432298,0.0002443233037089,0.0002931867395209,175.9,114,5,175.9,r-ewc_sl6_st6_la1000
smd,gru,lwf,6,6,B2,,,,,,1.0,2.0,-0.009680330502158,0.0814934840764923,0.009680330502158,0.7653349086392581,0.7612089594408313,0.8748844389206919,5,10,10,0.784,0.6904,0.6755,0.8749,0.8019,0.7392,0.6908,0.7571,0.8171,0.8019,0.0003486711698955,0.0005267524918126,0.0002394335072312,0.0002873189845813,172.4,110,5,172.4,r-lwf_sl6_st6_al1.0_te2.0
smd,gru,naive,8,8,B2,,,,,,,,-0.029924577136427,0.0650151738857905,0.029924577136427,0.7690793712532916,0.7608625909893398,0.8672876683545656,5,10,10,0.7837,0.7164,0.6818,0.8673,0.7962,0.731,0.6903,0.7509,0.8359,0.7962,1.0645059300002387e-06,0.0004477947085756,0.0002035435362861,0.0002442511722895,146.6,117,5,146.6,r-naive_sl8_st8
smd,gru,cumulative,8,8,B2,,,,,,,,-0.0123175987564357,0.0817635906504951,0.0123175987564357,0.7633124981889343,0.7546613552246997,0.8849816112990514,5,10,10,0.7837,0.7256,0.7102,0.885,0.7121,0.7919,0.6909,0.7078,0.8706,0.7121,3.915007260381859e-06,0.0016468856450936,0.0007485860956535,0.00089829954944,539.0,165,5,539.0,r-cumulative_sl8_st8
smd,gru,experts,8,8,B2,,,,,,,,-0.0545084607561792,0.0583844720829316,0.0545084607561792,0.7589495261564669,0.7046765438502918,0.8603786102510697,5,10,10,0.7837,0.7147,0.6905,0.8604,0.7455,0.7004,0.722,0.636,0.7196,0.7455,0.000335108929643,0.0005062634337419,0.0002301203278371,0.0002761431059047,165.7,137,5,165.7,r-experts_sl8_st8
smd,gru,random-buffer,8,8,B2,500.0,,,0.5,,,,-0.0447778368058622,0.0669967382693433,0.0447778368058622,0.7770922374581293,0.7497098842792635,0.884030106190996,5,10,10,0.7837,0.7041,0.6925,0.884,0.8212,0.7261,0.6846,0.6761,0.8406,0.8212,0.0005528695782145,0.0008352437858831,0.000379657142824,0.0004555866430591,273.4,134,5,273.4,r-random-buffer_sl8_st8_bu500_re0.5
smd,gru,reservoir,8,8,B2,500.0,,,0.5,,,,0.0016508251227122,0.0868692873890067,-0.0016508251227122,0.7757859901492903,0.7733396711976835,0.9030677001562736,5,10,10,0.7837,0.7179,0.6908,0.8919,0.7946,0.7778,0.7075,0.6838,0.9031,0.7946,1.9735233855851755e-06,0.0008301816874944,0.0003773562188105,0.0004528254686839,271.7,133,5,271.7,r-reservoir_sl8_st8_bu500_re0.5
smd,gru,ewc,8,8,B2,,,,,1000.0,,,-0.0325270333297753,0.0652428187267685,0.0325270333297753,0.7688492244318419,0.7588119228485063,0.8671437986682947,5,10,10,0.7837,0.7162,0.6809,0.8671,0.7962,0.7333,0.6916,0.7447,0.8284,0.7962,1.1989760356254717e-06,0.0005043608582453,0.0002292554598385,0.0002751053984067,165.1,117,5,165.1,r-ewc_sl8_st8_la1000
smd,gru,lwf,8,8,B2,,,,,,1.0,2.0,-0.0385548980956687,0.0740724522419912,0.0385548980956687,0.7679494740394186,0.7381597801971292,0.8625338454424138,5,10,10,0.7837,0.7024,0.684,0.8625,0.8072,0.7263,0.681,0.6753,0.8009,0.8072,0.0003088531878126,0.0004665977583788,0.0002120904310173,0.0002545073273614,152.7,101,5,152.7,r-lwf_sl8_st8_al1.0_te2.0
smd,gru,naive,10,10,B2,,,,,,,,-0.0375995496706459,0.0559477030362982,0.0375995496706459,0.7704054236183133,0.7489218810279235,0.8684720478018033,5,10,10,0.8075,0.682,0.6871,0.8685,0.807,0.7514,0.688,0.6982,0.8,0.807,8.990868971466264e-07,0.0003782095935265,0.0001719139181116,0.0002062956754149,123.8,96,5,123.8,r-naive_sl10_st10
smd,gru,cumulative,10,10,B2,,,,,,,,-0.0074403414404136,0.0479354667491312,0.0074403414404136,0.7646198749471692,0.7614732187370131,0.8892897683871615,5,10,10,0.8075,0.6918,0.7028,0.8893,0.7317,0.7985,0.6936,0.6989,0.8846,0.7317,0.0008609161761674,0.0013006229943641,0.0005911936278345,0.0007094293665296,425.7,141,5,425.7,r-cumulative_sl10_st10
smd,gru,experts,10,10,B2,,,,,,,,-0.0689621240654981,0.0381378826830782,0.0689621240654981,0.7586947321686137,0.6941068878088744,0.8550491442297224,5,10,10,0.8075,0.7034,0.6973,0.855,0.7303,0.6576,0.698,0.6949,0.6897,0.7303,1.277062610734285e-06,0.0005372087308208,0.0002441863608223,0.0002930223699985,175.8,159,5,175.8,r-experts_sl10_st10
smd,gru,random-buffer,10,10,B2,500.0,,,0.5,,,,-0.0290792815724869,0.0296481346504571,0.0290792815724869,0.7678466157911308,0.7632307416865783,0.8714327699873734,5,10,10,0.8075,0.6892,0.6936,0.8714,0.7775,0.7666,0.6768,0.7336,0.8617,0.7775,0.0005091260845679,0.0007691586137543,0.0003496183503477,0.0004195402634066,251.7,134,5,251.7,r-random-buffer_sl10_st10_bu500_re0.5
smd,gru,reservoir,10,10,B2,500.0,,,0.5,,,,0.0018876546219177,0.0573222227762699,-0.0018876546219177,0.7742663595109829,0.7811944717111086,0.8994385219557288,5,10,10,0.8075,0.6906,0.6976,0.8882,0.7876,0.7928,0.7076,0.7186,0.8994,0.7876,0.0004769122014818,0.0007204917188354,0.0003274970002892,0.0003929947185462,235.8,124,5,235.8,r-reservoir_sl10_st10_bu500_re0.5
smd,gru,ewc,10,10,B2,,,,,1000.0,,,-0.038323436467222,0.0549187019350097,0.038323436467222,0.7684522683304411,0.7475613413746034,0.8674346700667493,5,10,10,0.8075,0.6814,0.6848,0.8674,0.8011,0.7441,0.6882,0.7061,0.7982,0.8011,0.0002743894128868,0.0004145318553537,0.0001884240638917,0.0002261077914619,135.7,98,5,135.7,r-ewc_sl10_st10_la1000
smd,gru,lwf,10,10,B2,,,,,,1.0,2.0,-0.040613797910996,0.0625389797782648,0.040613797910996,0.7626898683292264,0.7339600304753848,0.8657764376185868,5,10,10,0.8075,0.6808,0.6888,0.8658,0.7706,0.7325,0.6423,0.706,0.8185,0.7706,1.0284964578623297e-06,0.0004326469760666,0.0001966582064833,0.0002359887695832,141.6,100,5,141.6,r-lwf_sl10_st10_al1.0_te2.0
smd,gru,naive,12,12,B2,,,,,,,,-0.0224231952273292,0.1243743164162638,0.0224231952273292,0.771891340995867,0.7614002432994388,0.8625754236032412,5,10,10,0.7967,0.6985,0.689,0.8626,0.8126,0.716,0.6607,0.7752,0.8425,0.8126,1.0878203032031558e-06,0.0004576021250116,0.000208001451332,0.0002496006736795,149.8,134,5,149.8,r-naive_sl12_st12
smd,gru,cumulative,12,12,B2,,,,,,,,0.0017085847775159,0.1182332524049565,-0.0017085847775159,0.7499904671202506,0.759586063127224,0.8858042952401127,5,10,10,0.7967,0.6846,0.6956,0.8621,0.711,0.7983,0.6873,0.7156,0.8858,0.711,4.0669929074926335e-06,0.0017108198765878,0.0007776472076987,0.0009331726688891,559.9,191,5,559.9,r-cumulative_sl12_st12
smd,gru,experts,12,12,B2,,,,,,,,-0.0503050435328177,0.0956662782436606,0.0503050435328177,0.7611303276459652,0.7099900946002761,0.8529406713425731,5,10,10,0.7967,0.6898,0.7105,0.8529,0.7556,0.6664,0.7015,0.7246,0.7018,0.7556,0.0003305641016898,0.0004993973672129,0.0002269993476278,0.0002723980195851,163.4,150,5,163.4,r-experts_sl12_st12
smd,gru,random-buffer,12,12,B2,500.0,,,0.5,,,,-0.0100828860181917,0.1005723047616907,0.0100828860181917,0.7710952536466684,0.7668203613286315,0.8778196709970683,5,10,10,0.7967,0.7026,0.6862,0.8678,0.8021,0.7553,0.6404,0.7585,0.8778,0.8021,0.0004838405550584,0.0007309586797593,0.0003322547279524,0.0003987039518069,239.2,131,5,239.2,r-random-buffer_sl12_st12_bu500_re0.5
smd,gru,reservoir,12,12,B2,500.0,,,0.5,,,,-0.012201500933865,0.1067383678690994,0.012201500933865,0.7765746190001712,0.7641049931952619,0.8891523067938486,5,10,10,0.7967,0.7111,0.7,0.8804,0.7947,0.7891,0.6879,0.6598,0.8892,0.7947,0.0004538233227167,0.0006856103593404,0.0003116417894107,0.0003739685699297,224.4,122,5,224.4,r-reservoir_sl12_st12_bu500_re0.5
smd,gru,ewc,12,12,B2,,,,,1000.0,,,-0.0204694995690553,0.1226498622814575,0.0204694995690553,0.7712044873868484,0.7615098367711852,0.8634604004084261,5,10,10,0.7967,0.695,0.6902,0.8635,0.8107,0.7202,0.6618,0.7796,0.8353,0.8107,1.206955991461871e-06,0.0005077177037991,0.000230781349422,0.0002769363543771,166.2,137,5,166.2,r-ewc_sl12_st12_la1000
smd,gru,lwf,12,12,B2,,,,,,1.0,2.0,-0.0188278102021067,0.1130849127528433,0.0188278102021067,0.7665680944752131,0.7575866685294268,0.8629915730401655,5,10,10,0.7967,0.6871,0.6801,0.863,0.806,0.7389,0.6904,0.6924,0.8602,0.806,0.000358734645215,0.0005419558156275,0.0002463441333338,0.0002956116822936,177.4,138,5,177.4,r-lwf_sl12_st12_al1.0_te2.0
smd,gru,naive,16,16,B2,,,,,,,,-0.035337643909686,0.1060453187455954,0.035337643909686,0.7677388492672209,0.7377054723102768,0.8663566467668168,5,10,10,0.7992,0.7136,0.6857,0.8664,0.7738,0.7396,0.6313,0.7237,0.8201,0.7738,8.21047853782021e-07,0.0003453817156386,0.0001569920943881,0.0001883896212504,113.0,97,5,113.0,r-naive_sl16_st16
smd,gru,cumulative,16,16,B2,,,,,,,,-0.0023413245836504,0.1177380519433673,0.0023413245836504,0.7568984386282126,0.7545089914641052,0.8889476752054495,5,10,10,0.7992,0.6897,0.7081,0.8684,0.7189,0.7943,0.6677,0.7026,0.8889,0.7189,2.9585674854375993e-06,0.0012445500091697,0.0005657059094396,0.00067884409973,407.3,150,5,407.3,r-cumulative_sl16_st16
smd,gru,experts,16,16,B2,,,,,,,,-0.0510755357908481,0.0886568628274592,0.0510755357908481,0.760653207615811,0.7235627295388705,0.8541480372239675,5,10,10,0.7992,0.6991,0.7035,0.8541,0.7473,0.7169,0.7071,0.7319,0.7145,0.7473,0.0003109331297513,0.0004697400158798,0.0002135187549788,0.000256221260901,153.7,149,5,153.7,r-experts_sl16_st16
smd,gru,random-buffer,16,16,B2,500.0,,,0.5,,,,-0.0219891320627778,0.1227596727133973,0.0219891320627778,0.7769911908502469,0.7662743216569231,0.8786847634151886,5,10,10,0.7992,0.7034,0.6978,0.8787,0.8059,0.7652,0.6454,0.76,0.8549,0.8059,1.3894980749060584e-06,0.0005845057955843,0.0002656851060759,0.0003188206895083,191.3,111,5,191.3,r-random-buffer_sl16_st16_bu500_re0.5
smd,gru,reservoir,16,16,B2,500.0,,,0.5,,,,-0.0090758647944987,0.1252893665903057,0.0090758647944987,0.7778674189252499,0.7708403284467931,0.8832957907704087,5,10,10,0.7992,0.7178,0.7005,0.8734,0.7984,0.7939,0.6891,0.6895,0.8833,0.7984,0.0003831480171549,0.0005788381437728,0.0002631088627288,0.0003157292810439,189.4,110,5,189.4,r-reservoir_sl16_st16_bu500_re0.5
smd,gru,ewc,16,16,B2,,,,,1000.0,,,-0.0363146087840621,0.1047028594189289,0.0363146087840621,0.76732390956664,0.7348813571836692,0.866616537046464,5,10,10,0.7992,0.7132,0.6871,0.8666,0.7704,0.7334,0.6405,0.7248,0.8053,0.7704,8.290754977464307e-07,0.0003487586216645,0.0001585270437483,0.0001902315779162,114.1,89,5,114.1,r-ewc_sl16_st16_la1000
smd,gru,lwf,16,16,B2,,,,,,1.0,2.0,-0.0220685560402074,0.1044610474320024,0.0220685560402074,0.7658036107135379,0.7430343018905469,0.873881208708788,5,10,10,0.7992,0.6782,0.6897,0.8739,0.788,0.7314,0.6372,0.7325,0.8261,0.788,9.699581487051245e-07,0.0004080222705099,0.0001854651474549,0.000222557123055,133.5,103,5,133.5,r-lwf_sl16_st16_al1.0_te2.0
smd,gru,naive,48,48,B2,,,,,,,,-0.0248108187917786,0.0906171566560707,0.0248108187917786,0.7709984096076632,0.7584472370274205,0.8868106891218863,5,10,10,0.774,0.6914,0.7031,0.8868,0.7997,0.7402,0.7106,0.6683,0.8734,0.7997,9.769188551152577e-07,0.000410950358941,0.0001867960951937,0.0002241542637472,134.5,138,5,134.5,r-naive_sl48_st48
smd,gru,cumulative,48,48,B2,,,,,,,,0.0076723161186771,0.083671149631042,-0.0076723161186771,0.7582862466569229,0.7598090942162229,0.8764544169163695,5,10,10,0.774,0.7102,0.7031,0.8738,0.7304,0.8077,0.684,0.7006,0.8765,0.7304,0.0011223120523259,0.0016955249564542,0.0007706950083303,0.0009248299481238,554.9,222,5,555.0,r-cumulative_sl48_st48
smd,gru,experts,48,48,B2,,,,,,,,-0.0499555315710593,0.0828725572510288,0.0499555315710593,0.7601486464943191,0.7036573224293857,0.8691301731253369,5,10,10,0.774,0.6988,0.6999,0.8691,0.7589,0.7179,0.7041,0.6546,0.6828,0.7589,1.1026941067040142e-06,0.0004638589342189,0.0002108455260969,0.0002530134081219,151.8,161,5,151.8,r-experts_sl48_st48
smd,gru,random-buffer,48,48,B2,500.0,,,0.5,,,,-0.0079662971616866,0.1019714003548154,0.0079662971616866,0.7730399273468366,0.768183446847511,0.8806165622067402,5,10,10,0.774,0.7001,0.6951,0.8806,0.8154,0.7231,0.6834,0.7401,0.8789,0.8154,1.5986112121702645e-06,0.0006724712579848,0.0003056695000016,0.0003668017579832,220.1,140,5,220.1,r-random-buffer_sl48_st48_bu500_re0.5
smd,gru,reservoir,48,48,B2,500.0,,,0.5,,,,0.0116816299323098,0.1073913224203662,-0.0116816299323098,0.7670664373594185,0.7666786763492969,0.8740901287201103,5,10,10,0.774,0.6936,0.6912,0.8741,0.8024,0.822,0.6674,0.6748,0.8668,0.8024,0.0004767537162266,0.0007202522883625,0.000327388216839,0.0003928640715234,235.7,150,5,235.7,r-reservoir_sl48_st48_bu500_re0.5
smd,gru,ewc,48,48,B2,,,,,1000.0,,,-0.0253408079039246,0.0898567341432444,0.0253408079039246,0.7707340013899092,0.7577649339393256,0.8866580418230909,5,10,10,0.774,0.6912,0.703,0.8867,0.7988,0.7392,0.7103,0.6677,0.8728,0.7988,0.0002866437200854,0.000433044962859,0.0001968391218177,0.0002362058410413,141.7,138,5,141.7,r-ewc_sl48_st48_la1000
smd,gru,lwf,48,48,B2,,,,,,1.0,2.0,-0.0186596923369057,0.0877198139902371,0.0186596923369057,0.759548275419374,0.7430975866624793,0.8768539434224853,5,10,10,0.774,0.6691,0.6876,0.8769,0.7902,0.7419,0.6688,0.6585,0.8561,0.7902,1.0986903701908284e-06,0.000462174723756,0.0002100799795162,0.0002520947442397,151.3,134,5,151.3,r-lwf_sl48_st48_al1.0_te2.0
smd,gru,naive,8,4,B3,,,,,,,,-0.0305283209923778,0.0929333928734497,0.0305283209923778,0.7772813985632249,0.7527214415261675,0.8838515740634865,5,10,10,0.7999,0.6977,0.693,0.8839,0.8119,0.7197,0.7212,0.6684,0.8423,0.8119,0.0007175570095964,0.0010840441523621,0.0004927484833337,0.0005912956690283,354.8,167,5,354.8,r-naive_sl8_st4
smd,gru,cumulative,8,4,B3,,,,,,,,-0.0160760061436924,0.0561385497178479,0.0160760061436924,0.7649103264093517,0.7550490050237234,0.8757581266317969,5,10,10,0.7999,0.7239,0.703,0.8686,0.7291,0.7881,0.6827,0.6996,0.8758,0.7291,0.0022005113586817,0.0033244068954561,0.0015110973950346,0.0018133095004215,1088.0,178,5,1088.0,r-cumulative_sl8_st4
smd,gru,experts,8,4,B3,,,,,,,,-0.0533392315421276,0.0727148317393275,0.0533392315421276,0.7619254886029717,0.7021536256518855,0.8481634940156199,5,10,10,0.7999,0.7098,0.6997,0.8482,0.7521,0.652,0.7103,0.6856,0.7108,0.7521,2.228302523221893e-06,0.0009373569943423,0.0004260723373264,0.0005112846570159,306.8,141,5,306.8,r-experts_sl8_st4
smd,gru,random-buffer,8,4,B3,500.0,,,0.5,,,,-0.0424713062253131,0.0994770257234134,0.0424713062253131,0.7830684807922246,0.7682519234994223,0.8891331553623248,5,10,10,0.7999,0.7086,0.6944,0.8891,0.8232,0.7375,0.6639,0.7304,0.8862,0.8232,0.0015989118322725,0.0024155446866757,0.0010979773301527,0.0013175673565229,790.5,215,5,790.6,r-random-buffer_sl8_st4_bu500_re0.5
smd,gru,reservoir,8,4,B3,500.0,,,0.5,,,,-0.0065488109891028,0.0829447049440496,0.0065488109891028,0.7825086046835005,0.772960915149967,0.8952142825572186,5,10,10,0.7999,0.7154,0.6939,0.8952,0.8081,0.7942,0.6853,0.6843,0.8929,0.8081,0.0014054705025433,0.0021233045726309,0.0009651406955433,0.0011581638770876,694.9,188,5,694.9,r-reservoir_sl8_st4_bu500_re0.5
smd,gru,ewc,8,4,B3,,,,,1000.0,,,-0.0275590971663347,0.0974747691897216,0.0275590971663347,0.7759774481821513,0.7577028408688717,0.8814061437024214,5,10,10,0.7999,0.6947,0.6899,0.8814,0.814,0.7524,0.7325,0.6468,0.8429,0.814,0.0007855451260522,0.0011867567160865,0.0005394360848392,0.0006473206312473,388.4,163,5,388.4,r-ewc_sl8_st4_la1000
smd,gru,lwf,8,4,B3,,,,,,1.0,2.0,-0.0563268810532748,0.084301598011474,0.0563268810532748,0.7661365261446846,0.7272461922190994,0.8774549526605335,5,10,10,0.7999,0.6785,0.6859,0.8775,0.789,0.7191,0.6527,0.659,0.8165,0.789,0.000654762522608,0.000989177827443,0.0004496273357078,0.0005395504917351,323.7,125,5,323.7,r-lwf_sl8_st4_al1.0_te2.0
smd,gru,naive,12,6,B3,,,,,,,,-0.0845017346493241,0.0913751220545938,0.0845017346493241,0.7813571094908505,0.7278833449451885,0.8915745477220811,5,10,10,0.822,0.7096,0.7008,0.8916,0.7828,0.7059,0.6107,0.6813,0.8588,0.7828,0.0006707247231705,0.0010132926084948,0.0004605886609946,0.0005527039475001,331.6,170,5,331.6,r-naive_sl12_st6
smd,gru,cumulative,12,6,B3,,,,,,,,-0.0177286955502334,0.0828177934860283,0.0177286955502334,0.7664482512927917,0.7560100208592221,0.8774573732976207,5,10,10,0.822,0.696,0.7302,0.8775,0.7066,0.7928,0.6823,0.7295,0.8688,0.7066,0.0019518011957875,0.002948669784519,0.001340307559093,0.001608362225426,965.0,168,5,965.0,r-cumulative_sl12_st6
smd,gru,experts,12,6,B3,,,,,,,,-0.0795871887366513,0.070363059932229,0.0795871887366513,0.762190645512625,0.6989589007864618,0.8544013513765044,5,10,10,0.822,0.7125,0.6998,0.8544,0.7223,0.6915,0.6748,0.6988,0.7073,0.7223,0.0005846654453988,0.0008832791662494,0.0004014915027778,0.0004817876634715,289.1,145,5,289.1,r-experts_sl12_st6
smd,gru,random-buffer,12,6,B3,500.0,,,0.5,,,,-0.0689263869551601,0.0884728172825427,0.0689263869551601,0.7809219885254095,0.7412600864134554,0.8920270959678531,5,10,10,0.822,0.6956,0.6938,0.892,0.8012,0.7122,0.6636,0.6817,0.8475,0.8012,5.445008358609196e-06,0.0022904953954883,0.0010411366527809,0.0012493587427074,749.6,214,5,749.6,r-random-buffer_sl12_st6_bu500_re0.5
smd,gru,reservoir,12,6,B3,500.0,,,0.5,,,,-0.0220047360647435,0.0608389327612522,0.0220047360647435,0.7800461616118337,0.7666171459414619,0.8986237728837226,5,10,10,0.822,0.7195,0.7006,0.8892,0.7689,0.8056,0.6818,0.6781,0.8986,0.7689,0.001285579527079,0.0019421801335482,0.0008828111929928,0.0010593689405553,635.6,181,5,635.6,r-reservoir_sl12_st6_bu500_re0.5
smd,gru,ewc,12,6,B3,,,,,1000.0,,,-0.0748588795816594,0.0896857773479926,0.0748588795816594,0.7798349856189386,0.7406196713174843,0.8909050454823647,5,10,10,0.822,0.7079,0.7014,0.8909,0.777,0.7164,0.6265,0.7237,0.8595,0.777,0.0007464473228889,0.0011276899878368,0.0005125875611679,0.0006151024266689,369.1,171,5,369.1,r-ewc_sl12_st6_la1000
smd,gru,lwf,12,6,B3,,,,,,1.0,2.0,-0.0440833109033193,0.0906462027485618,0.0440833109033193,0.771097694076454,0.7425420868385364,0.8741048044550671,5,10,10,0.822,0.6836,0.6895,0.8741,0.7863,0.719,0.6753,0.6965,0.8355,0.7863,0.0007511358580027,0.0011347731589373,0.0005158071816536,0.0006189659772836,371.4,158,5,371.4,r-lwf_sl12_st6_al1.0_te2.0
smd,gru,naive,48,24,B3,,,,,,,,-0.0020047259523209,0.1168350889864457,0.0020047259523209,0.7681837621214843,0.7705845852154671,0.8945872460738405,5,10,10,0.7866,0.6979,0.6977,0.8789,0.7798,0.8029,0.6697,0.706,0.8946,0.7798,2.079501959661717e-06,0.0008747625990294,0.0003976203586802,0.0004771422403492,286.3,165,5,286.3,r-naive_sl48_st24
smd,gru,cumulative,48,24,B3,,,,,,,,0.0029664790272757,0.1193254067138579,-0.0029664790272757,0.7659649708278559,0.7671924802790595,0.8767108722840249,5,10,10,0.7866,0.7069,0.6906,0.8695,0.7762,0.7966,0.6891,0.6973,0.8767,0.7762,7.015071478934812e-06,0.0029509576227034,0.0013413475875665,0.0016096100351369,965.8,198,5,965.8,r-cumulative_sl48_st24
smd,gru,experts,48,24,B3,,,,,,,,-0.0415365495067117,0.1045253308842567,0.0415365495067117,0.7593311716163044,0.7087196732312493,0.8636813974581475,5,10,10,0.7866,0.7007,0.7108,0.8637,0.7348,0.7151,0.7241,0.6932,0.6763,0.7348,0.0006562195228437,0.0009913789801938,0.0004506279313691,0.0005407510488247,324.5,193,5,324.5,r-experts_sl48_st24
smd,gru,random-buffer,48,24,B3,500.0,,,0.5,,,,-0.0290013634802434,0.1082088207535861,0.0290013634802434,0.7693314618574764,0.7487305359764236,0.8862624735715438,5,10,10,0.7866,0.7131,0.6939,0.8809,0.7721,0.7461,0.656,0.6831,0.8863,0.7721,0.0011457172361025,0.0017308841714973,0.0007867674217074,0.0009441167497898,566.5,188,5,566.5,r-random-buffer_sl48_st24_bu500_re0.5
smd,gru,reservoir,48,24,B3,500.0,,,0.5,,,,-0.003090301636751,0.135829244242178,0.003090301636751,0.7812310877659436,0.7739861055862689,0.8866333122080222,5,10,10,0.7866,0.708,0.6968,0.8841,0.8306,0.8072,0.6846,0.6609,0.8866,0.8306,0.0010271343179064,0.0015517358706357,0.0007053362065376,0.000846399664098,507.8,170,5,507.8,r-reservoir_sl48_st24_bu500_re0.5
smd,gru,ewc,48,24,B3,,,,,1000.0,,,-0.0019185704469429,0.1180552058161918,0.0019185704469429,0.7686941162944796,0.77144859319132,0.8949611792964832,5,10,10,0.7866,0.6982,0.6977,0.8791,0.7818,0.8041,0.6711,0.7053,0.895,0.7818,0.000603475283886,0.0009116959960569,0.0004144082530686,0.0004972877429883,298.4,165,5,298.4,r-ewc_sl48_st24_la1000
smd,gru,lwf,48,24,B3,,,,,,1.0,2.0,0.0097306660048207,0.1054335158496542,-0.0097306660048207,0.7648669383107972,0.7662702012493586,0.8764067906125947,5,10,10,0.7866,0.6729,0.6926,0.8764,0.7958,0.7907,0.6746,0.7064,0.8638,0.7958,0.000610657504852,0.0009225464853353,0.0004193403958905,0.0005032060894447,301.9,147,5,301.9,r-lwf_sl48_st24_al1.0_te2.0
smd,lstm,naive,24,12,B1,,,,,,,,-0.0313678638198575,0.0673451485565259,0.0313678638198575,0.7407952559048958,0.7287623626341684,0.7997939532050895,5,10,10,0.7998,0.7156,0.6519,0.7769,0.7598,0.7135,0.6957,0.6823,0.7925,0.7598,2.920562205093102e-06,0.0012285627206478,0.0005584389502331,0.0006701237704146,402.1,235,5,402.1,r-naive_sl24_st12
smd,lstm,cumulative,24,12,B1,,,,,,,,-0.0009065928067147,0.08849764885335,0.0009065928067147,0.7670463757214078,0.7663566549874932,0.9008983657681304,5,10,10,0.7998,0.6858,0.7045,0.8836,0.7615,0.7736,0.7011,0.6947,0.9009,0.7615,0.0026468377685121,0.0039986913469362,0.0018175913274294,0.0021811000195067,1308.7,262,5,1308.6,r-cumulative_sl24_st12
smd,lstm,experts,24,12,B1,,,,,,,,-0.0769980148438113,0.0891047328890895,0.0769980148438113,0.7794160251231552,0.7271415643089167,0.883461275407879,5,10,10,0.7998,0.7377,0.7079,0.8835,0.7682,0.677,0.7279,0.7306,0.7319,0.7682,0.0007538124329932,0.001138816775581,0.0005176452565433,0.0006211715190376,372.7,213,5,372.8,r-experts_sl24_st12
smd,lstm,random-buffer,24,12,B1,500.0,,,0.5,,,,-0.0068205752662204,0.0619183461268299,0.0068205752662204,0.7383114366336798,0.7451555811870787,0.8254988282574864,5,10,10,0.7998,0.7158,0.6567,0.7526,0.7666,0.7909,0.7391,0.6037,0.8255,0.7666,0.0015241388072267,0.0023025818705214,0.0010466310786484,0.001255950791873,753.6,244,5,753.7,r-random-buffer_sl24_st12_bu500_re0.5
smd,lstm,random-buffer,24,12,B1,100.0,,,0.5,,,,-0.0331779232415123,0.0766125588578397,0.0331779232415123,0.7502115782373282,0.7431059580462455,0.814797892192527,5,10,10,0.7998,0.7102,0.6914,0.7644,0.7852,0.7279,0.6641,0.7236,0.8148,0.7852,0.0015656389935207,0.0023652779820112,0.001075128342424,0.0012901496395872,774.1,243,5,774.2,r-random-buffer_sl24_st12_bu100_re0.5
smd,lstm,random-buffer,24,12,B1,250.0,,,0.5,,,,-0.0516475892028369,0.0669419057529249,0.0516475892028369,0.7425465210101028,0.7163463013171885,0.8668437451497668,5,10,10,0.7998,0.7199,0.6683,0.8163,0.7085,0.7189,0.684,0.6035,0.8668,0.7085,5.664479414049404e-06,0.0023828180162854,0.0010831018251729,0.0012997161911125,779.8,243,5,779.9,r-random-buffer_sl24_st12_bu250_re0.5
smd,lstm,random-buffer,24,12,B1,1000.0,,,0.5,,,,-0.0135510585181985,0.0576095467061002,0.0135510585181985,0.7449661862863552,0.742204147938302,0.8655944367690565,5,10,10,0.7998,0.7089,0.6565,0.7959,0.7637,0.7313,0.6683,0.6821,0.8656,0.7637,0.0015218692596463,0.0022991531676445,0.001045072168754,0.0012540809988905,752.5,241,5,752.5,r-random-buffer_sl24_st12_bu1000_re0.5
smd,lstm,random-buffer,24,12,B1,2000.0,,,0.5,,,,-0.0073024542452287,0.0902074255528993,0.0073024542452287,0.7529294719247982,0.749912669843378,0.8171501699473854,5,10,10,0.7998,0.7232,0.6781,0.7844,0.7791,0.7838,0.7045,0.665,0.8172,0.7791,0.0015509709159378,0.0023431182880531,0.0010650563752809,0.0012780619127722,766.8,247,5,766.9,r-random-buffer_sl24_st12_bu2000_re0.5
smd,lstm,random-buffer,24,12,B1,4000.0,,,0.5,,,,-0.0267786673081322,0.0811682065506866,0.0267786673081322,0.7608065976397791,0.7340337246149994,0.8256476555166965,5,10,10,0.7998,0.7207,0.6759,0.8202,0.7873,0.7153,0.6798,0.6622,0.8256,0.7873,0.0014023899824573,0.0021186506988052,0.0009630253771404,0.0011556253216648,693.4,223,5,693.4,r-random-buffer_sl24_st12_bu4000_re0.5
smd,lstm,random-buffer,24,12,B1,500.0,,,0.3,,,,-0.0219350402224544,0.0799913578977008,0.0219350402224544,0.7563590119421935,0.7423193894651821,0.8273656690451425,5,10,10,0.7998,0.7159,0.6615,0.7773,0.8274,0.7255,0.7195,0.6376,0.8016,0.8274,0.0011383150828475,0.0017197014210766,0.000781684357876,0.0009380170632006,562.8,241,5,562.8,r-random-buffer_sl24_st12_bu500_re0.3
smd,lstm,random-buffer,24,12,B1,500.0,,,0.7,,,,-0.0289024529605068,0.0866476225562623,0.0289024529605068,0.7566158235440773,0.7264720263868732,0.8576944915501022,5,10,10,0.7998,0.7333,0.6723,0.7953,0.7824,0.6936,0.7043,0.5944,0.8577,0.7824,0.0023985856024963,0.0036236461515279,0.0016471158545826,0.0019765302969453,1185.9,245,5,1185.8,r-random-buffer_sl24_st12_bu500_re0.7
smd,lstm,reservoir,24,12,B1,500.0,,,0.5,,,,-0.0014105472536587,0.0925251301686905,0.0014105472536587,0.7572189917296467,0.7609226362928018,0.8047559276073557,5,10,10,0.7998,0.7148,0.7126,0.7566,0.8023,0.8032,0.7245,0.6829,0.7917,0.8023,0.0014891783352846,0.002249765586009,0.0010226231970494,0.0012271423889595,736.3,243,5,736.3,r-reservoir_sl24_st12_bu500_re0.5
smd,lstm,reservoir,24,12,B1,100.0,,,0.5,,,,-0.0226938905384099,0.0803011476050909,0.0226938905384099,0.7562196818554481,0.7336074057854585,0.8105351367589905,5,10,10,0.7998,0.7108,0.7105,0.8105,0.7495,0.7591,0.7035,0.6524,0.8036,0.7495,5.437838992248581e-06,0.0022874795322323,0.001039765919104,0.0012477136131282,748.6,245,5,748.6,r-reservoir_sl24_st12_bu100_re0.5
smd,lstm,reservoir,24,12,B1,250.0,,,0.5,,,,-0.0153494286568295,0.0617027778036854,0.0153494286568295,0.7631832279847032,0.7464263190986555,0.818898548784522,5,10,10,0.7998,0.7269,0.6692,0.8189,0.8011,0.7785,0.7041,0.6574,0.7911,0.8011,0.0014134110140038,0.0021353006438844,0.0009705935372757,0.0011647071066087,698.8,227,5,698.8,r-reservoir_sl24_st12_bu250_re0.5
smd,lstm,reservoir,24,12,B1,1000.0,,,0.5,,,,-0.0032235348690888,0.0529665212107861,0.0032235348690888,0.7437105935568245,0.7410409604377765,0.7997939532050895,5,10,10,0.7998,0.7184,0.6839,0.7374,0.779,0.7866,0.7207,0.6774,0.7414,0.779,0.00152041821968,0.0022969610193285,0.0010440756641218,0.0012528853552066,751.7,242,5,751.7,r-reservoir_sl24_st12_bu1000_re0.5
smd,lstm,reservoir,24,12,B1,2000.0,,,0.5,,,,-0.0081729121254288,0.0564578664212534,0.0081729121254288,0.7530071246793107,0.7478503187360197,0.8118200758357742,5,10,10,0.7998,0.7178,0.7051,0.806,0.7363,0.7994,0.6879,0.7038,0.8118,0.7363,0.0014350759958597,0.0021680308612439,0.0009854706820003,0.0011825601792436,709.5,227,5,709.5,r-reservoir_sl24_st12_bu2000_re0.5
smd,lstm,reservoir,24,12,B1,4000.0,,,0.5,,,,-0.0017222400606926,0.0624128114616823,0.0017222400606926,0.7544377708032004,0.7514025023227324,0.822549704623953,5,10,10,0.7998,0.713,0.6996,0.7741,0.7857,0.8225,0.6821,0.6894,0.7772,0.7857,0.0014867144783305,0.0022460433316269,0.0010209312012768,0.0012251121303501,735.1,232,5,735.1,r-reservoir_sl24_st12_bu4000_re0.5
smd,lstm,reservoir,24,12,B1,500.0,,,0.3,,,,-0.0169077623369339,0.0629067400047968,0.0169077623369339,0.7531269700634647,0.7419862182347942,0.7997939532050895,5,10,10,0.7998,0.7006,0.7054,0.7638,0.7961,0.7769,0.6984,0.6558,0.7827,0.7961,0.0011238889031531,0.0016979071726343,0.0007717776572933,0.000926129515341,555.7,235,5,555.7,r-reservoir_sl24_st12_bu500_re0.3
smd,lstm,reservoir,24,12,B1,500.0,,,0.7,,,,-0.010073212122977,0.0698349411725756,0.010073212122977,0.7602689135676005,0.7486186211182383,0.8099642003601932,5,10,10,0.7998,0.7136,0.6733,0.8047,0.81,0.7846,0.7022,0.6431,0.8033,0.81,0.002433977712319,0.0036771145299007,0.0016714196515618,0.0020056948783388,1203.4,244,5,1203.4,r-reservoir_sl24_st12_bu500_re0.7
smd,lstm,ewc,24,12,B1,,,,,1000.0,,,-0.0454417704819042,0.1040874503716237,0.0454417704819042,0.7650788013208795,0.744426571321388,0.8163635783655737,5,10,10,0.7998,0.6971,0.704,0.8081,0.8164,0.727,0.6945,0.6682,0.816,0.8164,0.0008622053512064,0.0013025706063917,0.0005920789555568,0.0007104916508348,426.3,226,5,426.3,r-ewc_sl24_st12_la1000
smd,lstm,ewc,24,12,B1,,,,,100.0,,,-0.0462272472420281,0.0753909198334841,0.0462272472420281,0.7576657315829141,0.7290326500211634,0.8019828374162725,5,10,10,0.7998,0.7125,0.7037,0.7704,0.802,0.6568,0.6856,0.7131,0.7877,0.802,3.0389675635590987e-06,0.001278371079149,0.0005810791001183,0.0006972919790307,418.4,221,5,418.4,r-ewc_sl24_st12_la100
smd,lstm,ewc,24,12,B1,,,,,500.0,,,-0.0431312038709027,0.0561518490577543,0.0431312038709027,0.751913339739126,0.7296628766767673,0.8136389371337938,5,10,10,0.7998,0.6995,0.6925,0.7983,0.7695,0.7037,0.689,0.6725,0.8136,0.7695,0.0008637895454025,0.0013049639165141,0.0005931668176994,0.0007117970988146,427.1,229,5,427.1,r-ewc_sl24_st12_la500
smd,lstm,ewc,24,12,B1,,,,,5000.0,,,-0.0575932975700886,0.0925971614327791,0.0575932975700886,0.7605378853012226,0.7408774954671464,0.8345372680663871,5,10,10,0.7998,0.7057,0.6702,0.7939,0.8331,0.6548,0.6664,0.7155,0.8345,0.8331,0.0008597363526773,0.0012988405844117,0.0005903834800358,0.0007084571043758,425.1,226,5,424.7,r-ewc_sl24_st12_la5000
smd,lstm,ewc,24,12,B1,,,,,10000.0,,,-0.0329085214173982,0.0513719588223092,0.0329085214173982,0.7369956325458854,0.7192800910565491,0.7997939532050895,5,10,10,0.7998,0.7075,0.6828,0.7757,0.7192,0.7213,0.7179,0.6747,0.7633,0.7192,0.000905035620705,0.0013672761316296,0.0006214906272549,0.0007457855043746,447.5,241,5,447.5,r-ewc_sl24_st12_la10000
smd,lstm,lwf,24,12,B1,,,,,,1.0,2.0,-0.0419154858042341,0.107719538611641,0.0419154858042341,0.787711656927876,0.758255500933723,0.8724322064341811,5,10,10,0.7998,0.6704,0.7582,0.8724,0.8377,0.765,0.6384,0.7141,0.8361,0.8377,0.0007755236534941,0.0011716168476448,0.000532554354518,0.0006390624931268,383.4,178,5,383.4,r-lwf_sl24_st12_al1.0_te2.0
smd,lstm,lwf,24,12,B1,,,,,,0.5,2.0,-0.0551916802437902,0.1071413950748531,0.0551916802437902,0.7745331529629921,0.7413319541634217,0.8367560970452503,5,10,10,0.7998,0.6912,0.7485,0.8188,0.8144,0.704,0.6684,0.6832,0.8368,0.8144,0.0009510148119972,0.0014367388680868,0.0006530646869776,0.0007836741811091,470.2,220,5,470.2,r-lwf_sl24_st12_al0.5_te2.0
smd,lstm,lwf,24,12,B1,,,,,,2.0,2.0,0.017860641285021,0.0799490980682372,-0.017860641285021,0.7529827058469301,0.756454841618405,0.8419438306499143,5,10,10,0.7998,0.6564,0.6649,0.8419,0.8019,0.7873,0.6768,0.7392,0.7771,0.8019,0.0007854977747113,0.0011866851803846,0.0005394036210103,0.0006472815593743,388.4,178,5,388.4,r-lwf_sl24_st12_al2.0_te2.0
smd,lstm,lwf,24,12,B1,,,,,,1.0,1.0,0.0099302656050263,0.0845322320942376,-0.0099302656050263,0.7422170867141841,0.7404875091002154,0.8292958588640962,5,10,10,0.7998,0.6231,0.6688,0.7901,0.8293,0.8071,0.6653,0.6513,0.7494,0.8293,2.348416044005041e-06,0.0009878839078326,0.0004490393261004,0.0005388445817322,323.3,145,5,323.3,r-lwf_sl24_st12_al1.0_te1.0
smd,lstm,lwf,24,12,B1,,,,,,1.0,4.0,-0.0200130131330495,0.092930465206027,0.0200130131330495,0.7562582058442484,0.7548860099839491,0.8182130432938057,5,10,10,0.7998,0.7023,0.7077,0.7897,0.7819,0.758,0.7075,0.7088,0.8182,0.7819,0.000995679522557,0.00150421576212,0.0006837361911466,0.0008204795709733,492.3,231,5,492.3,r-lwf_sl24_st12_al1.0_te4.0
smd,lstm,naive,6,6,B2,,,,,,,,-0.0755623859796586,0.0960875199381603,0.0755623859796586,0.7670069837654012,0.7305016747736351,0.8976170988870602,5,10,10,0.7967,0.7267,0.6492,0.8976,0.7647,0.7143,0.6074,0.7377,0.8284,0.7647,0.0003648320214936,0.0005511673835045,0.0002505312345488,0.0003006361489556,180.4,133,5,181.0,r-naive_sl6_st6
smd,lstm,cumulative,6,6,B2,,,,,,,,-0.0059918143515605,0.0896685403465289,0.0059918143515605,0.7675484256374032,0.7712172225361282,0.8920709081468188,5,10,10,0.7967,0.7284,0.6935,0.8921,0.727,0.7945,0.7446,0.6999,0.8901,0.727,0.0011314719124966,0.0017093631501053,0.0007769850515644,0.0009323780985409,559.4,163,5,559.5,r-cumulative_sl6_st6
smd,lstm,experts,6,6,B2,,,,,,,,-0.1124836224171142,0.0783795759214511,0.1124836224171142,0.7737882796502717,0.6816221564186918,0.8812281038161968,5,10,10,0.7967,0.7453,0.6812,0.8812,0.7645,0.6565,0.6689,0.6892,0.6291,0.7645,0.000394433178183,0.000595887120589,0.0002708584487852,0.0003250286718038,195.0,139,5,195.0,r-experts_sl6_st6
smd,lstm,random-buffer,6,6,B2,500.0,,,0.5,,,,-0.060983556060887,0.0943783498379295,0.060983556060887,0.766673130832217,0.730385008062289,0.8996016994484307,5,10,10,0.7967,0.7281,0.6538,0.8913,0.7635,0.6671,0.6878,0.634,0.8996,0.7635,0.0008756267007861,0.0013228468148798,0.0006012953488427,0.000721551466037,432.9,201,5,432.9,r-random-buffer_sl6_st6_bu500_re0.5
smd,lstm,reservoir,6,6,B2,500.0,,,0.5,,,,-0.0215251622799372,0.1096653861118126,0.0215251622799372,0.7788655743729402,0.7586072902961546,0.8821915849924331,5,10,10,0.7967,0.7281,0.6773,0.8822,0.81,0.7804,0.6752,0.646,0.8814,0.81,2.5380037569973696e-06,0.0010676358117877,0.0004852901525485,0.0005823456592392,349.4,161,5,349.4,r-reservoir_sl6_st6_bu500_re0.5
smd,lstm,ewc,6,6,B2,,,,,1000.0,,,-0.0785727628965308,0.0934283687267825,0.0785727628965308,0.7729649122588296,0.7250403085564232,0.8936079640139383,5,10,10,0.7967,0.731,0.6538,0.8936,0.7897,0.6913,0.5853,0.7194,0.8395,0.7897,0.0004522783115053,0.0006832762446335,0.0003105808011586,0.0003726954434749,223.6,149,5,223.6,r-ewc_sl6_st6_la1000
smd,lstm,lwf,6,6,B2,,,,,,1.0,2.0,-0.0226689894057339,0.1069696134144886,0.0226689894057339,0.7558358896299763,0.7342900564077329,0.8883427402716393,5,10,10,0.7967,0.6781,0.6217,0.8883,0.7943,0.7085,0.5984,0.7627,0.8075,0.7943,0.0004605359410918,0.000695751399842,0.0003162513695644,0.0003795000302776,227.7,140,5,227.7,r-lwf_sl6_st6_al1.0_te2.0
smd,lstm,naive,8,8,B2,,,,,,,,-0.0702699853984741,0.1231094591923481,0.0702699853984741,0.7778672110958996,0.7249353464212365,0.8791249731762307,5,10,10,0.7929,0.692,0.7316,0.8739,0.7989,0.7027,0.628,0.6159,0.8791,0.7989,1.5921325231944444e-06,0.0006697459348465,0.0003044306542239,0.0003653152806226,219.2,187,5,219.2,r-naive_sl8_st8
smd,lstm,cumulative,8,8,B2,,,,,,,,-0.0073476416304296,0.0948046681375866,0.0073476416304296,0.7696702939614287,0.7651693580542046,0.8876583950639516,5,10,10,0.7929,0.7274,0.7048,0.8853,0.738,0.7873,0.719,0.6938,0.8877,0.738,0.0013530152440684,0.0020440581637047,0.0009291195787676,0.001114938584937,669.0,205,5,669.0,r-cumulative_sl8_st8
smd,lstm,experts,8,8,B2,,,,,,,,-0.0858162807469319,0.1014286309112956,0.0858162807469319,0.7761120945065235,0.6933941600464865,0.8906616132346956,5,10,10,0.7929,0.7282,0.6824,0.8907,0.7864,0.6663,0.6616,0.7356,0.617,0.7864,0.0004191679927857,0.0006332550659526,0.0002878439122701,0.0003454111536825,207.2,170,5,207.3,r-experts_sl8_st8
smd,lstm,random-buffer,8,8,B2,500.0,,,0.5,,,,-0.0340278785690044,0.1161896323631803,0.0340278785690044,0.7780774779776827,0.759294740111891,0.898277470321407,5,10,10,0.7929,0.7066,0.7125,0.8753,0.803,0.6767,0.7532,0.6652,0.8983,0.803,0.0008092222820129,0.0012225268111737,0.0005556953326397,0.0006668314785339,400.1,199,5,400.1,r-random-buffer_sl8_st8_bu500_re0.5
smd,lstm,reservoir,8,8,B2,500.0,,,0.5,,,,-0.0054235293460125,0.083341388205339,0.0054235293460125,0.7756675186603621,0.7695893400035584,0.8775540824823405,5,10,10,0.7929,0.7008,0.7302,0.8599,0.7945,0.7813,0.6768,0.7178,0.8776,0.7945,0.0007754790442135,0.0011715494544911,0.0005325237629631,0.000639025691528,383.4,188,5,383.4,r-reservoir_sl8_st8_bu500_re0.5
smd,lstm,ewc,8,8,B2,,,,,1000.0,,,-0.0826506110916719,0.1245660793977121,0.0826506110916719,0.7796881039509371,0.7137076856208016,0.8825381444938807,5,10,10,0.7929,0.6924,0.7283,0.8825,0.8023,0.6912,0.6067,0.5955,0.8729,0.8023,0.0005299992428194,0.0008006925892312,0.0003639520327004,0.0004367405565308,262.0,180,5,262.1,r-ewc_sl8_st8_la1000
smd,lstm,lwf,8,8,B2,,,,,,1.0,2.0,-0.0180885550513827,0.1135314869614584,0.0180885550513827,0.7702412004968873,0.763654852967644,0.8751916948487873,5,10,10,0.7929,0.6533,0.7098,0.8752,0.82,0.7979,0.6656,0.6756,0.8592,0.82,0.0005604158679365,0.0008466442894471,0.0003848393222233,0.0004618049672238,277.1,184,5,277.1,r-lwf_sl8_st8_al1.0_te2.0
smd,lstm,naive,10,10,B2,,,,,,,,-0.0357385101159526,0.1120678059205418,0.0357385101159526,0.77048688515086,0.7492613499808213,0.8796493481712724,5,10,10,0.8103,0.6698,0.6784,0.8796,0.8143,0.6672,0.6405,0.7518,0.8725,0.8143,0.0004544815312286,0.0006866047431716,0.0003120938462974,0.0003745108968741,224.7,187,5,224.7,r-naive_sl10_st10
smd,lstm,cumulative,10,10,B2,,,,,,,,-0.0189575121645975,0.0771293965171451,0.0189575121645975,0.7694844815948132,0.7557802901990281,0.8716165286321854,5,10,10,0.8103,0.7331,0.6923,0.8716,0.7401,0.7933,0.6918,0.6903,0.8634,0.7401,0.0012225231168537,0.0018469181099605,0.0008395101797488,0.0010074079302116,604.4,188,5,602.1,r-cumulative_sl10_st10
smd,lstm,experts,10,10,B2,,,,,,,,-0.0531784338053713,0.1003735119564863,0.0531784338053713,0.7705268782848108,0.7252513900392259,0.8831030848525449,5,10,10,0.8103,0.7167,0.6692,0.8831,0.7733,0.6733,0.7169,0.7758,0.6871,0.7733,0.0003573575213197,0.0005398753354902,0.0002453984614603,0.0002944768740298,176.7,152,5,176.7,r-experts_sl10_st10
smd,lstm,random-buffer,10,10,B2,500.0,,,0.5,,,,-0.0466227096846704,0.0712642883597039,0.0466227096846704,0.7668373607631596,0.7388490530404568,0.8931078514466533,5,10,10,0.8103,0.6999,0.6607,0.8931,0.7702,0.7123,0.6128,0.7128,0.8862,0.7702,0.0007659328475282,0.0011571276056964,0.0005259684184042,0.0006311591872922,378.7,191,5,378.7,r-random-buffer_sl10_st10_bu500_re0.5
smd,lstm,reservoir,10,10,B2,500.0,,,0.5,,,,-0.0087025764647504,0.1099047026608102,0.0087025764647504,0.7737023949217021,0.7694742267246735,0.873080607690128,5,10,10,0.8103,0.7061,0.66,0.8731,0.819,0.801,0.6904,0.6724,0.8646,0.819,0.0007710977234156,0.0011649304052351,0.0005295150682899,0.0006354153369452,381.3,190,5,381.3,r-reservoir_sl10_st10_bu500_re0.5
smd,lstm,ewc,10,10,B2,,,,,1000.0,,,-0.0345938263569604,0.1115540361151099,0.0345938263569604,0.765727697490006,0.7435893426118404,0.8872223314455101,5,10,10,0.8103,0.6651,0.667,0.8872,0.799,0.7037,0.6037,0.7504,0.8611,0.799,0.0004474656052545,0.0006760054828705,0.0003072761245356,0.0003687293583348,221.2,173,5,221.3,r-ewc_sl10_st10_la1000
smd,lstm,lwf,10,10,B2,,,,,,1.0,2.0,-0.0418439487609898,0.1142881939490874,0.0418439487609898,0.7641103345443133,0.7214414207517403,0.8895357629321875,5,10,10,0.8103,0.6571,0.6658,0.8895,0.7978,0.7003,0.6207,0.6384,0.85,0.7978,0.0004391613914751,0.0006634599509237,0.0003015736394678,0.0003618863114559,217.1,134,5,217.1,r-lwf_sl10_st10_al1.0_te2.0
smd,lstm,naive,12,12,B2,,,,,,,,-0.0619457432280701,0.0734875988403972,0.0619457432280701,0.7735462937931453,0.7173676568585922,0.8975118728462652,5,10,10,0.8225,0.6964,0.6583,0.8975,0.793,0.7105,0.6159,0.6969,0.7706,0.793,1.4669717331792956e-06,0.0006170958387687,0.0002804989613405,0.0003365968774282,202.0,144,5,202.0,r-naive_sl12_st12
smd,lstm,cumulative,12,12,B2,,,,,,,,-0.0200643008444237,0.062643067738102,0.0200643008444237,0.7710728519554322,0.7623943804141862,0.8739000456037208,5,10,10,0.8225,0.7132,0.6908,0.8731,0.7558,0.7943,0.6792,0.7088,0.8739,0.7558,4.769158660216685e-06,0.002006192687346,0.0009119078829781,0.0010942848043679,656.6,208,5,656.6,r-cumulative_sl12_st12
smd,lstm,experts,12,12,B2,,,,,,,,-0.0773781029352027,0.0843787602790087,0.0773781029352027,0.7716145543051491,0.7138600486940947,0.8917847780246311,5,10,10,0.8225,0.7082,0.6877,0.8918,0.7479,0.7072,0.6475,0.7797,0.6869,0.7479,1.5188844066676885e-06,0.0006389334066403,0.0002904252424771,0.0003485081641632,209.1,150,5,209.1,r-experts_sl12_st12
smd,lstm,random-buffer,12,12,B2,500.0,,,0.5,,,,-0.029999333279412,0.0680534282633671,0.029999333279412,0.7627038652465313,0.7384367340100717,0.8554878333722358,5,10,10,0.8225,0.6983,0.6814,0.8533,0.758,0.75,0.5854,0.7433,0.8555,0.758,0.0008664769327092,0.0013090238677877,0.0005950127631367,0.0007140111046509,428.4,190,5,428.4,r-random-buffer_sl12_st12_bu500_re0.5
smd,lstm,reservoir,12,12,B2,500.0,,,0.5,,,,-0.0219401091368229,0.0627636551062304,0.0219401091368229,0.7706063738195088,0.7587747119029726,0.8589324486304163,5,10,10,0.8225,0.7185,0.6639,0.8589,0.7893,0.7772,0.6986,0.6698,0.8589,0.7893,0.0008533381033341,0.0012891744746908,0.0005859903480954,0.0007031841265953,421.9,187,5,421.9,r-reservoir_sl12_st12_bu500_re0.5
smd,lstm,ewc,12,12,B2,,,,,1000.0,,,-0.0566124646046836,0.0732269622546911,0.0566124646046836,0.7738094742630158,0.7245615203227764,0.8928915852580269,5,10,10,0.8225,0.6948,0.6588,0.8929,0.8001,0.695,0.6264,0.6953,0.8061,0.8001,0.0004930868936108,0.000744927520011,0.0003386045492474,0.0004063229707636,243.8,166,5,243.9,r-ewc_sl12_st12_la1000
smd,lstm,lwf,12,12,B2,,,,,,1.0,2.0,-0.0257641106606695,0.0743905504342092,0.0257641106606695,0.7633061238498087,0.7428689172157693,0.8852414741280659,5,10,10,0.8225,0.6838,0.6561,0.8852,0.7689,0.7567,0.6306,0.6808,0.8774,0.7689,0.0005734753456523,0.0008663738025887,0.0003938074602978,0.0004725663422909,283.5,174,5,283.6,r-lwf_sl12_st12_al1.0_te2.0
smd,lstm,naive,16,16,B2,,,,,,,,-0.0453159589795938,0.0936347651595083,0.0453159589795938,0.7845442538016216,0.753958397023867,0.8779078116598318,5,10,10,0.807,0.6918,0.7334,0.8722,0.8183,0.7278,0.7445,0.6012,0.8779,0.8183,0.0004774279288629,0.000721270850311,0.0003278512032967,0.0003934196470142,236.1,180,5,236.1,r-naive_sl16_st16
smd,lstm,cumulative,16,16,B2,,,,,,,,-0.0078812738152749,0.0461000109675036,0.0078812738152749,0.7715376972839663,0.7665811849793897,0.8835405001764266,5,10,10,0.807,0.708,0.6962,0.8835,0.763,0.787,0.705,0.7055,0.8724,0.763,5.991074017836233e-06,0.0025202031931111,0.0011455502663771,0.001374652926734,824.8,231,5,824.8,r-cumulative_sl16_st16
smd,lstm,experts,16,16,B2,,,,,,,,-0.0770277333134187,0.0606359129471452,0.0770277333134187,0.7690757130938832,0.675557591374967,0.88310222989691,5,10,10,0.807,0.7029,0.6943,0.8831,0.7582,0.6706,0.6669,0.7399,0.5422,0.7582,1.5617679044440137e-06,0.000656972764476,0.0002986249276663,0.0003583478368096,215.0,161,5,215.0,r-experts_sl16_st16
smd,lstm,random-buffer,16,16,B2,500.0,,,0.5,,,,-0.0307429815536146,0.0847936792959828,0.0307429815536146,0.782104209169928,0.7722783022432378,0.8776701339933547,5,10,10,0.807,0.7121,0.737,0.8571,0.7973,0.7659,0.7287,0.6919,0.8777,0.7973,0.0008262543322598,0.0012482578600324,0.0005673914251758,0.0006808664348566,408.5,191,5,408.9,r-random-buffer_sl16_st16_bu500_re0.5
smd,lstm,reservoir,16,16,B2,500.0,,,0.5,,,,-0.0120224583665705,0.0968627550251723,0.0120224583665705,0.792957042518831,0.7855083178429757,0.8725302191779957,5,10,10,0.807,0.7168,0.7408,0.8682,0.832,0.8041,0.6988,0.7202,0.8725,0.832,3.012770412078697e-06,0.0012673509941667,0.0005760703274288,0.0006912806667379,414.8,191,5,414.6,r-reservoir_sl16_st16_bu500_re0.5
smd,lstm,ewc,16,16,B2,,,,,1000.0,,,-0.0368523776873033,0.0949477967047046,0.0368523776873033,0.7855896711267489,0.7630314165328078,0.8800410666575846,5,10,10,0.807,0.6918,0.7315,0.8734,0.8243,0.722,0.7524,0.6364,0.88,0.8243,0.000441171512278,0.0006664967266401,0.000302953841781,0.0003635428848591,218.1,178,5,218.1,r-ewc_sl16_st16_la1000
smd,lstm,lwf,16,16,B2,,,,,,1.0,2.0,-0.0034019062805428,0.1037213050717508,0.0034019062805428,0.7834164151645744,0.7763890450039876,0.8884807963788365,5,10,10,0.807,0.662,0.7397,0.8885,0.8199,0.7743,0.752,0.6618,0.8739,0.8199,0.000438836730868,0.000662969472219,0.0003013504711788,0.0003616190010402,217.0,175,5,217.0,r-lwf_sl16_st16_al1.0_te2.0
smd,lstm,naive,48,48,B2,,,,,,,,-0.0283945481014725,0.0772925692203354,0.0283945481014725,0.7783799486966319,0.7755208248061705,0.8676826648793479,5,10,10,0.8008,0.6842,0.7178,0.8625,0.8267,0.7082,0.7249,0.7502,0.8677,0.8267,0.0003501047810751,0.000528918309713,0.0002404178778369,0.0002885004318761,173.1,180,5,173.1,r-naive_sl48_st48
smd,lstm,cumulative,48,48,B2,,,,,,,,-0.0094228578609289,0.0753604188947322,0.0094228578609289,0.7780862891125926,0.7678314277012828,0.8935574690560741,5,10,10,0.8008,0.7128,0.6944,0.8905,0.7919,0.7899,0.6749,0.6889,0.8936,0.7919,4.1166985360321674e-06,0.0017317290296692,0.0007871515241878,0.0009445775054814,566.7,219,5,566.7,r-cumulative_sl48_st48
smd,lstm,experts,48,48,B2,,,,,,,,-0.0620807695242737,0.0532840693431493,0.0620807695242737,0.7812149044669668,0.7254266757486454,0.8795980101708082,5,10,10,0.8008,0.7204,0.6939,0.8796,0.8115,0.6924,0.7443,0.7438,0.6352,0.8115,0.0003626653130948,0.0005478940441904,0.00024904335162,0.0002988506925703,179.3,193,5,179.3,r-experts_sl48_st48
smd,lstm,random-buffer,48,48,B2,500.0,,,0.5,,,,-0.0225695281426534,0.0886967338843438,0.0225695281426534,0.7823331963221927,0.7694293225919718,0.846790884577082,5,10,10,0.8008,0.7132,0.7099,0.841,0.8468,0.7311,0.6595,0.7654,0.8443,0.8468,0.0006197345754598,0.0009362596052427,0.0004255735289926,0.00051068607625,306.4,194,5,306.4,r-random-buffer_sl48_st48_bu500_re0.5
smd,lstm,reservoir,48,48,B2,500.0,,,0.5,,,,-0.0036465383038377,0.0750680147004311,0.0036465383038377,0.7769662715710555,0.771501090774379,0.8299041113101472,5,10,10,0.8008,0.7126,0.7138,0.8299,0.8278,0.8017,0.6693,0.7368,0.8218,0.8278,0.0006222574629768,0.0009400710396281,0.0004273060702531,0.0005127649693749,307.7,195,5,307.7,r-reservoir_sl48_st48_bu500_re0.5
smd,lstm,ewc,48,48,B2,,,,,1000.0,,,-0.0283951152513084,0.0772062212416514,0.0283951152513084,0.7783931093225294,0.7753769934825404,0.8677646971332312,5,10,10,0.8008,0.6841,0.7179,0.8627,0.8265,0.7082,0.7251,0.7493,0.8678,0.8265,0.0003563664221923,0.0005383780395275,0.0002447177697374,0.0002936602697901,176.2,180,5,176.2,r-ewc_sl48_st48_la1000
smd,lstm,lwf,48,48,B2,,,,,,1.0,2.0,-0.0162336519325785,0.0716593821611222,0.0162336519325785,0.7732863022908741,0.7622906997379744,0.8623838994795241,5,10,10,0.8008,0.6735,0.704,0.8624,0.8257,0.7291,0.705,0.6934,0.8582,0.8257,0.00039330536154,0.0005941832796114,0.0002700839574629,0.0003240993221484,194.5,172,5,194.5,r-lwf_sl48_st48_al1.0_te2.0
smd,lstm,naive,8,4,B3,,,,,,,,-0.0737794299162216,0.0977104326476235,0.0737794299162216,0.7961937878428718,0.7362920199333362,0.8926836349521972,5,10,10,0.7856,0.7312,0.7478,0.8927,0.8237,0.6775,0.702,0.6274,0.8508,0.8237,0.0008171263037754,0.0012344677558752,0.0005611228873287,0.0006733448685465,404.0,189,5,404.0,r-naive_sl8_st4
smd,lstm,cumulative,8,4,B3,,,,,,,,-0.0029813252667705,0.060410071139157,0.0029813252667705,0.7651533173232421,0.7627112590010062,0.8829771642181892,5,10,10,0.7856,0.7295,0.6948,0.883,0.7329,0.7961,0.7073,0.6955,0.8817,0.7329,0.0030066276076327,0.004542241289257,0.00206465909294,0.0024775821963169,1486.6,231,5,1488.5,r-cumulative_sl8_st4
smd,lstm,experts,8,4,B3,,,,,,,,-0.0723369675236665,0.0564009951658835,0.0723369675236665,0.764588030874411,0.7004432300658536,0.8783376981522024,5,10,10,0.7856,0.726,0.6661,0.8783,0.7669,0.7257,0.6563,0.7156,0.6377,0.7669,0.0007067603242933,0.0010677331367755,0.0004853342036483,0.0005823989331272,349.4,159,5,349.4,r-experts_sl8_st4
smd,lstm,random-buffer,8,4,B3,500.0,,,0.5,,,,-0.0736845068838224,0.0710279640880299,0.0736845068838224,0.7674538049515218,0.7208756088338364,0.8573551831414261,5,10,10,0.7856,0.723,0.7158,0.8453,0.7675,0.7325,0.655,0.5921,0.8574,0.7675,0.0023025388669989,0.0034785442285072,0.0015811608765642,0.0018973833519429,1138.4,252,5,1138.5,r-random-buffer_sl8_st4_bu500_re0.5
smd,lstm,reservoir,8,4,B3,500.0,,,0.5,,,,-0.0032540809753881,0.0552493011135932,0.0032540809753881,0.7719607373037652,0.7623434340180032,0.8391753574795497,5,10,10,0.7856,0.7193,0.7309,0.8336,0.7904,0.7987,0.6844,0.699,0.8392,0.7904,0.0024732431405134,0.0037364344964745,0.0016983834023147,0.0020380510941597,1222.8,222,5,1222.9,r-reservoir_sl8_st4_bu500_re0.5
smd,lstm,ewc,8,4,B3,,,,,1000.0,,,-0.0587507871189914,0.1014704856635407,0.0587507871189914,0.7956328953930741,0.7488819949323924,0.893904036328229,5,10,10,0.7856,0.7316,0.7513,0.8939,0.8157,0.6647,0.7202,0.6982,0.8456,0.8157,0.0014075691852864,0.0021264751426691,0.0009665819720468,0.0011598931706223,695.9,189,5,695.9,r-ewc_sl8_st4_la1000
smd,lstm,lwf,8,4,B3,,,,,,1.0,2.0,-0.0416805872330076,0.0602356077435538,0.0416805872330076,0.777687526564286,0.7528681705066158,0.902433290392764,5,10,10,0.7856,0.6987,0.7159,0.9024,0.7858,0.7552,0.6723,0.6716,0.8795,0.7858,0.0013232136445214,0.0019990356089978,0.0009086547886545,0.0010903808203432,654.2,194,5,654.3,r-lwf_sl8_st4_al1.0_te2.0
smd,lstm,naive,12,6,B3,,,,,,,,-0.0409828275937577,0.1235567377982407,0.0409828275937577,0.7786158223188508,0.7489706502690616,0.9077719879083684,5,10,10,0.7952,0.6978,0.6788,0.9078,0.8135,0.6591,0.7311,0.6683,0.8728,0.8135,0.0007528037355909,0.0011372928931495,0.0005169525037047,0.0006203403894448,372.2,180,5,372.2,r-naive_sl12_st6
smd,lstm,cumulative,12,6,B3,,,,,,,,-0.013390754173746,0.0843847094713392,0.013390754173746,0.7711645226336853,0.7616434528401628,0.8772622077420824,5,10,10,0.7952,0.7072,0.7033,0.8773,0.7729,0.7858,0.6976,0.6832,0.8687,0.7729,7.525550002192082e-06,0.0031656953476084,0.0014389555580978,0.0017267397895106,1036.0,188,5,1036.1,r-cumulative_sl12_st6
smd,lstm,experts,12,6,B3,,,,,,,,-0.0631186519597401,0.0796182111822113,0.0631186519597401,0.754419318597715,0.6790646387630966,0.8772476785103147,5,10,10,0.7952,0.6962,0.6568,0.8772,0.7466,0.6547,0.6299,0.7822,0.5819,0.7466,0.0007439106270487,0.0011238576926253,0.0005108454361706,0.0006130122564546,367.8,188,5,367.8,r-experts_sl12_st6
smd,lstm,random-buffer,12,6,B3,500.0,,,0.5,,,,-0.0758087935876008,0.0934846224385975,0.0758087935876008,0.7714446589550821,0.7278482548009758,0.8998088140259254,5,10,10,0.7952,0.6951,0.6809,0.8998,0.7863,0.7167,0.6424,0.6197,0.8741,0.7863,0.0013755321152712,0.0020780753668404,0.0009445817262134,0.0011334936406269,680.1,200,5,680.1,r-random-buffer_sl12_st6_bu500_re0.5
smd,lstm,reservoir,12,6,B3,500.0,,,0.5,,,,-0.0010714215125613,0.0952524709705388,0.0010714215125613,0.7741129579559289,0.7617065945657775,0.8939193823559746,5,10,10,0.7952,0.6864,0.6761,0.8939,0.819,0.7853,0.6882,0.623,0.893,0.819,0.001331624604288,0.002011742406686,0.0009144296304368,0.0010973127762492,658.4,192,5,658.4,r-reservoir_sl12_st6_bu500_re0.5
smd,lstm,ewc,12,6,B3,,,,,1000.0,,,-0.0522882889896139,0.1143024684408471,0.0522882889896139,0.7757040637410556,0.73479366377661,0.9047308698633209,5,10,10,0.7952,0.6924,0.6775,0.9047,0.8086,0.6481,0.7301,0.629,0.8581,0.8086,0.0007901848927397,0.0011937662106334,0.0005426221808412,0.0006511440297922,390.7,183,5,390.7,r-ewc_sl12_st6_la1000
smd,lstm,lwf,12,6,B3,,,,,,1.0,2.0,-0.0461877513136017,0.1120617487058092,0.0461877513136017,0.7686097357437178,0.7344412278405177,0.9007383873505844,5,10,10,0.7952,0.674,0.6634,0.9007,0.8097,0.6728,0.6991,0.6449,0.8457,0.8097,0.0008391765078281,0.0012677799449306,0.0005762649802083,0.0006915149647222,414.9,177,5,414.9,r-lwf_sl12_st6_al1.0_te2.0
smd,lstm,naive,48,24,B3,,,,,,,,-0.0429153729953398,0.0332152194095223,0.0429153729953398,0.7761800850999472,0.7594750025809985,0.8562767106713931,5,10,10,0.8237,0.7014,0.7177,0.8438,0.7943,0.7052,0.734,0.7075,0.8563,0.7943,0.000826492431119,0.0012486175661918,0.0005675551273724,0.0006810624388194,408.6,233,5,408.6,r-naive_sl48_st24
smd,lstm,cumulative,48,24,B3,,,,,,,,-0.0050752358075977,0.0615383427874325,0.0050752358075977,0.772231403770862,0.7710867499390845,0.8889978197056628,5,10,10,0.8237,0.6819,0.6972,0.889,0.7694,0.8127,0.6973,0.6998,0.8763,0.7694,0.0025943269971059,0.0039193610722435,0.0017815321644671,0.0021378289077764,1282.7,248,5,1282.7,r-cumulative_sl48_st24
smd,lstm,experts,48,24,B3,,,,,,,,-0.0671417318351999,0.0387314547346714,0.0671417318351999,0.7838621858532512,0.7429906706804232,0.8920041763213648,5,10,10,0.8237,0.7214,0.6889,0.892,0.7932,0.7086,0.7329,0.7352,0.745,0.7932,0.000703770778434,0.0010632167016162,0.0004832815568279,0.0005799351447882,348.0,191,5,348.0,r-experts_sl48_st24
smd,lstm,random-buffer,48,24,B3,500.0,,,0.5,,,,-0.0467721259210759,0.0497953706940621,0.0467721259210759,0.7759257141193746,0.7533698474301366,0.8566964860050874,5,10,10,0.8237,0.719,0.7316,0.8396,0.7658,0.7421,0.6488,0.7535,0.8567,0.7658,5.427952953401801e-06,0.0022833208744366,0.0010378756254102,0.0012454452490263,747.3,237,5,747.3,r-random-buffer_sl48_st24_bu500_re0.5
smd,lstm,reservoir,48,24,B3,500.0,,,0.5,,,,-0.0284348456257966,0.0431806237619158,0.0284348456257966,0.7799963348569172,0.756970585433417,0.8236930437082675,5,10,10,0.8237,0.7274,0.7247,0.8084,0.8159,0.7948,0.6699,0.7052,0.7992,0.8159,5.18258191045602e-06,0.0021801031735556,0.0009909583465344,0.0011891448270211,713.5,238,5,713.5,r-reservoir_sl48_st24_bu500_re0.5
smd,lstm,ewc,48,24,B3,,,,,1000.0,,,-0.0452206351036202,0.0198502161580828,0.0452206351036202,0.7621973480764208,0.7409829511256607,0.8462351413634847,5,10,10,0.8237,0.6979,0.7243,0.8312,0.7339,0.7142,0.7052,0.7054,0.8462,0.7339,0.0008301690020053,0.0012541719195277,0.0005700795068871,0.0006840924126406,410.5,235,5,410.5,r-ewc_sl48_st24_la1000
smd,lstm,lwf,48,24,B3,,,,,,1.0,2.0,-0.0132615371734496,0.077441879524915,0.0132615371734496,0.7733866834441487,0.7736316197538196,0.8648540263129927,5,10,10,0.8237,0.687,0.6802,0.8583,0.8177,0.7528,0.6737,0.7591,0.8649,0.8177,0.0009166855012025,0.001384876105792,0.0006294907168381,0.0007553853889539,453.2,214,5,453.3,r-lwf_sl48_st24_al1.0_te2.0
smd,tcn,naive,24,12,B1,,,,,,,,-0.0385559007004044,0.016095956717557,0.0385559007004044,0.7720431672765992,0.7607209281822753,0.8971405119570086,5,10,10,0.7971,0.6865,0.705,0.8971,0.7745,0.751,0.6598,0.7609,0.8574,0.7745,9.738946821057077e-07,0.000409678211334,0.00018621783293,0.0002234603784039,134.1,135,5,134.1,r-naive_sl24_st12
smd,tcn,cumulative,24,12,B1,,,,,,,,-0.0056031247463062,0.0209452706576199,0.0056031247463062,0.7773172999799152,0.7768999030258368,0.8966283511279548,5,10,10,0.7971,0.7153,0.6993,0.8966,0.7782,0.8188,0.6774,0.714,0.8961,0.7782,0.001009722572598,0.0015254312001613,0.0006933791057892,0.0008320520943721,499.2,203,5,499.2,r-cumulative_sl24_st12
smd,tcn,experts,24,12,B1,,,,,,,,-0.0376480306486341,0.0205029863996467,0.0376480306486341,0.7646605703947161,0.7206153339752353,0.8733296785950561,5,10,10,0.7971,0.685,0.7099,0.8733,0.758,0.7266,0.6927,0.7306,0.6952,0.758,0.0003172243232174,0.0004792443916955,0.0002178387897548,0.0002614056019407,156.8,176,5,156.9,r-experts_sl24_st12
smd,tcn,random-buffer,24,12,B1,500.0,,,0.5,,,,-0.0232275064734854,0.0264792669903024,0.0232275064734854,0.7738465652335866,0.7561008028971516,0.9037193951618208,5,10,10,0.7971,0.6887,0.7077,0.8978,0.7779,0.6943,0.6546,0.75,0.9037,0.7779,1.88510230401077e-06,0.0007929865048846,0.0003604491009273,0.0004325374039572,259.5,175,5,259.5,r-random-buffer_sl24_st12_bu500_re0.5
smd,tcn,random-buffer,24,12,B1,100.0,,,0.5,,,,-0.0210020064382047,0.0113368179044283,0.0210020064382047,0.7674637471408554,0.7572796066774166,0.8685599579121802,5,10,10,0.7971,0.6804,0.707,0.8656,0.7872,0.7792,0.6107,0.7408,0.8686,0.7872,1.842126060969432e-06,0.0007749081328568,0.000352231583968,0.0004226765488887,253.6,168,5,253.6,r-random-buffer_sl24_st12_bu100_re0.5
smd,tcn,random-buffer,24,12,B1,250.0,,,0.5,,,,-0.0262932757434955,0.0228019125561822,0.0262932757434955,0.7803789283917191,0.7735113992138953,0.8928670110585033,5,10,10,0.7971,0.6895,0.7069,0.8929,0.8156,0.7707,0.624,0.7837,0.8735,0.8156,0.0005075884010393,0.0007668355692923,0.0003485623949129,0.0004182731743793,251.0,169,5,251.0,r-random-buffer_sl24_st12_bu250_re0.5
smd,tcn,random-buffer,24,12,B1,1000.0,,,0.5,,,,0.0037799181742519,0.012427613147693,-0.0037799181742519,0.7777100153614661,0.7843676569937665,0.9140289507221956,5,10,10,0.7971,0.6911,0.6925,0.9104,0.7975,0.7501,0.6633,0.797,0.914,0.7975,1.87044397453262e-06,0.0007868203369076,0.0003576463391234,0.0004291739977841,257.5,172,5,257.5,r-random-buffer_sl24_st12_bu1000_re0.5
smd,tcn,random-buffer,24,12,B1,2000.0,,,0.5,,,,-0.022050925554966,0.0510846776545974,0.022050925554966,0.7848604809445134,0.7628442692762579,0.9048568430628816,5,10,10,0.7971,0.7112,0.6991,0.8987,0.8182,0.7673,0.6142,0.7097,0.9049,0.8182,2.089702379767289e-06,0.0008790535043403,0.0003995706973953,0.000479482806945,287.7,196,5,287.7,r-random-buffer_sl24_st12_bu2000_re0.5
smd,tcn,random-buffer,24,12,B1,4000.0,,,0.5,,,,-0.0033287599165455,0.0347452073210446,0.0033287599165455,0.7737937590111381,0.7755191321770536,0.905335336751756,5,10,10,0.7971,0.701,0.6892,0.9006,0.781,0.7495,0.6943,0.7475,0.9053,0.781,0.0005232455434581,0.0007904894859215,0.0003593142200824,0.0004311752658391,258.7,174,5,258.7,r-random-buffer_sl24_st12_bu4000_re0.5
smd,tcn,random-buffer,24,12,B1,500.0,,,0.3,,,,-0.0108377855713238,0.0152182975766865,0.0108377855713238,0.7735274199770855,0.7645153078515625,0.8972392982917653,5,10,10,0.7971,0.6855,0.7072,0.8922,0.7856,0.6905,0.6656,0.7836,0.8972,0.7856,0.0004015073352232,0.0006065743530594,0.0002757160673622,0.0003308582856971,198.5,169,5,198.5,r-random-buffer_sl24_st12_bu500_re0.3
smd,tcn,random-buffer,24,12,B1,500.0,,,0.7,,,,-0.0189719700922179,0.0157667303372437,0.0189719700922179,0.7618848680814025,0.745031434098092,0.8894128701200761,5,10,10,0.7971,0.6756,0.695,0.8894,0.7523,0.6939,0.6189,0.7827,0.8773,0.7523,0.0008796720257639,0.0013289582608387,0.0006040731510438,0.0007248851097949,434.9,194,5,434.9,r-random-buffer_sl24_st12_bu500_re0.7
smd,tcn,reservoir,24,12,B1,500.0,,,0.5,,,,-0.0215927212891029,0.0480126753302385,0.0215927212891029,0.7787295821598735,0.7577188352489018,0.8951557464136692,5,10,10,0.7971,0.6893,0.6936,0.8952,0.8185,0.7604,0.6766,0.6423,0.8907,0.8185,0.0004988998638859,0.0007537094235396,0.0003425958239589,0.0004111135995807,246.7,170,5,246.7,r-reservoir_sl24_st12_bu500_re0.5
smd,tcn,reservoir,24,12,B1,100.0,,,0.5,,,,-0.0080011747991961,0.0535478574306468,0.0080011747991961,0.7754152651686206,0.7613784088367905,0.8933331338043203,5,10,10,0.7971,0.696,0.7057,0.8933,0.7849,0.8001,0.668,0.6671,0.8868,0.7849,0.000515474759064,0.0007787498286274,0.0003539778916119,0.0004247719370154,254.9,175,5,254.9,r-reservoir_sl24_st12_bu100_re0.5
smd,tcn,reservoir,24,12,B1,250.0,,,0.5,,,,-0.008841641699549,0.0520687530946871,0.008841641699549,0.7793097773198975,0.764087181885492,0.8904814123551384,5,10,10,0.7971,0.6942,0.6901,0.8904,0.8248,0.7909,0.6693,0.645,0.8905,0.8248,0.0005124767149195,0.0007742205547441,0.0003519192436975,0.0004223013110466,253.4,171,5,253.4,r-reservoir_sl24_st12_bu250_re0.5
smd,tcn,reservoir,24,12,B1,1000.0,,,0.5,,,,-0.0140648831063379,0.053301544808977,0.0140648831063379,0.7803650112797069,0.7620951618117194,0.8971897712455762,5,10,10,0.7971,0.695,0.6941,0.8972,0.8184,0.767,0.6805,0.6626,0.882,0.8184,1.9342901482635455e-06,0.0008136778470011,0.0003698542295689,0.0004438236174321,266.3,176,5,266.3,r-reservoir_sl24_st12_bu1000_re0.5
smd,tcn,reservoir,24,12,B1,2000.0,,,0.5,,,,-0.0188505187897617,0.0476064442045969,0.0188505187897617,0.776924792045057,0.755707767093994,0.895444302582189,5,10,10,0.7971,0.6926,0.6945,0.8954,0.8049,0.7515,0.6839,0.6578,0.8804,0.8049,0.0005458385301123,0.0008246216799345,0.0003748286822946,0.0004497929976399,269.9,178,5,270.0,r-reservoir_sl24_st12_bu2000_re0.5
smd,tcn,reservoir,24,12,B1,4000.0,,,0.5,,,,-0.0149055769934592,0.0537215442804814,0.0149055769934592,0.778563887937515,0.7589532340603118,0.900755358856419,5,10,10,0.7971,0.6912,0.6923,0.9008,0.8115,0.7495,0.6819,0.6645,0.8874,0.8115,0.0005316290226782,0.0008031547675695,0.0003650711649317,0.0004380836026378,262.9,180,5,262.9,r-reservoir_sl24_st12_bu4000_re0.5
smd,tcn,reservoir,24,12,B1,500.0,,,0.3,,,,-0.0155628876825342,0.0316877139594255,0.0155628876825342,0.7745327068034467,0.7496582083574259,0.9051559012803504,5,10,10,0.7971,0.6957,0.7048,0.9005,0.7745,0.7695,0.6741,0.625,0.9052,0.7745,0.0003052907844022,0.0004612158827455,0.0002096440102465,0.0002515718724989,150.9,122,5,151.0,r-reservoir_sl24_st12_bu500_re0.3
smd,tcn,reservoir,24,12,B1,500.0,,,0.7,,,,-0.0099520950433449,0.0402651030684832,0.0099520950433449,0.7810049638780413,0.7712940895460438,0.9059253285008726,5,10,10,0.7971,0.6975,0.6724,0.9042,0.8339,0.793,0.6675,0.6562,0.9059,0.8339,0.000855875412935,0.0012930076971369,0.0005877318292241,0.0007052758679127,423.2,192,5,423.2,r-reservoir_sl24_st12_bu500_re0.7
smd,tcn,ewc,24,12,B1,,,,,1000.0,,,-0.0306812905890166,0.0134687838206429,0.0306812905890166,0.7711560093392065,0.7653960364181142,0.897502217344141,5,10,10,0.7971,0.6903,0.7019,0.8975,0.7689,0.7501,0.6676,0.7765,0.8639,0.7689,0.0002769325007882,0.0004183738073262,0.0001901702994797,0.0002282035078465,136.9,133,5,136.9,r-ewc_sl24_st12_la1000
smd,tcn,ewc,24,12,B1,,,,,100.0,,,-0.0386783867886052,0.0155963881499402,0.0386783867886052,0.7719315413298998,0.7598288047082509,0.8956055224214363,5,10,10,0.7971,0.6869,0.7054,0.8956,0.7746,0.7485,0.6594,0.7608,0.8558,0.7746,0.000265551178155,0.0004011795550485,0.0001823546747709,0.0002188248802775,131.3,130,5,131.3,r-ewc_sl24_st12_la100
smd,tcn,ewc,24,12,B1,,,,,500.0,,,-0.0360178262548547,0.0137769795920932,0.0360178262548547,0.7719773093302182,0.7622586882492784,0.895848722071575,5,10,10,0.7971,0.6889,0.7045,0.8958,0.7736,0.7489,0.6642,0.7631,0.8615,0.7736,0.0002651604448,0.0004005892574095,0.0001820863442152,0.0002185029131942,131.1,130,5,131.1,r-ewc_sl24_st12_la500
smd,tcn,ewc,24,12,B1,,,,,5000.0,,,-0.0811849352824511,0.0240460750289696,0.0811849352824511,0.7796277127180924,0.7106428564580352,0.8921147581904988,5,10,10,0.7971,0.715,0.7066,0.8921,0.7874,0.7134,0.6443,0.6596,0.7485,0.7874,0.0002885374552791,0.0004359059098436,0.0001981394431107,0.0002377664667329,142.7,141,5,142.7,r-ewc_sl24_st12_la5000
smd,tcn,ewc,24,12,B1,,,,,10000.0,,,-0.0384733958880975,0.0248680357265639,0.0384733958880975,0.7791701013767516,0.760318037785955,0.8973668780370577,5,10,10,0.7971,0.6972,0.7034,0.8974,0.8008,0.7761,0.675,0.6877,0.8619,0.8008,0.0002787311583221,0.0004210911164121,0.0001914053912048,0.0002296857252072,137.8,135,5,137.8,r-ewc_sl24_st12_la10000
smd,tcn,lwf,24,12,B1,,,,,,1.0,2.0,-0.0143205117825772,0.0138013082174731,0.0143205117825772,0.7652670269704226,0.7590546383034116,0.8768829764015146,5,10,10,0.7971,0.6771,0.6898,0.8769,0.7854,0.7405,0.6571,0.7538,0.8585,0.7854,1.2288375078387682e-06,0.0005169223751617,0.0002349651984941,0.0002819571766676,169.2,147,5,169.2,r-lwf_sl24_st12_al1.0_te2.0
smd,tcn,lwf,24,12,B1,,,,,,0.5,2.0,-0.0214412771988237,0.0191684875763265,0.0214412771988237,0.7697455069823531,0.7607238215347103,0.8928022380555989,5,10,10,0.7971,0.68,0.7054,0.8928,0.7735,0.7398,0.6794,0.7509,0.8601,0.7735,0.0002969704897179,0.000448646056686,0.0002039304863396,0.0002447155703464,146.8,122,5,146.8,r-lwf_sl24_st12_al0.5_te2.0
smd,tcn,lwf,24,12,B1,,,,,,2.0,2.0,-0.0003905643632325,0.0213628079133315,0.0003905643632325,0.7634173829485937,0.7660977326801436,0.8733113980519589,5,10,10,0.7971,0.668,0.6796,0.8733,0.7991,0.7568,0.6784,0.7297,0.8665,0.7991,0.0003230145542756,0.0004879919421138,0.0002218149627358,0.000266176979378,159.7,139,5,159.7,r-lwf_sl24_st12_al2.0_te2.0
smd,tcn,lwf,24,12,B1,,,,,,1.0,1.0,0.0066342611870834,0.0273122123574231,-0.0066342611870834,0.7553187811862418,0.7553506206516077,0.8711242672481359,5,10,10,0.7971,0.6508,0.6683,0.8711,0.7893,0.7661,0.69,0.6837,0.8476,0.7893,0.0002790766594391,0.0004216130797689,0.0001916427067131,0.0002299703730557,138.0,110,5,138.0,r-lwf_sl24_st12_al1.0_te1.0
smd,tcn,lwf,24,12,B1,,,,,,1.0,4.0,-0.0280383251787749,0.0168675368746644,0.0280383251787749,0.769518090584954,0.7647567402739213,0.8868273781811411,5,10,10,0.7971,0.6853,0.7019,0.8868,0.7764,0.7384,0.6688,0.7654,0.8747,0.7764,0.0003200100567461,0.0004834529188249,0.0002197517656268,0.0002637011531981,158.2,131,5,158.2,r-lwf_sl24_st12_al1.0_te4.0
smd,tcn,naive,6,6,B2,,,,,,,,-0.021355312554784,0.0196893282911753,0.021355312554784,0.7594799465681934,0.7286381928843226,0.8664236821241663,5,10,10,0.7828,0.6777,0.7143,0.8664,0.7563,0.7102,0.7118,0.7304,0.7345,0.7563,0.0001782252039849,0.000269252460222,0.0001223877002899,0.0001468647599321,88.1,55,5,88.1,r-naive_sl6_st6
smd,tcn,cumulative,6,6,B2,,,,,,,,0.0038601862938341,0.0341563730135559,-0.0038601862938341,0.7691008935001362,0.7720354034545569,0.8976015256710294,5,10,10,0.7828,0.673,0.702,0.8976,0.7902,0.7902,0.6847,0.7037,0.8914,0.7902,0.0008184187318292,0.0012364202823718,0.0005620102398078,0.000674410042564,404.6,129,5,404.7,r-cumulative_sl6_st6
smd,tcn,experts,6,6,B2,,,,,,,,-0.0401174503182045,0.0178198813828603,0.0401174503182045,0.7606023036048053,0.7037379281607394,0.8652318740166094,5,10,10,0.7828,0.6923,0.7155,0.8652,0.7472,0.7087,0.6599,0.7264,0.6765,0.7472,0.0002321819037579,0.0003507671609182,0.0001594399100117,0.0001913272509064,114.8,84,5,114.8,r-experts_sl6_st6
smd,tcn,random-buffer,6,6,B2,500.0,,,0.5,,,,-0.0146609249362135,0.0330967197010879,0.0146609249362135,0.7651084549610161,0.7449043787633617,0.8944107013644771,5,10,10,0.7828,0.6714,0.7106,0.8944,0.7664,0.7795,0.6198,0.7676,0.7912,0.7664,0.0002281781803958,0.0003447185643045,0.0001566904843758,0.0001880280799286,112.8,46,5,112.8,r-random-buffer_sl6_st6_bu500_re0.5
smd,tcn,reservoir,6,6,B2,500.0,,,0.5,,,,-0.0118178363549936,0.0203783436462073,0.0118178363549936,0.7731253487132396,0.7601755699501523,0.8985802879640727,5,10,10,0.7828,0.6793,0.7056,0.8986,0.7994,0.763,0.6601,0.6805,0.8979,0.7994,1.602242404495072e-06,0.000673998754134,0.0003063636494793,0.0003676351046546,220.6,107,5,220.6,r-reservoir_sl6_st6_bu500_re0.5
smd,tcn,ewc,6,6,B2,,,,,1000.0,,,-0.0224679794131254,0.0221451691282303,0.0224679794131254,0.7600454400503776,0.726975304964747,0.8666818707918882,5,10,10,0.7828,0.6766,0.7144,0.8667,0.7598,0.7133,0.7027,0.7374,0.7217,0.7598,0.000197397329524,0.0002982166126184,0.0001355532174774,0.0001626633951409,97.6,56,5,97.6,r-ewc_sl6_st6_la1000
smd,tcn,lwf,6,6,B2,,,,,,1.0,2.0,-0.0130617436616098,0.0290116438467942,0.0130617436616098,0.7583258301236808,0.7306138395784776,0.8761775919358372,5,10,10,0.7828,0.6582,0.7063,0.8762,0.7682,0.7408,0.6884,0.7361,0.7195,0.7682,0.0001961260629664,0.0002962960557017,0.0001346802582737,0.0001616157974279,97.0,54,5,97.0,r-lwf_sl6_st6_al1.0_te2.0
smd,tcn,naive,8,8,B2,,,,,,,,-0.0121693984112683,0.0131815357663369,0.0121693984112683,0.7575413988329456,0.7607016587713924,0.8695688740408483,5,10,10,0.793,0.6641,0.6967,0.8696,0.7644,0.7341,0.7065,0.7747,0.8238,0.7644,0.0002066298409505,0.0003121645636377,0.0001418932960666,0.0001702712675711,102.2,84,5,102.2,r-naive_sl8_st8
smd,tcn,cumulative,8,8,B2,,,,,,,,0.0006140599850059,-0.0088688251835492,-0.0006140599850059,0.769060329055948,0.7752307283709412,0.9023480704441852,5,10,10,0.793,0.676,0.7033,0.8845,0.7885,0.8032,0.6682,0.7139,0.9023,0.7885,2.76124887138683e-06,0.0011615460269604,0.0005279763880761,0.0006335696388843,380.1,144,5,380.2,r-cumulative_sl8_st8
smd,tcn,experts,8,8,B2,,,,,,,,-0.0178871377360686,0.0119335484797945,0.0178871377360686,0.760121260682965,0.7323505034085709,0.8765915316962252,5,10,10,0.793,0.6835,0.6861,0.8766,0.7614,0.7285,0.6999,0.7486,0.7233,0.7614,0.0001951420842977,0.0002948095169214,0.0001340045706013,0.0001608049463201,96.5,73,5,96.5,r-experts_sl8_st8
smd,tcn,random-buffer,8,8,B2,500.0,,,0.5,,,,-0.0046738494355572,-0.0047267970128491,0.0046738494355572,0.7672303421478786,0.7709348402575594,0.8809210318024274,5,10,10,0.793,0.6776,0.6919,0.8809,0.7928,0.7939,0.6453,0.762,0.8607,0.7928,0.0003477146661272,0.0005253074605427,0.0002387765601245,0.0002865309004182,171.9,101,5,171.9,r-random-buffer_sl8_st8_bu500_re0.5
smd,tcn,reservoir,8,8,B2,500.0,,,0.5,,,,-0.013601027290086,0.0336103395075006,0.013601027290086,0.7779843249753708,0.7652247965899649,0.903372676087649,5,10,10,0.793,0.6849,0.6991,0.9006,0.8124,0.7645,0.6521,0.6938,0.9034,0.8124,0.0003161717892891,0.0004776542835439,0.0002171159489597,0.0002605383345841,156.3,89,5,156.3,r-reservoir_sl8_st8_bu500_re0.5
smd,tcn,ewc,8,8,B2,,,,,1000.0,,,-0.0557984614109064,0.0100387940978535,0.0557984614109064,0.7628545853089426,0.7233507137120917,0.8875878882614664,5,10,10,0.793,0.6674,0.6999,0.8876,0.7664,0.6908,0.6464,0.767,0.7461,0.7664,0.0002512597682371,0.0003795889090882,0.0001725407326962,0.0002070481763919,124.2,105,5,124.2,r-ewc_sl8_st8_la1000
smd,tcn,lwf,8,8,B2,,,,,,1.0,2.0,-0.0257151028865651,0.0168318824042795,0.0257151028865651,0.7687192413132687,0.7548243398017804,0.8885466579854057,5,10,10,0.793,0.6802,0.6909,0.8885,0.791,0.7409,0.7178,0.7613,0.7632,0.791,0.0002645402824772,0.000399652351588,0.0001816604799202,0.0002179918716677,130.8,97,5,130.8,r-lwf_sl8_st8_al1.0_te2.0
smd,tcn,naive,10,10,B2,,,,,,,,-0.0351942750784287,0.0140567292437593,0.0351942750784287,0.7671512161439409,0.7329774976278645,0.8757727114730192,5,10,10,0.7877,0.7069,0.7037,0.8758,0.7618,0.7279,0.6916,0.7312,0.7525,0.7618,0.0001921756782598,0.0002903280400827,0.0001319675874424,0.0001583604526403,95.0,97,5,95.0,r-naive_sl10_st10
smd,tcn,cumulative,10,10,B2,,,,,,,,-0.0004301055693704,0.0404221352570672,0.0004301055693704,0.7639341333567848,0.7616102836354018,0.8957165104773649,5,10,10,0.7877,0.6752,0.6818,0.8957,0.7793,0.7664,0.6763,0.6938,0.8923,0.7793,0.0005626955754829,0.0008500883414203,0.0003864046015608,0.0004636837398594,278.2,133,5,278.2,r-cumulative_sl10_st10
smd,tcn,experts,10,10,B2,,,,,,,,-0.0342822428047685,-0.0026853947417296,0.0342822428047685,0.7634856765593885,0.7281175390151995,0.8888947328894307,5,10,10,0.7877,0.679,0.7067,0.8889,0.7551,0.7276,0.6945,0.756,0.7075,0.7551,0.0001975931061077,0.0002985123807008,0.0001356877375031,0.0001628246431976,97.7,105,5,97.7,r-experts_sl10_st10
smd,tcn,random-buffer,10,10,B2,500.0,,,0.5,,,,-0.0074452051171658,0.0303713545290535,0.0074452051171658,0.7625205295026247,0.7608873130293421,0.8782275677728067,5,10,10,0.7877,0.674,0.6919,0.8782,0.7808,0.7592,0.6338,0.7754,0.8552,0.7808,1.0084340684526272e-06,0.0004242075380457,0.0001928219330458,0.0002313856049999,138.8,100,5,138.8,r-random-buffer_sl10_st10_bu500_re0.5
smd,tcn,reservoir,10,10,B2,500.0,,,0.5,,,,-0.0052990722924199,0.0361816579805008,0.0052990722924199,0.7682211197798506,0.7639862175278946,0.9014239589120008,5,10,10,0.7877,0.6753,0.6901,0.9014,0.7866,0.7506,0.6574,0.7361,0.8893,0.7866,0.0003580298518512,0.0005408910540623,0.0002458600862844,0.0002950309677779,177.0,134,5,177.0,r-reservoir_sl10_st10_bu500_re0.5
smd,tcn,ewc,10,10,B2,,,,,1000.0,,,-0.0143488184337626,0.0129084088999938,0.0143488184337626,0.7645740163246391,0.7549005572837124,0.8772755367956645,5,10,10,0.7877,0.7053,0.7011,0.8672,0.7617,0.7228,0.6539,0.7589,0.8773,0.7617,0.0002074013647632,0.0003133301377544,0.0001424230254643,0.0001709071122901,102.5,92,5,102.6,r-ewc_sl10_st10_la1000
smd,tcn,lwf,10,10,B2,,,,,,1.0,2.0,-0.0279321092908495,0.0156559175816913,0.0279321092908495,0.7595966578769706,0.73208047546307,0.894707400389376,5,10,10,0.7877,0.6685,0.695,0.8947,0.7521,0.7387,0.6865,0.6998,0.7834,0.7521,0.0002169358009021,0.0003277342193872,0.0001489704159146,0.0001787638034725,107.3,97,5,107.3,r-lwf_sl10_st10_al1.0_te2.0
smd,tcn,naive,12,12,B2,,,,,,,,-0.0221409574891792,-0.0041661270996187,0.0221409574891792,0.7658122023041561,0.7365835082510869,0.8713042084839386,5,10,10,0.7955,0.6979,0.7118,0.8713,0.7526,0.7247,0.7144,0.7354,0.7558,0.7526,5.332816074499434e-07,0.0002243300626768,0.000101968401911,0.0001223616607657,73.4,75,5,73.4,r-naive_sl12_st12
smd,tcn,cumulative,12,12,B2,,,,,,,,-0.0053029874799486,0.005211432883425,0.0053029874799486,0.772892514995403,0.771985047657949,0.9062115451709786,5,10,10,0.7955,0.7045,0.6973,0.9062,0.7609,0.8088,0.6764,0.7152,0.8986,0.7609,0.0005103576617078,0.0007710192101653,0.0003504639665505,0.0004205552436147,252.3,140,5,252.3,r-cumulative_sl12_st12
smd,tcn,experts,12,12,B2,,,,,,,,-0.0341095693460656,-0.0018114705378933,0.0341095693460656,0.7630179346936778,0.7283134470556286,0.8698278281167214,5,10,10,0.7955,0.6827,0.6954,0.8698,0.7717,0.7405,0.705,0.7106,0.7138,0.7717,0.0001899039424547,0.0002868960313611,0.0001304075577509,0.0001564884736101,93.9,105,5,93.9,r-experts_sl12_st12
smd,tcn,random-buffer,12,12,B2,500.0,,,0.5,,,,-0.0082515300758685,0.0119503232300695,0.0082515300758685,0.7736130748941862,0.768985003637808,0.9027758037790358,5,10,10,0.7955,0.6781,0.6984,0.9028,0.7933,0.7281,0.6303,0.8028,0.8905,0.7933,0.0003066648826443,0.0004632917918986,0.000210587708912,0.0002527040829866,151.6,121,5,151.6,r-random-buffer_sl12_st12_bu500_re0.5
smd,tcn,reservoir,12,12,B2,500.0,,,0.5,,,,-0.0087127940444532,0.0163427165201536,0.0087127940444532,0.7723296625726792,0.7600907713049464,0.9016320919723954,5,10,10,0.7955,0.6713,0.68,0.9016,0.8132,0.7546,0.6417,0.705,0.886,0.8132,1.164320154693381e-06,0.0004897825269602,0.0002226287989023,0.0002671537280579,160.3,127,5,160.3,r-reservoir_sl12_st12_bu500_re0.5
smd,tcn,ewc,12,12,B2,,,,,1000.0,,,-0.0155123308538262,-0.0059319715941185,0.0155123308538262,0.7661398041463532,0.7527661223560282,0.8811670172136832,5,10,10,0.7955,0.697,0.7045,0.8727,0.7609,0.7159,0.6419,0.764,0.8812,0.7609,0.0001683590847112,0.0002543472906507,0.0001156126623843,0.0001387346282663,83.2,78,5,83.2,r-ewc_sl12_st12_la1000
smd,tcn,lwf,12,12,B2,,,,,,1.0,2.0,-0.001746323645055,-0.0064461816114391,0.001746323645055,0.7657417873915267,0.7673847313872368,0.8856446603096175,5,10,10,0.7955,0.6733,0.7077,0.8856,0.7665,0.7476,0.7091,0.764,0.8496,0.7665,0.0001869245264486,0.0002823948998054,0.0001283615485551,0.0001540333512503,92.4,81,5,92.4,r-lwf_sl12_st12_al1.0_te2.0
smd,tcn,naive,16,16,B2,,,,,,,,-0.0399840531102727,0.0016087785319211,0.0399840531102727,0.7685731139352703,0.7315995479880549,0.8976688233139,5,10,10,0.8047,0.6889,0.7032,0.8977,0.7484,0.7469,0.6889,0.728,0.7457,0.7484,0.0001727294824821,0.0002609498380213,0.000118613831076,0.0001423360069453,85.4,108,5,85.4,r-naive_sl16_st16
smd,tcn,cumulative,16,16,B2,,,,,,,,-0.0094772105603412,0.0151986248866876,0.0094772105603412,0.7721897732699669,0.7659598549668902,0.891210161076293,5,10,10,0.8047,0.6933,0.7157,0.8857,0.7615,0.805,0.6647,0.7074,0.8912,0.7615,0.0005841284079842,0.0008824678407922,0.0004011226172468,0.0004813452235454,288.8,190,5,288.8,r-cumulative_sl16_st16
smd,tcn,experts,16,16,B2,,,,,,,,-0.0319554394816174,0.0066259049067026,0.0319554394816174,0.7716341887364926,0.7531803767944504,0.8650345688053711,5,10,10,0.8047,0.7047,0.716,0.865,0.7677,0.7325,0.708,0.7618,0.7958,0.7677,0.0001632921974962,0.0002466925268023,0.0001121331718743,0.000134559354928,80.7,113,5,80.7,r-experts_sl16_st16
smd,tcn,random-buffer,16,16,B2,500.0,,,0.5,,,,-0.0332981131002568,0.0032934941894344,0.0332981131002568,0.7684960117828028,0.7630616664393696,0.898593595816293,5,10,10,0.8047,0.6758,0.6905,0.8986,0.773,0.7726,0.662,0.7164,0.8913,0.773,0.0002572249418147,0.0003886007526743,0.0001766370463566,0.0002119637063176,127.2,128,5,127.2,r-random-buffer_sl16_st16_bu500_re0.5
smd,tcn,reservoir,16,16,B2,500.0,,,0.5,,,,-0.0197490656072072,0.0241870318482868,0.0197490656072072,0.7718760784378896,0.7528339461433451,0.8973089952138772,5,10,10,0.8047,0.6724,0.7091,0.8973,0.7759,0.7534,0.6549,0.6828,0.8971,0.7759,0.0002545716162374,0.0003845922599163,0.0001748149649873,0.0002097772949289,125.9,117,5,125.9,r-reservoir_sl16_st16_bu500_re0.5
smd,tcn,ewc,16,16,B2,,,,,1000.0,,,-0.020955787647981,0.0030284487896049,0.020955787647981,0.7686153687515287,0.7590334833276978,0.8943407813442793,5,10,10,0.8047,0.6911,0.7014,0.8943,0.7516,0.7493,0.6719,0.7568,0.8656,0.7516,0.0001760760931527,0.0002660057063067,0.0001209119490153,0.0001450937572913,87.1,103,5,87.1,r-ewc_sl16_st16_la1000
smd,tcn,lwf,16,16,B2,,,,,,1.0,2.0,-0.0339110177160627,0.0152620868327036,0.0339110177160627,0.7654954920066169,0.7323754740472357,0.8986898107918787,5,10,10,0.8047,0.6641,0.6989,0.8987,0.7612,0.7504,0.7059,0.6865,0.7578,0.7612,0.000179167414812,0.0002706758985325,0.0001230347115164,0.000147641187016,88.6,102,5,88.6,r-lwf_sl16_st16_al1.0_te2.0
smd,tcn,naive,48,48,B2,,,,,,,,-0.0223038083412505,0.017077809978165,0.0223038083412505,0.7762944848582317,0.7537313284109222,0.900540117102281,5,10,10,0.8072,0.6764,0.7028,0.9005,0.7945,0.7484,0.6807,0.7394,0.8058,0.7945,4.3038663094691834e-07,0.000181046296266,8.229390758270812e-05,9.875238868330296e-05,59.3,112,5,59.3,r-naive_sl48_st48
smd,tcn,cumulative,48,48,B2,,,,,,,,-0.0058365899161616,0.0379743289694678,0.0058365899161616,0.7701780213892079,0.7638904937069164,0.9025450867531628,5,10,10,0.8072,0.6635,0.703,0.9025,0.7746,0.806,0.649,0.6958,0.894,0.7746,0.0004063294780632,0.0006138593710825,0.0002790276255232,0.0003348317455593,200.9,207,5,200.9,r-cumulative_sl48_st48
smd,tcn,experts,48,48,B2,,,,,,,,-0.0250077998972801,0.0191208029853906,0.0250077998972801,0.7732257850406681,0.7485638273037096,0.8815691695049636,5,10,10,0.8072,0.6946,0.7071,0.8816,0.7756,0.7101,0.7208,0.7519,0.7844,0.7756,0.0001271410586902,0.0001920774507879,8.730817176013564e-05,0.0001047692790278,62.9,128,5,62.9,r-experts_sl48_st48
smd,tcn,random-buffer,48,48,B2,500.0,,,0.5,,,,-0.0014669211793811,0.0319976022336983,0.0014669211793811,0.7762147654863092,0.7702854936260494,0.8903031042370495,5,10,10,0.8072,0.6756,0.7006,0.8899,0.8077,0.7259,0.6745,0.7529,0.8903,0.8077,8.478803032109428e-07,0.0003566690448434,0.0001621225949085,0.0001945464499349,116.7,179,5,116.7,r-random-buffer_sl48_st48_bu500_re0.5
smd,tcn,reservoir,48,48,B2,500.0,,,0.5,,,,-0.0097513190726318,0.0499066101373285,0.0097513190726318,0.7815902239092276,0.7708828232162914,0.8919895020807613,5,10,10,0.8072,0.6675,0.7109,0.892,0.8303,0.8076,0.6683,0.6691,0.8792,0.8303,0.0001873880725232,0.0002830951987432,0.0001286799205467,0.0001544152781964,92.6,137,5,92.7,r-reservoir_sl48_st48_bu500_re0.5
smd,tcn,ewc,48,48,B2,,,,,1000.0,,,-0.0230345730730881,0.0167019862923859,0.0230345730730881,0.775508525709199,0.7515990974315,0.9010784640904465,5,10,10,0.8072,0.6766,0.7025,0.9011,0.7901,0.738,0.6869,0.7482,0.7948,0.7901,4.44025010572793e-07,0.0001867834124791,8.490178171390047e-05,0.0001018816307652,61.1,107,5,61.1,r-ewc_sl48_st48_la1000
smd,tcn,lwf,48,48,B2,,,,,,1.0,2.0,-0.0235653825721722,0.0220203404999779,0.0235653825721722,0.7692149015201084,0.7413394834895738,0.9009150737313716,5,10,10,0.8072,0.6714,0.6835,0.9009,0.783,0.7313,0.68,0.7202,0.7921,0.783,0.0001236495619244,0.0001868026968641,8.491049727955315e-05,0.0001018921995845,61.1,91,5,61.1,r-lwf_sl48_st48_al1.0_te2.0
smd,tcn,naive,8,4,B3,,,,,,,,-0.0660367623850636,0.0094348275316358,0.0660367623850636,0.7700891504924445,0.7037224596005289,0.886187972979978,5,10,10,0.7907,0.6966,0.6998,0.8862,0.7771,0.7184,0.6685,0.5639,0.7907,0.7771,0.0005528785220788,0.0008352572977626,0.0003796630240789,0.0004555942736837,273.4,160,5,273.4,r-naive_sl8_st4
smd,tcn,cumulative,8,4,B3,,,,,,,,-0.0071234758738884,0.0245360258572051,0.0071234758738884,0.7693127738497803,0.7673930502868126,0.8980410430458674,5,10,10,0.7907,0.6949,0.6972,0.8955,0.7682,0.7903,0.6645,0.716,0.898,0.7682,4.418768963017602e-06,0.0018587978744818,0.0008449098290558,0.0010138880454259,608.3,124,5,608.3,r-cumulative_sl8_st4
smd,tcn,experts,8,4,B3,,,,,,,,-0.0407523810275565,0.0037413287711449,0.0407523810275565,0.7629595946009148,0.7192309941842159,0.8672418845058385,5,10,10,0.7907,0.705,0.6826,0.8672,0.7692,0.7115,0.6971,0.7467,0.6717,0.7692,0.0005016059213937,0.0007577975806869,0.0003444540475669,0.0004133435331199,248.0,133,5,248.0,r-experts_sl8_st4
smd,tcn,random-buffer,8,4,B3,500.0,,,0.5,,,,-0.0166867293226339,0.0137944874209141,0.0166867293226339,0.7728130321930643,0.7703801079190025,0.8786657445130228,5,10,10,0.7907,0.6851,0.7019,0.8775,0.8088,0.7746,0.6006,0.7893,0.8787,0.8088,0.0010273696534155,0.0015520914020835,0.0007054973774958,0.0008465940245877,508.0,167,5,508.0,r-random-buffer_sl8_st4_bu500_re0.5
smd,tcn,reservoir,8,4,B3,500.0,,,0.5,,,,-0.0137240146456942,0.0208880523216734,0.0137240146456942,0.7704483607280366,0.7570761324397048,0.8980906620492197,5,10,10,0.7907,0.6922,0.6888,0.8981,0.7824,0.7668,0.6341,0.714,0.8881,0.7824,0.0011489456710985,0.0017357615067221,0.0007889842077617,0.0009467772989603,568.1,186,5,568.1,r-reservoir_sl8_st4_bu500_re0.5
smd,tcn,ewc,8,4,B3,,,,,1000.0,,,-0.0249568735574354,0.0136737082392935,0.0249568735574354,0.7655830671571223,0.7437990718773438,0.8674305292166651,5,10,10,0.7907,0.6868,0.6939,0.8674,0.789,0.718,0.6492,0.7503,0.8125,0.789,0.0005028802290839,0.0007597227319729,0.0003453289971085,0.0004143937348644,248.6,126,5,248.6,r-ewc_sl8_st4_la1000
smd,tcn,lwf,8,4,B3,,,,,,1.0,2.0,-0.0120320302321482,0.0236236158612751,0.0120320302321482,0.7566486172110513,0.7483293788676064,0.8750194266268576,5,10,10,0.7907,0.6603,0.6863,0.875,0.7709,0.7455,0.718,0.7406,0.7666,0.7709,1.756514347471769e-06,0.0007388947380828,0.0003358618435734,0.0004030328945093,241.8,102,5,241.8,r-lwf_sl8_st4_al1.0_te2.0
smd,tcn,naive,12,6,B3,,,,,,,,-0.0240360587775673,-0.0198396000908701,0.0240360587775673,0.765366731756607,0.7660625770352991,0.8783956636204162,5,10,10,0.7961,0.6877,0.6973,0.8784,0.7673,0.7218,0.7114,0.7785,0.8514,0.7673,0.000373168738498,0.0005637620194675,0.0002562560668991,0.0003075059525684,184.5,135,5,184.5,r-naive_sl12_st6
smd,tcn,cumulative,12,6,B3,,,,,,,,-0.006628601636884,-0.0078138267718486,0.006628601636884,0.7692098824012363,0.7653654870253644,0.8978953504440697,5,10,10,0.7961,0.7049,0.6947,0.8922,0.7582,0.7967,0.669,0.7051,0.8979,0.7582,3.2447308467956578e-06,0.0013649273930743,0.0006204224978004,0.0007445048952739,446.7,128,5,446.7,r-cumulative_sl12_st6
smd,tcn,experts,12,6,B3,,,,,,,,-0.0268856495555459,-0.0390421757303188,0.0268856495555459,0.7561351112296488,0.7262089097883306,0.8674478388003046,5,10,10,0.7961,0.6918,0.6802,0.8674,0.7451,0.7157,0.6785,0.7467,0.745,0.7451,0.0004350269929499,0.0006572139377361,0.0002987340964157,0.0003584798413204,215.1,160,5,215.1,r-experts_sl12_st6
smd,tcn,random-buffer,12,6,B3,500.0,,,0.5,,,,-0.0193955318519365,-0.0083293376649476,0.0193955318519365,0.7704580928948057,0.7641431263146488,0.893376605200858,5,10,10,0.7961,0.6815,0.7101,0.8934,0.7712,0.7657,0.6533,0.7601,0.8705,0.7712,2.719738711853169e-06,0.0011440843771307,0.0005200392533041,0.0006240451238265,374.4,173,5,374.4,r-random-buffer_sl12_st6_bu500_re0.5
smd,tcn,reservoir,12,6,B3,500.0,,,0.5,,,,-0.0199847803705915,0.0034262775245515,0.0199847803705915,0.7738200019040595,0.7558721712312517,0.8950387741976011,5,10,10,0.7961,0.6992,0.6871,0.895,0.7916,0.7532,0.6618,0.6782,0.8946,0.7916,0.0007877372348249,0.0011900684288348,0.0005409413829316,0.0006491270459031,389.5,174,5,389.5,r-reservoir_sl12_st6_bu500_re0.5
smd,tcn,ewc,12,6,B3,,,,,1000.0,,,-0.0472375405088037,-0.0167720527007867,0.0472375405088037,0.767183945388683,0.7273365371743907,0.8872377532491482,5,10,10,0.7961,0.6893,0.7049,0.8872,0.7584,0.7555,0.6799,0.6815,0.7614,0.7584,0.000398552602761,0.0006021105119923,0.0002736871331018,0.0003284233788905,197.1,137,5,197.1,r-ewc_sl12_st6_la1000
smd,tcn,lwf,12,6,B3,,,,,,1.0,2.0,-0.0363598939603752,-0.0177390323007029,0.0363598939603752,0.764760704455125,0.7395293039223961,0.8907287663053505,5,10,10,0.7961,0.6784,0.6981,0.8907,0.7606,0.723,0.6872,0.7497,0.7772,0.7606,0.0003858552351134,0.0005829280540626,0.0002649678071184,0.0003179602469441,190.8,116,5,190.8,r-lwf_sl12_st6_al1.0_te2.0
smd,tcn,naive,48,24,B3,,,,,,,,-0.0238340869301868,0.0149235900587467,0.0238340869301868,0.7811667169270905,0.7633752222687159,0.9052878349857711,5,10,10,0.8119,0.6898,0.7086,0.9053,0.7903,0.7541,0.6942,0.6748,0.9034,0.7903,0.0002351672388291,0.0003552772346594,0.000161490014934,0.0001937872197253,116.3,160,5,116.3,r-naive_sl48_st24
smd,tcn,cumulative,48,24,B3,,,,,,,,-0.0016830259460838,0.0258886943960207,0.0016830259460838,0.770476818070521,0.7715531425573859,0.8943153177753642,5,10,10,0.8119,0.6946,0.6975,0.8839,0.7645,0.8016,0.6917,0.7056,0.8943,0.7645,0.0006647461540718,0.0010042605277203,0.0004564831037624,0.0005477774239579,328.7,183,5,328.7,r-cumulative_sl48_st24
smd,tcn,experts,48,24,B3,,,,,,,,-0.0345598298695195,-0.0047208081267072,0.0345598298695195,0.7614147836261846,0.7246634452122951,0.87245314408032,5,10,10,0.8119,0.6819,0.7063,0.8725,0.7346,0.7341,0.693,0.7702,0.6913,0.7346,0.0002513127359367,0.0003796689296639,0.0001725771350119,0.0002070917946519,124.3,178,5,124.3,r-experts_sl48_st24
smd,tcn,random-buffer,48,24,B3,500.0,,,0.5,,,,-0.0262551474345351,0.0191349578242025,0.0262551474345351,0.7809273918016114,0.7716198195066863,0.9099817373931582,5,10,10,0.8119,0.6922,0.7016,0.9079,0.791,0.7697,0.6635,0.7239,0.91,0.791,0.0004924803562774,0.0007440111980455,0.000338187712559,0.0004058234854865,243.5,218,5,243.5,r-random-buffer_sl48_st24_bu500_re0.5
smd,tcn,reservoir,48,24,B3,500.0,,,0.5,,,,-0.0164403529706888,0.047462749317681,0.0164403529706888,0.77486635344467,0.7609934884737789,0.8792376032407958,5,10,10,0.8119,0.672,0.6821,0.8792,0.8291,0.7733,0.6629,0.6737,0.8659,0.8291,1.7003957315637323e-06,0.0007152878998792,0.0003251315968195,0.0003901563030597,234.1,208,5,234.1,r-reservoir_sl48_st24_bu500_re0.5
smd,tcn,ewc,48,24,B3,,,,,1000.0,,,-0.0241259535032849,0.0147806803451063,0.0241259535032849,0.7807748650165086,0.7640716736253015,0.9082486716739328,5,10,10,0.8119,0.6885,0.7096,0.9051,0.7888,0.7562,0.6816,0.6855,0.9082,0.7888,0.0002496423707221,0.0003771454372877,0.0001714301820068,0.0002057152552809,123.4,161,5,123.4,r-ewc_sl48_st24_la1000
smd,tcn,lwf,48,24,B3,,,,,,1.0,2.0,-0.0008502448269061,0.0286797828931278,0.0008502448269061,0.7711015204559908,0.7766547207968677,0.8989557620866777,5,10,10,0.8119,0.6763,0.6904,0.8897,0.7872,0.7372,0.6958,0.7641,0.899,0.7872,0.0002578989155768,0.0003896189537454,0.0001770999431163,0.000212519010629,127.5,131,5,127.5,r-lwf_sl48_st24_al1.0_te2.0
smd,vgru,naive,24,12,B1,,,,,,,,-0.0002486510224028,0.0013258041155241,0.0002486510224028,0.6967700712471364,0.696603882385058,0.7670556236492337,5,10,10,0.749,0.7367,0.6352,0.7651,0.5979,0.7499,0.7359,0.6339,0.7654,0.5979,7.751265869491416e-07,0.0003260644908874,0.0001482114858207,0.0001778530050666,106.7,40,5,106.7,r-naive_sl24_st12
smd,vgru,cumulative,24,12,B1,,,,,,,,-0.0005684548022842,0.0020112808442603,0.0005684548022842,0.6970917539168845,0.6969768086215208,0.766455724868106,5,10,10,0.749,0.7387,0.6362,0.7645,0.597,0.7498,0.7348,0.6367,0.7665,0.597,0.0005732465525074,0.0008660281549711,0.000393649948028,0.000472378206943,283.4,51,5,283.4,r-cumulative_sl24_st12
smd,vgru,experts,24,12,B1,,,,,,,,-0.0012325155830303,0.0019125599658872,0.0012325155830303,0.6970194576080821,0.6955073133854519,0.7710060979661743,5,10,10,0.749,0.7353,0.6383,0.771,0.5915,0.7477,0.7326,0.6358,0.7699,0.5915,0.0002365724154538,0.0003574000952581,0.0001624549466443,0.0001949451486137,117.0,47,5,117.0,r-experts_sl24_st12
smd,vgru,random-buffer,24,12,B1,500.0,,,0.5,,,,-0.0354023482178491,5.873858189169301e-05,0.0354023482178491,0.7182574536385198,0.6943354087296686,0.7862347180515217,5,10,10,0.749,0.725,0.729,0.7862,0.6021,0.7453,0.7443,0.6147,0.7653,0.6021,1.4505501749822323e-06,0.0006101879515884,0.0002773587941554,0.000332829157433,199.7,55,5,199.7,r-random-buffer_sl24_st12_bu500_re0.5
smd,vgru,random-buffer,24,12,B1,100.0,,,0.5,,,,-0.0334809255956969,-0.0047852965027021,0.0334809255956969,0.7137028244131051,0.6958108489223548,0.7838399209272254,5,10,10,0.749,0.7132,0.7217,0.7838,0.6008,0.7466,0.7471,0.6191,0.7655,0.6008,0.000345646801021,0.0005221834480304,0.0002373566525483,0.000284826795482,170.9,45,5,170.9,r-random-buffer_sl24_st12_bu100_re0.5
smd,vgru,random-buffer,24,12,B1,250.0,,,0.5,,,,-0.0377024859942316,-0.0024894083681679,0.0377024859942316,0.7166264611786328,0.6953291265099095,0.7848646158232302,5,10,10,0.749,0.7234,0.7197,0.7849,0.6062,0.7457,0.7448,0.6157,0.7643,0.6062,0.0004056119314821,0.0006127753426849,0.0002785348060806,0.0003342405366043,200.5,54,5,200.6,r-random-buffer_sl24_st12_bu250_re0.5
smd,vgru,random-buffer,24,12,B1,1000.0,,,0.5,,,,-0.0299183962820478,0.0011376027107828,0.0299183962820478,0.7154198878099489,0.6925847035494355,0.7850817239806545,5,10,10,0.749,0.7268,0.7229,0.7851,0.5934,0.7436,0.7422,0.6142,0.7695,0.5934,0.0003824073402384,0.0005777191713853,0.0002626002670123,0.0003151189043729,189.1,50,5,189.1,r-random-buffer_sl24_st12_bu1000_re0.5
smd,vgru,random-buffer,24,12,B1,2000.0,,,0.5,,,,-0.0121851979474036,-0.0001482718014926,0.0121851979474036,0.7031081318993886,0.6937464429450115,0.7832959456243663,5,10,10,0.749,0.7368,0.6728,0.7777,0.5794,0.7432,0.7375,0.6254,0.7833,0.5794,0.0003727070329173,0.0005630645010428,0.000255938956598,0.0003071255444448,184.3,48,5,184.3,r-random-buffer_sl24_st12_bu2000_re0.5
smd,vgru,random-buffer,24,12,B1,4000.0,,,0.5,,,,-0.0025511187320524,-0.0002957164846655,0.0025511187320524,0.6977810731669594,0.6956552169060768,0.779430826487127,5,10,10,0.749,0.7349,0.6487,0.7721,0.5843,0.7456,0.7362,0.6328,0.7794,0.5843,0.0003470905990407,0.0005243646556273,0.0002383478982632,0.000286016757364,171.6,44,5,171.6,r-random-buffer_sl24_st12_bu4000_re0.5
smd,vgru,random-buffer,24,12,B1,500.0,,,0.3,,,,-0.0217337275743405,0.0022208806360983,0.0217337275743405,0.7138435450155194,0.6968567740002991,0.781930146450383,5,10,10,0.749,0.7287,0.7097,0.7819,0.5999,0.7481,0.743,0.6217,0.7715,0.5999,0.0003071582070247,0.0004640370782001,0.0002109263211204,0.0002531107570797,151.9,50,5,151.9,r-random-buffer_sl24_st12_bu500_re0.3
smd,vgru,random-buffer,24,12,B1,500.0,,,0.7,,,,-0.0455479546884047,-0.0061025641569549,0.0455479546884047,0.7148261883989602,0.6897005905814264,0.7906466171850941,5,10,10,0.749,0.7224,0.7111,0.7906,0.6011,0.7421,0.7434,0.606,0.7559,0.6011,0.0004744746272574,0.0007168091709005,0.0003258229038167,0.0003909862670837,234.6,43,5,234.6,r-random-buffer_sl24_st12_bu500_re0.7
smd,vgru,reservoir,24,12,B1,500.0,,,0.5,,,,0.000617540602831,0.0006759408520571,-0.000617540602831,0.6951621003525533,0.6956545845009723,0.7727403451510422,5,10,10,0.749,0.736,0.6326,0.7671,0.5912,0.7489,0.7356,0.6299,0.7727,0.5912,1.1568956864392394e-06,0.000486659352627,0.0002212091521411,0.0002654502004858,159.3,42,5,159.3,r-reservoir_sl24_st12_bu500_re0.5
smd,vgru,reservoir,24,12,B1,100.0,,,0.5,,,,0.0028538623656986,-0.0011883506594629,-0.0028538623656986,0.6932033232759091,0.6956519462114963,0.7742999792063217,5,10,10,0.749,0.734,0.6328,0.7639,0.5863,0.7514,0.735,0.6312,0.7743,0.5863,0.0003141564567643,0.0004746096342557,0.0002157320054383,0.0002588776288173,155.3,40,5,155.3,r-reservoir_sl24_st12_bu100_re0.5
smd,vgru,reservoir,24,12,B1,250.0,,,0.5,,,,0.0022789622987279,0.0002437557752419,-0.0022789622987279,0.6937215433231165,0.695385205376967,0.7701215701283148,5,10,10,0.749,0.7347,0.6291,0.7653,0.5906,0.7495,0.7354,0.6312,0.7701,0.5906,0.0002814510442409,0.0004252001647327,0.0001932731846644,0.0002319269800682,139.2,35,5,139.2,r-reservoir_sl24_st12_bu250_re0.5
smd,vgru,reservoir,24,12,B1,1000.0,,,0.5,,,,0.0002353127555474,0.0017861318186954,-0.0002353127555474,0.6961607496486689,0.6958825260361825,0.7695160403232593,5,10,10,0.749,0.7355,0.6338,0.7677,0.5948,0.7499,0.7359,0.6292,0.7695,0.5948,0.0002846855942135,0.0004300867381151,0.0001954942632531,0.000234592474862,140.8,35,5,140.8,r-reservoir_sl24_st12_bu1000_re0.5
smd,vgru,reservoir,24,12,B1,2000.0,,,0.5,,,,-4.331786689776296e-05,0.0010680768722896,4.331786689776296e-05,0.6961629035719443,0.6956336178594003,0.7675596841340686,5,10,10,0.749,0.7352,0.6328,0.7671,0.5968,0.7494,0.7365,0.6279,0.7676,0.5968,0.0003019884182909,0.0004562268566138,0.0002073762318895,0.0002488506247242,149.3,38,5,149.3,r-reservoir_sl24_st12_bu2000_re0.5
smd,vgru,reservoir,24,12,B1,4000.0,,,0.5,,,,-0.0004355240859834,0.0016226925849618,0.0004355240859834,0.6969328081642469,0.6958685681989288,0.7672107905434521,5,10,10,0.749,0.7358,0.6356,0.7672,0.5971,0.7503,0.7367,0.628,0.7672,0.5971,0.0003050776583779,0.000460893904119,0.0002094976415501,0.0002513962625688,150.8,38,5,150.8,r-reservoir_sl24_st12_bu4000_re0.5
smd,vgru,reservoir,24,12,B1,500.0,,,0.3,,,,0.0002526463103706,0.0012271114502194,-0.0002526463103706,0.6956676045908747,0.695257412193972,0.7705901730129127,5,10,10,0.749,0.7361,0.6327,0.7688,0.5918,0.7488,0.735,0.63,0.7706,0.5918,0.0002490057498939,0.0003761836668962,0.0001709929825867,0.0002051906843095,123.1,38,5,123.1,r-reservoir_sl24_st12_bu500_re0.3
smd,vgru,reservoir,24,12,B1,500.0,,,0.7,,,,0.0009696979553688,0.000391035129422,-0.0009696979553688,0.6942166285334352,0.6947453872113348,0.7771990748222277,5,10,10,0.749,0.7344,0.6327,0.7689,0.5861,0.7479,0.7351,0.6274,0.7772,0.5861,1.6184151637827706e-06,0.0006808019816483,0.0003094559928266,0.0003713459888217,222.8,41,5,222.8,r-reservoir_sl24_st12_bu500_re0.7
smd,vgru,ewc,24,12,B1,,,,,1000.0,,,-0.0001140776771957,0.0013152228272977,0.0001140776771957,0.6967176652500214,0.6965289420281795,0.7668896112190162,5,10,10,0.749,0.7364,0.6348,0.7656,0.5979,0.7498,0.7358,0.634,0.7652,0.5979,0.0002411423313445,0.0003643040632103,0.000165593085013,0.0001987109781972,119.2,40,5,119.2,r-ewc_sl24_st12_la1000
smd,vgru,ewc,24,12,B1,,,,,100.0,,,-0.0002169524462311,0.0013187645349154,0.0002169524462311,0.6967549867472341,0.6965935689172025,0.7670261946524238,5,10,10,0.749,0.7367,0.6351,0.7652,0.5979,0.7499,0.7359,0.6339,0.7653,0.5979,0.0002387323006425,0.000360663126456,0.0001639380663187,0.0001967250601372,118.0,40,5,118.0,r-ewc_sl24_st12_la100
smd,vgru,ewc,24,12,B1,,,,,500.0,,,-0.0001514451804518,0.0013083833190422,0.0001514451804518,0.6967243277164243,0.6965557529001548,0.7669463136285486,5,10,10,0.749,0.7365,0.6349,0.7654,0.5979,0.7498,0.7358,0.634,0.7653,0.5979,0.0002379664302147,0.0003595060931505,0.0001634120991906,0.0001960939939599,117.7,40,5,117.7,r-ewc_sl24_st12_la500
smd,vgru,ewc,24,12,B1,,,,,5000.0,,,-8.557456846306489e-05,0.0014117255455044,8.557456846306489e-05,0.6967864888423776,0.6964838330593004,0.7668394945651342,5,10,10,0.749,0.7361,0.6347,0.7662,0.598,0.7498,0.7357,0.6339,0.7651,0.598,0.0002437266831177,0.0003682083542839,0.0001673677768519,0.0002008405774319,120.5,40,5,120.5,r-ewc_sl24_st12_la5000
smd,vgru,ewc,24,12,B1,,,,,10000.0,,,-0.0001359863984144,0.0014474357918694,0.0001359863984144,0.6968412831250022,0.6964811038783789,0.76683597044209,5,10,10,0.749,0.7359,0.635,0.7664,0.5979,0.7497,0.7357,0.6339,0.7652,0.5979,0.0002384644118116,0.0003602584153087,0.0001637541716995,0.0001965042436091,117.9,40,5,117.9,r-ewc_sl24_st12_la10000
smd,vgru,lwf,24,12,B1,,,,,,1.0,2.0,-0.000222154515905,0.0016048063858989,0.000222154515905,0.6967679529353277,0.6964145087852384,0.767746389630603,5,10,10,0.749,0.7357,0.6351,0.7668,0.5973,0.7496,0.7355,0.6337,0.7659,0.5973,0.0002377352303411,0.0003591568095846,0.0001632533736119,0.0001959034359726,117.5,40,5,117.6,r-lwf_sl24_st12_al1.0_te2.0
smd,vgru,lwf,24,12,B1,,,,,,0.5,2.0,-0.0003285611560354,0.0016778787832301,0.0003285611560354,0.6968291403132356,0.6964298285610548,0.7676474897017038,5,10,10,0.749,0.7359,0.6352,0.7666,0.5975,0.7496,0.7356,0.6337,0.7658,0.5975,0.0002399062432514,0.0003624366519089,0.0001647442755205,0.0001976923763883,118.6,40,5,118.6,r-lwf_sl24_st12_al0.5_te2.0
smd,vgru,lwf,24,12,B1,,,,,,2.0,2.0,-8.459358205928914e-05,0.0015110109395251,8.459358205928914e-05,0.6967146452157089,0.6964374015986168,0.7678132587159013,5,10,10,0.749,0.7353,0.6351,0.7672,0.597,0.7496,0.7356,0.6338,0.7662,0.597,0.0002369012719249,0.0003578969128345,0.0001626806976267,0.0001952162152078,117.1,40,5,117.1,r-lwf_sl24_st12_al2.0_te2.0
smd,vgru,lwf,24,12,B1,,,,,,1.0,1.0,-0.0001174136899025,0.0008094670341138,0.0001174136899025,0.6964088380684386,0.696336118995595,0.7678403184634508,5,10,10,0.749,0.736,0.6331,0.7678,0.5961,0.7494,0.7357,0.6333,0.7671,0.5961,0.0002177246851851,0.000328926020711,0.0001495120947359,0.000179413925975,107.6,35,5,107.7,r-lwf_sl24_st12_al1.0_te1.0
smd,vgru,lwf,24,12,B1,,,,,,1.0,4.0,-0.0003972484305206,0.0017221853787192,0.0003972484305206,0.6968682272926785,0.6964292147565478,0.7676001561043163,5,10,10,0.749,0.736,0.6353,0.7665,0.5976,0.7496,0.7355,0.6337,0.7657,0.5976,8.528699215543475e-07,0.0003587679760274,0.0001630767004021,0.0001956912756253,117.4,40,5,117.4,r-lwf_sl24_st12_al1.0_te4.0
smd,vgru,naive,6,6,B2,,,,,,,,-0.0014115465249854,-0.0003190135458859,0.0014115465249854,0.6975041764171339,0.6963743818998438,0.766749530708789,5,10,10,0.7495,0.7382,0.6364,0.7659,0.5975,0.7496,0.7358,0.6333,0.7657,0.5975,5.747206300521691e-07,0.0002417617880687,0.0001098919975131,0.0001318697905555,79.1,32,5,79.1,r-naive_sl6_st6
smd,vgru,cumulative,6,6,B2,,,,,,,,-0.0003600290923586,-0.00057266361714,0.0003600290923586,0.6967905686700127,0.6965664936835798,0.7656096243059269,5,10,10,0.7495,0.7374,0.6335,0.7656,0.598,0.7497,0.736,0.6335,0.7656,0.598,0.0003698408826828,0.0005587344849467,0.0002539706673039,0.0003047638176428,182.9,40,5,182.9,r-cumulative_sl6_st6
smd,vgru,experts,6,6,B2,,,,,,,,-0.0026730261757207,0.0004801522219088,0.0026730261757207,0.6983700230367802,0.6955139305894118,0.7669296071757139,5,10,10,0.7495,0.7368,0.6432,0.7669,0.5955,0.7482,0.7333,0.6356,0.765,0.5955,5.981244320571322e-07,0.0002516068235946,0.0001143669289388,0.0001372398946558,82.3,35,5,82.4,r-experts_sl6_st6
smd,vgru,random-buffer,6,6,B2,500.0,,,0.5,,,,-0.0365879725634938,-0.0040116505215627,0.0365879725634938,0.7170878453270134,0.6955135767826487,0.7837111700804149,5,10,10,0.7495,0.7231,0.7236,0.7837,0.6056,0.7461,0.7446,0.6173,0.764,0.6056,0.0002134301796434,0.0003224381269861,0.0001465630640017,0.0001758750629844,105.5,32,5,105.5,r-random-buffer_sl6_st6_bu500_re0.5
smd,vgru,reservoir,6,6,B2,500.0,,,0.5,,,,-0.0004865128207618,-0.0009364045743566,0.0004865128207618,0.6963181017720971,0.6956561674415782,0.7675574095465936,5,10,10,0.7495,0.7363,0.6356,0.7647,0.5956,0.75,0.7371,0.6281,0.7676,0.5956,7.746943502187823e-07,0.0003258826663289,0.0001481287270247,0.0001777539393041,106.7,32,5,106.7,r-reservoir_sl6_st6_bu500_re0.5
smd,vgru,ewc,6,6,B2,,,,,1000.0,,,-0.0013364265174606,-0.000383854381674,0.0013364265174606,0.6974648238621552,0.6962977806098662,0.7667437238844024,5,10,10,0.7495,0.7382,0.6362,0.7665,0.597,0.7494,0.7355,0.6337,0.7658,0.597,6.419774215966081e-07,0.0002700540075112,0.0001227519968162,0.0001473020106949,88.4,32,5,88.4,r-ewc_sl6_st6_la1000
smd,vgru,lwf,6,6,B2,,,,,,1.0,2.0,0.0003648129835317,-0.0006526877499895,-0.0003648129835317,0.6960263524229917,0.6965879258077212,0.7660258927462388,5,10,10,0.7495,0.7348,0.6336,0.7646,0.5976,0.7497,0.7361,0.6335,0.766,0.5976,6.236373726545771e-07,0.0002623390886556,0.0001192452521975,0.000143093836458,85.9,32,5,85.9,r-lwf_sl6_st6_al1.0_te2.0
smd,vgru,naive,8,8,B2,,,,,,,,-0.000634595490705,-0.0002058166714833,0.000634595490705,0.6966968078896834,0.6965792139211191,0.766099307017851,5,10,10,0.7511,0.7353,0.6347,0.7647,0.5977,0.7495,0.7363,0.6333,0.7661,0.5977,5.522384103521031e-07,0.000232304425047,0.0001055931192124,0.0001267113058346,76.0,36,5,76.0,r-naive_sl8_st8
smd,vgru,cumulative,8,8,B2,,,,,,,,-0.000418597861248,-0.0003071007465506,0.000418597861248,0.6966607005638925,0.6965065281039429,0.7658415213388733,5,10,10,0.7511,0.7356,0.6331,0.7656,0.5978,0.7497,0.7359,0.6335,0.7656,0.5978,0.0003894761378041,0.0005883983070677,0.0002674542070004,0.0003209441000673,192.6,48,5,192.6,r-cumulative_sl8_st8
smd,vgru,experts,8,8,B2,,,,,,,,0.0011022085003477,-6.280103485992728e-05,-0.0011022085003477,0.6960779401866682,0.6967419710995297,0.7647323881301759,5,10,10,0.7511,0.7348,0.6291,0.7647,0.6007,0.7499,0.737,0.6324,0.7637,0.6007,0.0001655277390331,0.0002500698552906,0.0001136684558444,0.0001364013994461,81.8,40,5,81.9,r-experts_sl8_st8
smd,vgru,random-buffer,8,8,B2,500.0,,,0.5,,,,-0.0355029383569132,-0.0014788471290068,0.0355029383569132,0.7189413033248482,0.6954239934744875,0.7823030543836772,5,10,10,0.7511,0.7251,0.7279,0.7823,0.6083,0.7458,0.7451,0.6147,0.7632,0.6083,7.67458320113559e-07,0.0003228387603243,0.0001467451348383,0.000176093625486,105.7,36,5,105.7,r-random-buffer_sl8_st8_bu500_re0.5
smd,vgru,reservoir,8,8,B2,500.0,,,0.5,,,,-0.0002290835623244,-0.0001301228070885,0.0002290835623244,0.6971542996157523,0.697089090974395,0.7647666719242724,5,10,10,0.7511,0.7372,0.6346,0.7648,0.5982,0.7492,0.7333,0.6404,0.7644,0.5982,0.0002161703091617,0.0003265777581809,0.0001484446750585,0.0001781330831224,106.9,36,5,106.9,r-reservoir_sl8_st8_bu500_re0.5
smd,vgru,ewc,8,8,B2,,,,,1000.0,,,-0.0011286373619848,0.0001647928008714,0.0011286373619848,0.6970361220665497,0.6964672683052615,0.7661217283379094,5,10,10,0.7511,0.7355,0.6362,0.7651,0.5973,0.7494,0.736,0.6334,0.7661,0.5973,5.971063616185246e-07,0.0002511785624243,0.0001141722493662,0.000137006313058,82.2,32,5,82.2,r-ewc_sl8_st8_la1000
smd,vgru,lwf,8,8,B2,,,,,,1.0,2.0,-0.0007260152610345,-0.0002627190131128,0.0007260152610345,0.6967728178330075,0.6966689067782629,0.7669242385001631,5,10,10,0.7511,0.7355,0.6351,0.7647,0.5975,0.7498,0.7361,0.6336,0.7663,0.5975,0.0001600619219195,0.0002418124109334,0.0001099148849575,0.0001318975259759,79.1,32,5,79.1,r-lwf_sl8_st8_al1.0_te2.0
smd,vgru,naive,10,10,B2,,,,,,,,-0.0013319722791158,0.0004932999608213,0.0013319722791158,0.6969959355189834,0.6965217659882736,0.7660808023656904,5,10,10,0.7497,0.7383,0.6335,0.7658,0.5977,0.7498,0.7363,0.6328,0.7661,0.5977,5.796853400102984e-07,0.0002438502412996,0.0001108412428248,0.0001330089984748,79.8,43,5,79.8,r-naive_sl10_st10
smd,vgru,cumulative,10,10,B2,,,,,,,,-0.0003607119735689,0.0007039645542241,0.0003607119735689,0.6967668757065778,0.696375052807402,0.7659597936766952,5,10,10,0.7497,0.7364,0.6338,0.7658,0.598,0.7497,0.736,0.6329,0.7654,0.598,1.240120280103133e-06,0.0005216685823699,0.0002371225777166,0.0002845460046532,170.7,47,5,170.7,r-cumulative_sl10_st10
smd,vgru,experts,10,10,B2,,,,,,,,4.502614162869012e-05,-0.0002284260455869,-4.502614162869012e-05,0.695521779120648,0.6962110714021039,0.7662453028642728,5,10,10,0.7497,0.7371,0.6277,0.7657,0.5974,0.7497,0.7355,0.6325,0.7659,0.5974,0.0001727537175295,0.000260986450947,0.0001186304542818,0.0001423559966652,85.4,49,5,85.4,r-experts_sl10_st10
smd,vgru,random-buffer,10,10,B2,500.0,,,0.5,,,,-0.0351778437616138,0.0001052098258266,0.0351778437616138,0.7191405850651036,0.6952928405271205,0.7851281235702658,5,10,10,0.7497,0.7252,0.7281,0.7851,0.6076,0.7458,0.7445,0.614,0.7645,0.6076,0.000250351233024,0.0003782163459722,0.0001719168718749,0.0002062994740973,123.8,49,5,123.8,r-random-buffer_sl10_st10_bu500_re0.5
smd,vgru,reservoir,10,10,B2,500.0,,,0.5,,,,0.0010384743958939,0.0002918560393856,-0.0010384743958939,0.6957291425766112,0.6973799516001981,0.7712041402406238,5,10,10,0.7497,0.7356,0.6335,0.765,0.5948,0.7506,0.736,0.6344,0.7712,0.5948,0.0001915223880107,0.0002893410864821,0.0001315189228005,0.0001578221636816,94.7,33,5,94.7,r-reservoir_sl10_st10_bu500_re0.5
smd,vgru,ewc,10,10,B2,,,,,1000.0,,,-0.0014056291324022,0.0004957766642393,0.0014056291324022,0.6970182117976135,0.6964206514107923,0.7660981368617419,5,10,10,0.7497,0.7383,0.6337,0.7657,0.5976,0.7498,0.7361,0.6327,0.766,0.5976,6.465841449000026e-07,0.0002719918701956,0.0001236328448498,0.0001483590253458,89.0,43,5,89.0,r-ewc_sl10_st10_la1000
smd,vgru,lwf,10,10,B2,,,,,,1.0,2.0,-6.515629483235807e-05,0.0008315196709293,6.515629483235807e-05,0.6964033890725808,0.69640090416433,0.7663872363218746,5,10,10,0.7497,0.7349,0.6338,0.7657,0.598,0.7496,0.7357,0.6328,0.7658,0.598,5.948382382509351e-07,0.0002502244544069,0.0001137386085691,0.0001364858458377,81.9,37,5,81.9,r-lwf_sl10_st10_al1.0_te2.0
smd,vgru,naive,12,12,B2,,,,,,,,-0.000993214975854,-0.0013860154210205,0.000993214975854,0.6970732957651075,0.6961818728873002,0.7672188530229569,5,10,10,0.7492,0.7368,0.635,0.7672,0.5971,0.749,0.735,0.6337,0.766,0.5971,5.402610081614144e-07,0.0002272660150464,0.0001033029633108,0.0001239630517355,74.4,40,5,74.4,r-naive_sl12_st12
smd,vgru,cumulative,12,12,B2,,,,,,,,-0.0009952234690918,-0.000134755659065,0.0009952234690918,0.6976587291011289,0.6966282497995155,0.76603905343905,5,10,10,0.7492,0.7381,0.636,0.766,0.5989,0.7499,0.7359,0.6338,0.7645,0.5989,0.0003716546280092,0.0005614745878077,0.0002552162939223,0.0003062582938854,183.8,53,5,183.8,r-cumulative_sl12_st12
smd,vgru,experts,12,12,B2,,,,,,,,0.0001359772707978,-0.0027607984039195,-0.0001359772707978,0.6957086199557291,0.6965750842013672,0.7667282480347795,5,10,10,0.7492,0.7348,0.6334,0.764,0.5971,0.7497,0.7357,0.6338,0.7667,0.5971,0.0001713324451835,0.0002588392738516,0.000117654487673,0.0001411847861786,84.7,50,5,84.7,r-experts_sl12_st12
smd,vgru,random-buffer,12,12,B2,500.0,,,0.5,,,,-0.0356263804886715,-0.0027007616823628,0.0356263804886715,0.7179829019120157,0.6945671572838052,0.7871202574181748,5,10,10,0.7492,0.7257,0.7258,0.7871,0.602,0.7455,0.7444,0.615,0.7659,0.602,7.417116059406704e-07,0.0003120081561493,0.0001418222161475,0.0001701859400017,102.1,41,5,102.1,r-random-buffer_sl12_st12_bu500_re0.5
smd,vgru,reservoir,12,12,B2,500.0,,,0.5,,,,0.0005454608996873,-0.0023312547763577,-0.0005454608996873,0.6947989774928703,0.6952008224662912,0.7735615469590045,5,10,10,0.7492,0.735,0.6328,0.7666,0.5904,0.7484,0.7356,0.628,0.7736,0.5904,0.0001890826616507,0.0002856552872235,0.0001298435329873,0.0001558117542361,93.5,35,5,93.5,r-reservoir_sl12_st12_bu500_re0.5
smd,vgru,ewc,12,12,B2,,,,,1000.0,,,-0.0006355422302882,-0.0014702593819417,0.0006355422302882,0.6968892610208667,0.6963071414260373,0.7674287939309051,5,10,10,0.7492,0.7367,0.6339,0.7674,0.5973,0.7491,0.7352,0.6336,0.7663,0.5973,0.0001690506210027,0.0002553920241881,0.0001160875349531,0.0001393044892349,83.6,40,5,83.6,r-ewc_sl12_st12_la1000
smd,vgru,lwf,12,12,B2,,,,,,1.0,2.0,-2.9605146100308845e-05,-0.0021513480238338,2.9605146100308845e-05,0.6957585154797867,0.6963970504163353,0.7663030083618216,5,10,10,0.7492,0.7376,0.632,0.7634,0.5966,0.7497,0.7354,0.6347,0.7656,0.5966,5.423485697358248e-07,0.0002281441680003,0.00010370206279,0.0001244421052102,74.7,35,5,74.7,r-lwf_sl12_st12_al1.0_te2.0
smd,vgru,naive,16,16,B2,,,,,,,,4.111203338247327e-05,0.0007657175492421,-4.111203338247327e-05,0.6968336728921061,0.6965590248757898,0.7671152581004734,5,10,10,0.7484,0.7363,0.6348,0.7663,0.5984,0.7497,0.7356,0.6338,0.7653,0.5984,0.0001321146630347,0.0001995912882025,9.072348952371008e-05,0.0001088677986788,65.3,33,5,65.3,r-naive_sl16_st16
smd,vgru,cumulative,16,16,B2,,,,,,,,0.0002420106860239,0.0006318735878227,-0.0002420106860239,0.696645002069571,0.6965715664313723,0.7671152581004734,5,10,10,0.7484,0.7357,0.6347,0.766,0.5985,0.7497,0.7358,0.6337,0.7652,0.5985,0.0002819127246777,0.0004258976451713,0.0001935901251725,0.0002323075199988,139.4,41,5,139.4,r-cumulative_sl16_st16
smd,vgru,experts,16,16,B2,,,,,,,,-0.0008998520001681,0.0009590974041308,0.0008998520001681,0.697308859138582,0.6959316464819596,0.7671152581004734,5,10,10,0.7484,0.7373,0.6369,0.7659,0.5981,0.7494,0.7351,0.6334,0.7638,0.5981,0.0001535715691525,0.0002320071566195,0.000105457964467,0.0001265491921524,75.9,46,5,75.9,r-experts_sl16_st16
smd,vgru,random-buffer,16,16,B2,500.0,,,0.5,,,,-0.0325806438901278,0.0004944878638434,0.0325806438901278,0.7181506172880846,0.6939454880369957,0.7869496336057867,5,10,10,0.7484,0.7262,0.7285,0.7869,0.6007,0.7445,0.7428,0.6143,0.7674,0.6007,0.0002308784699913,0.0003487980076192,0.0001585449135965,0.0001902530940226,114.2,50,5,114.2,r-random-buffer_sl16_st16_bu500_re0.5
smd,vgru,reservoir,16,16,B2,500.0,,,0.5,,,,0.0009192790863034,-0.0002368527758161,-0.0009192790863034,0.695906881374839,0.6967314424847165,0.7680475276980059,5,10,10,0.7484,0.7348,0.6343,0.766,0.5961,0.7494,0.7345,0.6357,0.768,0.5961,0.0001728776961547,0.0002611737507738,0.0001187155711225,0.0001424581796512,85.5,33,5,85.5,r-reservoir_sl16_st16_bu500_re0.5
smd,vgru,ewc,16,16,B2,,,,,1000.0,,,9.3426866855717e-05,0.0007522845653671,-9.3426866855717e-05,0.696785422106898,0.6965679519936847,0.7671152581004734,5,10,10,0.7484,0.7363,0.6347,0.7663,0.5983,0.7497,0.7356,0.6338,0.7654,0.5983,0.0001473390463212,0.0002225914170485,0.0001011780994782,0.0001214133175703,72.8,33,5,72.9,r-ewc_sl16_st16_la1000
smd,vgru,lwf,16,16,B2,,,,,,1.0,2.0,0.0002963878618751,0.0006651742061481,-0.0002963878618751,0.6965020029346866,0.6965788463668746,0.7671152581004734,5,10,10,0.7484,0.7363,0.6338,0.7658,0.5982,0.7498,0.7357,0.6338,0.7655,0.5982,5.065902919876498e-07,0.0002131021028392,9.686482158722356e-05,0.000116237281252,69.7,33,5,69.8,r-lwf_sl16_st16_al1.0_te2.0
smd,vgru,naive,48,48,B2,,,,,,,,0.0035382449665344,0.0031831416659837,-0.0035382449665344,0.6933272870461435,0.6973753630920441,0.7705072174006994,5,10,10,0.7485,0.7344,0.6287,0.7576,0.5974,0.7505,0.7375,0.6341,0.7673,0.5974,4.851861277285624e-07,0.0002040982342589,9.277209259259204e-05,0.0001113261416663,66.8,40,5,66.8,r-naive_sl48_st48
smd,vgru,cumulative,48,48,B2,,,,,,,,-0.0007211244857335,0.0037727124132666,0.0007211244857335,0.6971954782535336,0.6959384038593717,0.7657877596137813,5,10,10,0.7485,0.7399,0.6319,0.7658,0.5999,0.7497,0.7357,0.6305,0.7639,0.5999,0.0003857939063745,0.0005828354021062,0.0002649257818269,0.0003179096202792,190.7,66,5,190.8,r-cumulative_sl48_st48
smd,vgru,experts,48,48,B2,,,,,,,,0.0014270089887715,0.0035427954994789,-0.0014270089887715,0.6949836127230797,0.69627596571644,0.7686668835241466,5,10,10,0.7485,0.7364,0.63,0.7619,0.5981,0.7494,0.7354,0.6316,0.7669,0.5981,0.0001848761365829,0.0002793003093743,0.0001269549458339,0.0001523453635404,91.4,75,5,91.4,r-experts_sl48_st48
smd,vgru,random-buffer,48,48,B2,500.0,,,0.5,,,,-0.0130357658323749,0.0044709365765065,0.0130357658323749,0.7058941200620925,0.6943057460548979,0.7826286680870286,5,10,10,0.7485,0.736,0.6735,0.7826,0.5888,0.7443,0.7374,0.6234,0.7777,0.5888,0.0001789696088505,0.000270377064582,0.0001228989295137,0.0001474781350682,88.5,41,5,88.5,r-random-buffer_sl48_st48_bu500_re0.5
smd,vgru,reservoir,48,48,B2,500.0,,,0.5,,,,0.0014663944433959,0.0040093784520735,-0.0014663944433959,0.6961042984820844,0.6965797773903072,0.7659167359004738,5,10,10,0.7485,0.734,0.6315,0.7659,0.6006,0.751,0.7384,0.6275,0.7654,0.6006,0.0001981356781959,0.0002993320676267,0.0001360603108213,0.0001632717568054,98.0,47,5,98.0,r-reservoir_sl48_st48_bu500_re0.5
smd,vgru,ewc,48,48,B2,,,,,1000.0,,,0.0034785478166171,0.0031727967165291,-0.0034785478166171,0.6934170533075162,0.6973598139562016,0.7704880515429073,5,10,10,0.7485,0.7344,0.6287,0.7577,0.5977,0.7505,0.7376,0.634,0.7669,0.5977,0.0001424636374816,0.000215225927795,9.783012459778951e-05,0.0001173958031972,70.4,40,5,70.4,r-ewc_sl48_st48_la1000
smd,vgru,lwf,48,48,B2,,,,,,1.0,2.0,0.0013999780065601,0.0035533148058021,-0.0013999780065601,0.6951396595151123,0.6968477123173346,0.7686133848167062,5,10,10,0.7485,0.7308,0.6382,0.7604,0.5978,0.7502,0.7367,0.6332,0.7663,0.5978,0.0001452937987744,0.0002195015738533,9.977367482626709e-05,0.000119727899027,71.8,40,5,71.8,r-lwf_sl48_st48_al1.0_te2.0
smd,vgru,naive,8,4,B3,,,,,,,,-0.0004885402682435,0.0001235251103289,0.0004885402682435,0.6969406690758377,0.696561788433568,0.7665790664700292,5,10,10,0.7494,0.7364,0.6355,0.7656,0.5978,0.7497,0.7358,0.6338,0.7657,0.5978,0.0002367542188808,0.0003576747534933,0.0001625797026609,0.0001950950508324,117.1,34,5,117.1,r-naive_sl8_st4
smd,vgru,cumulative,8,4,B3,,,,,,,,-0.0001112967029141,-0.00023718193155,0.0001112967029141,0.696545953144669,0.6964386815691392,0.7657349673284584,5,10,10,0.7494,0.7363,0.6339,0.7656,0.5976,0.7497,0.7358,0.6335,0.7656,0.5976,2.378670552673303e-06,0.0010006107593329,0.000454824141552,0.0005457866177808,327.5,43,5,327.5,r-cumulative_sl8_st4
smd,vgru,experts,8,4,B3,,,,,,,,-0.0010959375782441,-0.000138030739782,0.0010959375782441,0.6965634814567043,0.6959217193150498,0.7671718304571504,5,10,10,0.7494,0.7367,0.6374,0.7645,0.5948,0.7494,0.736,0.633,0.7664,0.5948,0.0003038604566694,0.0004590550252889,0.0002086619419543,0.0002503930833345,150.2,40,5,150.2,r-experts_sl8_st4
smd,vgru,random-buffer,8,4,B3,500.0,,,0.5,,,,-0.0353478562329856,-0.0027398259320888,0.0353478562329856,0.7176318629825664,0.695968636261328,0.7825414371012437,5,10,10,0.7494,0.7241,0.7246,0.7825,0.6075,0.746,0.7443,0.6169,0.7652,0.6075,0.0004422582903299,0.000668138568858,0.0003037001373304,0.0003644384315276,218.7,38,5,218.7,r-random-buffer_sl8_st4_bu500_re0.5
smd,vgru,reservoir,8,4,B3,500.0,,,0.5,,,,0.0001638454760899,-0.0001813385588762,-0.0001638454760899,0.6961763406132069,0.6968426950462514,0.7682160067486172,5,10,10,0.7494,0.7377,0.6329,0.767,0.5939,0.7487,0.7328,0.6406,0.7682,0.5939,1.4771632283632395e-06,0.000621382989725,0.0002824474114575,0.0003389355782675,203.4,36,5,203.4,r-reservoir_sl8_st4_bu500_re0.5
smd,vgru,ewc,8,4,B3,,,,,1000.0,,,-0.0005100301216865,0.0001778002857928,0.0005100301216865,0.69702364156964,0.6965235763845365,0.7665963787582915,5,10,10,0.7494,0.7364,0.6356,0.7659,0.5977,0.7496,0.7358,0.6337,0.7658,0.5977,0.0003097000460007,0.0004678771433676,0.0002126721692698,0.0002552049740978,153.1,34,5,153.1,r-ewc_sl8_st4_la1000
smd,vgru,lwf,8,4,B3,,,,,,1.0,2.0,-0.0002303264190823,-7.901557475282761e-05,0.0002303264190823,0.6967762504696958,0.6966229403653617,0.7659307982211179,5,10,10,0.7494,0.7364,0.6345,0.7658,0.5977,0.7498,0.7358,0.6339,0.7659,0.5977,1.1149336258179969e-06,0.0004690076062369,0.0002131857858201,0.0002558218204167,153.5,34,5,153.5,r-lwf_sl8_st4_al1.0_te2.0
smd,vgru,naive,12,6,B3,,,,,,,,0.0006940218409539,-0.0015359212440471,-0.0006940218409539,0.695908316441242,0.6972143959796286,0.7675248296646365,5,10,10,0.7497,0.7379,0.6302,0.7643,0.5974,0.7501,0.7363,0.6347,0.7675,0.5974,0.000255298557268,0.0003856904809118,0.0001753141693867,0.000210376311525,126.2,34,5,126.2,r-naive_sl12_st6
smd,vgru,cumulative,12,6,B3,,,,,,,,-0.0003162720084198,-0.0012973906732818,0.0003162720084198,0.6967543226788921,0.6965424743532667,0.7660573069359227,5,10,10,0.7497,0.7362,0.6341,0.7661,0.5978,0.7497,0.7359,0.6337,0.7657,0.5978,0.0008101502233488,0.0012239286919517,0.0005563329291077,0.000667595762844,400.6,47,5,400.6,r-cumulative_sl12_st6
smd,vgru,experts,12,6,B3,,,,,,,,-0.0022680657169761,-0.0005058250562871,0.0022680657169761,0.6980233407338703,0.695413170244583,0.7691631520052933,5,10,10,0.7497,0.7379,0.6372,0.7692,0.5962,0.7489,0.7339,0.6334,0.7647,0.5962,0.0003267019792106,0.0004935626931267,0.0002243473489594,0.0002692153441673,161.5,44,5,161.4,r-experts_sl12_st6
smd,vgru,random-buffer,12,6,B3,500.0,,,0.5,,,,-0.0358141228711773,-0.0039188676241474,0.0358141228711773,0.7183909680454059,0.695439115956884,0.7846601409572407,5,10,10,0.7497,0.7237,0.7262,0.7847,0.6078,0.7455,0.7437,0.6166,0.7636,0.6078,1.7062427275344915e-06,0.0007177474952493,0.0003262499671914,0.0003914975280578,234.9,41,5,234.9,r-random-buffer_sl12_st6_bu500_re0.5
smd,vgru,reservoir,12,6,B3,500.0,,,0.5,,,,3.642903470713055e-05,-0.0015217062251189,-3.642903470713055e-05,0.6961987809079674,0.6960409606059661,0.768124641897846,5,10,10,0.7497,0.7368,0.633,0.7649,0.5967,0.7501,0.7374,0.6279,0.7681,0.5967,0.0004243495091969,0.0006410830050442,0.000291402130671,0.0003496808743732,209.8,35,5,209.9,r-reservoir_sl12_st6_bu500_re0.5
smd,vgru,ewc,12,6,B3,,,,,1000.0,,,0.000918551380536,-0.0014167276069083,-0.000918551380536,0.6959020310282427,0.6973463822539968,0.7672107553833603,5,10,10,0.7497,0.7378,0.629,0.7648,0.5983,0.7503,0.7367,0.6342,0.7672,0.5983,0.0002407296823865,0.0003636806567297,0.0001653097799215,0.0001983708768081,119.0,34,5,119.1,r-ewc_sl12_st6_la1000
smd,vgru,lwf,12,6,B3,,,,,,1.0,2.0,-0.0004492077167789,-0.0022109194595598,0.0004492077167789,0.6961902657319332,0.6963102822620353,0.765962745221423,5,10,10,0.7497,0.7382,0.6311,0.7648,0.5972,0.7495,0.7358,0.6331,0.766,0.5972,0.0002382546644443,0.0003599415409643,0.0001636101757557,0.0001963313652086,117.8,34,5,117.8,r-lwf_sl12_st6_al1.0_te2.0
smd,vgru,naive,48,24,B3,,,,,,,,-0.0017079772637089,0.0028246202515175,0.0017079772637089,0.6983611198348315,0.6967585496907717,0.769648712054627,5,10,10,0.7478,0.7378,0.6425,0.7651,0.5986,0.7498,0.7358,0.6337,0.7658,0.5986,0.0002019342427032,0.0003050707219587,0.0001386688923036,0.0001664018296551,99.8,40,5,99.9,r-naive_sl48_st24
smd,vgru,cumulative,48,24,B3,,,,,,,,0.0008270182828713,0.0017273929818039,-0.0008270182828713,0.6966069360630867,0.6971441436995083,0.7677742917040523,5,10,10,0.7478,0.7354,0.6342,0.7658,0.5999,0.7499,0.7362,0.6338,0.7659,0.5999,0.0008240781656251,0.0012449702317557,0.0005658969489029,0.0006790732828527,407.4,75,5,407.5,r-cumulative_sl48_st24
smd,vgru,experts,48,24,B3,,,,,,,,-0.0013760044960574,0.0012860921068431,0.0013760044960574,0.6981813280420238,0.6970578036856679,0.7669188836515687,5,10,10,0.7478,0.7363,0.6404,0.7663,0.6,0.7499,0.7354,0.6349,0.765,0.6,0.0002726887405196,0.000411962576662,0.0001872561847836,0.0002247063918784,134.8,62,5,134.8,r-experts_sl48_st24
smd,vgru,random-buffer,48,24,B3,500.0,,,0.5,,,,-0.0311164485020481,0.0020885420664813,0.0311164485020481,0.7170514706381576,0.6923138611121533,0.7860202370556968,5,10,10,0.7478,0.7282,0.7254,0.786,0.5978,0.7422,0.7405,0.6127,0.7683,0.5978,0.0003580410471519,0.0005409079672832,0.0002458678622141,0.000295040105069,177.0,51,5,177.0,r-random-buffer_sl48_st24_bu500_re0.5
smd,vgru,reservoir,48,24,B3,500.0,,,0.5,,,,-0.0005011011242371,0.0022566216851202,0.0005011011242371,0.6974799705445383,0.6966559193455895,0.770148020689423,5,10,10,0.7478,0.7377,0.6319,0.7674,0.6026,0.7498,0.7385,0.6259,0.7665,0.6026,0.0002816299900993,0.0004254705059166,0.0001933962096641,0.0002320742962524,139.2,38,5,139.3,r-reservoir_sl48_st24_bu500_re0.5
smd,vgru,ewc,48,24,B3,,,,,1000.0,,,-0.0017478157232547,0.0028268783984041,0.0017478157232547,0.6984506082186449,0.6967579329229824,0.7696815395762726,5,10,10,0.7478,0.7378,0.6426,0.7655,0.5986,0.7498,0.7358,0.6338,0.7658,0.5986,0.0002298873533688,0.0003473006852259,0.0001578643527224,0.0001894363325034,113.7,40,5,113.7,r-ewc_sl48_st24_la1000
smd,vgru,lwf,48,24,B3,,,,,,1.0,2.0,0.0004267077766108,0.00147592884123,-0.0004267077766108,0.6964418878595131,0.6965293839789467,0.7662218761748699,5,10,10,0.7478,0.7384,0.6325,0.7654,0.5981,0.7497,0.7357,0.6334,0.7657,0.5981,0.0002163105324738,0.0003267895995531,0.000148541132814,0.0001782484667391,107.0,37,5,107.0,r-lwf_sl48_st24_al1.0_te2.0
smd,vlstm,naive,24,12,B1,,,,,,,,-8.84730184693594e-05,0.0001896963829074,8.84730184693594e-05,0.6966214269402029,0.696537231470298,0.7659660935440084,5,10,10,0.7497,0.7356,0.6344,0.7657,0.5978,0.7497,0.7359,0.6336,0.7657,0.5978,0.0001972386623905,0.0002979769073742,0.0001354444058469,0.0001625325015272,97.5,33,5,97.5,r-naive_sl24_st12
smd,vlstm,cumulative,24,12,B1,,,,,,,,-0.0001980631212807,0.0002071819536988,0.0001980631212807,0.6966688629131921,0.6964811365328294,0.7660237128205492,5,10,10,0.7497,0.7366,0.6335,0.7657,0.5978,0.7497,0.7358,0.6335,0.7656,0.5978,0.0005025560274013,0.0007592329465851,0.0003451067549189,0.0004141261916661,248.5,42,5,248.5,r-cumulative_sl24_st12
smd,vlstm,experts,24,12,B1,,,,,,,,-0.0006869202368598,0.000397539503847,0.0006869202368598,0.6970380050626281,0.6964525831280737,0.7663915982699656,5,10,10,0.7497,0.7367,0.6358,0.7657,0.5974,0.7496,0.7359,0.6334,0.766,0.5974,0.0002415488431951,0.0003649181980994,0.0001658723206,0.0001990458774993,119.4,48,5,119.4,r-experts_sl24_st12
smd,vlstm,random-buffer,24,12,B1,500.0,,,0.5,,,,-0.0334988533410685,-0.0006377444676965,0.0334988533410685,0.7185233046692415,0.6944208108310804,0.7853397611895193,5,10,10,0.7497,0.7261,0.7277,0.7853,0.6038,0.7451,0.7445,0.6142,0.7645,0.6038,0.0003046984548496,0.0004603210250837,0.0002092373614011,0.0002510836636826,150.7,38,5,150.7,r-random-buffer_sl24_st12_bu500_re0.5
smd,vlstm,random-buffer,24,12,B1,100.0,,,0.5,,,,-0.0340562430012984,-0.0060885351436996,0.0340562430012984,0.7135249191749082,0.6957242002505399,0.7852350382084987,5,10,10,0.7497,0.7132,0.7185,0.7852,0.6011,0.7463,0.7466,0.6189,0.7657,0.6011,0.0003787942609968,0.0005722607376003,0.0002601191661456,0.0003121415714547,187.3,49,5,187.3,r-random-buffer_sl24_st12_bu100_re0.5
smd,vlstm,random-buffer,24,12,B1,250.0,,,0.5,,,,-0.0376341418368819,-0.0031530925365172,0.0376341418368819,0.7174773748342526,0.6946101312972931,0.7870467187339303,5,10,10,0.7497,0.7231,0.7247,0.787,0.6029,0.7455,0.7438,0.6168,0.764,0.6029,0.0003215904787468,0.00048584053013,0.000220837146587,0.000265003383543,159.0,40,5,159.0,r-random-buffer_sl24_st12_bu250_re0.5
smd,vlstm,random-buffer,24,12,B1,1000.0,,,0.5,,,,-0.0291417158541768,9.801773135494906e-05,0.0291417158541768,0.7149998717363129,0.6923826426327592,0.7845438692383855,5,10,10,0.7497,0.7273,0.7207,0.7845,0.5929,0.7434,0.7413,0.615,0.7695,0.5929,0.0003807824280331,0.0005752643468199,0.0002614844464696,0.0003137799003502,188.3,49,5,188.3,r-random-buffer_sl24_st12_bu1000_re0.5
smd,vlstm,random-buffer,24,12,B1,2000.0,,,0.5,,,,-0.0125625336134085,-0.0009001919738038,0.0125625336134085,0.7036226591890908,0.693573580541608,0.7826392064979615,5,10,10,0.7497,0.7356,0.6745,0.7788,0.5795,0.7432,0.7374,0.6251,0.7826,0.5795,0.0003459518883721,0.0005226443565779,0.0002375662278953,0.0002850781286826,171.0,43,5,171.1,r-random-buffer_sl24_st12_bu2000_re0.5
smd,vlstm,random-buffer,24,12,B1,4000.0,,,0.5,,,,-0.0031111418440518,-0.0015181071726952,0.0031111418440518,0.6981679693821385,0.6960568729991794,0.7803435770601865,5,10,10,0.7497,0.7362,0.6488,0.772,0.5842,0.7461,0.7367,0.6328,0.7803,0.5842,0.0003345291502751,0.0005053875361825,0.0002297222177109,0.0002756653184715,165.4,41,5,165.4,r-random-buffer_sl24_st12_bu4000_re0.5
smd,vlstm,random-buffer,24,12,B1,500.0,,,0.3,,,,-0.0223135375011956,0.0013923351275602,0.0223135375011956,0.7141176100444879,0.696590148227793,0.7815077114708993,5,10,10,0.7497,0.7299,0.7099,0.7815,0.5996,0.7479,0.7426,0.6211,0.7717,0.5996,0.0002741240080112,0.0004141308968241,0.0001882418158548,0.0002258890809693,135.5,41,5,135.5,r-random-buffer_sl24_st12_bu500_re0.3
smd,vlstm,random-buffer,24,12,B1,500.0,,,0.7,,,,-0.0472256827820136,-0.0091251748922649,0.0472256827820136,0.71385666675595,0.6898204359747517,0.7910323720749962,5,10,10,0.7497,0.7215,0.7059,0.791,0.6011,0.7422,0.7443,0.6057,0.7558,0.6011,0.0004427224503926,0.0006688397953739,0.0003040188169016,0.0003648209784723,218.9,39,5,218.9,r-random-buffer_sl24_st12_bu500_re0.7
smd,vlstm,reservoir,24,12,B1,500.0,,,0.5,,,,0.0009682019510879,-0.0005034848083534,-0.0009682019510879,0.6948115712486418,0.6957126119895427,0.7722475304863283,5,10,10,0.7497,0.7351,0.6314,0.7664,0.5915,0.749,0.7357,0.6301,0.7722,0.5915,0.0002826398946192,0.0004269962119924,0.0001940896782403,0.0002329065337521,139.7,34,5,139.8,r-reservoir_sl24_st12_bu500_re0.5
smd,vlstm,reservoir,24,12,B1,100.0,,,0.5,,,,0.0030921689334544,-0.002376877262114,-0.0030921689334544,0.6930349385019265,0.6956212413548698,0.7742020258952779,5,10,10,0.7497,0.7337,0.6313,0.7645,0.586,0.7515,0.7351,0.6313,0.7742,0.586,0.0002790796308101,0.0004216175687465,0.0001916448652757,0.0002299727034708,138.0,33,5,138.0,r-reservoir_sl24_st12_bu100_re0.5
smd,vlstm,reservoir,24,12,B1,250.0,,,0.5,,,,0.0015317828952556,-0.0010497212976328,-0.0015317828952556,0.6942829669987411,0.6953083202132191,0.7704300160902857,5,10,10,0.7497,0.7351,0.6309,0.7657,0.5901,0.7494,0.7347,0.6319,0.7704,0.5901,0.0002802673167083,0.000423411856776,0.0001924604411489,0.0002309514156271,138.6,33,5,138.6,r-reservoir_sl24_st12_bu250_re0.5
smd,vlstm,reservoir,24,12,B1,1000.0,,,0.5,,,,-0.0003164998783809,0.0001048065837968,0.0003164998783809,0.6962476596692413,0.6957812883310203,0.7693561917275908,5,10,10,0.7497,0.7355,0.6352,0.7659,0.595,0.7498,0.7356,0.6292,0.7694,0.595,0.0002822850742092,0.0004264601695797,0.0001938460326384,0.0002326141369412,139.6,33,5,139.6,r-reservoir_sl24_st12_bu1000_re0.5
smd,vlstm,reservoir,24,12,B1,2000.0,,,0.5,,,,-0.0006694846360915,0.0001200238437205,0.0006694846360915,0.6964212152079327,0.6955589325237493,0.7674553127539658,5,10,10,0.7497,0.7362,0.6334,0.7661,0.5969,0.7495,0.7364,0.6275,0.7675,0.5969,0.000283731537818,0.0004286454041963,0.0001948393987834,0.0002338060054128,140.3,33,5,140.3,r-reservoir_sl24_st12_bu2000_re0.5
smd,vlstm,reservoir,24,12,B1,4000.0,,,0.5,,,,-0.0005322682076163,0.0001877338746322,0.0005322682076163,0.6967362086483657,0.6959073033660094,0.7671013939748488,5,10,10,0.7497,0.7363,0.6349,0.7657,0.5972,0.7504,0.7368,0.628,0.7671,0.5972,0.0002818297679548,0.0004257723188918,0.0001935333527786,0.0002322389661132,139.3,33,5,139.4,r-reservoir_sl24_st12_bu4000_re0.5
smd,vlstm,reservoir,24,12,B1,500.0,,,0.3,,,,0.0005663724007689,-0.0005350347768492,-0.0005663724007689,0.6950536374542577,0.6956490131529895,0.771435897632572,5,10,10,0.7497,0.7348,0.6332,0.7659,0.5917,0.7491,0.7356,0.6305,0.7714,0.5917,0.0002346700896975,0.0003545261701421,0.0001611486843787,0.0001933774857634,116.0,33,5,116.0,r-reservoir_sl24_st12_bu500_re0.3
smd,vlstm,reservoir,24,12,B1,500.0,,,0.7,,,,0.0008949900223812,-0.0008755374892833,-0.0008949900223812,0.6940793189855003,0.6946927755309048,0.7768895037373204,5,10,10,0.7497,0.7347,0.632,0.768,0.586,0.7479,0.7354,0.6272,0.7769,0.586,0.0003810721966033,0.0005757021126279,0.0002616834326977,0.0003140186799302,188.4,33,5,188.4,r-reservoir_sl24_st12_bu500_re0.7
smd,vlstm,ewc,24,12,B1,,,,,1000.0,,,-7.421594772144546e-05,0.0001832502896673,7.421594772144546e-05,0.696608708996455,0.696534592506975,0.7659506149897629,5,10,10,0.7497,0.7356,0.6343,0.7657,0.5977,0.7497,0.7359,0.6336,0.7657,0.5977,0.0002151912111223,0.0003250985927767,0.0001477724934016,0.0001773260993751,106.4,33,5,106.4,r-ewc_sl24_st12_la1000
smd,vlstm,ewc,24,12,B1,,,,,100.0,,,-8.69624046075157e-05,0.0001890083406166,8.69624046075157e-05,0.6966199977331236,0.6965367902914334,0.7659648196668374,5,10,10,0.7497,0.7356,0.6344,0.7657,0.5977,0.7497,0.7359,0.6336,0.7657,0.5977,0.0002180760791117,0.0003294568865882,0.0001497535396425,0.0001797033469456,107.8,33,5,107.8,r-ewc_sl24_st12_la100
smd,vlstm,ewc,24,12,B1,,,,,500.0,,,-8.094929101989389e-05,0.000186303081216,8.094929101989389e-05,0.69661462897455,0.6965357196386923,0.7659585287150332,5,10,10,0.7497,0.7356,0.6344,0.7657,0.5977,0.7497,0.7359,0.6336,0.7657,0.5977,0.000219802752528,0.0003320654461797,0.0001509392434026,0.0001811262027771,108.7,33,5,108.7,r-ewc_sl24_st12_la500
smd,vlstm,ewc,24,12,B1,,,,,5000.0,,,-4.206192490598948e-05,0.0001696101164821,4.206192490598948e-05,0.6965803981193389,0.6965315295064828,0.7658992352771997,5,10,10,0.7497,0.7357,0.6342,0.7656,0.5977,0.7497,0.7359,0.6336,0.7657,0.5977,0.000218644121403,0.0003303150524425,0.0001501436141778,0.0001801714382646,108.1,33,5,108.1,r-ewc_sl24_st12_la5000
smd,vlstm,ewc,24,12,B1,,,,,10000.0,,,-2.1365547145946185e-05,0.0001595808212746,2.1365547145946185e-05,0.6965608785302904,0.696530664117892,0.7658647378179302,5,10,10,0.7497,0.7357,0.6341,0.7656,0.5977,0.7497,0.7359,0.6336,0.7657,0.5977,0.0002218136539124,0.0003351034011543,0.0001523201511558,0.0001827832499984,109.7,33,5,109.7,r-ewc_sl24_st12_la10000
smd,vlstm,lwf,24,12,B1,,,,,,1.0,2.0,-3.112433785216195e-05,0.0002530966574781,3.112433785216195e-05,0.6966161088507538,0.6965608072659071,0.7660460881620261,5,10,10,0.7497,0.7358,0.634,0.7657,0.5978,0.7497,0.7359,0.6336,0.7657,0.5978,0.0002195890408945,0.0003317425828483,0.0001507924902783,0.00018095009257,108.6,33,5,108.6,r-lwf_sl24_st12_al1.0_te2.0
smd,vlstm,lwf,24,12,B1,,,,,,0.5,2.0,-3.399676276099051e-05,0.0002515791432936,3.399676276099051e-05,0.6966155807526053,0.6965568079384025,0.7660776754475462,5,10,10,0.7497,0.7358,0.6341,0.7657,0.5978,0.7497,0.7359,0.6336,0.7657,0.5978,0.0002200544999543,0.0003324457718148,0.0001511121141782,0.0001813336576366,108.8,33,5,108.8,r-lwf_sl24_st12_al0.5_te2.0
smd,vlstm,lwf,24,12,B1,,,,,,2.0,2.0,-2.9493535701408113e-05,0.0002578918825705,2.9493535701408113e-05,0.6966176090349414,0.6965664744592039,0.7660037824577615,5,10,10,0.7497,0.7358,0.634,0.7657,0.5978,0.7498,0.7359,0.6336,0.7657,0.5978,0.0002214156763868,0.0003345021594359,0.0001520468344342,0.0001824553250016,109.5,33,5,109.5,r-lwf_sl24_st12_al2.0_te2.0
smd,vlstm,lwf,24,12,B1,,,,,,1.0,1.0,-3.7360649488449305e-05,0.0002517204360153,3.7360649488449305e-05,0.6966262127981407,0.6965704159260063,0.7659705859218873,5,10,10,0.7497,0.7358,0.6341,0.7658,0.5978,0.7498,0.7359,0.6337,0.7657,0.5978,0.00022004586763,0.0003324327305922,0.0001511062033002,0.000181326527292,108.8,33,5,108.8,r-lwf_sl24_st12_al1.0_te1.0
smd,vlstm,lwf,24,12,B1,,,,,,1.0,4.0,-3.67976196778419e-05,0.0002511016320172,3.67976196778419e-05,0.6966158569767057,0.6965546492561977,0.7660963508655201,5,10,10,0.7497,0.7358,0.6341,0.7657,0.5978,0.7497,0.7359,0.6336,0.7657,0.5978,0.0002204784337815,0.0003330862268313,0.0001514032526614,0.0001816829741699,109.0,33,5,109.0,r-lwf_sl24_st12_al1.0_te4.0
smd,vlstm,naive,6,6,B2,,,,,,,,-0.0003037430737472,0.0001880946057114,0.0003037430737472,0.6967792604103672,0.6965544687464781,0.7659926367086709,5,10,10,0.7491,0.7368,0.6342,0.7657,0.598,0.7498,0.7359,0.6334,0.7656,0.598,0.0001604075248966,0.0002423345281748,0.0001101523574098,0.000132182170765,79.3,30,5,79.3,r-naive_sl6_st6
smd,vlstm,cumulative,6,6,B2,,,,,,,,0.0002444282131856,0.0001263100478676,-0.0002444282131856,0.6964226193579186,0.6966566676934919,0.7659926367086709,5,10,10,0.7491,0.7362,0.633,0.7656,0.5981,0.7498,0.7361,0.6336,0.7657,0.5981,0.0003125926654997,0.000472247147717,0.0002146583336204,0.0002575888140965,154.6,33,5,154.6,r-cumulative_sl6_st6
smd,vlstm,experts,6,6,B2,,,,,,,,-0.0009556446303946,0.0001200880615303,0.0009556446303946,0.6971185632575863,0.6962830073854773,0.7662317091049605,5,10,10,0.7491,0.7371,0.6362,0.7662,0.5969,0.7496,0.7352,0.6337,0.7661,0.5969,0.0001594241795364,0.0002408489461607,0.0001094770980339,0.0001313718481268,78.8,30,5,78.8,r-experts_sl6_st6
smd,vlstm,random-buffer,6,6,B2,500.0,,,0.5,,,,-0.0364675784058406,-0.0036901952590573,0.0364675784058406,0.716784769031056,0.6957278709647476,0.7834332890566806,5,10,10,0.7491,0.7228,0.7239,0.7834,0.6047,0.7462,0.7443,0.6191,0.7644,0.6047,0.0002158405420989,0.0003260795649346,0.0001482183798623,0.0001778611850723,106.7,30,5,106.7,r-random-buffer_sl6_st6_bu500_re0.5
smd,vlstm,reservoir,6,6,B2,500.0,,,0.5,,,,-0.0001688896956663,-0.0003163407217031,0.0001688896956663,0.6961638004683077,0.6957027842413857,0.7677392494273517,5,10,10,0.7491,0.7361,0.6352,0.7647,0.5957,0.75,0.7371,0.628,0.7677,0.5957,0.0002097580571362,0.0003168904940072,0.0001440414685199,0.0001728490254872,103.7,30,5,103.7,r-reservoir_sl6_st6_bu500_re0.5
smd,vlstm,ewc,6,6,B2,,,,,1000.0,,,-0.0003255451504484,0.0001859028759609,0.0003255451504484,0.6967901390766903,0.696550676322149,0.7659926367086709,5,10,10,0.7491,0.7368,0.6343,0.7657,0.598,0.7498,0.7359,0.6335,0.7656,0.598,0.0001772980381015,0.0002678517509533,0.0001217510865755,0.0001461006643778,87.7,30,5,87.7,r-ewc_sl6_st6_la1000
smd,vlstm,lwf,6,6,B2,,,,,,1.0,2.0,0.0001153103454837,0.0001478372814695,-0.0001153103454837,0.696473092361902,0.6965176422274706,0.7659926367086709,5,10,10,0.7491,0.7361,0.6336,0.7657,0.5978,0.7497,0.7359,0.6335,0.7657,0.5978,0.000174003626696,0.0002628747423368,0.0001194888181699,0.0001433859241668,86.0,30,5,86.1,r-lwf_sl6_st6_al1.0_te2.0
smd,vlstm,naive,8,8,B2,,,,,,,,-7.675726212953426e-05,0.0004085685728318,7.675726212953426e-05,0.6965533043732772,0.6967147021426745,0.7658445748576124,5,10,10,0.7498,0.7361,0.6337,0.7651,0.5981,0.7498,0.7361,0.6337,0.7658,0.5981,0.0001455260239138,0.0002198524063322,9.993316973494884e-05,0.0001199192365972,72.0,30,5,72.0,r-naive_sl8_st8
smd,vlstm,cumulative,8,8,B2,,,,,,,,-0.0001504713866726,0.0004396137600468,0.0001504713866726,0.6967853300570099,0.6967282675828141,0.7658480935714115,5,10,10,0.7498,0.7364,0.6336,0.7658,0.5984,0.7498,0.7362,0.6335,0.7658,0.5984,0.000288621108013,0.0004360322876168,0.0001981969883109,0.0002378352993059,142.7,33,5,142.7,r-cumulative_sl8_st8
smd,vlstm,experts,8,8,B2,,,,,,,,-0.0003087540962362,0.0001586338180364,0.0003087540962362,0.6964407968048472,0.6966191364522876,0.7671830113663327,5,10,10,0.7498,0.7365,0.6342,0.765,0.5967,0.7497,0.7361,0.6334,0.7672,0.5967,0.00015728590873,0.0002376185687373,0.0001080087285301,0.0001296098402072,77.8,33,5,77.8,r-experts_sl8_st8
smd,vlstm,random-buffer,8,8,B2,500.0,,,0.5,,,,-0.0347577021896335,-0.0016053131084017,0.0347577021896335,0.7176525182983078,0.6944482099601069,0.7823322670106917,5,10,10,0.7498,0.7233,0.728,0.7823,0.6048,0.745,0.7441,0.6139,0.7644,0.6048,0.0002003718078422,0.0003027102845971,0.0001375959353586,0.0001651143492385,99.1,31,5,99.1,r-random-buffer_sl8_st8_bu500_re0.5
smd,vlstm,reservoir,8,8,B2,500.0,,,0.5,,,,0.0006733539185575,8.834048768433523e-05,-0.0006733539185575,0.6966071780667276,0.69712057338452,0.7651996955006232,5,10,10,0.7498,0.7362,0.6344,0.7646,0.598,0.7492,0.733,0.6411,0.7643,0.598,0.0001995425681417,0.0003014575166132,0.0001370264759862,0.0001644310406269,98.7,30,5,98.7,r-reservoir_sl8_st8_bu500_re0.5
smd,vlstm,ewc,8,8,B2,,,,,1000.0,,,-0.0001311264306223,0.0003989668072073,0.0001311264306223,0.6966033649128377,0.6966795755943136,0.7657243841408362,5,10,10,0.7498,0.7361,0.6338,0.7653,0.5981,0.7498,0.736,0.6337,0.7657,0.5981,0.0001695755832965,0.0002561851072423,0.0001164480734946,0.0001397370337477,83.8,30,5,83.9,r-ewc_sl8_st8_la1000
smd,vlstm,lwf,8,8,B2,,,,,,1.0,2.0,-9.014371375107857e-05,0.0005007869532246,9.014371375107857e-05,0.6965885606616121,0.6966417196370598,0.7659067027397669,5,10,10,0.7498,0.736,0.6342,0.7651,0.5979,0.7498,0.736,0.6336,0.7658,0.5979,0.0001590711348739,0.0002403155864462,0.0001092346719323,0.0001310809145138,78.6,30,5,78.7,r-lwf_sl8_st8_al1.0_te2.0
smd,vlstm,naive,10,10,B2,,,,,,,,-0.0008256365792442,0.0005079464852864,0.0008256365792442,0.696236784229161,0.6960525231156367,0.76586309440662,5,10,10,0.7494,0.737,0.6321,0.7656,0.5971,0.7494,0.7354,0.6326,0.7659,0.5971,0.0001465088064622,0.0002213371380823,0.000100608045025,0.0001207290930572,72.4,33,5,72.4,r-naive_sl10_st10
smd,vlstm,cumulative,10,10,B2,,,,,,,,-0.0006357466788635,0.0010354962515887,0.0006357466788635,0.6967888045949787,0.6963937333207154,0.765763973664098,5,10,10,0.7494,0.7378,0.6332,0.7653,0.5982,0.7495,0.7361,0.6328,0.7654,0.5982,0.0003035062989065,0.0004585199839658,0.0002084186611166,0.0002501013228491,150.1,39,5,150.1,r-cumulative_sl10_st10
smd,vlstm,experts,10,10,B2,,,,,,,,-0.0006625260490119,0.0006877124936788,0.0006625260490119,0.6962142980482573,0.6962024914995723,0.7667339370651249,5,10,10,0.7494,0.7364,0.6342,0.7638,0.5973,0.7493,0.7356,0.6321,0.7667,0.5973,0.0001499615754811,0.0002265533843377,0.0001029790550328,0.0001235743293049,74.1,37,5,74.2,r-experts_sl10_st10
smd,vlstm,random-buffer,10,10,B2,500.0,,,0.5,,,,-0.0366839265952591,0.0001164784482884,0.0366839265952591,0.7191190052064179,0.6947135971639735,0.7850405203788118,5,10,10,0.7494,0.727,0.7275,0.785,0.6066,0.7455,0.7442,0.6132,0.764,0.6066,0.0002150029507235,0.0003248141797172,0.0001476432253457,0.0001771709543714,106.3,39,5,106.3,r-random-buffer_sl10_st10_bu500_re0.5
smd,vlstm,reservoir,10,10,B2,500.0,,,0.5,,,,0.0007321651524401,0.0004809419877595,-0.0007321651524401,0.6955202193681085,0.6971189564050128,0.7712153601805529,5,10,10,0.7494,0.737,0.6322,0.7647,0.5943,0.7503,0.7362,0.6336,0.7712,0.5943,0.0001955040267003,0.0002953563188337,0.0001342532124435,0.0001611031063902,96.7,33,5,96.7,r-reservoir_sl10_st10_bu500_re0.5
smd,vlstm,ewc,10,10,B2,,,,,1000.0,,,-0.0008652293342596,0.0004885036567359,0.0008652293342596,0.6962586007901234,0.6960190189419171,0.7657921682611561,5,10,10,0.7494,0.737,0.6322,0.7656,0.5971,0.7493,0.7353,0.6325,0.7658,0.5971,0.0001645735577774,0.0002486283327402,0.0001130131842005,0.0001356151485396,81.4,33,5,81.4,r-ewc_sl10_st10_la1000
smd,vlstm,lwf,10,10,B2,,,,,,1.0,2.0,-0.0008567571728328,0.0009893383525509,0.0008567571728328,0.69670224468802,0.6962140470250685,0.7657778206987151,5,10,10,0.7494,0.7372,0.6341,0.7657,0.5971,0.7495,0.7356,0.6331,0.7658,0.5971,0.0001576473321389,0.0002381645865836,0.0001082569389461,0.0001299076476374,77.9,33,5,78.0,r-lwf_sl10_st10_al1.0_te2.0
smd,vlstm,naive,12,12,B2,,,,,,,,-0.0004551183932888,0.0004006084145219,0.0004551183932888,0.6966471512972943,0.6963138056308704,0.7660019757699691,5,10,10,0.7494,0.7364,0.6348,0.7654,0.5973,0.7495,0.7354,0.6338,0.7655,0.5973,0.0001390795446102,0.0002101134335412,9.550638368042808e-05,0.0001146070498608,68.8,30,5,68.8,r-naive_sl12_st12
smd,vlstm,cumulative,12,12,B2,,,,,,,,0.0004325474913094,0.0004064610310621,-0.0004325474913094,0.6962449597893757,0.6965574468091287,0.7659517211803425,5,10,10,0.7494,0.7361,0.6325,0.7654,0.5979,0.7498,0.7359,0.6335,0.7657,0.5979,0.0002531064801853,0.0003823788160388,0.0001738089833951,0.0002085698326436,125.1,32,5,125.2,r-cumulative_sl12_st12
smd,vlstm,experts,12,12,B2,,,,,,,,-0.0005503937874163,0.0003942981869552,0.0005503937874163,0.6967005769315369,0.6959964493006507,0.766836262541314,5,10,10,0.7494,0.7361,0.635,0.7668,0.5962,0.749,0.7348,0.6338,0.7662,0.5962,0.000132813316627,0.0002006467741515,9.120332366761028e-05,0.0001094434504839,65.7,30,5,65.7,r-experts_sl12_st12
smd,vlstm,random-buffer,12,12,B2,500.0,,,0.5,,,,-0.0362924911935545,-0.0012978920838325,0.0362924911935545,0.7179564946302955,0.6938105672566349,0.7874322599586593,5,10,10,0.7494,0.7252,0.7257,0.7874,0.6021,0.7447,0.744,0.6136,0.7647,0.6021,0.0001889595285427,0.0002854692647558,0.0001297590921872,0.0001557101725686,93.4,32,5,93.4,r-random-buffer_sl12_st12_bu500_re0.5
smd,vlstm,reservoir,12,12,B2,500.0,,,0.5,,,,0.0007988578139077,-0.0004057243160675,-0.0007988578139077,0.6946348202392079,0.6954262097901819,0.7736971323867303,5,10,10,0.7494,0.7351,0.6324,0.7663,0.5901,0.7486,0.7357,0.6291,0.7737,0.5901,0.0001828378709555,0.0002762210140643,0.0001255553498269,0.0001506656642374,90.4,30,5,90.4,r-reservoir_sl12_st12_bu500_re0.5
smd,vlstm,ewc,12,12,B2,,,,,1000.0,,,-0.0004629058208486,0.0003942623291499,0.0004629058208486,0.6966719321785579,0.6962764275339266,0.7659895913037993,5,10,10,0.7494,0.7364,0.6346,0.7657,0.5973,0.7494,0.7354,0.6337,0.7656,0.5973,0.0001476260277919,0.0002230249722657,0.0001013752379616,0.0001216497343041,73.0,30,5,73.0,r-ewc_sl12_st12_la1000
smd,vlstm,lwf,12,12,B2,,,,,,1.0,2.0,-0.0001500041784934,0.0002939645660709,0.0001500041784934,0.6965586386119523,0.6965474023465654,0.7659530410360951,5,10,10,0.7494,0.7363,0.6344,0.7652,0.5976,0.7499,0.7357,0.6341,0.7655,0.5976,0.000149276127108,0.0002255178480798,0.0001025083728011,0.0001230094752786,73.8,30,5,73.8,r-lwf_sl12_st12_al1.0_te2.0
smd,vlstm,naive,16,16,B2,,,,,,,,-0.0003551572583234,-0.0001809354263176,0.0003551572583234,0.6968797149016273,0.6965208397318564,0.7658057203901902,5,10,10,0.7496,0.7365,0.6343,0.7658,0.5981,0.7497,0.7357,0.6336,0.7655,0.5981,0.0001348724384117,0.0002037575777529,9.261733379551312e-05,0.0001111402439574,66.7,32,5,66.7,r-naive_sl16_st16
smd,vlstm,cumulative,16,16,B2,,,,,,,,-0.0003935742043428,-0.0002659620345451,0.0003935742043428,0.6969683418156138,0.6965291155555621,0.7659416637472366,5,10,10,0.7496,0.7363,0.6347,0.7659,0.5983,0.7497,0.7358,0.6336,0.7653,0.5983,0.0002542827752908,0.0003841558955092,0.0001746167641197,0.0002095391313894,125.7,34,5,125.7,r-cumulative_sl16_st16
smd,vlstm,experts,16,16,B2,,,,,,,,-0.0020123546872295,0.0001588122389718,0.0020123546872295,0.6982782419813944,0.6962035413999874,0.7675587852749215,5,10,10,0.7496,0.7382,0.6374,0.7676,0.5986,0.7495,0.735,0.634,0.7639,0.5986,0.0001411083477688,0.0002131784334939,9.689954259018933e-05,0.0001162788909037,69.8,35,5,69.8,r-experts_sl16_st16
smd,vlstm,random-buffer,16,16,B2,500.0,,,0.5,,,,-0.0335671355208329,-0.0001477316979732,0.0335671355208329,0.7186330075563612,0.6934724752905801,0.7872680315297466,5,10,10,0.7496,0.7268,0.728,0.7873,0.6015,0.7443,0.7424,0.6139,0.7654,0.6015,0.0002055677869656,0.0003105600731285,0.0001411640065987,0.0001693960665298,101.6,40,5,101.6,r-random-buffer_sl16_st16_bu500_re0.5
smd,vlstm,reservoir,16,16,B2,500.0,,,0.5,,,,0.0004223419585836,-0.0012630330476244,-0.0004223419585836,0.6961565744769167,0.6967335819853284,0.7680313971742883,5,10,10,0.7496,0.7347,0.6344,0.766,0.5961,0.7493,0.7342,0.6361,0.768,0.5961,0.0001718949198562,0.0002596890284657,0.0001180407722823,0.0001416482561834,85.0,32,5,85.0,r-reservoir_sl16_st16_bu500_re0.5
smd,vlstm,ewc,16,16,B2,,,,,1000.0,,,-0.0003018153029826,-0.000178893507381,0.0003018153029826,0.6968471547446363,0.6965311760433239,0.76577540463738,5,10,10,0.7496,0.7365,0.6342,0.7658,0.5981,0.7497,0.7357,0.6336,0.7655,0.5981,0.000148266789785,0.0002239929988927,0.0001018152635421,0.0001221777353505,73.3,32,5,73.3,r-ewc_sl16_st16_la1000
smd,vlstm,lwf,16,16,B2,,,,,,1.0,2.0,-0.000354179258779,-0.0003510562075926,0.000354179258779,0.6968653825239629,0.6966432904152108,0.7656219969176037,5,10,10,0.7496,0.7367,0.634,0.7656,0.5984,0.7498,0.7358,0.6338,0.7656,0.5984,0.0001426661901333,0.0002155319327739,9.7969309025858e-05,0.000117562623748,70.5,32,5,70.5,r-lwf_sl16_st16_al1.0_te2.0
smd,vlstm,naive,48,48,B2,,,,,,,,0.0012238001364444,0.0005903100505177,-0.0012238001364444,0.6957331163686145,0.6971831114250123,0.7671114221424402,5,10,10,0.7496,0.7345,0.6322,0.7636,0.5988,0.7503,0.7366,0.6338,0.7664,0.5988,0.0001268978220003,0.0001917099826873,8.714116470008674e-05,0.0001045688179872,62.7,33,5,62.8,r-naive_sl48_st48
smd,vlstm,cumulative,48,48,B2,,,,,,,,0.0004610262706007,0.0010839854580362,-0.0004610262706007,0.6966660060348839,0.696825717434389,0.7669207923858169,5,10,10,0.7496,0.7362,0.6318,0.7669,0.5988,0.75,0.7356,0.6345,0.7652,0.5988,0.0002820129756505,0.000426049098616,0.0001936592023709,0.000232389896245,139.4,45,5,139.4,r-cumulative_sl48_st48
smd,vlstm,experts,48,48,B2,,,,,,,,0.0016985798991122,0.0005326238630554,-0.0016985798991122,0.6950680223416844,0.6971172832343869,0.7671422624145279,5,10,10,0.7496,0.7335,0.632,0.7622,0.598,0.7501,0.7366,0.6338,0.7671,0.598,0.0001428704502489,0.0002158405172919,9.810960520925518e-05,0.0001177309120826,70.6,44,5,70.6,r-experts_sl48_st48
smd,vlstm,random-buffer,48,48,B2,500.0,,,0.5,,,,-0.0129124815101698,0.0005627326985224,0.0129124815101698,0.7050508219012762,0.6943886903619715,0.7793183353894507,5,10,10,0.7496,0.7353,0.6741,0.7793,0.587,0.7445,0.738,0.6238,0.7787,0.587,0.0001992298437207,0.0003009850704168,0.0001368117513898,0.0001641733190269,98.5,45,5,98.5,r-random-buffer_sl48_st48_bu500_re0.5
smd,vlstm,reservoir,48,48,B2,500.0,,,0.5,,,,3.168160556610289e-06,0.0012216758352511,-3.168160556610289e-06,0.6968511224205577,0.6965963158204331,0.7655069103516907,5,10,10,0.7496,0.7348,0.6353,0.7638,0.6008,0.7511,0.738,0.6275,0.7655,0.6008,0.000166205394362,0.0002510936182626,0.0001141337670127,0.0001369598512498,82.2,33,5,82.2,r-reservoir_sl48_st48_bu500_re0.5
smd,vlstm,ewc,48,48,B2,,,,,1000.0,,,0.0011059804004054,0.000604655863025,-0.0011059804004054,0.6958440580672247,0.6971146884670028,0.7670603574095944,5,10,10,0.7496,0.7345,0.6324,0.7639,0.5989,0.7502,0.7365,0.6338,0.7662,0.5989,0.0001375336562589,0.0002077779937016,9.444480787044288e-05,0.0001133331858312,68.0,33,5,68.0,r-ewc_sl48_st48_la1000
smd,vlstm,lwf,48,48,B2,,,,,,1.0,2.0,0.0010802939902649,0.0004920100266207,-0.0010802939902649,0.6957346476433226,0.6970800693757079,0.7671273824096649,5,10,10,0.7496,0.7342,0.633,0.7633,0.5986,0.7502,0.7366,0.6338,0.7662,0.5986,0.0001370473677727,0.0002070433368272,9.411088530000092e-05,0.0001129324515272,67.8,33,5,67.8,r-lwf_sl48_st48_al1.0_te2.0
smd,vlstm,naive,8,4,B3,,,,,,,,-0.0005526033560835,0.0004748918478324,0.0005526033560835,0.6970095806963515,0.6966096662266782,0.766243098270071,5,10,10,0.7497,0.7367,0.6349,0.7658,0.5979,0.7497,0.7359,0.6337,0.7658,0.5979,0.0002303720954623,0.0003480330058984,0.0001581972388874,0.000189835767011,113.9,31,5,113.9,r-naive_sl8_st4
smd,vlstm,cumulative,8,4,B3,,,,,,,,-7.946183131921636e-05,0.0003302667907904,7.946183131921636e-05,0.6965704695107288,0.6964920093564952,0.7658720862771097,5,10,10,0.7497,0.7362,0.6336,0.7656,0.5979,0.7498,0.7359,0.6333,0.7656,0.5979,0.0004772321298685,0.0007209750483717,0.0003277167335049,0.0003932583148668,236.0,30,5,236.0,r-cumulative_sl8_st4
smd,vlstm,experts,8,4,B3,,,,,,,,-0.0006890216726129,0.000304851397166,0.0006890216726129,0.6968279060067435,0.696648823304732,0.7662598317691303,5,10,10,0.7497,0.7369,0.6357,0.7645,0.5974,0.7499,0.736,0.6339,0.766,0.5974,0.0002348661599056,0.0003548223818155,0.0001612832982054,0.0001935390836101,116.1,31,5,116.1,r-experts_sl8_st4
smd,vlstm,random-buffer,8,4,B3,500.0,,,0.5,,,,-0.0356783345246968,-0.0023864208813649,0.0356783345246968,0.7173654654149808,0.6961266325869379,0.7819265682348898,5,10,10,0.7497,0.7239,0.725,0.7819,0.6064,0.7462,0.7449,0.6182,0.765,0.6064,0.0003318953020819,0.000501408468744,0.0002279135531862,0.0002734949155578,164.1,30,5,164.1,r-random-buffer_sl8_st4_bu500_re0.5
smd,vlstm,reservoir,8,4,B3,500.0,,,0.5,,,,0.0003686159953453,0.0001189468264672,-0.0003686159953453,0.6961795976426024,0.6968906505300593,0.7682963664906648,5,10,10,0.7497,0.7368,0.6331,0.7672,0.594,0.7487,0.7329,0.6405,0.7683,0.594,0.0003297874889829,0.0004982241050857,0.0002264660460615,0.0002717580590241,163.1,30,5,163.1,r-reservoir_sl8_st4_bu500_re0.5
smd,vlstm,ewc,8,4,B3,,,,,1000.0,,,-0.0005635398886389,0.0004753726291229,0.0005635398886389,0.6970230314787583,0.6966111606574336,0.7662510931340146,5,10,10,0.7497,0.7368,0.6349,0.7659,0.5979,0.7498,0.7359,0.6337,0.7658,0.5979,0.0002712662608639,0.0004098135756322,0.000186279325982,0.0002235342496501,134.1,31,5,134.1,r-ewc_sl8_st4_la1000
smd,vlstm,lwf,8,4,B3,,,,,,1.0,2.0,-0.0002260247183987,0.0005077601306465,0.0002260247183987,0.6968636474926191,0.6966332408402373,0.7661777491825861,5,10,10,0.7497,0.7365,0.6341,0.766,0.598,0.7498,0.7359,0.6337,0.7658,0.598,0.0002657473459615,0.000401475914168,0.0001824894864577,0.0002189864277102,131.4,31,5,131.4,r-lwf_sl8_st4_al1.0_te2.0
smd,vlstm,naive,12,6,B3,,,,,,,,-0.00028044023531,0.000261670584044,0.00028044023531,0.6966231530151704,0.696552315524217,0.765702636271766,5,10,10,0.7503,0.7364,0.633,0.7656,0.5977,0.7498,0.7359,0.6336,0.7657,0.5977,0.0002134240041659,0.0003224287974274,0.0001465589552076,0.0001758698422197,105.5,31,5,105.5,r-naive_sl12_st6
smd,vlstm,cumulative,12,6,B3,,,,,,,,-0.0002078984165115,0.0004643704719778,0.0002078984165115,0.6966120868322072,0.6964832209345656,0.7661378560015413,5,10,10,0.7503,0.7364,0.6328,0.7658,0.5979,0.7497,0.736,0.6333,0.7656,0.5979,0.0004710059401302,0.0007115688764759,0.0003234411804367,0.0003881276960391,232.9,34,5,232.9,r-cumulative_sl12_st6
smd,vlstm,experts,12,6,B3,,,,,,,,0.0004887447260436,9.11066809676675e-05,-0.0004887447260436,0.6957496052288742,0.6967628616626822,0.7672039289163123,5,10,10,0.7503,0.7369,0.6308,0.7639,0.597,0.75,0.7364,0.6332,0.7672,0.597,0.0002321890209383,0.0003507779131479,0.0001594449050924,0.0001913330080554,114.8,36,5,114.8,r-experts_sl12_st6
smd,vlstm,random-buffer,12,6,B3,500.0,,,0.5,,,,-0.0367181603626809,-0.0027122950411178,0.0367181603626809,0.7185710272364254,0.6955596737335223,0.7843571366956266,5,10,10,0.7503,0.7241,0.7268,0.7844,0.6072,0.7455,0.7438,0.6176,0.7637,0.6072,0.0003586546876389,0.0005418350202877,0.0002462892322335,0.0002955457880541,177.3,38,5,177.3,r-random-buffer_sl12_st6_bu500_re0.5
smd,vlstm,reservoir,12,6,B3,500.0,,,0.5,,,,-0.0003445994969273,0.0001983288146578,0.0003445994969273,0.6963466583328316,0.6958357419673907,0.7681686136495359,5,10,10,0.7503,0.7363,0.6337,0.765,0.5965,0.7501,0.7373,0.6271,0.7682,0.5965,0.0003066463162315,0.0004632637428225,0.0002105749727472,0.0002526887700753,151.6,30,5,151.6,r-reservoir_sl12_st6_bu500_re0.5
smd,vlstm,ewc,12,6,B3,,,,,1000.0,,,-0.000317407445961,0.0002747277882346,0.000317407445961,0.6966856449073427,0.6965701962182569,0.7657202866378339,5,10,10,0.7503,0.7365,0.6332,0.7657,0.5977,0.7499,0.7359,0.6336,0.7657,0.5977,0.0002448421208014,0.0003698934938367,0.000168133855849,0.0002017596379877,121.1,31,5,121.1,r-ewc_sl12_st6_la1000
smd,vlstm,lwf,12,6,B3,,,,,,1.0,2.0,-0.0004671358969295,0.0002531981560235,0.0004671358969295,0.6967334276690551,0.6964859830613432,0.765587833162898,5,10,10,0.7503,0.7365,0.6335,0.7656,0.5978,0.7497,0.7358,0.6335,0.7656,0.5978,0.0002352579645078,0.0003554142978337,0.0001615523649884,0.0001938619328453,116.3,31,5,116.3,r-lwf_sl12_st6_al1.0_te2.0
smd,vlstm,naive,48,24,B3,,,,,,,,4.6681093776523855e-05,0.0008603704599951,-4.6681093776523855e-05,0.6966082396796873,0.6967590986765237,0.7664889554761285,5,10,10,0.7496,0.7358,0.6348,0.7647,0.5982,0.7498,0.7358,0.6339,0.766,0.5982,0.0001924111175905,0.0002906837283783,0.0001321293212964,0.0001585544070818,95.1,32,5,95.1,r-naive_sl48_st24
smd,vlstm,cumulative,48,24,B3,,,,,,,,0.0003745040764305,0.0007750587230918,-0.0003745040764305,0.69660156447387,0.696644582990621,0.7665873351589353,5,10,10,0.7496,0.735,0.6327,0.7664,0.5993,0.7498,0.7359,0.633,0.7651,0.5993,0.0005001221250271,0.0007555559458718,0.0003434354042815,0.0004121205415902,247.3,45,5,247.3,r-cumulative_sl48_st24
smd,vlstm,experts,48,24,B3,,,,,,,,0.0003812172822795,0.0007506722179868,-0.0003812172822795,0.6964464131682413,0.6969724511873461,0.7666158930721985,5,10,10,0.7496,0.7349,0.6346,0.7647,0.5984,0.7499,0.736,0.6341,0.7665,0.5984,0.0002168879576259,0.0003276619404978,0.000148937700985,0.0001787242395128,107.2,40,5,107.2,r-experts_sl48_st24
smd,vlstm,random-buffer,48,24,B3,500.0,,,0.5,,,,-0.0306792389349727,0.0007338421429124,0.0306792389349727,0.7160379938553504,0.6923758485309197,0.7876842959401429,5,10,10,0.7496,0.7276,0.7196,0.7877,0.5958,0.7425,0.7405,0.6143,0.7688,0.5958,0.0003840485891224,0.000580198676472,0.000263727352027,0.000316471324445,189.9,50,5,189.9,r-random-buffer_sl48_st24_bu500_re0.5
smd,vlstm,reservoir,48,24,B3,500.0,,,0.5,,,,-0.0009524420689911,0.002072070125013,0.0009524420689911,0.6977260773045624,0.6963447591875467,0.7681393202076275,5,10,10,0.7496,0.7364,0.6314,0.7677,0.6036,0.7498,0.7387,0.6239,0.7657,0.6036,0.0002729246874921,0.0004123190318738,0.00018741823507,0.0002249007968038,134.9,32,5,135.0,r-reservoir_sl48_st24_bu500_re0.5
smd,vlstm,ewc,48,24,B3,,,,,1000.0,,,-7.275374531586775e-05,0.000886692672262,7.275374531586775e-05,0.6967652623969942,0.6967430150595024,0.7665010928600079,5,10,10,0.7496,0.7358,0.635,0.765,0.5985,0.7499,0.7358,0.6338,0.7658,0.5985,0.0002093901907086,0.0003163347424163,0.0001437888851272,0.000172545857289,103.5,32,5,103.5,r-ewc_sl48_st24_la1000
smd,vlstm,lwf,48,24,B3,,,,,,1.0,2.0,4.082334044606117e-05,0.0007121674477311,-4.082334044606117e-05,0.6965864905625312,0.6966637922482847,0.7657855124514747,5,10,10,0.7496,0.7368,0.6332,0.7651,0.5983,0.7497,0.7357,0.6338,0.7658,0.5983,0.0002065389537463,0.00031202725644,0.0001418309390072,0.0001701963174327,102.1,32,5,102.1,r-lwf_sl48_st24_al1.0_te2.0
smd,vtcn,naive,24,12,B1,,,,,,,,-0.0005673764076641,0.0021059470110615,0.0005673764076641,0.6966982481824591,0.6967131090234225,0.7663181839983534,5,10,10,0.7514,0.7378,0.6331,0.7612,0.6,0.75,0.7357,0.6339,0.764,0.6,0.0001476196727286,0.0002230153713989,0.0001013709065381,0.0001216444648608,73.0,36,5,73.0,r-naive_sl24_st12
smd,vtcn,cumulative,24,12,B1,,,,,,,,-0.001948841740563,0.0028471176776865,0.001948841740563,0.6974439526351242,0.6965419492878658,0.7702385504582504,5,10,10,0.7514,0.7354,0.6419,0.7675,0.591,0.7488,0.7313,0.6414,0.7702,0.591,0.0002841194526314,0.0004292314437436,0.0001951057006908,0.0002341257430527,140.5,46,5,140.5,r-cumulative_sl24_st12
smd,vtcn,experts,24,12,B1,,,,,,,,4.675273522140033e-05,0.0025865974452097,-4.675273522140033e-05,0.6946956663042505,0.6964855570404102,0.7715711341640026,5,10,10,0.7514,0.7349,0.6359,0.7544,0.5969,0.7479,0.7361,0.6299,0.7716,0.5969,0.0001580674197238,0.0002387992309168,0.0001085454305,0.0001302538004168,78.2,43,5,78.2,r-experts_sl24_st12
smd,vtcn,random-buffer,24,12,B1,500.0,,,0.5,,,,-0.0351656407187187,-0.0007041828091346,0.0351656407187187,0.7171163210091267,0.6943769454736545,0.7869855996759473,5,10,10,0.7514,0.7239,0.723,0.787,0.6003,0.7452,0.7432,0.6167,0.7665,0.6003,0.000180753300254,0.0002730717636926,0.0001241238551511,0.0001489479085414,89.4,41,5,89.4,r-random-buffer_sl24_st12_bu500_re0.5
smd,vtcn,random-buffer,24,12,B1,100.0,,,0.5,,,,-0.0361827470877132,-0.0049426278435387,0.0361827470877132,0.7138004553290969,0.6953970181931745,0.7838462199928969,5,10,10,0.7514,0.7162,0.7163,0.7838,0.6013,0.7464,0.7465,0.618,0.7649,0.6013,0.0001810818501546,0.0002735681181199,0.0001243494458302,0.0001492186722896,89.5,36,5,89.5,r-random-buffer_sl24_st12_bu100_re0.5
smd,vtcn,random-buffer,24,12,B1,250.0,,,0.5,,,,-0.0372939009961029,-0.0021394803161199,0.0372939009961029,0.7176533877971453,0.6956554734128462,0.7849396988468902,5,10,10,0.7514,0.7231,0.7238,0.7849,0.6051,0.7461,0.7453,0.617,0.7648,0.6051,0.0002104526993394,0.0003179399197786,0.0001445185149877,0.0001734214047909,104.1,44,5,104.1,r-random-buffer_sl24_st12_bu250_re0.5
smd,vtcn,random-buffer,24,12,B1,1000.0,,,0.5,,,,-0.0304535511128339,0.0016405965619627,0.0304535511128339,0.7161204963549607,0.6927318460404639,0.7883724597448999,5,10,10,0.7514,0.7267,0.721,0.7884,0.5932,0.7433,0.7413,0.6157,0.7701,0.5932,0.0002174731262013,0.0003285459797641,0.0001493394976837,0.0001792064820804,107.5,50,5,107.5,r-random-buffer_sl24_st12_bu1000_re0.5
smd,vtcn,random-buffer,24,12,B1,2000.0,,,0.5,,,,-0.0130554543186609,0.0010435526867916,0.0130554543186609,0.7037710895591938,0.6940467999860802,0.7808975216013732,5,10,10,0.7514,0.737,0.6725,0.7768,0.5811,0.7441,0.7376,0.6265,0.7809,0.5811,0.0001843343737144,0.0002784818449712,0.000126582995599,0.0001518988493721,91.1,40,5,91.2,r-random-buffer_sl24_st12_bu2000_re0.5
smd,vtcn,random-buffer,24,12,B1,4000.0,,,0.5,,,,-0.0034459398295112,-0.0001380428845746,0.0034459398295112,0.698070366303913,0.6958559538761223,0.7799449562813199,5,10,10,0.7514,0.7353,0.6493,0.7704,0.584,0.7457,0.7364,0.6333,0.7799,0.584,0.0002013540503432,0.0003041942004744,0.0001382704340846,0.0001659237663897,99.6,43,5,99.6,r-random-buffer_sl24_st12_bu4000_re0.5
smd,vtcn,random-buffer,24,12,B1,500.0,,,0.3,,,,-0.022958707104787,0.0032423450713625,0.022958707104787,0.7145374067306192,0.6966668590984059,0.7831399321833232,5,10,10,0.7514,0.7283,0.7104,0.7831,0.5994,0.748,0.7427,0.6218,0.7714,0.5994,0.0001621119502198,0.000244909476618,0.0001113228071733,0.0001335866694447,80.2,44,5,80.2,r-random-buffer_sl24_st12_bu500_re0.3
smd,vtcn,random-buffer,24,12,B1,500.0,,,0.7,,,,-0.0442456431786139,-0.0066948867085213,0.0442456431786139,0.7140498382923767,0.689593757523536,0.7913297939958862,5,10,10,0.7514,0.7163,0.7111,0.7913,0.6002,0.7417,0.7437,0.6065,0.756,0.6002,0.000243588568363,0.0003679996983999,0.0001672730527753,0.0002007266456245,120.4,36,5,120.4,r-random-buffer_sl24_st12_bu500_re0.7
smd,vtcn,reservoir,24,12,B1,500.0,,,0.5,,,,0.0017239333418367,-0.0004082865419048,-0.0017239333418367,0.6939264258663231,0.6954657427890936,0.7735614279556169,5,10,10,0.7514,0.7247,0.635,0.7679,0.5907,0.7482,0.7357,0.6292,0.7736,0.5907,0.0001836769971251,0.0002774887179611,0.0001261315799758,0.0001513571379853,90.8,41,5,90.8,r-reservoir_sl24_st12_bu500_re0.5
smd,vtcn,reservoir,24,12,B1,100.0,,,0.5,,,,0.0008466161103367,-0.0007091107572002,-0.0008466161103367,0.6943910952225993,0.6953111901111064,0.7745940230537798,5,10,10,0.7514,0.7334,0.6362,0.7665,0.5845,0.7506,0.7337,0.6332,0.7746,0.5845,0.0001680202383926,0.0002538353809832,0.0001153800200819,0.0001384553609012,83.1,32,5,83.1,r-reservoir_sl24_st12_bu100_re0.5
smd,vtcn,reservoir,24,12,B1,250.0,,,0.5,,,,0.0022098886587904,-0.0001900971368549,-0.0022098886587904,0.6932102337698858,0.6953698684962393,0.7693680487923842,5,10,10,0.7514,0.7344,0.6254,0.7638,0.591,0.7497,0.7356,0.6312,0.7694,0.591,0.0001578924737812,0.0002385349325774,0.0001084252662601,0.0001301096663173,78.1,32,5,78.1,r-reservoir_sl24_st12_bu250_re0.5
smd,vtcn,reservoir,24,12,B1,1000.0,,,0.5,,,,-0.0001972980078753,0.0018189085116218,0.0001972980078753,0.6962493243196726,0.6959486191030158,0.7694667107145083,5,10,10,0.7514,0.7342,0.6326,0.7678,0.5952,0.7501,0.7361,0.6289,0.7695,0.5952,0.0001792016963887,0.0002707276891809,0.0001230583429989,0.0001476693461819,88.6,36,5,88.6,r-reservoir_sl24_st12_bu1000_re0.5
smd,vtcn,reservoir,24,12,B1,2000.0,,,0.5,,,,-3.821404949424512e-05,0.0013490398895932,3.821404949424512e-05,0.6956951066093444,0.6957717458876438,0.7671387961986229,5,10,10,0.7514,0.7342,0.6316,0.7638,0.5975,0.7501,0.7363,0.6279,0.7671,0.5975,0.0001985028188316,0.0002998867227328,0.0001363124925927,0.00016357423014,98.1,40,5,98.2,r-reservoir_sl24_st12_bu2000_re0.5
smd,vtcn,reservoir,24,12,B1,4000.0,,,0.5,,,,-0.0007200634130902,0.0018958773112016,0.0007200634130902,0.6968283807822064,0.6959038735919012,0.7670819233978764,5,10,10,0.7514,0.7357,0.634,0.7655,0.5976,0.7505,0.7368,0.6276,0.7671,0.5976,0.0001949138935238,0.0002944647793316,0.0001338479887732,0.0001606167905583,96.4,42,5,96.4,r-reservoir_sl24_st12_bu4000_re0.5
smd,vtcn,reservoir,24,12,B1,500.0,,,0.3,,,,-0.0003340096862564,0.0016427336680273,0.0003340096862564,0.6960219236373162,0.6955214430448329,0.7697665992510672,5,10,10,0.7514,0.7345,0.6316,0.7691,0.5936,0.7491,0.7354,0.6298,0.7698,0.5936,0.0001485544058263,0.0002244275127828,0.0001020127513892,0.0001224147613936,73.4,36,5,73.5,r-reservoir_sl24_st12_bu500_re0.3
smd,vtcn,reservoir,24,12,B1,500.0,,,0.7,,,,-0.00105992927066,0.0010009661189532,0.00105992927066,0.695109166666463,0.6945444536448042,0.7788328993757607,5,10,10,0.7514,0.734,0.6384,0.7686,0.5832,0.7469,0.7334,0.6303,0.7788,0.5832,0.0002442497085071,0.0003689985111737,0.0001677270527728,0.0002012714584008,120.8,37,5,120.8,r-reservoir_sl24_st12_bu500_re0.7
smd,vtcn,ewc,24,12,B1,,,,,1000.0,,,-0.0014932368435818,0.002098258537441,0.0014932368435818,0.6980012472641731,0.6963996471161449,0.7702723961035112,5,10,10,0.7514,0.7371,0.6328,0.7703,0.5984,0.7494,0.735,0.6338,0.7655,0.5984,0.0001525775787972,0.0002305054927548,0.0001047755150467,0.0001257299777081,75.4,32,5,75.4,r-ewc_sl24_st12_la1000
smd,vtcn,ewc,24,12,B1,,,,,100.0,,,-0.0005873199937857,0.0022125353433448,0.0005873199937857,0.6966818487587625,0.6966678871849643,0.767458404137419,5,10,10,0.7514,0.7372,0.6338,0.7604,0.6006,0.7499,0.7356,0.6339,0.7633,0.6006,0.000137499148788,0.0002077258617852,9.442109595078768e-05,0.0001133047658344,68.0,36,5,68.0,r-ewc_sl24_st12_la100
smd,vtcn,ewc,24,12,B1,,,,,500.0,,,-0.0008022043432856,0.0024363306224435,0.0008022043432856,0.6970540007287698,0.696661013179006,0.7679933189550916,5,10,10,0.7514,0.7374,0.634,0.7611,0.6014,0.7499,0.7357,0.6337,0.7625,0.6014,0.0001582862310604,0.0002391297985884,0.0001086956803221,0.0001304341182663,78.3,36,5,78.3,r-ewc_sl24_st12_la500
smd,vtcn,ewc,24,12,B1,,,,,5000.0,,,-0.001463747313999,0.002079840998607,0.001463747313999,0.6977334690283304,0.6963909041017189,0.7701177890661386,5,10,10,0.7514,0.7367,0.6327,0.7701,0.5978,0.7495,0.7354,0.6338,0.7654,0.5978,0.0001527745743114,0.0002308031023278,0.0001049108130197,0.000125892289308,75.5,32,5,75.5,r-ewc_sl24_st12_la5000
smd,vtcn,ewc,24,12,B1,,,,,10000.0,,,-0.0017765302617362,0.0021995213264657,0.0017765302617362,0.6982596277183649,0.6966519229643715,0.7681621441926506,5,10,10,0.7514,0.7364,0.6362,0.7682,0.5991,0.7497,0.7361,0.633,0.7653,0.5991,0.0001314747509666,0.0001986245455936,9.028413385644349e-05,0.0001083404117372,65.0,32,5,65.0,r-ewc_sl24_st12_la10000
smd,vtcn,lwf,24,12,B1,,,,,,1.0,2.0,-0.0009409132555541,0.0017294897908747,0.0009409132555541,0.6972736242269094,0.6965530300456421,0.7684058036286048,5,10,10,0.7514,0.7372,0.6326,0.7684,0.5967,0.7491,0.736,0.6327,0.7683,0.5967,0.0001476482834418,0.0002230585948306,0.00010139052587,0.0001216680689606,73.0,38,5,73.0,r-lwf_sl24_st12_al1.0_te2.0
smd,vtcn,lwf,24,12,B1,,,,,,0.5,2.0,-0.0009508269919103,0.0009628478502451,0.0009508269919103,0.6967433914681378,0.6961794855737143,0.7707914293781942,5,10,10,0.7514,0.7365,0.6293,0.7708,0.5957,0.7486,0.7356,0.6325,0.7685,0.5957,0.0001497751153113,0.0002262716909614,0.0001028510198501,0.0001234206711112,74.1,35,5,74.1,r-lwf_sl24_st12_al0.5_te2.0
smd,vtcn,lwf,24,12,B1,,,,,,2.0,2.0,-0.0009313941942091,0.00168922954137,0.0009313941942091,0.6973382879699176,0.6967075664085491,0.7694157961970055,5,10,10,0.7514,0.7367,0.6324,0.7694,0.5968,0.7492,0.7361,0.6329,0.7685,0.5968,0.0001603976703702,0.000242319640519,0.0001101456032975,0.0001321740372215,79.3,35,5,79.3,r-lwf_sl24_st12_al2.0_te2.0
smd,vtcn,lwf,24,12,B1,,,,,,1.0,1.0,-0.0011506430563654,0.0007653229462163,0.0011506430563654,0.6967438211621512,0.6958912200841776,0.7701346523870751,5,10,10,0.7514,0.7368,0.6322,0.7701,0.5932,0.7486,0.7352,0.6327,0.7697,0.5932,0.0001581840312253,0.0002389754009139,0.000108625498553,0.0001303499023608,78.2,32,5,78.2,r-lwf_sl24_st12_al1.0_te1.0
smd,vtcn,lwf,24,12,B1,,,,,,1.0,4.0,-0.0009438887088252,0.0015620556372406,0.0009438887088252,0.6971201382113207,0.6963965241944676,0.7691947311769461,5,10,10,0.7514,0.7376,0.6308,0.7692,0.5966,0.7492,0.7358,0.633,0.7674,0.5966,0.00016752148634,0.0002530818948645,0.0001150376152796,0.0001380442795848,82.8,38,5,82.8,r-lwf_sl24_st12_al1.0_te4.0
smd,vtcn,naive,6,6,B2,,,,,,,,-0.0041503962255314,-0.0019932997035824,0.0041503962255314,0.6991983866620682,0.694855464859971,0.7690195122119301,5,10,10,0.7484,0.7389,0.6454,0.769,0.5943,0.7479,0.7319,0.6359,0.7644,0.5943,0.0001607577750689,0.0002428636661332,0.0001103928953693,0.0001324707707638,79.5,31,5,79.5,r-naive_sl6_st6
smd,vtcn,cumulative,6,6,B2,,,,,,,,0.0026313499914207,-0.0034602836414531,-0.0026313499914207,0.693959282320217,0.6967647511750281,0.7666516287855714,5,10,10,0.7484,0.7351,0.6308,0.7575,0.598,0.7507,0.7379,0.6307,0.7667,0.598,0.0003030461333309,0.0004578247920929,0.0002081027589693,0.0002497220331236,149.8,35,5,149.8,r-cumulative_sl6_st6
smd,vtcn,experts,6,6,B2,,,,,,,,-0.0043933727992222,-0.0019118541499736,0.0043933727992222,0.7002000656424132,0.6950175622206206,0.7744428941608699,5,10,10,0.7484,0.7379,0.6454,0.7744,0.5948,0.7478,0.732,0.6368,0.7637,0.5948,0.0001808885825996,0.0002732761405347,0.0001242167601859,0.0001490593803487,89.4,32,5,89.4,r-experts_sl6_st6
smd,vtcn,random-buffer,6,6,B2,500.0,,,0.5,,,,-0.0368891027899163,-0.0084282260428536,0.0368891027899163,0.714224538504227,0.6953997873646868,0.7857597674180484,5,10,10,0.7484,0.7208,0.7155,0.7858,0.6006,0.7466,0.7447,0.6198,0.7653,0.6006,0.0002108939542455,0.0003186065424919,0.000144821521588,0.0001737850209038,104.3,31,5,104.3,r-random-buffer_sl6_st6_bu500_re0.5
smd,vtcn,reservoir,6,6,B2,500.0,,,0.5,,,,0.000388843326899,-0.0036968600864984,-0.000388843326899,0.6947819564270095,0.6950533364827982,0.7690365324009684,5,10,10,0.7484,0.7299,0.6383,0.7635,0.5938,0.7497,0.7367,0.6277,0.7673,0.5938,0.0001950446352753,0.0002946622965034,0.0001339377386573,0.0001607245578461,96.4,31,5,96.4,r-reservoir_sl6_st6_bu500_re0.5
smd,vtcn,ewc,6,6,B2,,,,,1000.0,,,-0.0032623139535389,-0.0020693981702153,0.0032623139535389,0.698587975331961,0.6951377744163107,0.7678178619833006,5,10,10,0.7484,0.7388,0.6432,0.7678,0.5947,0.7482,0.7327,0.6355,0.7645,0.5947,0.0001563980404319,0.0002362772280164,0.0001073990418381,0.0001288781861782,77.3,31,5,77.3,r-ewc_sl6_st6_la1000
smd,vtcn,lwf,6,6,B2,,,,,,1.0,2.0,0.001451848259767,-0.0019584019056568,-0.001451848259767,0.6965905080858649,0.6978140788052485,0.7678425822324362,5,10,10,0.7484,0.7302,0.6339,0.7675,0.603,0.7506,0.736,0.6348,0.7646,0.603,0.0001618802707969,0.0002445594685765,0.0001111636953117,0.0001333957732647,80.0,33,5,80.0,r-lwf_sl6_st6_al1.0_te2.0
smd,vtcn,naive,8,8,B2,,,,,,,,-0.0032467835670462,-0.0012715856034966,0.0032467835670462,0.6974643225225379,0.6960802570844535,0.7690723388975007,5,10,10,0.7524,0.7304,0.646,0.7642,0.5944,0.7493,0.7356,0.6329,0.7682,0.5944,0.0001329105549468,0.000200793676252,9.127010486230978e-05,0.0001095235713897,65.7,32,5,65.7,r-naive_sl8_st8
smd,vtcn,cumulative,8,8,B2,,,,,,,,-0.0028902619706671,-0.0010558662380155,0.0028902619706671,0.6979973567095097,0.6957747976248287,0.7679014348168112,5,10,10,0.7524,0.7356,0.6431,0.7631,0.5958,0.7493,0.7351,0.6331,0.7656,0.5958,0.0002926111118509,0.0004420601575568,0.0002009370122091,0.0002411231453476,144.7,41,5,144.7,r-cumulative_sl8_st8
smd,vtcn,experts,8,8,B2,,,,,,,,-0.0027543890979056,-0.0017616980297439,0.0027543890979056,0.6958377047647616,0.6948022556350729,0.7734144939321174,5,10,10,0.7524,0.7321,0.6477,0.7607,0.5863,0.7473,0.7342,0.6328,0.7734,0.5863,0.0001603091591956,0.0002421859228911,0.0001100848258097,0.0001321010970813,79.3,38,5,79.3,r-experts_sl8_st8
smd,vtcn,random-buffer,8,8,B2,500.0,,,0.5,,,,-0.0357277663482422,-0.0027768121324561,0.0357277663482422,0.7189977598705293,0.6956812975133523,0.780901383802223,5,10,10,0.7524,0.723,0.7277,0.7809,0.6109,0.7456,0.7444,0.6144,0.7632,0.6109,0.0001806359913644,0.0002728945401215,0.0001240433403963,0.0001488511997251,89.3,33,5,89.3,r-random-buffer_sl8_st8_bu500_re0.5
smd,vtcn,reservoir,8,8,B2,500.0,,,0.5,,,,-0.0002373185727575,-0.0016144019636736,0.0002373185727575,0.6966105108119816,0.6969705499858231,0.7670263217696787,5,10,10,0.7524,0.7369,0.6325,0.7653,0.596,0.7486,0.7325,0.6408,0.767,0.596,0.0002063776091677,0.0003117835062646,0.0001417201454298,0.0001700633608348,102.0,37,5,102.0,r-reservoir_sl8_st8_bu500_re0.5
smd,vtcn,ewc,8,8,B2,,,,,1000.0,,,-0.0041357691543484,-0.0009309836975171,0.0041357691543484,0.6981844960233256,0.6959668232192282,0.7693901536716166,5,10,10,0.7524,0.7319,0.6483,0.7639,0.5944,0.7491,0.7349,0.6342,0.7673,0.5944,0.0001445927125743,0.0002184424128592,9.929225619416684e-05,0.0001191501566651,71.5,32,5,71.5,r-ewc_sl8_st8_la1000
smd,vtcn,lwf,8,8,B2,,,,,,1.0,2.0,-0.0009886161901755,-0.0019098263363528,0.0009886161901755,0.6964970936140672,0.6967693947147261,0.7693257728389665,5,10,10,0.7524,0.7338,0.6338,0.7673,0.5953,0.7496,0.736,0.6336,0.7693,0.5953,0.0001615290882165,0.000244028921989,0.000110922532407,0.000133106389582,79.9,32,5,79.9,r-lwf_sl8_st8_al1.0_te2.0
smd,vtcn,naive,10,10,B2,,,,,,,,-0.0003626416246914,0.0012981435592278,0.0003626416246914,0.6955764672520626,0.6963304321312173,0.7682010598733493,5,10,10,0.7481,0.7346,0.636,0.7632,0.5958,0.7493,0.7361,0.6322,0.7682,0.5958,0.000139980578126,0.0002114746635213,9.61251098390979e-05,0.0001153495536822,69.2,37,5,69.2,r-naive_sl10_st10
smd,vtcn,cumulative,10,10,B2,,,,,,,,0.0016677664877585,0.0003085789203797,-0.0016677664877585,0.6927065774742484,0.6934914878245866,0.7748544517845632,5,10,10,0.7481,0.7369,0.628,0.7665,0.584,0.7443,0.7255,0.6388,0.7749,0.584,0.000251482550441,0.0003799254757194,0.0001726938335664,0.0002072316421529,124.3,42,5,124.3,r-cumulative_sl10_st10
smd,vtcn,experts,10,10,B2,,,,,,,,0.0019588578454987,0.0006583568343172,-0.0019588578454987,0.6920172532349312,0.6953676710102433,0.7663818035658153,5,10,10,0.7481,0.7346,0.6308,0.7496,0.5969,0.7483,0.7347,0.6319,0.765,0.5969,0.0001385061528189,0.0002092471859679,9.511260624793877e-05,0.0001141345797199,68.5,43,5,68.5,r-experts_sl10_st10
smd,vtcn,random-buffer,10,10,B2,500.0,,,0.5,,,,-0.0369387658656914,0.0019232277415112,0.0369387658656914,0.7198634913810786,0.6946597253014483,0.7875501641836781,5,10,10,0.7481,0.7269,0.7269,0.7876,0.6098,0.745,0.7437,0.6113,0.7635,0.6098,0.0001891422179971,0.0002857452615505,0.0001298846596075,0.0001558606019429,93.5,36,5,93.5,r-random-buffer_sl10_st10_bu500_re0.5
smd,vtcn,reservoir,10,10,B2,500.0,,,0.5,,,,0.0015181116282864,0.0015181263063546,-0.0015181116282864,0.695382229437435,0.6972247308675164,0.7713738299952428,5,10,10,0.7481,0.7358,0.6305,0.7675,0.595,0.7502,0.7359,0.6337,0.7714,0.595,0.0001813296625208,0.0002739424988909,0.0001245196670164,0.0001494228318744,89.7,37,5,89.7,r-reservoir_sl10_st10_bu500_re0.5
smd,vtcn,ewc,10,10,B2,,,,,1000.0,,,-0.001184540304416,0.0019606124018327,0.001184540304416,0.6971211770584237,0.6965698387878378,0.7694679147352312,5,10,10,0.7481,0.7364,0.6347,0.7695,0.597,0.7493,0.7361,0.6328,0.7677,0.597,0.0001460371842152,0.0002206246381245,0.0001002841600682,0.0001203404780562,72.2,35,5,72.2,r-ewc_sl10_st10_la1000
smd,vtcn,lwf,10,10,B2,,,,,,1.0,2.0,-0.0013984937922113,0.0021714209091097,0.0013984937922113,0.6968995371871552,0.6957731629896691,0.7693491516575552,5,10,10,0.7481,0.7361,0.6369,0.7693,0.594,0.7487,0.7347,0.633,0.7685,0.594,0.0001554630417291,0.0002348646853714,0.0001067569745368,0.0001281077108345,76.9,34,5,76.9,r-lwf_sl10_st10_al1.0_te2.0
smd,vtcn,naive,12,12,B2,,,,,,,,0.0006435144363221,-0.0011285032573732,-0.0006435144363221,0.6934650131068711,0.6961845859151616,0.7663268577225304,5,10,10,0.7501,0.7373,0.6309,0.7505,0.5984,0.7488,0.7354,0.632,0.7663,0.5984,0.0001083314323216,0.0001636609414369,7.439154247856802e-05,8.926939895842226e-05,53.6,31,5,53.6,r-naive_sl12_st12
smd,vtcn,cumulative,12,12,B2,,,,,,,,-0.0017389238933948,0.0009426701815595,0.0017389238933948,0.6975643367936477,0.6980929199960754,0.7672916993238557,5,10,10,0.7501,0.7342,0.6397,0.7653,0.5985,0.7507,0.7375,0.6373,0.7664,0.5985,0.0002279956647916,0.0003444428301526,0.0001565653586249,0.0001878774715277,112.7,37,5,112.7,r-cumulative_sl12_st12
smd,vtcn,experts,12,12,B2,,,,,,,,-0.001434469732941,-0.0013894547329876,0.001434469732941,0.6972719841716446,0.6956391925314649,0.7689080844718716,5,10,10,0.7501,0.7368,0.6354,0.7689,0.5951,0.7486,0.7342,0.6342,0.7661,0.5951,0.0001304669138691,0.0001971019628616,8.959204577646841e-05,0.0001075099170852,64.5,35,5,64.5,r-experts_sl12_st12
smd,vtcn,random-buffer,12,12,B2,500.0,,,0.5,,,,-0.0353979096100316,-0.0033637770430459,0.0353979096100316,0.7176256909729103,0.6934148611882317,0.7871467410811437,5,10,10,0.7501,0.7244,0.7245,0.7871,0.6019,0.7448,0.7441,0.6119,0.7644,0.6019,0.0001770125656487,0.0002674204754742,0.0001215550736685,0.0001458654018056,87.5,34,5,87.5,r-random-buffer_sl12_st12_bu500_re0.5
smd,vtcn,reservoir,12,12,B2,500.0,,,0.5,,,,-0.0004224455079415,-0.0027752250475016,0.0004224455079415,0.6951657490693312,0.6946648303968228,0.7732462177329144,5,10,10,0.7501,0.7341,0.6342,0.768,0.5894,0.7482,0.7349,0.6276,0.7732,0.5894,0.0001513023051568,0.0002285788821663,0.0001038997919563,0.0001246790902099,74.8,31,5,74.8,r-reservoir_sl12_st12_bu500_re0.5
smd,vtcn,ewc,12,12,B2,,,,,1000.0,,,-0.0001208911323656,-0.0008378163093884,0.0001208911323656,0.6965579188285277,0.6965781175122137,0.767025391379558,5,10,10,0.7501,0.7372,0.6305,0.7662,0.5988,0.749,0.7361,0.632,0.767,0.5988,0.0001277887752766,0.0001930559840173,8.77529681136366e-05,0.0001053030159037,63.2,31,5,63.2,r-ewc_sl12_st12_la1000
smd,vtcn,lwf,12,12,B2,,,,,,1.0,2.0,-0.0007801956980432,-0.00242674897779,0.0007801956980432,0.6964803938734895,0.6964574176031982,0.766885489374412,5,10,10,0.7501,0.7377,0.6315,0.7669,0.5962,0.7494,0.7354,0.6345,0.7668,0.5962,0.0001354111777093,0.0002045714743179,9.298727980349214e-05,0.0001115841945144,67.0,31,5,67.0,r-lwf_sl12_st12_al1.0_te2.0
smd,vtcn,naive,16,16,B2,,,,,,,,-0.0032636880823001,0.0002292727444228,0.0032636880823001,0.6989917193294608,0.6961432399901767,0.7691935307931292,5,10,10,0.7493,0.7397,0.6401,0.7692,0.5967,0.7495,0.7346,0.6343,0.7656,0.5967,0.0001159387973797,0.0001751537141307,7.961555607487552e-05,9.553815805586056e-05,57.3,40,5,57.3,r-naive_sl16_st16
smd,vtcn,cumulative,16,16,B2,,,,,,,,-0.0004732376514639,0.0002117698299547,0.0004732376514639,0.697408475758887,0.6973462005803073,0.7675160699598508,5,10,10,0.7493,0.739,0.634,0.7628,0.6019,0.7501,0.7359,0.6366,0.7622,0.6019,0.0002181631782509,0.0003295884709937,0.0001498133547448,0.0001797751162488,107.9,47,5,107.9,r-cumulative_sl16_st16
smd,vtcn,experts,16,16,B2,,,,,,,,-0.0031595797566089,-0.0001448389688975,0.0031595797566089,0.6976191697978665,0.6950637040981487,0.7675160699598508,5,10,10,0.7493,0.7394,0.6404,0.7623,0.5966,0.7483,0.7333,0.6333,0.7638,0.5966,0.0001456844351492,0.0002200917249801,0.0001000419515068,0.0001200497734732,72.0,52,5,72.0,r-experts_sl16_st16
smd,vtcn,random-buffer,16,16,B2,500.0,,,0.5,,,,-0.0336108226904137,-0.0006589648007582,0.0336108226904137,0.7181673619930138,0.6929266436363773,0.7857032354513565,5,10,10,0.7493,0.7264,0.7279,0.7857,0.6016,0.7439,0.7428,0.6116,0.7647,0.6016,0.0001325412500208,0.0002002357514598,9.101649270936228e-05,0.0001092192587504,65.5,39,5,65.5,r-random-buffer_sl16_st16_bu500_re0.5
smd,vtcn,reservoir,16,16,B2,500.0,,,0.5,,,,-0.0006794053211545,-0.001154977193419,0.0006794053211545,0.69736312852299,0.6967992690367961,0.7691983033935716,5,10,10,0.7493,0.7349,0.6388,0.7683,0.5955,0.7492,0.7345,0.6356,0.7692,0.5955,0.000154293751099,0.0002330981878624,0.000105954042652,0.0001271441452104,76.3,40,5,76.3,r-reservoir_sl16_st16_bu500_re0.5
smd,vtcn,ewc,16,16,B2,,,,,1000.0,,,-0.0019051231758374,-0.0002291374022184,0.0019051231758374,0.6979576502524806,0.6964741662997136,0.7680381935304739,5,10,10,0.7493,0.7361,0.6396,0.768,0.5967,0.7497,0.7353,0.6343,0.7664,0.5967,0.000108591368845,0.0001640536386923,7.457004056777806e-05,8.948359812454631e-05,53.7,35,5,53.7,r-ewc_sl16_st16_la1000
smd,vtcn,lwf,16,16,B2,,,,,,1.0,2.0,-0.0014034741221489,0.0008950401461779,0.0014034741221489,0.6984252911386774,0.6963786196076038,0.7704442145479564,5,10,10,0.7493,0.7389,0.6348,0.7704,0.5987,0.7491,0.7351,0.6324,0.7666,0.5987,0.0001392078500707,0.0002103072701038,9.55945446188303e-05,0.000114712725485,68.8,35,5,68.8,r-lwf_sl16_st16_al1.0_te2.0
smd,vtcn,naive,48,48,B2,,,,,,,,0.0021657026007025,0.0007502394503668,-0.0021657026007025,0.6948363714926693,0.6967577398513274,0.7679399319328581,5,10,10,0.7472,0.7339,0.6312,0.7632,0.5986,0.75,0.736,0.6324,0.7667,0.5986,9.29003913726267e-05,0.0001403486059961,6.379504259352366e-05,7.655356340265523e-05,45.9,32,5,45.9,r-naive_sl48_st48
smd,vtcn,cumulative,48,48,B2,,,,,,,,0.0018442627852622,0.0010128559318338,-0.0018442627852622,0.6957221571999866,0.6964755442494719,0.7697242735640377,5,10,10,0.7472,0.7359,0.632,0.7697,0.5938,0.7495,0.7324,0.6387,0.768,0.5938,0.0001557534669986,0.0002353034432831,0.000106956423147,0.000128347020136,77.0,48,5,77.0,r-cumulative_sl48_st48
smd,vtcn,experts,48,48,B2,,,,,,,,0.0016155212008175,0.0009915477936641,-0.0016155212008175,0.6945431897890579,0.6972960455119191,0.7685852411393861,5,10,10,0.7472,0.7381,0.6328,0.7555,0.5992,0.7495,0.736,0.6332,0.7686,0.5992,0.0001019264820376,0.0001539847083173,6.999326324957008e-05,8.399144506780431e-05,50.4,53,5,50.4,r-experts_sl48_st48
smd,vtcn,random-buffer,48,48,B2,500.0,,,0.5,,,,-0.0117572106565822,0.0011794000249958,0.0117572106565822,0.7049756151463373,0.6944106813885551,0.7819266031414278,5,10,10,0.7472,0.7352,0.6713,0.7819,0.5893,0.7444,0.7378,0.6228,0.7777,0.5893,0.0001172233232174,0.0001770943024106,8.049762476972925e-05,9.659667764091863e-05,58.0,38,5,58.0,r-random-buffer_sl48_st48_bu500_re0.5
smd,vtcn,reservoir,48,48,B2,500.0,,,0.5,,,,0.0003705529711631,0.0020409624449895,-0.0003705529711631,0.6968986864857865,0.6965251981696907,0.7660131283337228,5,10,10,0.7472,0.7348,0.6358,0.7658,0.601,0.7509,0.7376,0.6272,0.766,0.601,9.650519981126776e-05,0.0001457945447244,6.627044201595708e-05,7.952410270848e-05,47.7,32,5,47.7,r-reservoir_sl48_st48_bu500_re0.5
smd,vtcn,ewc,48,48,B2,,,,,1000.0,,,0.0022535686739042,0.0008215345460994,-0.0022535686739042,0.6947108289632284,0.6971353007811345,0.7675869162716368,5,10,10,0.7472,0.7342,0.6319,0.7603,0.6,0.7503,0.7369,0.6331,0.7654,0.6,8.778928096797418e-05,0.0001326270322784,6.0285164293600246e-05,7.234186798489342e-05,43.4,33,5,43.4,r-ewc_sl48_st48_la1000
smd,vtcn,lwf,48,48,B2,,,,,,1.0,2.0,0.0015957382252086,0.0008040737052653,-0.0015957382252086,0.6955813627299221,0.6971065566287169,0.7671228312291385,5,10,10,0.7472,0.7358,0.6331,0.7634,0.5984,0.7503,0.7366,0.6334,0.7668,0.5984,0.0001044914599701,0.0001578597304988,7.175465167836389e-05,8.610507882044961e-05,51.7,34,5,51.7,r-lwf_sl48_st48_al1.0_te2.0
smd,vtcn,naive,8,4,B3,,,,,,,,-0.0014355285010967,-0.0008267528782305,0.0014355285010967,0.6966201864605027,0.6956093516666422,0.7698533148558577,5,10,10,0.7507,0.7331,0.6381,0.7689,0.5923,0.7488,0.7346,0.6325,0.7699,0.5923,0.0002458034738819,0.0003713458511705,0.0001687941517958,0.0002025516993746,121.5,32,5,121.5,r-naive_sl8_st4
smd,vtcn,cumulative,8,4,B3,,,,,,,,-0.0005212781408871,-0.0002422912478836,0.0005212781408871,0.6958418300573388,0.6949387111144435,0.7707362442618527,5,10,10,0.7507,0.7339,0.6297,0.7707,0.5942,0.7487,0.7342,0.6318,0.7658,0.5942,0.00047742676632,0.0007212690940075,0.0003278503990758,0.0003934186949317,236.1,38,5,236.1,r-cumulative_sl8_st4
smd,vtcn,experts,8,4,B3,,,,,,,,-0.0023727532567257,0.0009580740443792,0.0023727532567257,0.6994687757317918,0.6977256352980716,0.7687116477437848,5,10,10,0.7507,0.7375,0.6364,0.7674,0.6054,0.7479,0.7379,0.6327,0.7647,0.6054,0.0002398548300804,0.0003623589798262,0.0001647090300348,0.0001976499497913,118.6,41,5,118.6,r-experts_sl8_st4
smd,vtcn,random-buffer,8,4,B3,500.0,,,0.5,,,,-0.035426183323877,-0.0028698886856469,0.035426183323877,0.7179256736897444,0.6961108856910447,0.7810547737594956,5,10,10,0.7507,0.7233,0.7286,0.7811,0.606,0.7462,0.7451,0.6181,0.7652,0.606,0.0003264715055799,0.0004932145067272,0.0002241889399909,0.0002690255667362,161.4,39,5,161.4,r-random-buffer_sl8_st4_bu500_re0.5
smd,vtcn,reservoir,8,4,B3,500.0,,,0.5,,,,-0.0007053880302647,-0.000341809638722,0.0007053880302647,0.6966886241107307,0.6967372898394963,0.7682897509841674,5,10,10,0.7507,0.7367,0.6357,0.7674,0.5928,0.7488,0.7326,0.6417,0.7677,0.5928,0.0003018919679686,0.0004560811449749,0.0002073101237888,0.000248771021186,149.3,32,5,149.3,r-reservoir_sl8_st4_bu500_re0.5
smd,vtcn,ewc,8,4,B3,,,,,1000.0,,,-0.001083019057858,-0.0009072033107063,0.001083019057858,0.6965599001208744,0.6957467710141039,0.769557085673465,5,10,10,0.7507,0.7334,0.6372,0.769,0.5926,0.7487,0.7348,0.6331,0.7696,0.5926,0.0002255263645832,0.0003407123524129,0.0001548696515072,0.0001858427009056,111.5,32,5,111.5,r-ewc_sl8_st4_la1000
smd,vtcn,lwf,8,4,B3,,,,,,1.0,2.0,-0.0004654647386716,-0.0007640220311075,0.0004654647386716,0.6960982527459665,0.696390804708335,0.7684857739050204,5,10,10,0.7507,0.7334,0.6375,0.7651,0.5938,0.7494,0.735,0.6352,0.7685,0.5938,0.0002469220449656,0.0003730357244852,0.000169562151911,0.0002034735725742,122.1,32,5,122.1,r-lwf_sl8_st4_al1.0_te2.0
smd,vtcn,naive,12,6,B3,,,,,,,,-0.0041316172276011,0.0009027975393193,0.0041316172276011,0.6992080539805523,0.696233167879636,0.7695506324443143,5,10,10,0.7509,0.7375,0.6475,0.7634,0.5967,0.7496,0.7349,0.6352,0.7647,0.5967,0.0001647600510488,0.0002489100761245,0.0001131412325814,0.000135768843543,81.5,36,5,81.5,r-naive_sl12_st6
smd,vtcn,cumulative,12,6,B3,,,,,,,,0.0008706111037758,-0.0014042769599595,-0.0008706111037758,0.6957813256734026,0.6971788435394126,0.7700817391535864,5,10,10,0.7509,0.7348,0.6283,0.7701,0.5949,0.7495,0.7373,0.6352,0.7691,0.5949,0.0003675005387149,0.0005551988269307,0.0002523637344304,0.0003028350925003,181.7,38,5,181.7,r-cumulative_sl12_st6
smd,vtcn,experts,12,6,B3,,,,,,,,-0.005064341145747,0.000394729485468,0.005064341145747,0.698379960866985,0.6948872139582745,0.7725285732136995,5,10,10,0.7509,0.7323,0.6513,0.7679,0.5896,0.7486,0.7342,0.6318,0.7702,0.5896,0.0001731380335223,0.0002615670536017,0.0001188944146418,0.0001426726389598,85.6,40,5,85.6,r-experts_sl12_st6
smd,vtcn,random-buffer,12,6,B3,500.0,,,0.5,,,,-0.0369597496189963,-0.0032070112691184,0.0369597496189963,0.7186825201846234,0.6955044815412841,0.7840107124253011,5,10,10,0.7509,0.7251,0.7271,0.784,0.6063,0.7456,0.744,0.6178,0.7639,0.6063,0.0002891528172517,0.0004368355635702,0.0001985621169008,0.0002382734466693,143.0,45,5,143.0,r-random-buffer_sl12_st6_bu500_re0.5
smd,vtcn,reservoir,12,6,B3,500.0,,,0.5,,,,0.0007066487280339,-0.0012186071622853,-0.0007066487280339,0.6956410536248913,0.695783639498685,0.7662468982646045,5,10,10,0.7509,0.7349,0.6296,0.7642,0.5986,0.7503,0.7382,0.6256,0.7662,0.5986,0.0002332737300055,0.0003524166296619,0.0001601897943829,0.0001922268352789,115.3,34,5,115.3,r-reservoir_sl12_st6_bu500_re0.5
smd,vtcn,ewc,12,6,B3,,,,,1000.0,,,-0.0039831393835603,0.000556591186581,0.0039831393835603,0.7002756944433474,0.6979919259949987,0.7703523988353961,5,10,10,0.7509,0.7411,0.6433,0.7656,0.6005,0.7506,0.7377,0.6332,0.7679,0.6005,0.0002074084644161,0.0003133408635046,0.0001424280411453,0.0001709128223592,102.5,37,5,102.6,r-ewc_sl12_st6_la1000
smd,vtcn,lwf,12,6,B3,,,,,,1.0,2.0,-0.0012607266057374,-0.0008045620594446,0.0012607266057374,0.6962408483998843,0.6961849335512,0.7679425180317313,5,10,10,0.7509,0.7387,0.6342,0.7633,0.5942,0.7494,0.7348,0.6346,0.7679,0.5942,0.0001955796661007,0.0002954705905202,0.0001343051814228,0.0001611654090974,96.7,35,5,96.7,r-lwf_sl12_st6_al1.0_te2.0
smd,vtcn,naive,48,24,B3,,,,,,,,-0.0032466091921147,0.0019396999788323,0.0032466091921147,0.6986797726993018,0.6962969963586655,0.767745907065955,5,10,10,0.7494,0.7373,0.6448,0.7648,0.597,0.7495,0.7347,0.6342,0.7661,0.597,0.0001146075632144,0.000173142561577,7.870136921345774e-05,9.444119236354404e-05,56.7,35,5,56.7,r-naive_sl48_st24
smd,vtcn,cumulative,48,24,B3,,,,,,,,0.0006652466570003,0.0006039017298134,-0.0006652466570003,0.6970772987227142,0.6975612689280419,0.7674622854012115,5,10,10,0.7494,0.734,0.6337,0.7666,0.6016,0.7506,0.7361,0.6368,0.7627,0.6016,0.0002556402181535,0.0003862066426663,0.0001755489616926,0.0002106576809737,126.4,50,5,126.4,r-cumulative_sl48_st24
smd,vtcn,experts,48,24,B3,,,,,,,,-0.0006190800335007,0.0016511908821529,0.0006190800335007,0.6971634189570264,0.6982811814250705,0.7674820712592062,5,10,10,0.7494,0.7347,0.6408,0.7589,0.602,0.7503,0.738,0.6337,0.7675,0.602,0.0001396441462523,0.0002109664014593,9.58941083330299e-05,0.0001150722931263,69.0,46,5,69.1,r-experts_sl48_st24
smd,vtcn,random-buffer,48,24,B3,500.0,,,0.5,,,,-0.0320732206694379,0.0014693332811519,0.0320732206694379,0.7173182239323126,0.6923043901640249,0.7868256525154228,5,10,10,0.7494,0.7293,0.7248,0.7868,0.5962,0.7424,0.7402,0.6143,0.7684,0.5962,0.0001679921439253,0.0002537929374663,0.0001153607477427,0.0001384321897236,83.1,46,5,83.1,r-random-buffer_sl48_st24_bu500_re0.5
smd,vtcn,reservoir,48,24,B3,500.0,,,0.5,,,,-0.0021225036589616,0.002150263618431,0.0021225036589616,0.6982165420273564,0.6960715612540177,0.7706269559551152,5,10,10,0.7494,0.7389,0.6327,0.7682,0.6019,0.7496,0.7383,0.6234,0.7671,0.6019,0.0001468860329142,0.0002219070302635,0.0001008671056117,0.0001210399246518,72.6,33,5,72.6,r-reservoir_sl48_st24_bu500_re0.5
smd,vtcn,ewc,48,24,B3,,,,,1000.0,,,-0.0031376384634947,0.0017387922275305,0.0031376384634947,0.6985587633062074,0.6961259282789707,0.7677797958979911,5,10,10,0.7494,0.7373,0.6447,0.765,0.5964,0.7492,0.7341,0.6349,0.766,0.5964,0.0001262901159471,0.0001907918950867,8.67238482078796e-05,0.0001040680468788,62.4,35,5,62.5,r-ewc_sl48_st24_la1000
smd,vtcn,lwf,48,24,B3,,,,,,1.0,2.0,-0.0019640547685562,0.0011568597184749,0.0019640547685562,0.6986971311492695,0.6962344530848572,0.7693790200887592,5,10,10,0.7494,0.7393,0.636,0.7694,0.5994,0.7489,0.7337,0.6353,0.7638,0.5994,0.0001356456363387,0.0002049256810258,9.31483455429164e-05,0.0001117773354829,67.1,32,5,67.1,r-lwf_sl48_st24_al1.0_te2.0
smd,vgru-kl,naive,24,12,B1,,,,,,,,0.0117107103686432,0.0596104424658456,-0.0117107103686432,0.7239590895101847,0.7210390982749884,0.7937592616752883,5,10,10,0.7276,0.6524,0.7037,0.7938,0.7423,0.7187,0.6932,0.7307,0.7203,0.7423,0.0001954333371771,0.000295249525139,0.0001342047142349,0.000161044810904,96.6,32,5,96.6,r-naive_sl24_st12
smd,vgru-kl,cumulative,24,12,B1,,,,,,,,0.0233016739791209,0.0488828425700064,-0.0233016739791209,0.7031890158046042,0.7194196019919319,0.7889587272289114,5,10,10,0.7276,0.6173,0.6758,0.776,0.7193,0.728,0.6956,0.6653,0.789,0.7193,0.0003891886303858,0.0005879639572789,0.0002672570156826,0.0003207069415963,192.4,30,5,192.4,r-cumulative_sl24_st12
smd,vgru-kl,experts,24,12,B1,,,,,,,,-0.0104671240333631,0.0688174713654695,0.0104671240333631,0.7316272323392875,0.7211438986826294,0.8019695515011691,5,10,10,0.7276,0.6848,0.6937,0.802,0.75,0.6835,0.7054,0.7333,0.7335,0.75,0.0001882886258039,0.0002844557032114,0.0001292984825824,0.000155157220629,93.1,30,5,93.1,r-experts_sl24_st12
smd,vgru-kl,random-buffer,24,12,B1,500.0,,,0.5,,,,0.0272007123854623,0.0487079932340118,-0.0272007123854623,0.6979557602549338,0.7225230697225091,0.7944556830221876,5,10,10,0.7276,0.644,0.6813,0.758,0.6789,0.72,0.7561,0.6632,0.7945,0.6789,0.0002715449965964,0.0004102346736591,0.0001864707820609,0.0002237638915982,134.3,31,5,134.3,r-random-buffer_sl24_st12_bu500_re0.5
smd,vgru-kl,random-buffer,24,12,B1,100.0,,,0.5,,,,0.0228839048064881,0.0439843828097618,-0.0228839048064881,0.6928362274398617,0.7198313132763776,0.8161523427707364,5,10,10,0.7276,0.6486,0.6557,0.7588,0.6735,0.696,0.7466,0.6669,0.8162,0.6735,0.0002674854462537,0.0004041017368312,0.0001836830741913,0.0002204186626399,132.3,31,5,132.3,r-random-buffer_sl24_st12_bu100_re0.5
smd,vgru-kl,random-buffer,24,12,B1,250.0,,,0.5,,,,0.0180362071967802,0.0470913081225809,-0.0180362071967802,0.69834577749956,0.719204780071585,0.8083651099875014,5,10,10,0.7276,0.6374,0.6717,0.751,0.704,0.6827,0.7239,0.677,0.8084,0.704,0.0002678947752987,0.0004047201277767,0.0001839642600693,0.0002207558677073,132.5,30,5,132.5,r-random-buffer_sl24_st12_bu250_re0.5
smd,vgru-kl,random-buffer,24,12,B1,1000.0,,,0.5,,,,0.0303137386032404,0.0507691076863086,-0.0303137386032404,0.698761344715353,0.719854100577195,0.8105786649525994,5,10,10,0.7276,0.6301,0.6915,0.7552,0.6893,0.7056,0.7457,0.6481,0.8106,0.6893,0.0002705278341616,0.0004086980027398,0.0001857722575252,0.0002229257452146,133.8,31,5,133.8,r-random-buffer_sl24_st12_bu1000_re0.5
smd,vgru-kl,random-buffer,24,12,B1,2000.0,,,0.5,,,,0.0371130040781421,0.0419745270433648,-0.0371130040781421,0.6962731735015494,0.7233043418970381,0.8117251003140407,5,10,10,0.7276,0.6252,0.654,0.7704,0.7041,0.6968,0.752,0.652,0.8117,0.7041,0.0002823576980888,0.0004265698855896,0.0001938959164939,0.0002326739690957,139.6,32,5,139.6,r-random-buffer_sl24_st12_bu2000_re0.5
smd,vgru-kl,random-buffer,24,12,B1,4000.0,,,0.5,,,,0.0342968120317237,0.0602142053169104,-0.0342968120317237,0.7059844453746265,0.7300862117158078,0.8197374739833578,5,10,10,0.7276,0.6226,0.6706,0.7868,0.7222,0.6871,0.7499,0.6715,0.8197,0.7222,0.0002808295315935,0.0004242612189181,0.0001928465304417,0.0002314146884763,138.8,32,5,138.9,r-random-buffer_sl24_st12_bu4000_re0.5
smd,vgru-kl,random-buffer,24,12,B1,500.0,,,0.3,,,,0.0232168462342353,0.057863992803692,-0.0232168462342353,0.7163854701834147,0.7347956727736458,0.8402026488131005,5,10,10,0.7276,0.6476,0.6912,0.8154,0.7001,0.7173,0.7432,0.6732,0.8402,0.7001,0.0002364265782317,0.0003571797727114,0.0001623548597233,0.0001948249129881,116.9,33,5,116.9,r-random-buffer_sl24_st12_bu500_re0.3
smd,vgru-kl,random-buffer,24,12,B1,500.0,,,0.7,,,,0.0414679125760644,0.029260963759499,-0.0414679125760644,0.6755231222071938,0.7188355367199822,0.8012019255591943,5,10,10,0.7276,0.6194,0.6372,0.7283,0.665,0.714,0.7388,0.6752,0.8012,0.665,0.0003736332248984,0.0005644637389957,0.00025657508455,0.0003078886544456,184.7,30,5,184.7,r-random-buffer_sl24_st12_bu500_re0.7
smd,vgru-kl,reservoir,24,12,B1,500.0,,,0.5,,,,0.0167217594835289,0.0643138956886829,-0.0167217594835289,0.7152017411997444,0.725661209417145,0.8066500088249126,5,10,10,0.7276,0.6307,0.6901,0.7976,0.7299,0.6942,0.7147,0.6829,0.8067,0.7299,0.0002668713635614,0.0004031740157682,0.0001832613954883,0.0002199126202799,131.9,30,5,132.0,r-reservoir_sl24_st12_bu500_re0.5
smd,vgru-kl,reservoir,24,12,B1,100.0,,,0.5,,,,0.0233212282345939,0.0608265154290417,-0.0233212282345939,0.7112189147196598,0.7284349030976873,0.8063140514434444,5,10,10,0.7276,0.6153,0.6832,0.7937,0.7363,0.7132,0.7055,0.6809,0.8063,0.7363,0.0002654507740987,0.000401027870334,0.0001822858674186,0.0002187420029154,131.2,30,5,131.3,r-reservoir_sl24_st12_bu100_re0.5
smd,vgru-kl,reservoir,24,12,B1,250.0,,,0.5,,,,0.0202979431232729,0.0615689710436418,-0.0202979431232729,0.7128494800567229,0.727912950788622,0.8060304690755986,5,10,10,0.7276,0.6202,0.686,0.7949,0.7355,0.7089,0.7023,0.6869,0.806,0.7355,0.0002630129000219,0.0003973448693991,0.0001806117498865,0.0002167331195125,130.0,30,5,130.1,r-reservoir_sl24_st12_bu250_re0.5
smd,vgru-kl,reservoir,24,12,B1,1000.0,,,0.5,,,,0.0184792965529653,0.0624381569399966,-0.0184792965529653,0.7125954200921921,0.7249786742491162,0.7949432642424729,5,10,10,0.7276,0.6254,0.6862,0.7933,0.7304,0.7054,0.7176,0.6767,0.7949,0.7304,0.0002699924091935,0.0004078891132748,0.0001854047520241,0.0002224843612507,133.5,30,5,133.5,r-reservoir_sl24_st12_bu1000_re0.5
smd,vgru-kl,reservoir,24,12,B1,2000.0,,,0.5,,,,0.0185991584768769,0.0653209221196138,-0.0185991584768769,0.7152632162341365,0.7275678626085267,0.7983238178134516,5,10,10,0.7276,0.6269,0.6824,0.7983,0.7411,0.7053,0.7243,0.6725,0.7946,0.7411,0.0002631913669688,0.0003976144870708,0.0001807343021403,0.0002168801849304,130.1,30,5,130.2,r-reservoir_sl24_st12_bu2000_re0.5
smd,vgru-kl,reservoir,24,12,B1,4000.0,,,0.5,,,,0.0225811535522,0.0602403031537187,-0.0225811535522,0.7109640018077698,0.7267790953385711,0.7992451501535249,5,10,10,0.7276,0.6187,0.679,0.7973,0.7321,0.7114,0.7206,0.6706,0.7992,0.7321,0.0002702400444292,0.0004082632264471,0.0001855746542258,0.0002226885722212,133.6,30,5,133.6,r-reservoir_sl24_st12_bu4000_re0.5
smd,vgru-kl,reservoir,24,12,B1,500.0,,,0.3,,,,0.0192431026773197,0.0683254597216797,-0.0192431026773197,0.7189679881766551,0.7335744914550357,0.802891167826599,5,10,10,0.7276,0.6497,0.6914,0.7999,0.7262,0.7164,0.734,0.6884,0.8029,0.7262,0.0002219365907241,0.0003352891270688,0.0001524045618619,0.0001828845652068,109.7,31,5,109.7,r-reservoir_sl24_st12_bu500_re0.3
smd,vgru-kl,reservoir,24,12,B1,500.0,,,0.7,,,,0.0188795831198817,0.0515431412316899,-0.0188795831198817,0.7043430578619774,0.7199547641486358,0.8109503233503249,5,10,10,0.7276,0.6139,0.6854,0.79,0.7048,0.7276,0.6924,0.664,0.811,0.7048,0.0003675357814265,0.0005552520696068,0.0002523879616896,0.0003028641079172,181.7,30,5,181.7,r-reservoir_sl24_st12_bu500_re0.7
smd,vgru-kl,ewc,24,12,B1,,,,,1000.0,,,-0.0164236910962692,0.0893376870847928,0.0164236910962692,0.7851453170551163,0.769071844220554,0.882461276419408,5,10,10,0.8056,0.6807,0.6997,0.8825,0.8573,0.7284,0.7744,0.6678,0.8175,0.8573,0.0007124383102816,0.0010763111137523,0.0004892335184021,0.0005870775953501,352.3,182,5,352.3,r-ewc_sl24_st12_la1000
smd,vgru-kl,ewc,24,12,B1,,,,,100.0,,,-0.0094551978247606,0.0879300001864801,0.0094551978247606,0.7843075603629907,0.7640139653450384,0.8812267136402607,5,10,10,0.8056,0.683,0.7016,0.8812,0.8501,0.6823,0.7828,0.7126,0.7923,0.8501,0.0007007333734407,0.0010586279636104,0.0004811957225695,0.0005774322410409,346.5,181,5,346.5,r-ewc_sl24_st12_la100
smd,vgru-kl,ewc,24,12,B1,,,,,500.0,,,-0.0212365276136665,0.0861100491899421,0.0212365276136665,0.7839050953389556,0.7598079051387578,0.8786519915078967,5,10,10,0.8056,0.6813,0.702,0.8787,0.8521,0.6815,0.7648,0.7025,0.7982,0.8521,0.0007054169087544,0.0010657035812982,0.0004844118949071,0.0005812916863911,348.8,182,5,348.8,r-ewc_sl24_st12_la500
smd,vgru-kl,ewc,24,12,B1,,,,,5000.0,,,-0.0258037365778206,0.0833287064494473,0.0258037365778206,0.7776414780271703,0.7355492754491298,0.901439931252392,5,10,10,0.8056,0.6833,0.7071,0.9014,0.7909,0.7389,0.7026,0.633,0.8124,0.7909,0.0006841915563559,0.0010336375310169,0.0004698363834455,0.0005638011475714,338.3,173,5,338.3,r-ewc_sl24_st12_la5000
smd,vgru-kl,ewc,24,12,B1,,,,,10000.0,,,-0.0110502304602493,0.0663958573342355,0.0110502304602493,0.7734896837055392,0.765366601424892,0.8931681707676109,5,10,10,0.8056,0.6877,0.7063,0.8932,0.7748,0.7656,0.7111,0.7305,0.8448,0.7748,0.0007175887259977,0.00108409206769,0.0004927703250568,0.0005913217426332,354.8,184,5,354.8,r-ewc_sl24_st12_la10000
smd,vgru-kl,lwf,24,12,B1,,,,,,1.0,2.0,-0.0338138650538183,0.0816786999128914,0.0338138650538183,0.7755316112607498,0.7456851975805519,0.877346408048,5,10,10,0.8056,0.6863,0.6867,0.8773,0.8218,0.6654,0.7113,0.7102,0.8198,0.8218,0.0007472096449531,0.0011288416604774,0.0005131111045102,0.0006157305559671,369.4,176,5,369.5,r-lwf_sl24_st12_al1.0_te2.0
smd,vgru-kl,lwf,24,12,B1,,,,,,0.5,2.0,-0.0349995097003786,0.0877597677994871,0.0349995097003786,0.7682010028937836,0.7464191214528745,0.8905022109017304,5,10,10,0.8056,0.6826,0.6908,0.8896,0.7725,0.7174,0.657,0.6947,0.8905,0.7725,0.0008499059774073,0.0012839894148399,0.0005836330476863,0.0007003563671535,420.2,195,5,420.2,r-lwf_sl24_st12_al0.5_te2.0
smd,vgru-kl,lwf,24,12,B1,,,,,,2.0,2.0,-0.0177428934359675,0.096763607200671,0.0177428934359675,0.7786501934514279,0.7798551394412974,0.8757874285113519,5,10,10,0.8056,0.6651,0.6897,0.8758,0.8571,0.7335,0.7627,0.6994,0.8466,0.8571,0.0006729441141581,0.0010166455376555,0.000462112782521,0.0005545327551344,332.7,154,5,332.7,r-lwf_sl24_st12_al2.0_te2.0
smd,vgru-kl,lwf,24,12,B1,,,,,,1.0,1.0,0.0181762518799824,0.0972530784916732,-0.0181762518799824,0.7634998925025123,0.7693418775988037,0.8456955260357315,5,10,10,0.8056,0.6448,0.6922,0.8457,0.8292,0.7525,0.6742,0.7736,0.8172,0.8292,0.0005511418202107,0.0008326335877586,0.0003784708771996,0.0004541627105589,272.5,125,5,272.5,r-lwf_sl24_st12_al1.0_te1.0
smd,vgru-kl,lwf,24,12,B1,,,,,,1.0,4.0,-0.0455250888457372,0.0747852707388454,0.0455250888457372,0.7777792428250403,0.7467289254222478,0.8636364767387568,5,10,10,0.8056,0.6733,0.6975,0.8636,0.8489,0.7327,0.734,0.6025,0.8155,0.8489,0.0008442101191144,0.0012753844374059,0.000579721637614,0.0006956627997918,417.4,199,5,417.4,r-lwf_sl24_st12_al1.0_te4.0
smd,vgru-kl,naive,6,6,B2,,,,,,,,0.0145784254433573,0.0614524831147524,-0.0145784254433573,0.7229594284968146,0.7210883947078237,0.8203006548101897,5,10,10,0.7078,0.6576,0.6774,0.8203,0.7517,0.6792,0.7186,0.7429,0.713,0.7517,0.0001641544684965,0.0002479951965877,0.0001127254038783,0.0001352697927093,81.2,31,5,81.2,r-naive_sl6_st6
smd,vgru-kl,cumulative,6,6,B2,,,,,,,,0.0303087992399087,0.0564859495409352,-0.0303087992399087,0.7046814701713582,0.7318198496189908,0.7970148130061636,5,10,10,0.7078,0.6423,0.6705,0.7821,0.7207,0.7478,0.728,0.6656,0.797,0.7207,0.0003093195764096,0.0004673023516369,0.000212410718923,0.0002548916327138,152.9,30,5,152.9,r-cumulative_sl6_st6
smd,vgru-kl,experts,6,6,B2,,,,,,,,0.0109739593592221,0.0658772125024552,-0.0109739593592221,0.7147250263015452,0.7080543550375762,0.7837421380073955,5,10,10,0.7078,0.6577,0.6852,0.7837,0.7391,0.679,0.7024,0.7006,0.7192,0.7391,0.0001598530703027,0.0002414968898377,0.0001097716209491,0.0001317252688885,79.0,30,5,79.0,r-experts_sl6_st6
smd,vgru-kl,random-buffer,6,6,B2,500.0,,,0.5,,,,0.0326585342102679,0.0539280451148806,-0.0326585342102679,0.6980448321338052,0.734283297625984,0.7977273214473579,5,10,10,0.7078,0.6612,0.6686,0.744,0.7086,0.7319,0.7483,0.6849,0.7977,0.7086,0.0002167232665065,0.0003274131345596,0.0001488245549754,0.0001785885795842,107.2,30,5,107.2,r-random-buffer_sl6_st6_bu500_re0.5
smd,vgru-kl,reservoir,6,6,B2,500.0,,,0.5,,,,0.0224603691409148,0.0576734040062047,-0.0224603691409148,0.7066056337462506,0.7236624761969521,0.79123748252726,5,10,10,0.7078,0.6222,0.6831,0.7791,0.7408,0.7125,0.6977,0.6761,0.7912,0.7408,0.0002082879911154,0.0003146696022145,0.0001430319764496,0.0001716376257649,103.0,30,5,103.0,r-reservoir_sl6_st6_bu500_re0.5
smd,vgru-kl,ewc,6,6,B2,,,,,1000.0,,,-0.0475320245393363,0.0992268353351641,0.0475320245393363,0.7700378508722201,0.720549255111222,0.8958346526256228,5,10,10,0.7753,0.6976,0.7053,0.8958,0.7763,0.7412,0.6479,0.7335,0.7039,0.7763,0.0003844659824883,0.0005808292505331,0.0002640139272009,0.0003168153233321,190.1,108,5,190.1,r-ewc_sl6_st6_la1000
smd,vgru-kl,lwf,6,6,B2,,,,,,1.0,2.0,-0.0266192972866472,0.1154504882223594,0.0266192972866472,0.7651581731059101,0.7426696466330556,0.877141332755828,5,10,10,0.7753,0.6981,0.6612,0.8771,0.8141,0.733,0.6639,0.7307,0.7715,0.8141,0.0003927942906812,0.0005934111829438,0.000269732991205,0.0003236781917388,194.2,116,5,194.2,r-lwf_sl6_st6_al1.0_te2.0
smd,vgru-kl,naive,8,8,B2,,,,,,,,0.0294529426357801,0.0615812508937611,-0.0294529426357801,0.7062536454679293,0.723705372087565,0.7748361487356459,5,10,10,0.7209,0.6424,0.6561,0.759,0.7529,0.6991,0.6892,0.7099,0.7675,0.7529,0.0001578696265268,0.0002385004162502,0.0001084096270839,0.0001300907891662,78.1,32,5,78.1,r-naive_sl8_st8
smd,vgru-kl,cumulative,8,8,B2,,,,,,,,0.0207739427694134,0.0595284025202797,-0.0207739427694134,0.6964947103883412,0.710832254240079,0.7801984875891934,5,10,10,0.7209,0.5986,0.6663,0.7802,0.7165,0.7185,0.6792,0.6664,0.7734,0.7165,0.0002804677114264,0.0004237146016721,0.0001925980479191,0.0002311165537529,138.7,30,5,138.7,r-cumulative_sl8_st8
smd,vgru-kl,experts,8,8,B2,,,,,,,,0.005852589938022,0.0760046855731572,-0.005852589938022,0.7157155319180891,0.7123112177497283,0.7818282119351019,5,10,10,0.7209,0.6519,0.6885,0.7818,0.7355,0.6755,0.7053,0.6872,0.7581,0.7355,0.0001451805004804,0.0002193304092609,9.96959009278928e-05,0.000119634508333,71.8,30,5,71.8,r-experts_sl8_st8
smd,vgru-kl,random-buffer,8,8,B2,500.0,,,0.5,,,,0.0192395437532956,0.0618603610214872,-0.0192395437532956,0.6955951401192773,0.713770743638251,0.7810384567722927,5,10,10,0.7209,0.6489,0.6597,0.7482,0.7003,0.6975,0.7111,0.6789,0.781,0.7003,0.000197122962282,0.0002978021142574,0.0001353649418969,0.0001624371723605,97.5,30,5,97.5,r-random-buffer_sl8_st8_bu500_re0.5
smd,vgru-kl,reservoir,8,8,B2,500.0,,,0.5,,,,0.0249554992706052,0.0711847364262463,-0.0249554992706052,0.7054720956727547,0.7260094809281766,0.7943957161333655,5,10,10,0.7209,0.6138,0.6748,0.7752,0.7427,0.7123,0.6925,0.6882,0.7944,0.7427,0.0002037477729337,0.0003078104998651,0.0001399142826409,0.0001678962172241,100.7,30,5,100.7,r-reservoir_sl8_st8_bu500_re0.5
smd,vgru-kl,ewc,8,8,B2,,,,,1000.0,,,-0.0604509287701282,0.0514500568799382,0.0604509287701282,0.7690459517612044,0.7138611988356571,0.8661220761523557,5,10,10,0.7958,0.7083,0.6706,0.8661,0.8044,0.6914,0.6716,0.692,0.7098,0.8044,0.0003775029958128,0.000570309967901,0.0002592325194997,0.0003110774484012,186.6,124,5,186.7,r-ewc_sl8_st8_la1000
smd,vgru-kl,lwf,8,8,B2,,,,,,1.0,2.0,-0.030926025344082,0.0499668177786173,0.030926025344082,0.7639751087786779,0.7389498483720571,0.8659285036194366,5,10,10,0.7958,0.6747,0.6595,0.8654,0.8243,0.7104,0.608,0.6861,0.8659,0.8243,0.0004920846928344,0.000743413452311,0.0003379160679385,0.0004054973843724,243.3,167,5,243.3,r-lwf_sl8_st8_al1.0_te2.0
smd,vgru-kl,naive,10,10,B2,,,,,,,,0.0262868534010311,0.0645548112407803,-0.0262868534010311,0.7098863089649654,0.7281554107874537,0.7786078341825018,5,10,10,0.7227,0.6336,0.684,0.7786,0.7306,0.7062,0.7239,0.7152,0.765,0.7306,0.0001483209712443,0.0002240748531472,0.0001018525672455,0.0001222222859016,73.3,32,5,73.3,r-naive_sl10_st10
smd,vgru-kl,cumulative,10,10,B2,,,,,,,,0.0361996562199871,0.0468785079168994,-0.0361996562199871,0.6904879313224459,0.724874520672776,0.7797859955139395,5,10,10,0.7227,0.601,0.6612,0.7602,0.7074,0.746,0.7298,0.6614,0.7798,0.7074,0.0002568929092601,0.0003880991368523,0.0001764091577536,0.0002116899790987,127.0,30,5,127.0,r-cumulative_sl10_st10
smd,vgru-kl,experts,10,10,B2,,,,,,,,0.0079932922562095,0.0690337393213788,-0.0079932922562095,0.7184686393487526,0.7187974140193465,0.7981417008988467,5,10,10,0.7227,0.6665,0.6731,0.7981,0.7319,0.6982,0.696,0.7065,0.7614,0.7319,0.0001493638533156,0.0002256503798243,0.0001025686654508,0.0001230817143735,73.8,30,5,73.9,r-experts_sl10_st10
smd,vgru-kl,random-buffer,10,10,B2,500.0,,,0.5,,,,0.0254520746976549,0.0523829739795136,-0.0254520746976549,0.6910583800515863,0.710241435526954,0.7821898547923329,5,10,10,0.7227,0.6378,0.6698,0.7563,0.6687,0.7332,0.7235,0.6436,0.7822,0.6687,0.0002181927932886,0.0003296332117013,0.0001498337960071,0.0001797994156942,107.9,31,5,107.9,r-random-buffer_sl10_st10_bu500_re0.5
smd,vgru-kl,reservoir,10,10,B2,500.0,,,0.5,,,,0.0231178242199803,0.0609994862529892,-0.0231178242199803,0.7049621313018923,0.7237760306436026,0.7891161155343972,5,10,10,0.7227,0.6145,0.6752,0.775,0.7374,0.7204,0.6918,0.6802,0.7891,0.7374,0.0002029915199644,0.0003066679960667,0.000139394925232,0.0001672730708347,100.4,30,5,100.4,r-reservoir_sl10_st10_bu500_re0.5
smd,vgru-kl,ewc,10,10,B2,,,,,1000.0,,,-0.0759605912010051,0.1045886367072621,0.0759605912010051,0.7781491230785292,0.7075746122472922,0.8737200008716218,5,10,10,0.8231,0.7172,0.6757,0.8737,0.8011,0.7215,0.7074,0.6235,0.6844,0.8011,0.0003661419602088,0.0005531463641084,0.0002514309239024,0.000301715440206,181.0,127,5,181.0,r-ewc_sl10_st10_la1000
smd,vgru-kl,lwf,10,10,B2,,,,,,1.0,2.0,-0.0341222193185977,0.0886272006663945,0.0341222193185977,0.7627359742821446,0.7395000223627536,0.8816895834548466,5,10,10,0.8231,0.668,0.6596,0.8817,0.7813,0.7591,0.5821,0.7613,0.8136,0.7813,0.0003623037018777,0.0005473477426142,0.0002487950344906,0.0002985527081236,179.1,118,5,179.1,r-lwf_sl10_st10_al1.0_te2.0
smd,vgru-kl,naive,12,12,B2,,,,,,,,0.0107209951876398,0.0669119642672914,-0.0107209951876398,0.722383848258981,0.7157410688294356,0.7980736753974998,5,10,10,0.7244,0.6654,0.6732,0.7981,0.7509,0.693,0.6851,0.7423,0.7074,0.7509,0.0001418995289778,0.0002143737048822,9.74428606471823e-05,0.000116930844235,70.2,32,5,70.2,r-naive_sl12_st12
smd,vgru-kl,cumulative,12,12,B2,,,,,,,,0.0166571495589536,0.0545989912054191,-0.0166571495589536,0.6996576940091067,0.7215552313607834,0.7825232539245547,5,10,10,0.7244,0.6533,0.6581,0.7594,0.7031,0.7456,0.713,0.6635,0.7825,0.7031,0.0002593672733584,0.0003918372648279,0.0001781083321198,0.000213728932708,128.2,30,5,128.2,r-cumulative_sl12_st12
smd,vgru-kl,experts,12,12,B2,,,,,,,,0.0040738832287641,0.0686722231241606,-0.0040738832287641,0.7171208495611384,0.7141563629064895,0.7805351481724973,5,10,10,0.7244,0.6678,0.6902,0.7805,0.7226,0.7045,0.7176,0.6742,0.7519,0.7226,0.0001448087694024,0.0002187688191767,9.944069924660856e-05,0.0001193281199301,71.6,30,5,71.6,r-experts_sl12_st12
smd,vgru-kl,random-buffer,12,12,B2,500.0,,,0.5,,,,0.0216480316021285,0.0587472161074841,-0.0216480316021285,0.6981101244922178,0.7170932560342045,0.8060958965971343,5,10,10,0.7244,0.6623,0.6675,0.7543,0.6821,0.7136,0.744,0.6397,0.8061,0.6821,0.0001861600156725,0.000281239920584,0.0001278366780121,0.0001534032425719,92.0,31,5,92.1,r-random-buffer_sl12_st12_bu500_re0.5
smd,vgru-kl,reservoir,12,12,B2,500.0,,,0.5,,,,0.0237924565209628,0.0639903763929524,-0.0237924565209628,0.7063452834848823,0.7242948678645325,0.7995391588408911,5,10,10,0.7244,0.6343,0.6707,0.7834,0.719,0.7244,0.726,0.6526,0.7995,0.719,0.0001810178715548,0.0002734714629049,0.0001243055156826,0.0001491659472223,89.5,31,5,89.5,r-reservoir_sl12_st12_bu500_re0.5
smd,vgru-kl,ewc,12,12,B2,,,,,1000.0,,,-0.0578408375676036,0.1208030759351153,0.0578408375676036,0.7661079455269139,0.7158886868852626,0.8826869690484686,5,10,10,0.7892,0.6825,0.6888,0.8827,0.7874,0.706,0.6638,0.6113,0.811,0.7874,0.0003322483578652,0.0005019418452594,0.0002281559390054,0.000273785906254,164.3,118,5,164.3,r-ewc_sl12_st12_la1000
smd,vgru-kl,lwf,12,12,B2,,,,,,1.0,2.0,-0.0300465893052632,0.1507516643823688,0.0300465893052632,0.7621004847347036,0.7311345383197023,0.8833531554210692,5,10,10,0.7892,0.6655,0.6729,0.8834,0.7996,0.6886,0.6727,0.7373,0.7575,0.7996,0.0003048054869576,0.0004604827230802,0.0002093109498854,0.0002511717731948,150.7,106,5,150.7,r-lwf_sl12_st12_al1.0_te2.0
smd,vgru-kl,naive,16,16,B2,,,,,,,,0.0302421564810808,0.0687389247589665,-0.0302421564810808,0.7024502550962808,0.7186589534463389,0.7653761894229798,5,10,10,0.7114,0.6374,0.6858,0.763,0.7146,0.7085,0.7098,0.7002,0.7602,0.7146,0.0001367102869767,0.0002065340944104,9.387938697861196e-05,0.0001126547074317,67.6,36,5,67.6,r-naive_sl16_st16
smd,vgru-kl,cumulative,16,16,B2,,,,,,,,0.0298829173102667,0.0585605285219003,-0.0298829173102667,0.6974802813011233,0.7229026974537985,0.7767719711734283,5,10,10,0.7114,0.6302,0.6524,0.7736,0.7197,0.7364,0.7184,0.6632,0.7768,0.7197,0.0002382243085237,0.000359895680973,0.0001635893534739,0.0001963063274991,117.8,30,5,117.8,r-cumulative_sl16_st16
smd,vgru-kl,experts,16,16,B2,,,,,,,,0.0149189694506161,0.076802289488746,-0.0149189694506161,0.715358640459714,0.7196168182631435,0.7742969503662163,5,10,10,0.7114,0.6663,0.6955,0.7743,0.7293,0.7118,0.703,0.7063,0.7477,0.7293,0.0001390905989282,0.0002101301337735,9.551398495483834e-05,0.0001146161488187,68.8,30,5,68.8,r-experts_sl16_st16
smd,vgru-kl,random-buffer,16,16,B2,500.0,,,0.5,,,,0.0375542981827828,0.059626352901187,-0.0375542981827828,0.6933401211461643,0.7255752390639391,0.8198918182428604,5,10,10,0.7114,0.6384,0.6705,0.7664,0.6801,0.7296,0.7472,0.6511,0.8199,0.6801,0.0001763715648194,0.000266452088027,0.0001211148876767,0.0001453372003502,87.2,31,5,87.2,r-random-buffer_sl16_st16_bu500_re0.5
smd,vgru-kl,reservoir,16,16,B2,500.0,,,0.5,,,,0.0241345776080523,0.0591407254674283,-0.0241345776080523,0.6995718459976412,0.7176397929627187,0.7828714979332989,5,10,10,0.7114,0.6352,0.6736,0.776,0.7016,0.7247,0.705,0.674,0.7829,0.7016,0.0001880616692107,0.0002841128301513,0.0001291425530675,0.0001549702770837,93.0,32,5,93.0,r-reservoir_sl16_st16_bu500_re0.5
smd,vgru-kl,ewc,16,16,B2,,,,,1000.0,,,-0.0598781193436813,0.0102187034812926,0.0598781193436813,0.7797794333948305,0.7281859837662653,0.8961182990423885,5,10,10,0.8089,0.7118,0.69,0.8961,0.792,0.7009,0.6203,0.6667,0.8609,0.792,0.0003522918530425,0.0005322224131437,0.0002419198863395,0.0002903025268041,174.2,144,5,174.2,r-ewc_sl16_st16_la1000
smd,vgru-kl,lwf,16,16,B2,,,,,,1.0,2.0,-0.0221308278681023,0.0469811647168249,0.0221308278681023,0.7756160626903833,0.7560446825727892,0.8733465827647837,5,10,10,0.8089,0.6824,0.6742,0.8733,0.8393,0.7079,0.7374,0.6666,0.8292,0.8393,0.0004427200265127,0.0006688361335144,0.0003040171949684,0.000364818938546,218.9,175,5,218.9,r-lwf_sl16_st16_al1.0_te2.0
smd,vgru-kl,naive,48,48,B2,,,,,,,,0.0242962737231535,0.0477079976141359,-0.0242962737231535,0.7103369357838497,0.7383625715793057,0.8228193608724934,5,10,10,0.7348,0.6662,0.6733,0.7441,0.7333,0.7141,0.7495,0.672,0.8228,0.7333,0.0001492298428184,0.0002254479244181,0.0001024765994199,0.0001229713249982,73.8,42,5,73.8,r-naive_sl48_st48
smd,vgru-kl,cumulative,48,48,B2,,,,,,,,0.0202305590501121,0.0386600971442365,-0.0202305590501121,0.7124559479538866,0.7333343490036835,0.8135362305024082,5,10,10,0.7348,0.6606,0.6615,0.7852,0.7202,0.7496,0.7201,0.6632,0.8135,0.7202,0.0002506049980695,0.0003785997197112,0.0001720912594335,0.0002065084602776,123.9,37,5,123.9,r-cumulative_sl48_st48
smd,vgru-kl,experts,48,48,B2,,,,,,,,0.0097125137273704,0.0541574495381054,-0.0097125137273704,0.7090851892046791,0.7256013959927721,0.802905560827302,5,10,10,0.7348,0.6653,0.6959,0.7456,0.7039,0.7299,0.7352,0.656,0.8029,0.7039,0.0001417149476591,0.0002140948499668,9.731617413215444e-05,0.0001167786758346,70.1,41,5,70.1,r-experts_sl48_st48
smd,vgru-kl,random-buffer,48,48,B2,500.0,,,0.5,,,,0.0242897299480972,0.0485749264629918,-0.0242897299480972,0.7125948667122761,0.7256431237185623,0.7936971066388273,5,10,10,0.7348,0.6518,0.6951,0.7676,0.7137,0.7088,0.7555,0.6565,0.7937,0.7137,0.000187591727997,0.0002834028698026,0.000128819844734,0.0001545830250686,92.8,37,5,92.8,r-random-buffer_sl48_st48_bu500_re0.5
smd,vgru-kl,reservoir,48,48,B2,500.0,,,0.5,,,,0.0240324306604461,0.0461586223186678,-0.0240324306604461,0.7200594245531842,0.7385460090201257,0.816478570066621,5,10,10,0.7348,0.664,0.6728,0.7965,0.7322,0.7387,0.7386,0.6667,0.8165,0.7322,0.0001892079693414,0.0002858445949266,0.0001299297999998,0.0001559147949268,93.5,37,5,93.6,r-reservoir_sl48_st48_bu500_re0.5
smd,vgru-kl,ewc,48,48,B2,,,,,1000.0,,,-0.0409470289438042,0.006538930214665,0.0409470289438042,0.7575211393902588,0.7213498308874515,0.8167255320600517,5,10,10,0.7889,0.6862,0.6912,0.8045,0.8167,0.7354,0.7186,0.5431,0.793,0.8167,0.0003785693225008,0.0005719209133661,0.0002599647203117,0.0003119561930544,187.2,187,5,187.2,r-ewc_sl48_st48_la1000
smd,vgru-kl,lwf,48,48,B2,,,,,,1.0,2.0,0.0110703490236478,0.0503779899126239,-0.0110703490236478,0.7686197624893304,0.7739525091462537,0.8614930837298795,5,10,10,0.7889,0.6761,0.6859,0.8615,0.8307,0.7724,0.6828,0.751,0.8328,0.8307,0.0003395298577508,0.0005129423194599,0.0002331562374427,0.0002797860820172,167.9,139,5,167.9,r-lwf_sl48_st48_al1.0_te2.0
smd,vgru-kl,naive,8,4,B3,,,,,,,,0.0196405804175112,0.0498403733260611,-0.0196405804175112,0.712721587574243,0.7179095016163151,0.7755172946081453,5,10,10,0.719,0.641,0.6776,0.7755,0.7505,0.6647,0.7063,0.7255,0.7425,0.7505,0.0002300044756321,0.0003474776268527,0.0001579448178242,0.0001895328090285,113.7,30,5,113.7,r-naive_sl8_st4
smd,vgru-kl,cumulative,8,4,B3,,,,,,,,0.0157196735767319,0.0446042791938441,-0.0157196735767319,0.699903982393764,0.7137690263761849,0.7771434245108259,5,10,10,0.719,0.6281,0.6601,0.7771,0.7152,0.7294,0.694,0.6607,0.7697,0.7152,0.0004889611428939,0.0007386945714383,0.00033577118727,0.0004029233841683,241.8,30,5,241.8,r-cumulative_sl8_st4
smd,vgru-kl,experts,8,4,B3,,,,,,,,0.0154811187153701,0.0568382357961285,-0.0154811187153701,0.714555370111123,0.7148298847872494,0.7981315407946831,5,10,10,0.719,0.6228,0.6882,0.7981,0.7446,0.6698,0.7201,0.6967,0.743,0.7446,0.0002381651354203,0.0003598062856276,0.0001635487454872,0.0001962575401404,117.8,30,5,117.8,r-experts_sl8_st4
smd,vgru-kl,random-buffer,8,4,B3,500.0,,,0.5,,,,0.0207699198427318,0.0435650666074239,-0.0207699198427318,0.6965114258338053,0.7193580441855658,0.8066719568360433,5,10,10,0.719,0.6502,0.6662,0.7413,0.7059,0.6636,0.7346,0.686,0.8067,0.7059,0.0003310731138059,0.0005001663536496,0.0002273489838563,0.0002728173697933,163.7,30,5,163.7,r-random-buffer_sl8_st4_bu500_re0.5
smd,vgru-kl,reservoir,8,4,B3,500.0,,,0.5,,,,0.0050010144843903,0.054276989778543,-0.0050010144843903,0.7108274647335998,0.7138431992536518,0.8075233476397223,5,10,10,0.719,0.6186,0.684,0.802,0.7305,0.6964,0.653,0.6817,0.8075,0.7305,0.0003451276031152,0.0005213990734843,0.0002370002534162,0.000284398820068,170.6,30,5,170.7,r-reservoir_sl8_st4_bu500_re0.5
smd,vgru-kl,ewc,8,4,B3,,,,,1000.0,,,-0.0607066050299782,0.0929732825402449,0.0607066050299782,0.7623558244905599,0.7139338651486903,0.8973816263432431,5,10,10,0.7866,0.6965,0.6686,0.8974,0.7627,0.6053,0.749,0.6342,0.8186,0.7627,0.000952862714716,0.0014395305739856,0.0006543336318294,0.0007851969421561,471.1,186,5,471.1,r-ewc_sl8_st4_la1000
smd,vgru-kl,lwf,8,4,B3,,,,,,1.0,2.0,-0.0492329233779156,0.0965910586439551,0.0492329233779156,0.7626733364384342,0.7209732515686806,0.885310804419788,5,10,10,0.7866,0.6807,0.6836,0.8853,0.7772,0.7163,0.5715,0.6876,0.8522,0.7772,0.0008824598192702,0.0013331699000646,0.0006059878000607,0.0007271821000038,436.3,164,5,436.3,r-lwf_sl8_st4_al1.0_te2.0
smd,vgru-kl,naive,12,6,B3,,,,,,,,0.0150292082326793,0.0669770487913125,-0.0150292082326793,0.7209772527914523,0.7295878644711412,0.7738093147164505,5,10,10,0.7272,0.6668,0.6836,0.7738,0.7535,0.7009,0.7184,0.7111,0.764,0.7535,0.0002206784402213,0.0003333883851387,0.0001515406013886,0.00018184778375,109.1,32,5,109.1,r-naive_sl12_st6
smd,vgru-kl,cumulative,12,6,B3,,,,,,,,0.0183875100145068,0.0469990318344304,-0.0183875100145068,0.6989279884215387,0.7168159100718153,0.7801353941568264,5,10,10,0.7272,0.6291,0.6665,0.7702,0.7017,0.7379,0.6984,0.6659,0.7801,0.7017,0.0004276285225412,0.0006460367511493,0.0002936538397599,0.0003523829113893,211.4,30,5,211.4,r-cumulative_sl12_st6
smd,vgru-kl,experts,12,6,B3,,,,,,,,-0.0017214910090056,0.06156809090961,0.0017214910090056,0.7222110591926626,0.7066873317331034,0.78871974138054,5,10,10,0.7272,0.6836,0.6815,0.7887,0.7301,0.7073,0.6783,0.6847,0.7331,0.7301,0.0002268827745369,0.00034276153911,0.0001558011242486,0.0001869604148614,112.2,30,5,112.1,r-experts_sl12_st6
smd,vgru-kl,random-buffer,12,6,B3,500.0,,,0.5,,,,0.0165665715269177,0.0494713325624219,-0.0165665715269177,0.7029045294174041,0.7208863430973739,0.8044198934565917,5,10,10,0.7272,0.6717,0.6497,0.7593,0.7066,0.6828,0.7225,0.6882,0.8044,0.7066,0.0003092883305653,0.0004672551471997,0.0002123892910888,0.0002548658561108,152.9,30,5,152.9,r-random-buffer_sl12_st6_bu500_re0.5
smd,vgru-kl,reservoir,12,6,B3,500.0,,,0.5,,,,0.0134774397558197,0.0516788010007913,-0.0134774397558197,0.7058765164923146,0.7138220118066384,0.7895242691911368,5,10,10,0.7272,0.6369,0.68,0.7769,0.7084,0.7106,0.6993,0.6613,0.7895,0.7084,0.0003099713690376,0.0004682870427172,0.0002128584225105,0.0002554286202066,153.3,30,5,153.3,r-reservoir_sl12_st6_bu500_re0.5
smd,vgru-kl,ewc,12,6,B3,,,,,1000.0,,,-0.0487294712745147,0.0432590698980031,0.0487294712745147,0.7798087248866172,0.7376841970702167,0.8843736500384191,5,10,10,0.8018,0.6902,0.7038,0.8844,0.8188,0.6811,0.6481,0.681,0.8594,0.8188,0.0008920023326361,0.0013475861843108,0.000612540606192,0.0007350455781188,441.0,198,5,441.0,r-ewc_sl12_st6_la1000
smd,vgru-kl,lwf,12,6,B3,,,,,,1.0,2.0,-0.0609826363086996,0.0445527714137519,0.0609826363086996,0.772095134252805,0.7233872711007456,0.8680221329207579,5,10,10,0.8018,0.6735,0.6774,0.868,0.8397,0.7343,0.6288,0.5529,0.8612,0.8397,0.0009733536042918,0.0014704870397776,0.0006684048708916,0.0008020821688859,481.3,199,5,481.3,r-lwf_sl12_st6_al1.0_te2.0
smd,vgru-kl,naive,48,24,B3,,,,,,,,0.0287380877574741,0.0773698034078241,-0.0287380877574741,0.7170647761622309,0.7343395223063184,0.7813042610166415,5,10,10,0.6993,0.6672,0.6638,0.7813,0.7738,0.7057,0.7352,0.7044,0.7526,0.7738,0.0002230201235711,0.0003369260666164,0.0001531486616883,0.0001837774049281,110.3,41,5,110.3,r-naive_sl48_st24
smd,vgru-kl,cumulative,48,24,B3,,,,,,,,0.0287689514686299,0.0617964006625714,-0.0287689514686299,0.7075825662956111,0.730875232983653,0.7972982031868888,5,10,10,0.6993,0.6473,0.6498,0.7973,0.7442,0.7347,0.724,0.6781,0.7734,0.7442,0.0003728441820704,0.0005632716981513,0.0002560332835664,0.0003072384145848,184.3,32,5,184.4,r-cumulative_sl48_st24
smd,vgru-kl,experts,48,24,B3,,,,,,,,0.0454084289656573,0.0650338916908923,-0.0454084289656573,0.69894618889103,0.7392085087712083,0.8129880068297923,5,10,10,0.6993,0.6268,0.6955,0.7431,0.73,0.7217,0.7478,0.6835,0.813,0.73,0.00020252619337,0.0003059650072213,0.0001390753923611,0.0001668896148602,100.1,38,5,100.1,r-experts_sl48_st24
smd,vgru-kl,random-buffer,48,24,B3,500.0,,,0.5,,,,0.0309950361823959,0.0690146282508996,-0.0309950361823959,0.7071003068196172,0.7326716667083171,0.7934325371200485,5,10,10,0.6993,0.6753,0.6992,0.7375,0.7243,0.737,0.7365,0.6722,0.7934,0.7243,0.0003119468008605,0.0004712714123036,0.000214214944734,0.0002570564675695,154.2,35,5,154.2,r-random-buffer_sl48_st24_bu500_re0.5
smd,vgru-kl,reservoir,48,24,B3,500.0,,,0.5,,,,0.0201661356720797,0.0685703966149457,-0.0201661356720797,0.7146976501987057,0.7292460531942717,0.7903773629338072,5,10,10,0.6993,0.6663,0.6727,0.7809,0.7543,0.7129,0.7269,0.6618,0.7904,0.7543,0.0003153050721813,0.0004763448968334,0.0002165209849565,0.0002598239118768,155.9,36,5,155.9,r-reservoir_sl48_st24_bu500_re0.5
smd,vgru-kl,ewc,48,24,B3,,,,,1000.0,,,-0.0369499507192852,0.0760278280532585,0.0369499507192852,0.7750793334346485,0.7449671654864697,0.881804068359024,5,10,10,0.7991,0.7205,0.6796,0.8756,0.8006,0.741,0.7328,0.5687,0.8818,0.8006,0.0008582540298385,0.0012966011757183,0.000589365686687,0.0007072354890313,424.3,233,5,424.4,r-ewc_sl48_st24_la1000
smd,vgru-kl,lwf,48,24,B3,,,,,,1.0,2.0,-0.0199712615154093,0.0672377203089793,0.0199712615154093,0.7672415971064985,0.7482412777461794,0.8827960930500419,5,10,10,0.7991,0.7026,0.6712,0.8828,0.7805,0.7538,0.6835,0.6428,0.8806,0.7805,0.0008184224524583,0.0012364259032858,0.0005620132679391,0.0006744126353467,404.6,202,5,404.7,r-lwf_sl48_st24_al1.0_te2.0
smd,vlstm-kl,naive,24,12,B1,,,,,,,,0.0091532358152059,0.074011861534286,-0.0091532358152059,0.7210381207272109,0.7176924934726306,0.796424545385558,5,10,10,0.7293,0.6754,0.6577,0.7964,0.7463,0.682,0.7094,0.7045,0.7462,0.7463,0.0002361493532787,0.0003567609570838,0.0001621645659732,0.0001945963911106,116.8,38,5,116.8,r-naive_sl24_st12
smd,vlstm-kl,cumulative,24,12,B1,,,,,,,,0.0317838849618155,0.0545194080790679,-0.0317838849618155,0.6920838658023101,0.7191862670816898,0.7943158594510924,5,10,10,0.7293,0.5956,0.6568,0.779,0.6997,0.7369,0.7129,0.6522,0.7943,0.6997,0.0004296239446713,0.0006490513209503,0.0002950240643533,0.0003540272565969,212.4,32,5,212.4,r-cumulative_sl24_st12
smd,vlstm-kl,experts,24,12,B1,,,,,,,,0.0072019874021033,0.080801936582094,-0.0072019874021033,0.7140155946543801,0.7138451425350153,0.7837388708234836,5,10,10,0.7293,0.6296,0.6853,0.7837,0.7421,0.6691,0.7255,0.7052,0.7273,0.7421,0.0002180085017475,0.0003293547945654,0.0001497071320624,0.000179647662503,107.8,35,5,107.8,r-experts_sl24_st12
smd,vlstm-kl,random-buffer,24,12,B1,500.0,,,0.5,,,,0.0270671569887081,0.0637087591949487,-0.0270671569887081,0.7034561790235916,0.7287692322421393,0.8317524048840137,5,10,10,0.7293,0.6649,0.6615,0.7707,0.6909,0.7309,0.7474,0.6429,0.8318,0.6909,0.000311844631654,0.0004711170609012,0.0002141446833324,0.0002569723775687,154.2,35,5,154.2,r-random-buffer_sl24_st12_bu500_re0.5
smd,vlstm-kl,random-buffer,24,12,B1,100.0,,,0.5,,,,0.0217607323976919,0.0514261422120817,-0.0217607323976919,0.696614427868688,0.7230538211188584,0.8367054611038591,5,10,10,0.7293,0.6541,0.6714,0.7522,0.6761,0.7055,0.7524,0.6446,0.8367,0.6761,0.0003196254949235,0.0004828719447846,0.0002194878701359,0.0002633840746486,158.0,35,5,158.0,r-random-buffer_sl24_st12_bu100_re0.5
smd,vlstm-kl,random-buffer,24,12,B1,250.0,,,0.5,,,,0.0122329433884313,0.0546049560528868,-0.0122329433884313,0.6901073183848718,0.7092403867487774,0.7967364126949201,5,10,10,0.7293,0.6696,0.6795,0.7333,0.6387,0.7329,0.7437,0.6342,0.7967,0.6387,0.0003282665667799,0.0004959263826772,0.0002254218102445,0.0002705045724326,162.3,35,5,162.3,r-random-buffer_sl24_st12_bu250_re0.5
smd,vlstm-kl,random-buffer,24,12,B1,1000.0,,,0.5,,,,0.0225396894972151,0.067570220902006,-0.0225396894972151,0.7033498278459887,0.71930946235191,0.8197876907082702,5,10,10,0.7293,0.6472,0.6898,0.7535,0.6969,0.701,0.7447,0.6342,0.8198,0.6969,0.0003048163663067,0.0004604991589797,0.0002093183703681,0.0002511807886115,150.7,34,5,150.7,r-random-buffer_sl24_st12_bu1000_re0.5
smd,vlstm-kl,random-buffer,24,12,B1,2000.0,,,0.5,,,,0.0251386411144814,0.0623447081794836,-0.0251386411144814,0.7062818808642871,0.7273060824280633,0.8257869165263234,5,10,10,0.7293,0.6481,0.6768,0.7671,0.7101,0.7133,0.7428,0.6445,0.8258,0.7101,0.0002985636025174,0.0004510528405251,0.0002050245199662,0.0002460283205588,147.6,34,5,147.6,r-random-buffer_sl24_st12_bu2000_re0.5
smd,vlstm-kl,random-buffer,24,12,B1,4000.0,,,0.5,,,,0.0275849009317019,0.0706908312493997,-0.0275849009317019,0.7086496231604247,0.7327677604065893,0.8223192578849223,5,10,10,0.7293,0.6516,0.6549,0.7838,0.7236,0.729,0.7355,0.6535,0.8223,0.7236,0.0003144967990241,0.0004751238039058,0.0002159659300891,0.0002591578738166,155.5,35,5,155.5,r-random-buffer_sl24_st12_bu4000_re0.5
smd,vlstm-kl,random-buffer,24,12,B1,500.0,,,0.3,,,,0.0227006830988014,0.0653002209125074,-0.0227006830988014,0.7114960453186192,0.7326425063407809,0.8317984159210261,5,10,10,0.7293,0.6695,0.6738,0.7927,0.6921,0.7375,0.7487,0.6532,0.8318,0.6921,0.0002606285469188,0.0003937427248949,0.000178974422046,0.0002147683028488,128.9,35,5,128.9,r-random-buffer_sl24_st12_bu500_re0.3
smd,vlstm-kl,random-buffer,24,12,B1,500.0,,,0.7,,,,0.0193785808514918,0.0573890902123407,-0.0193785808514918,0.688440593272189,0.7169590511442762,0.8029431966485485,5,10,10,0.7293,0.6552,0.6707,0.7247,0.6622,0.7223,0.7534,0.6439,0.8029,0.6622,0.0004154508524463,0.0006276394226037,0.000285291354688,0.0003423480679156,205.4,34,5,205.4,r-random-buffer_sl24_st12_bu500_re0.7
smd,vlstm-kl,reservoir,24,12,B1,500.0,,,0.5,,,,0.0159833435862507,0.0685724346641967,-0.0159833435862507,0.7095071420062865,0.7254636698272339,0.8050124329600503,5,10,10,0.7293,0.6507,0.6605,0.7928,0.7142,0.7254,0.7255,0.6572,0.805,0.7142,0.0003032627755742,0.0004581520828223,0.0002082515424744,0.0002499005403478,149.9,34,5,150.0,r-reservoir_sl24_st12_bu500_re0.5
smd,vlstm-kl,reservoir,24,12,B1,100.0,,,0.5,,,,0.0314540330363627,0.0686457882517459,-0.0314540330363627,0.705288881415044,0.7283234666079881,0.8114197863048597,5,10,10,0.7293,0.631,0.6552,0.7935,0.7174,0.7378,0.7127,0.6623,0.8114,0.7174,0.0003108333258036,0.0004695892377752,0.0002134502319444,0.0002561390058308,153.7,36,5,153.7,r-reservoir_sl24_st12_bu100_re0.5
smd,vlstm-kl,reservoir,24,12,B1,250.0,,,0.5,,,,0.0210893655769975,0.0621882240388329,-0.0210893655769975,0.7036099803836036,0.7242369941294191,0.7951182560192035,5,10,10,0.7293,0.6452,0.6542,0.7885,0.7008,0.749,0.7178,0.6584,0.7951,0.7008,0.0002939973908349,0.0004441544686792,0.0002018890972216,0.0002422653714575,145.4,34,5,145.4,r-reservoir_sl24_st12_bu250_re0.5
smd,vlstm-kl,reservoir,24,12,B1,1000.0,,,0.5,,,,0.0168446286032932,0.070836609477835,-0.0168446286032932,0.71033704871415,0.7259573360435427,0.8020684838855376,5,10,10,0.7293,0.6578,0.6629,0.7932,0.7084,0.7349,0.7283,0.6562,0.8021,0.7084,0.000317825953798,0.0004801533008192,0.0002182528427666,0.0002619004580525,157.1,34,5,157.2,r-reservoir_sl24_st12_bu1000_re0.5
smd,vlstm-kl,reservoir,24,12,B1,2000.0,,,0.5,,,,0.0132344955515612,0.0612851045013045,-0.0132344955515612,0.703687419645609,0.7190960501949781,0.7958186477518499,5,10,10,0.7293,0.6307,0.6723,0.7855,0.7007,0.7457,0.7049,0.6484,0.7958,0.7007,0.0003112076119431,0.0004701546879004,0.0002137072385987,0.0002564474493016,153.9,34,5,153.9,r-reservoir_sl24_st12_bu2000_re0.5
smd,vlstm-kl,reservoir,24,12,B1,4000.0,,,0.5,,,,0.0204182013319577,0.0659122259548102,-0.0204182013319577,0.7061002271157502,0.724914069512612,0.7954232157228445,5,10,10,0.7293,0.6403,0.6619,0.7893,0.7097,0.7333,0.7322,0.6539,0.7954,0.7097,0.0002944137554028,0.0004447834884909,0.0002021748158543,0.0002426086726365,145.6,34,5,145.6,r-reservoir_sl24_st12_bu4000_re0.5
smd,vlstm-kl,reservoir,24,12,B1,500.0,,,0.3,,,,0.0184747142836915,0.0780640392921958,-0.0184747142836915,0.7163118200619071,0.7320493882794895,0.8180595613793699,5,10,10,0.7293,0.661,0.6591,0.7923,0.7398,0.7225,0.7266,0.6532,0.8181,0.7398,0.000254932569183,0.0003851375670136,0.0001750629743043,0.0002100745927092,126.0,36,5,126.1,r-reservoir_sl24_st12_bu500_re0.3
smd,vlstm-kl,reservoir,24,12,B1,500.0,,,0.7,,,,0.0184737959163557,0.0580194688383077,-0.0184737959163557,0.6949677207373259,0.7121731545326174,0.7937655418086028,5,10,10,0.7293,0.6259,0.6586,0.7918,0.6691,0.7425,0.7025,0.6529,0.7938,0.6691,0.0004277120883315,0.000646162997573,0.0002937112878484,0.0003524517097246,211.5,33,5,211.5,r-reservoir_sl24_st12_bu500_re0.7
smd,vlstm-kl,ewc,24,12,B1,,,,,1000.0,,,-0.0314802426387934,0.0546054275446432,0.0314802426387934,0.7521118182194337,0.7344996386872684,0.8668466580281387,5,10,10,0.7961,0.6891,0.6392,0.8658,0.7703,0.7797,0.678,0.5776,0.8668,0.7703,0.0008452923972226,0.0012770194813659,0.0005804648799763,0.0006965546013896,417.9,207,5,417.9,r-ewc_sl24_st12_la1000
smd,vlstm-kl,ewc,24,12,B1,,,,,100.0,,,-0.0263734775200505,0.0548178519153984,0.0263734775200505,0.7496547660545637,0.7369223283727703,0.8422579455005271,5,10,10,0.7961,0.6919,0.7039,0.8343,0.7221,0.733,0.7466,0.6407,0.8423,0.7221,0.0008271713683623,0.0012496432658066,0.0005680211605937,0.0006816221052128,409.0,210,5,409.0,r-ewc_sl24_st12_la100
smd,vlstm-kl,ewc,24,12,B1,,,,,500.0,,,-0.0417395935980565,0.0670142864323346,0.0417395935980565,0.7688595145056384,0.7473858343932862,0.8803567069203019,5,10,10,0.7961,0.6818,0.6951,0.8765,0.7948,0.7662,0.6256,0.67,0.8804,0.7948,0.0007651246840745,0.0011559066785027,0.0005254134754566,0.0006304932030461,378.3,192,5,378.3,r-ewc_sl24_st12_la500
smd,vlstm-kl,ewc,24,12,B1,,,,,5000.0,,,-0.0333046333640525,0.0621559253661892,0.0333046333640525,0.7655069956743772,0.7507579712008634,0.849110376923919,5,10,10,0.7961,0.6921,0.6869,0.8491,0.8033,0.7376,0.678,0.6942,0.8406,0.8033,0.000835025714257,0.001261509163044,0.0005734147365146,0.0006880944265293,412.9,213,5,412.9,r-ewc_sl24_st12_la5000
smd,vlstm-kl,ewc,24,12,B1,,,,,10000.0,,,-0.0553894912856474,0.0466053523863777,0.0553894912856474,0.7403365180640865,0.6950231318018633,0.7961017911168587,5,10,10,0.7961,0.6885,0.6835,0.7671,0.7665,0.7123,0.6738,0.5965,0.726,0.7665,0.0008807174001546,0.0013305375527696,0.0006047912847806,0.0007257462679889,435.5,228,5,435.5,r-ewc_sl24_st12_la10000
smd,vlstm-kl,lwf,24,12,B1,,,,,,1.0,2.0,-0.0302155720870035,0.0882377243633009,0.0302155720870035,0.7684834887051775,0.7404136392601058,0.8585908061325713,5,10,10,0.7961,0.6771,0.7333,0.8414,0.7945,0.7844,0.6782,0.5864,0.8586,0.7945,0.0009161879727158,0.0013841244681668,0.0006291491057335,0.0007549753624332,453.0,207,5,453.0,r-lwf_sl24_st12_al1.0_te2.0
smd,vlstm-kl,lwf,24,12,B1,,,,,,0.5,2.0,-0.0367859519064208,0.0898246002350516,0.0367859519064208,0.7680009558947234,0.7317029525436479,0.829773781538244,5,10,10,0.7961,0.6931,0.6961,0.8298,0.8249,0.7393,0.6977,0.5752,0.8215,0.8249,0.0009311708344945,0.0014067597201116,0.0006394377783024,0.0007673219418091,460.4,211,5,460.4,r-lwf_sl24_st12_al0.5_te2.0
smd,vlstm-kl,lwf,24,12,B1,,,,,,2.0,2.0,-0.0115876767608976,0.0828879533671151,0.0115876767608976,0.7697572579000779,0.7540923967845606,0.8523044467774036,5,10,10,0.7961,0.6989,0.6903,0.8523,0.8112,0.8004,0.6726,0.696,0.7902,0.8112,0.000663837172489,0.0010028872902545,0.0004558590199093,0.0005470282703451,328.2,145,5,328.2,r-lwf_sl24_st12_al2.0_te2.0
smd,vlstm-kl,lwf,24,12,B1,,,,,,1.0,1.0,-0.0150372206111774,0.0993271193600401,0.0150372206111774,0.7734863827753482,0.7485585249696156,0.8440906467053365,5,10,10,0.7961,0.6669,0.7289,0.8314,0.8441,0.7689,0.6898,0.6793,0.7607,0.8441,0.0005998187293044,0.000906171882211,0.0004118973271403,0.0004942745550706,296.6,128,5,296.6,r-lwf_sl24_st12_al1.0_te1.0
smd,vlstm-kl,lwf,24,12,B1,,,,,,1.0,4.0,-0.0155003093110141,0.0436205664094881,0.0155003093110141,0.7474628151084082,0.7401240723967368,0.8138720728838195,5,10,10,0.7961,0.6747,0.7197,0.8139,0.733,0.7645,0.703,0.6892,0.811,0.733,0.0009723185125629,0.0014689232823048,0.0006676941120971,0.0008012291702077,480.7,221,5,480.7,r-lwf_sl24_st12_al1.0_te4.0
smd,vlstm-kl,naive,6,6,B2,,,,,,,,0.0162453938648959,0.0634203599965133,-0.0162453938648959,0.7178214487025179,0.7148379277964724,0.7987595919908275,5,10,10,0.7173,0.6388,0.6846,0.7988,0.7497,0.6864,0.6798,0.7438,0.7146,0.7497,0.0001749490357731,0.0002643030123807,0.0001201380974541,0.0001441649149265,86.5,33,5,86.5,r-naive_sl6_st6
smd,vlstm-kl,cumulative,6,6,B2,,,,,,,,0.022262356113005,0.0518286088215097,-0.022262356113005,0.704412873193162,0.7247437800932192,0.7875389924741554,5,10,10,0.7173,0.6335,0.6678,0.7782,0.7253,0.7383,0.7059,0.6667,0.7875,0.7253,0.0003159568297949,0.0004773295350159,0.0002169685277214,0.0002603610072944,156.2,30,5,156.2,r-cumulative_sl6_st6
smd,vlstm-kl,experts,6,6,B2,,,,,,,,0.000624861112453,0.0701853511777299,-0.000624861112453,0.7191822715337738,0.7107094937824271,0.7768472413070148,5,10,10,0.7173,0.6631,0.7087,0.7768,0.7299,0.6707,0.705,0.7185,0.7295,0.7299,0.0001748107805252,0.0002640941442476,0.0001200431016791,0.0001440510425685,86.4,30,5,86.4,r-experts_sl6_st6
smd,vlstm-kl,random-buffer,6,6,B2,500.0,,,0.5,,,,0.0200856086547484,0.0517156010894183,-0.0200856086547484,0.699708425975375,0.7209216732595318,0.8096217695320138,5,10,10,0.7173,0.6474,0.675,0.758,0.7008,0.6797,0.7293,0.6851,0.8096,0.7008,0.0002282289625786,0.0003447952831262,0.0001567255229158,0.0001880697602103,112.8,30,5,112.9,r-random-buffer_sl6_st6_bu500_re0.5
smd,vlstm-kl,reservoir,6,6,B2,500.0,,,0.5,,,,0.0212931846971337,0.0616219513216356,-0.0212931846971337,0.7071816368654211,0.7225767649536033,0.8026543510854274,5,10,10,0.7173,0.6064,0.6875,0.7841,0.7406,0.7108,0.69,0.6688,0.8027,0.7406,0.0002312493635366,0.0003493583324066,0.0001587997192109,0.0001905586131957,114.3,30,5,114.3,r-reservoir_sl6_st6_bu500_re0.5
smd,vlstm-kl,ewc,6,6,B2,,,,,1000.0,,,-0.0490471288506871,0.1130418895337439,0.0490471288506871,0.7666791266001862,0.7435309234192077,0.8592304114757952,5,10,10,0.7762,0.7345,0.6594,0.8592,0.804,0.7437,0.6226,0.7139,0.8336,0.804,0.0006087564016358,0.0009196744071631,0.0004180348186941,0.000501639588469,301.0,194,5,301.0,r-ewc_sl6_st6_la1000
smd,vlstm-kl,lwf,6,6,B2,,,,,,1.0,2.0,-0.0413381238098298,0.110885017391648,0.0413381238098298,0.7609408387966671,0.7220083648286154,0.882681394821612,5,10,10,0.7762,0.6642,0.6545,0.8827,0.8271,0.7477,0.5664,0.6693,0.7995,0.8271,0.0006269710209099,0.0009471920137748,0.000430542860585,0.0005166491531898,310.0,192,5,310.0,r-lwf_sl6_st6_al1.0_te2.0
smd,vlstm-kl,naive,8,8,B2,,,,,,,,0.0298560959526812,0.0678921673352663,-0.0298560959526812,0.7116663080791756,0.731549437149955,0.7809086348949943,5,10,10,0.7169,0.6359,0.6831,0.7756,0.7468,0.7287,0.6877,0.7136,0.7809,0.7468,0.0001697223553369,0.0002564068420593,0.0001165489393532,0.0001398579027061,83.9,36,5,83.9,r-naive_sl8_st8
smd,vlstm-kl,cumulative,8,8,B2,,,,,,,,0.0256171499963423,0.0608369493852274,-0.0256171499963423,0.7034256207245837,0.7239200810142437,0.7854087642219258,5,10,10,0.7169,0.6134,0.6694,0.7836,0.7339,0.7348,0.7011,0.6643,0.7854,0.7339,0.0002865165451015,0.000432852834156,0.0001967517913771,0.0002361010427788,141.7,30,5,141.7,r-cumulative_sl8_st8
smd,vlstm-kl,experts,8,8,B2,,,,,,,,0.0046479414148952,0.0668181563178491,-0.0046479414148952,0.7216035903357925,0.7159707758681904,0.7903429611094712,5,10,10,0.7169,0.6503,0.703,0.7903,0.7475,0.6963,0.6846,0.7098,0.7417,0.7475,0.0001654608546737,0.0002499688102201,0.0001136224919554,0.0001363463182646,81.8,30,5,81.8,r-experts_sl8_st8
smd,vlstm-kl,random-buffer,8,8,B2,500.0,,,0.5,,,,0.0238682536880663,0.0522557316695685,-0.0238682536880663,0.6930225846280935,0.7116889906913022,0.7916599283252334,5,10,10,0.7169,0.6418,0.6686,0.7493,0.6885,0.7156,0.734,0.6287,0.7917,0.6885,0.0002224007943477,0.0003359904193938,0.0001527234162016,0.0001832670031922,110.0,32,5,110.0,r-random-buffer_sl8_st8_bu500_re0.5
smd,vlstm-kl,reservoir,8,8,B2,500.0,,,0.5,,,,0.0321436251294783,0.0682188637760177,-0.0321436251294783,0.7099952989375329,0.7368206619869404,0.7883988703830628,5,10,10,0.7169,0.6166,0.6812,0.7812,0.7542,0.7509,0.7018,0.6888,0.7884,0.7542,0.0002131717318954,0.0003220476788877,0.0001463858003469,0.0001756618785408,105.4,30,5,105.4,r-reservoir_sl8_st8_bu500_re0.5
smd,vlstm-kl,ewc,8,8,B2,,,,,1000.0,,,-0.0625968412171445,0.070467111433951,0.0625968412171445,0.7843276139668754,0.7436483203384803,0.8783532118665396,5,10,10,0.798,0.6901,0.7613,0.8784,0.7939,0.7306,0.697,0.6511,0.8457,0.7939,0.0005144317789641,0.0007771741538542,0.0003532618053833,0.0004239123484709,254.3,175,5,254.4,r-ewc_sl8_st8_la1000
smd,vlstm-kl,lwf,8,8,B2,,,,,,1.0,2.0,-0.0346440610627178,0.0716177733975551,0.0346440610627178,0.7852662795706198,0.7555092801209075,0.8792956483755414,5,10,10,0.798,0.6728,0.7549,0.8793,0.8213,0.7081,0.7003,0.6737,0.8741,0.8213,0.0005421568478162,0.0008190596045724,0.0003723007906849,0.0004467588138875,268.1,179,5,268.1,r-lwf_sl8_st8_al1.0_te2.0
smd,vlstm-kl,naive,10,10,B2,,,,,,,,0.0299223172679407,0.079889235296574,-0.0299223172679407,0.7037838013668717,0.72334330260587,0.7741113871156811,5,10,10,0.7174,0.643,0.6588,0.7647,0.735,0.6799,0.7265,0.7012,0.7741,0.735,0.0001651732188062,0.0002495342663776,0.0001134249740163,0.0001361092923612,81.7,35,5,81.7,r-naive_sl10_st10
smd,vlstm-kl,cumulative,10,10,B2,,,,,,,,0.0231678345168439,0.0850531097649578,-0.0231678345168439,0.7043193665337779,0.7237564482986635,0.7887843007591936,5,10,10,0.7174,0.6516,0.6611,0.7742,0.7173,0.7409,0.7086,0.6632,0.7888,0.7173,0.0002767012111962,0.000418024388219,0.0001900117439825,0.0002280126442364,136.8,30,5,136.8,r-cumulative_sl10_st10
smd,vlstm-kl,experts,10,10,B2,,,,,,,,0.0012621125288077,0.0964835326324151,-0.0012621125288077,0.7232410051303542,0.7146824851186151,0.7974104162199455,5,10,10,0.7174,0.6412,0.7047,0.7974,0.7555,0.6801,0.6771,0.7148,0.746,0.7555,0.0001563874707584,0.0002362612599572,0.0001073917849552,0.000128869475002,77.3,30,5,77.3,r-experts_sl10_st10
smd,vlstm-kl,random-buffer,10,10,B2,500.0,,,0.5,,,,0.0192196306251151,0.0689367327858208,-0.0192196306251151,0.6914120502201856,0.7069485069300928,0.7795556850759231,5,10,10,0.7174,0.6698,0.6632,0.7257,0.6809,0.7004,0.7259,0.648,0.7796,0.6809,0.0002143137214568,0.0003237729315012,0.0001471699223375,0.0001766030091637,106.0,33,5,106.0,r-random-buffer_sl10_st10_bu500_re0.5
smd,vlstm-kl,reservoir,10,10,B2,500.0,,,0.5,,,,0.0231871939066929,0.0868830074206228,-0.0231871939066929,0.7042000984604779,0.7261011657623375,0.7822652992159933,5,10,10,0.7174,0.6377,0.6611,0.7738,0.731,0.7278,0.7286,0.6609,0.7823,0.731,0.0002120069001871,0.0003202879176631,0.0001455857873849,0.0001747021302782,104.8,32,5,104.8,r-reservoir_sl10_st10_bu500_re0.5
smd,vlstm-kl,ewc,10,10,B2,,,,,1000.0,,,-0.0602023098216049,0.0480455864663517,0.0602023098216049,0.7638183134710542,0.7192468152472788,0.8488294420920448,5,10,10,0.7963,0.7005,0.7282,0.8488,0.7453,0.7092,0.6602,0.6532,0.8283,0.7453,0.0005832266023764,0.0008811054443796,0.0004005034527799,0.0004806019915997,288.4,226,5,288.4,r-ewc_sl10_st10_la1000
smd,vlstm-kl,lwf,10,10,B2,,,,,,1.0,2.0,-0.0429622388522854,0.0571108230750432,0.0429622388522854,0.7533349325701012,0.7277876685706465,0.8136309618958124,5,10,10,0.7963,0.6769,0.7162,0.8136,0.7637,0.7296,0.7105,0.6245,0.8107,0.7637,0.0005841488081565,0.0008824986602076,0.0004011367781255,0.000481361882082,288.8,208,5,288.8,r-lwf_sl10_st10_al1.0_te2.0
smd,vlstm-kl,naive,12,12,B2,,,,,,,,0.0181921444403284,0.0724325558123727,-0.0181921444403284,0.7134509505415669,0.7150749261949887,0.785130534301896,5,10,10,0.7106,0.6387,0.683,0.7851,0.7499,0.6965,0.7078,0.6809,0.7404,0.7499,0.0001660296317527,0.0002508280861496,0.0001140130998282,0.0001368149863214,82.1,34,5,82.1,r-naive_sl12_st12
smd,vlstm-kl,cumulative,12,12,B2,,,,,,,,0.0145801087527834,0.066742882277446,-0.0145801087527834,0.7091112457911748,0.7256022043052914,0.7927820383124158,5,10,10,0.7106,0.6726,0.6542,0.7828,0.7253,0.7295,0.7126,0.6678,0.7928,0.7253,0.000272761952924,0.0004120731817817,0.0001873064407406,0.000224766741041,134.9,30,5,134.9,r-cumulative_sl12_st12
smd,vlstm-kl,experts,12,12,B2,,,,,,,,0.0028770348964069,0.081561155780431,-0.0028770348964069,0.7236568807067855,0.7102555767249271,0.793066532138025,5,10,10,0.7106,0.6591,0.6954,0.7931,0.7601,0.6898,0.6772,0.7034,0.7208,0.7601,0.0001611817404058,0.0002435041687527,0.0001106840670154,0.0001328201017373,79.7,30,5,79.7,r-experts_sl12_st12
smd,vlstm-kl,random-buffer,12,12,B2,500.0,,,0.5,,,,0.0161046444675738,0.0608512485562919,-0.0161046444675738,0.6946193015905215,0.7096683026804798,0.7939029636749677,5,10,10,0.7106,0.6535,0.6704,0.7536,0.6851,0.7133,0.7246,0.6314,0.7939,0.6851,0.0002123907648764,0.0003208678385143,0.0001458494480304,0.0001750183904838,105.0,35,5,105.0,r-random-buffer_sl12_st12_bu500_re0.5
smd,vlstm-kl,reservoir,12,12,B2,500.0,,,0.5,,,,0.0227721300491593,0.0657251862827464,-0.0227721300491593,0.6993913021224657,0.7189339596530134,0.7921879301279399,5,10,10,0.7106,0.607,0.6737,0.7787,0.727,0.726,0.6936,0.6559,0.7922,0.727,0.0002064557619955,0.0003119015750938,0.0001417738043987,0.000170127770695,102.1,32,5,102.1,r-reservoir_sl12_st12_bu500_re0.5
smd,vlstm-kl,ewc,12,12,B2,,,,,1000.0,,,-0.0612910705650481,0.0592807600411018,0.0612910705650481,0.7763455985505876,0.7185626917390988,0.8789311193625776,5,10,10,0.8159,0.7001,0.6812,0.8789,0.8056,0.6731,0.6494,0.6413,0.8234,0.8056,0.0004447335711995,0.0006718780818392,0.0003054025074635,0.0003664755743757,219.9,168,5,219.9,r-ewc_sl12_st12_la1000
smd,vlstm-kl,lwf,12,12,B2,,,,,,1.0,2.0,-0.0456258539555756,0.0604207235718119,0.0456258539555756,0.775673339703624,0.7375355527007346,0.8680897701188304,5,10,10,0.8159,0.7128,0.6896,0.8681,0.7919,0.7279,0.6662,0.6791,0.8225,0.7919,0.0004845145692628,0.0007319769419283,0.0003327176091474,0.0003992593327808,239.6,173,5,239.6,r-lwf_sl12_st12_al1.0_te2.0
smd,vlstm-kl,naive,16,16,B2,,,,,,,,0.0209594773885517,0.0843097388997302,-0.0209594773885517,0.7177038925960233,0.7280862628629585,0.7960969365148527,5,10,10,0.7142,0.6774,0.6822,0.7793,0.7353,0.7031,0.7086,0.6973,0.7961,0.7353,0.0001626384600199,0.0002457048975563,0.00011168440735,0.0001340204902063,80.4,36,5,80.4,r-naive_sl16_st16
smd,vlstm-kl,cumulative,16,16,B2,,,,,,,,0.0191587554185574,0.0765187691343683,-0.0191587554185574,0.7124148610064174,0.7270638985864376,0.8048863944963021,5,10,10,0.7142,0.6623,0.6738,0.797,0.7148,0.7335,0.7064,0.6758,0.8049,0.7148,0.000259438928795,0.0003919455177693,0.0001781575195025,0.0002137879982668,128.3,30,5,128.3,r-cumulative_sl16_st16
smd,vlstm-kl,experts,16,16,B2,,,,,,,,0.0116369749550591,0.0771871084530646,-0.0116369749550591,0.7146043778642203,0.7139316917295341,0.7692186329399006,5,10,10,0.7142,0.6529,0.6799,0.7692,0.7567,0.7154,0.6749,0.7216,0.7011,0.7567,0.0001526771744662,0.0002306559562038,0.0001048439432866,0.0001258120129172,75.5,33,5,75.5,r-experts_sl16_st16
smd,vlstm-kl,random-buffer,16,16,B2,500.0,,,0.5,,,,0.0212580356008175,0.0777450974637148,-0.0212580356008175,0.7183996135127246,0.7362915735410555,0.8105291449749408,5,10,10,0.7142,0.6483,0.7148,0.7933,0.7214,0.7313,0.7458,0.6724,0.8105,0.7214,0.0001893158357646,0.0002860075533589,0.0001300037943305,0.0001560037590283,93.6,32,5,93.6,r-random-buffer_sl16_st16_bu500_re0.5
smd,vlstm-kl,reservoir,16,16,B2,500.0,,,0.5,,,,0.0237462858197541,0.0776809704001536,-0.0237462858197541,0.7119847879434661,0.7305214201587769,0.8006685276886393,5,10,10,0.7142,0.6426,0.683,0.7929,0.7272,0.7317,0.7063,0.6867,0.8007,0.7272,0.0001914973108975,0.0002893032014115,0.0001315018203685,0.000157801381043,94.7,32,5,94.7,r-reservoir_sl16_st16_bu500_re0.5
smd,vlstm-kl,ewc,16,16,B2,,,,,1000.0,,,-0.0319542438283405,0.1001316999422912,0.0319542438283405,0.7637255767371597,0.7191367925709852,0.8387786512881144,5,10,10,0.7849,0.6896,0.6743,0.8388,0.8311,0.7279,0.6393,0.7629,0.6345,0.8311,0.0004035208639028,0.0006096162772014,0.0002770990636594,0.000332517213542,199.5,167,5,199.5,r-ewc_sl16_st16_la1000
smd,vlstm-kl,lwf,16,16,B2,,,,,,1.0,2.0,-0.011642961751907,0.1162417875205275,0.011642961751907,0.749674584633474,0.7422763848458891,0.8365970588303252,5,10,10,0.7849,0.6778,0.6676,0.8366,0.7815,0.7363,0.7345,0.6273,0.8317,0.7815,0.0005146849207681,0.0007775565860355,0.0003534356858244,0.000424120900211,254.5,203,5,254.5,r-lwf_sl16_st16_al1.0_te2.0
smd,vlstm-kl,naive,48,48,B2,,,,,,,,0.0338431735587693,0.0575795189778481,-0.0338431735587693,0.7142243374043866,0.7361186085227356,0.8065303581691354,5,10,10,0.7079,0.6561,0.6887,0.7795,0.7389,0.7373,0.7113,0.6866,0.8065,0.7389,0.0001596048599487,0.0002411219078095,0.0001096012029512,0.0001315207048583,78.9,45,5,78.9,r-naive_sl48_st48
smd,vlstm-kl,cumulative,48,48,B2,,,,,,,,0.0245160682915045,0.0436227350725097,-0.0245160682915045,0.7093243072284325,0.7250676849073694,0.784264951503882,5,10,10,0.7079,0.6469,0.673,0.7826,0.7362,0.7296,0.6977,0.6775,0.7843,0.7362,0.000250367805752,0.0003782413831033,0.0001719284094915,0.0002063129736118,123.8,37,5,123.8,r-cumulative_sl48_st48
smd,vlstm-kl,experts,48,48,B2,,,,,,,,0.0273971659210226,0.0546528090426886,-0.0273971659210226,0.7134716065626507,0.7290690879891446,0.7943306520860525,5,10,10,0.7079,0.6682,0.6679,0.7943,0.729,0.7226,0.7324,0.679,0.7823,0.729,0.0001521444567439,0.0002298511566911,0.0001044781304397,0.0001253730262513,75.2,40,5,75.2,r-experts_sl48_st48
smd,vlstm-kl,random-buffer,48,48,B2,500.0,,,0.5,,,,0.0354584324301068,0.0518030241280437,-0.0354584324301068,0.711712426854309,0.7343780494369475,0.821588960994401,5,10,10,0.7079,0.6242,0.6879,0.7958,0.7428,0.7131,0.7406,0.6539,0.8216,0.7428,0.0001960809032231,0.0002962278309404,0.0001346494710098,0.0001615783599306,96.9,40,5,97.0,r-random-buffer_sl48_st48_bu500_re0.5
smd,vlstm-kl,reservoir,48,48,B2,500.0,,,0.5,,,,0.0321805827875995,0.0472843124659481,-0.0321805827875995,0.7143065517223388,0.7384625400129042,0.7995650430543573,5,10,10,0.7079,0.6398,0.6785,0.7931,0.7523,0.7445,0.7199,0.676,0.7996,0.7523,0.0001913565240739,0.0002890905087183,0.0001314051289971,0.0001576853797212,94.6,39,5,94.6,r-reservoir_sl48_st48_bu500_re0.5
smd,vlstm-kl,ewc,48,48,B2,,,,,1000.0,,,0.0286761101365933,0.0584830045212973,-0.0286761101365933,0.7055759339621345,0.7327045687404888,0.7909796156590584,5,10,10,0.7824,0.6833,0.6421,0.6695,0.7506,0.7707,0.7796,0.6915,0.6711,0.7506,0.0003457226526848,0.0005222980403924,0.0002374089317118,0.0002848891086806,170.9,159,5,170.9,r-ewc_sl48_st48_la1000
smd,vlstm-kl,lwf,48,48,B2,,,,,,1.0,2.0,-0.0315766488806596,0.1031350235601407,0.0315766488806596,0.758843786089624,0.7286222477587309,0.8236767615893835,5,10,10,0.7824,0.6699,0.7414,0.8184,0.7822,0.751,0.7173,0.5689,0.8237,0.7822,0.0003611577462509,0.0005456164982957,0.0002480081478075,0.0002976083504882,178.6,150,5,178.6,r-lwf_sl48_st48_al1.0_te2.0
smd,vlstm-kl,naive,8,4,B3,,,,,,,,-0.0109409237246026,0.0632092744200024,0.0109409237246026,0.7255503931109527,0.6992962520096403,0.7978641834568773,5,10,10,0.7202,0.6679,0.701,0.7979,0.7408,0.6888,0.6544,0.6787,0.7339,0.7408,0.0002556621471636,0.0003862397717625,0.0001755639978011,0.0002106757739613,126.4,32,5,126.4,r-naive_sl8_st4
smd,vlstm-kl,cumulative,8,4,B3,,,,,,,,0.0204839697693189,0.0515397940721902,-0.0204839697693189,0.7013524059703087,0.724653210026867,0.7907421742006531,5,10,10,0.7202,0.6229,0.6616,0.7907,0.7112,0.7481,0.7091,0.675,0.7797,0.7112,0.0005084693671331,0.0007681664825572,0.0003491675132497,0.0004189989693074,251.4,30,5,251.4,r-cumulative_sl8_st4
smd,vlstm-kl,experts,8,4,B3,,,,,,,,0.0093701462046771,0.0669039612203478,-0.0093701462046771,0.7247574158791028,0.7231454683698527,0.809076047043056,5,10,10,0.7202,0.6428,0.6988,0.8091,0.7528,0.7122,0.6975,0.7277,0.7255,0.7528,0.0002512159974532,0.0003795227826875,0.0001725108862272,0.0002070118964603,124.2,30,5,124.2,r-experts_sl8_st4
smd,vlstm-kl,random-buffer,8,4,B3,500.0,,,0.5,,,,0.0203242080165331,0.0555685655707993,-0.0203242080165331,0.6994070086969307,0.724132556031401,0.8033033576962657,5,10,10,0.7202,0.6462,0.686,0.74,0.7046,0.7096,0.7233,0.6799,0.8033,0.7046,0.0003452812463828,0.0005216311889589,0.000237105692707,0.0002845254962518,170.7,30,5,170.7,r-random-buffer_sl8_st4_bu500_re0.5
smd,vlstm-kl,reservoir,8,4,B3,500.0,,,0.5,,,,0.0185671457425921,0.0571083040588105,-0.0185671457425921,0.7088338953288175,0.7267923250369139,0.7898811008486255,5,10,10,0.7202,0.614,0.6786,0.7834,0.7479,0.7214,0.6836,0.6912,0.7899,0.7479,0.0003465840125512,0.0005235993336887,0.0002380002992454,0.0002855990344433,171.4,30,5,171.4,r-reservoir_sl8_st4_bu500_re0.5
smd,vlstm-kl,ewc,8,4,B3,,,,,1000.0,,,-0.0627507220596444,0.0998058898904216,0.0627507220596444,0.7764746246910821,0.738790238144756,0.8579129330863913,5,10,10,0.7977,0.6632,0.7302,0.8579,0.8334,0.6951,0.6637,0.668,0.8338,0.8334,0.0010495443428786,0.0015855916565879,0.0007207251034689,0.0008648665531189,518.9,199,5,518.9,r-ewc_sl8_st4_la1000
smd,vlstm-kl,lwf,8,4,B3,,,,,,1.0,2.0,-0.0320636345903797,0.0895420175939325,0.0320636345903797,0.763554454665098,0.7474808950418692,0.8418909309395376,5,10,10,0.7977,0.6476,0.7208,0.8419,0.8098,0.6993,0.6786,0.7335,0.8162,0.8098,0.0009918771016866,0.0014984712818149,0.0006811250023731,0.0008173462794418,490.4,175,5,490.4,r-lwf_sl8_st4_al1.0_te2.0
smd,vlstm-kl,naive,12,6,B3,,,,,,,,0.0032100474950646,0.0658029151754586,-0.0032100474950646,0.716987381115304,0.7067160460486263,0.7998130289095415,5,10,10,0.7216,0.6568,0.6782,0.7998,0.7284,0.6749,0.6863,0.7101,0.7339,0.7284,0.0002343765744091,0.0003540827440064,0.0001609472056708,0.0001931355383355,115.9,32,5,115.9,r-naive_sl12_st6
smd,vlstm-kl,cumulative,12,6,B3,,,,,,,,0.0202565999673892,0.0485714927356034,-0.0202565999673892,0.7009921250822118,0.718843173305246,0.7807289343705893,5,10,10,0.7216,0.6331,0.6626,0.7807,0.7068,0.7359,0.7106,0.6646,0.7763,0.7068,0.0004599587433695,0.0006948794024854,0.0003158552278971,0.0003790241745882,227.4,30,5,227.4,r-cumulative_sl12_st6
smd,vlstm-kl,experts,12,6,B3,,,,,,,,0.0022771593183406,0.0712460618609152,-0.0022771593183406,0.7271000164289037,0.7137309273863198,0.8124494874570078,5,10,10,0.7216,0.6645,0.6842,0.8124,0.7527,0.6993,0.6783,0.7122,0.7261,0.7527,0.0002346480667212,0.0003544928990872,0.0001611336570032,0.0001933592420839,116.0,30,5,116.0,r-experts_sl12_st6
smd,vlstm-kl,random-buffer,12,6,B3,500.0,,,0.5,,,,0.0236721055850569,0.0563842521680027,-0.0236721055850569,0.6942964581229316,0.7240453524767607,0.7934506317989914,5,10,10,0.7216,0.6437,0.6687,0.7307,0.7067,0.7259,0.7151,0.6791,0.7935,0.7067,0.0003164859410616,0.0004781288861015,0.0002173319219352,0.0002607969641662,156.5,30,5,156.5,r-random-buffer_sl12_st6_bu500_re0.5
smd,vlstm-kl,reservoir,12,6,B3,500.0,,,0.5,,,,0.0201999412697209,0.0594444681424058,-0.0201999412697209,0.703583669856643,0.7217814980478204,0.7837045897340094,5,10,10,0.7216,0.5982,0.6735,0.7764,0.7482,0.7263,0.6835,0.6672,0.7837,0.7482,0.0003273542913335,0.0004945481690302,0.0002247952576396,0.0002697529113905,161.9,30,5,161.9,r-reservoir_sl12_st6_bu500_re0.5
smd,vlstm-kl,ewc,12,6,B3,,,,,1000.0,,,-0.0934122744336274,0.094884027673372,0.0934122744336274,0.7882933683838483,0.7137797601450179,0.8706780748651067,5,10,10,0.7977,0.7012,0.7606,0.8707,0.8113,0.7088,0.563,0.6303,0.8555,0.8113,0.000892098146809,0.0013477309348915,0.000612606485999,0.0007351244488925,441.1,193,5,441.0,r-ewc_sl12_st6_la1000
smd,vlstm-kl,lwf,12,6,B3,,,,,,1.0,2.0,-0.0167521013459694,0.0807393004664792,0.0167521013459694,0.7709379507475828,0.7683006794549623,0.853748474450949,5,10,10,0.7977,0.6767,0.7142,0.8422,0.8238,0.7531,0.737,0.6738,0.8537,0.8238,0.0011052022238018,0.001669676404616,0.0007589456157965,0.0009107307888194,546.4,223,5,546.4,r-lwf_sl12_st6_al1.0_te2.0
smd,vlstm-kl,naive,48,24,B3,,,,,,,,0.0305518369055027,0.0848645386290648,-0.0305518369055027,0.7256539833324506,0.742811771015652,0.7913418206289164,5,10,10,0.7067,0.6597,0.6943,0.7913,0.7762,0.745,0.7186,0.6991,0.7751,0.7762,0.0002388417382624,0.0003608284585625,0.0001640133731468,0.0001968150854157,118.1,42,5,118.1,r-naive_sl48_st24
smd,vlstm-kl,cumulative,48,24,B3,,,,,,,,0.020134688235127,0.0886615993825621,-0.020134688235127,0.7133502687998732,0.7253180720736604,0.8023769903488818,5,10,10,0.7067,0.6384,0.6859,0.8024,0.7335,0.7333,0.7019,0.6751,0.7829,0.7335,0.0004161401464579,0.0006286807686327,0.0002857647710615,0.0003429159975711,205.8,33,5,205.8,r-cumulative_sl48_st24
smd,vlstm-kl,experts,48,24,B3,,,,,,,,0.0262549155528672,0.0938358474960128,-0.0262549155528672,0.7151948639202547,0.7251936123858899,0.8218366009879965,5,10,10,0.7067,0.6238,0.7016,0.8218,0.722,0.713,0.733,0.6617,0.7963,0.722,0.0002263119150406,0.0003418991171832,0.0001554092064228,0.0001864899107604,111.9,35,5,111.9,r-experts_sl48_st24
smd,vlstm-kl,random-buffer,48,24,B3,500.0,,,0.5,,,,0.0245380012118773,0.0547650425373985,-0.0245380012118773,0.6827606016957255,0.6953739767886918,0.7914564394436678,5,10,10,0.7067,0.654,0.6682,0.7762,0.6088,0.719,0.7288,0.6288,0.7915,0.6088,0.0003265487571014,0.0004933312139142,0.0002242420637734,0.0002690891501408,161.5,37,5,161.4,r-random-buffer_sl48_st24_bu500_re0.5
smd,vlstm-kl,reservoir,48,24,B3,500.0,,,0.5,,,,0.0260129927777956,0.084758706693672,-0.0260129927777956,0.709311738584465,0.727034527501033,0.8018864591842035,5,10,10,0.7067,0.6265,0.6754,0.7984,0.7396,0.7258,0.708,0.66,0.8019,0.7396,0.0003166738852664,0.0004784128214731,0.0002174610947362,0.0002609517267369,156.6,35,5,156.6,r-reservoir_sl48_st24_bu500_re0.5
smd,vlstm-kl,ewc,48,24,B3,,,,,1000.0,,,-0.0028604877414581,0.0829086387731497,0.0028604877414581,0.7161641209654194,0.7232157864594037,0.8034413411770742,5,10,10,0.785,0.6884,0.6391,0.714,0.7544,0.7727,0.7194,0.6378,0.7319,0.7544,0.0009023086394089,0.001363156364018,0.0006196181403996,0.0007435382236183,446.1,242,5,446.1,r-ewc_sl48_st24_la1000
smd,vlstm-kl,lwf,48,24,B3,,,,,,1.0,2.0,-0.0207823823422444,0.1010587193206047,0.0207823823422444,0.7405668410034462,0.7282120270339892,0.7869607679969892,5,10,10,0.785,0.743,0.6578,0.7533,0.7637,0.7361,0.787,0.604,0.7502,0.7637,0.0009661680072924,0.0014596314501808,0.0006634705313636,0.0007961609188172,477.7,228,5,477.7,r-lwf_sl48_st24_al1.0_te2.0
smd,vtcn-kl,naive,24,12,B1,,,,,,,,0.0097840221330554,0.0659592367493491,-0.0097840221330554,0.7108051635091951,0.7080814703332079,0.7644112304427196,5,10,10,0.703,0.6622,0.6913,0.7644,0.7332,0.701,0.6856,0.6922,0.7284,0.7332,0.0001822912504275,0.0002753952109866,0.0001251800711234,0.0001502151398632,90.1,32,5,90.1,r-naive_sl24_st12
smd,vtcn-kl,cumulative,24,12,B1,,,,,,,,0.0379148568760175,0.0575554800580629,-0.0379148568760175,0.6898869656258073,0.7223145761322896,0.7819273174153067,5,10,10,0.703,0.6394,0.6595,0.7511,0.6965,0.746,0.7198,0.6673,0.7819,0.6965,0.0002804777874289,0.0004237298239213,0.0001926049987837,0.0002311248251376,138.7,31,5,138.7,r-cumulative_sl24_st12
smd,vtcn-kl,experts,24,12,B1,,,,,,,,0.0176535982176067,0.0854148070944043,-0.0176535982176067,0.7224166421570886,0.7259528738987331,0.7779624301653638,5,10,10,0.703,0.6666,0.7038,0.778,0.7607,0.7203,0.7198,0.6898,0.7392,0.7607,0.0001904794103826,0.0002877654154431,0.0001308028908582,0.0001569625245849,94.2,32,5,94.2,r-experts_sl24_st12
smd,vtcn-kl,random-buffer,24,12,B1,500.0,,,0.5,,,,0.0217708708870527,0.0612789402886893,-0.0217708708870527,0.6962312673838036,0.7186413798992004,0.8043031322010742,5,10,10,0.703,0.6605,0.6853,0.7543,0.6781,0.7221,0.7482,0.6404,0.8043,0.6781,0.0002155744684046,0.000325677595992,0.0001480358019678,0.0001776417940241,106.6,32,5,106.6,r-random-buffer_sl24_st12_bu500_re0.5
smd,vtcn-kl,random-buffer,24,12,B1,100.0,,,0.5,,,,0.0242938307769621,0.0646516634512196,-0.0242938307769621,0.7056413871265531,0.7271857360970627,0.8132827816319159,5,10,10,0.703,0.6719,0.6857,0.7646,0.7031,0.7028,0.7475,0.6693,0.8133,0.7031,0.0002040137924258,0.0003082123869221,0.0001400969167828,0.0001681154701393,100.9,31,5,100.9,r-random-buffer_sl24_st12_bu100_re0.5
smd,vtcn-kl,random-buffer,24,12,B1,250.0,,,0.5,,,,0.0268433919790232,0.0619055326703314,-0.0268433919790232,0.6876753881551566,0.716768449402675,0.8081469199810998,5,10,10,0.703,0.6565,0.6783,0.7362,0.6644,0.7136,0.7479,0.6498,0.8081,0.6644,0.0002266075663064,0.0003423457702317,0.000155612238078,0.0001867335321536,112.0,32,5,112.1,r-random-buffer_sl24_st12_bu250_re0.5
smd,vtcn-kl,random-buffer,24,12,B1,1000.0,,,0.5,,,,0.0283220050923017,0.0679922891414972,-0.0283220050923017,0.7020034812880979,0.7197611536504135,0.8122359412873419,5,10,10,0.703,0.6526,0.6818,0.7736,0.699,0.6896,0.7335,0.6645,0.8122,0.699,0.0002282800807339,0.0003448725095161,0.000156760668404,0.000188111841112,112.9,31,5,112.9,r-random-buffer_sl24_st12_bu1000_re0.5
smd,vtcn-kl,random-buffer,24,12,B1,2000.0,,,0.5,,,,0.0356047057277861,0.0715181174834997,-0.0356047057277861,0.7040464796672004,0.7288081750713383,0.7984214573882922,5,10,10,0.703,0.6547,0.6727,0.7686,0.7212,0.7328,0.7428,0.6488,0.7984,0.7212,0.0002247352716973,0.0003395172144579,0.0001543266068878,0.0001851906075701,111.1,31,5,111.1,r-random-buffer_sl24_st12_bu2000_re0.5
smd,vtcn-kl,random-buffer,24,12,B1,4000.0,,,0.5,,,,0.0416441888405194,0.0728955386356642,-0.0416441888405194,0.7041244351207758,0.7345092690750337,0.7974314005919239,5,10,10,0.703,0.6366,0.6685,0.7793,0.7334,0.7286,0.7384,0.6748,0.7974,0.7334,0.0002232406787347,0.0003372592687622,0.0001533001579305,0.0001839591108316,110.4,31,5,110.4,r-random-buffer_sl24_st12_bu4000_re0.5
smd,vtcn-kl,random-buffer,24,12,B1,500.0,,,0.3,,,,0.0259171760717303,0.0666969615948733,-0.0259171760717303,0.7053606259616098,0.7253813210585826,0.823484347027358,5,10,10,0.703,0.6696,0.6881,0.7759,0.6903,0.7037,0.7424,0.667,0.8235,0.6903,0.0001878268613896,0.0002837580959044,0.0001289814041675,0.0001547766917369,92.9,32,5,92.9,r-random-buffer_sl24_st12_bu500_re0.3
smd,vtcn-kl,random-buffer,24,12,B1,500.0,,,0.7,,,,0.0243192761643175,0.0478964990854794,-0.0243192761643175,0.6791060424694829,0.7015152716780698,0.7754186462091334,5,10,10,0.703,0.6537,0.6763,0.7022,0.6603,0.7187,0.7185,0.6345,0.7754,0.6603,0.0002692885277399,0.0004068257293714,0.0001849213486091,0.0002219043807623,133.1,31,5,133.2,r-random-buffer_sl24_st12_bu500_re0.7
smd,vtcn-kl,reservoir,24,12,B1,500.0,,,0.5,,,,0.0226363180583875,0.0696103517033094,-0.0226363180583875,0.7063049236660739,0.7193668369830328,0.7989082380403341,5,10,10,0.703,0.6271,0.6806,0.7989,0.722,0.7083,0.6957,0.6738,0.7971,0.722,0.000218653888814,0.0003303298084893,0.0001501504790477,0.0001801793294415,108.1,31,5,108.1,r-reservoir_sl24_st12_bu500_re0.5
smd,vtcn-kl,reservoir,24,12,B1,100.0,,,0.5,,,,0.0240752442145544,0.0763137908238691,-0.0240752442145544,0.7126978066000287,0.7292935073176576,0.8012852901367769,5,10,10,0.703,0.6535,0.6672,0.8013,0.7386,0.7383,0.7005,0.6696,0.7995,0.7386,0.0002157404062076,0.0003259282853485,0.0001481497312507,0.0001777785540977,106.7,31,5,106.7,r-reservoir_sl24_st12_bu100_re0.5
smd,vtcn-kl,reservoir,24,12,B1,250.0,,,0.5,,,,0.0199841039079181,0.0730759437559677,-0.0199841039079181,0.7075835549062266,0.7211919758558893,0.8015589167894075,5,10,10,0.703,0.6552,0.6766,0.776,0.7271,0.7094,0.7066,0.6613,0.8016,0.7271,0.0002240129974285,0.0003384260437398,0.0001538305410293,0.0001845955027104,110.8,31,5,110.8,r-reservoir_sl24_st12_bu250_re0.5
smd,vtcn-kl,reservoir,24,12,B1,1000.0,,,0.5,,,,0.0198994102896737,0.0704061541753809,-0.0198994102896737,0.7045910900445145,0.7215743095999643,0.7992712335323722,5,10,10,0.703,0.635,0.6702,0.777,0.7378,0.7147,0.7023,0.6539,0.7993,0.7378,0.0002272611871094,0.0003433332232145,0.0001560611130786,0.0001872721101359,112.4,31,5,112.4,r-reservoir_sl24_st12_bu1000_re0.5
smd,vtcn-kl,reservoir,24,12,B1,2000.0,,,0.5,,,,0.01993121852761,0.0678785574496816,-0.01993121852761,0.7027844828631955,0.7190046436330617,0.7920547869742808,5,10,10,0.703,0.655,0.6756,0.7502,0.7302,0.7139,0.7072,0.6516,0.7921,0.7302,0.0002295123882305,0.0003467342093082,0.0001576070690993,0.0001891271402089,113.5,31,5,113.5,r-reservoir_sl24_st12_bu2000_re0.5
smd,vtcn-kl,reservoir,24,12,B1,4000.0,,,0.5,,,,0.0229592430366865,0.0770224281732298,-0.0229592430366865,0.7144164612883397,0.7295010401363837,0.7934788356018344,5,10,10,0.703,0.6552,0.6829,0.789,0.7421,0.7187,0.7254,0.6678,0.7935,0.7421,0.0002223404532531,0.0003358992595141,0.000152682146181,0.0001832171133331,109.9,31,5,109.9,r-reservoir_sl24_st12_bu4000_re0.5
smd,vtcn-kl,reservoir,24,12,B1,500.0,,,0.3,,,,0.0046117782022879,0.0733910686468492,-0.0046117782022879,0.7183601226997495,0.7175233170407351,0.7699101173364206,5,10,10,0.703,0.6785,0.697,0.7699,0.7434,0.7163,0.6836,0.6769,0.7673,0.7434,0.0001877263675958,0.0002836062756197,0.0001289124670121,0.0001546938086076,92.8,31,5,92.8,r-reservoir_sl24_st12_bu500_re0.3
smd,vtcn-kl,reservoir,24,12,B1,500.0,,,0.7,,,,0.0242489339329097,0.0552300942212899,-0.0242489339329097,0.6929656647798277,0.7132523605298418,0.8101167289623256,5,10,10,0.703,0.6028,0.6658,0.7913,0.7019,0.7304,0.6721,0.6517,0.8101,0.7019,0.0002689476349115,0.0004063107279538,0.0001846871703138,0.0002216235576399,133.0,31,5,133.0,r-reservoir_sl24_st12_bu500_re0.7
smd,vtcn-kl,ewc,24,12,B1,,,,,1000.0,,,-0.0307773159429004,0.028212897131514,0.0307773159429004,0.7785394049982625,0.7475963240412363,0.9005551383615332,5,10,10,0.8009,0.7062,0.7078,0.9006,0.7773,0.7405,0.682,0.6969,0.8414,0.7773,0.0004221888914617,0.000637818867157,0.0002899185190352,0.0003479003481217,208.7,171,5,208.8,r-ewc_sl24_st12_la1000
smd,vtcn-kl,ewc,24,12,B1,,,,,100.0,,,-0.0693047540738339,0.052691146995323,0.0693047540738339,0.7828753888591639,0.7181733059881472,0.8947175786454304,5,10,10,0.8009,0.7076,0.6996,0.8947,0.8115,0.6547,0.5517,0.7632,0.8098,0.8115,0.000421168992724,0.0006362780623876,0.0002892181568306,0.0003470599055569,208.2,176,5,208.2,r-ewc_sl24_st12_la100
smd,vtcn-kl,ewc,24,12,B1,,,,,500.0,,,-0.0222575284562002,0.0448297052180864,0.0222575284562002,0.7805890761194038,0.775660957024548,0.900050355742506,5,10,10,0.8009,0.7082,0.7056,0.9001,0.7882,0.7686,0.6576,0.7864,0.8775,0.7882,0.0004221767824549,0.0006378005735609,0.0002899101384863,0.0003478904350746,208.7,173,5,208.7,r-ewc_sl24_st12_la500
smd,vtcn-kl,ewc,24,12,B1,,,,,5000.0,,,-0.0780965344135366,0.0317138904827795,0.0780965344135366,0.7765399384598272,0.6956187148564836,0.8972032402653457,5,10,10,0.8009,0.7077,0.703,0.8972,0.7739,0.7631,0.5684,0.7617,0.611,0.7739,0.0003583950629314,0.000541442794106,0.000246110974593,0.000295331819513,177.2,129,5,177.2,r-ewc_sl24_st12_la5000
smd,vtcn-kl,ewc,24,12,B1,,,,,10000.0,,,-0.0627908604584077,0.04619690432704,0.0627908604584077,0.7782189479552766,0.7201239245274509,0.8920173322808312,5,10,10,0.8009,0.7075,0.7064,0.892,0.7844,0.7214,0.6643,0.7735,0.657,0.7844,0.0002974692711362,0.0004493995871687,0.0002042731207769,0.0002451264663917,147.1,102,5,147.1,r-ewc_sl24_st12_la10000
smd,vtcn-kl,lwf,24,12,B1,,,,,,1.0,2.0,-0.0441236458699253,0.0342029903739947,0.0441236458699253,0.7709756407225548,0.7488313430666833,0.8813601353700315,5,10,10,0.8009,0.6978,0.6637,0.8814,0.8112,0.7725,0.5655,0.7445,0.8505,0.8112,0.0004625864765383,0.0006988492316941,0.0003176595491266,0.0003811896825674,228.7,162,5,228.7,r-lwf_sl24_st12_al1.0_te2.0
smd,vtcn-kl,lwf,24,12,B1,,,,,,0.5,2.0,-0.070962737045432,0.0295895624597289,0.070962737045432,0.7724428943138089,0.7123204835945901,0.8829801555306119,5,10,10,0.8009,0.7014,0.6807,0.883,0.7962,0.7542,0.591,0.7364,0.6838,0.7962,0.0003741946390304,0.0005653118914054,0.0002569607756378,0.0003083511157675,185.0,112,5,185.0,r-lwf_sl24_st12_al0.5_te2.0
smd,vtcn-kl,lwf,24,12,B1,,,,,,2.0,2.0,-0.0348897764401194,0.0417828187038628,0.0348897764401194,0.7635895555424145,0.7269654780062604,0.8840534795381546,5,10,10,0.8009,0.6648,0.6798,0.8841,0.7884,0.7006,0.6488,0.7342,0.7629,0.7884,0.0003336123417079,0.0005040024741556,0.0002290926809597,0.0002749097931959,164.9,96,5,164.9,r-lwf_sl24_st12_al2.0_te2.0
smd,vtcn-kl,lwf,24,12,B1,,,,,,1.0,1.0,-0.0084571534638048,0.0355163538969625,0.0084571534638048,0.7460376500880066,0.7257496105699943,0.8565838680944382,5,10,10,0.8009,0.6343,0.6643,0.8566,0.7741,0.6986,0.6566,0.7071,0.7924,0.7741,0.000334979575686,0.0005060680131707,0.0002300315372684,0.0002760364759022,165.6,102,5,165.6,r-lwf_sl24_st12_al1.0_te1.0
smd,vtcn-kl,lwf,24,12,B1,,,,,,1.0,4.0,-0.0660539735995131,0.0375496381789055,0.0660539735995131,0.7758503267086939,0.7200116346593849,0.8856930216635337,5,10,10,0.8009,0.7015,0.6913,0.8857,0.7999,0.7587,0.5923,0.7339,0.7153,0.7999,0.000375161787961,0.0005667730047785,0.0002576249924805,0.000309148012298,185.5,125,5,185.5,r-lwf_sl24_st12_al1.0_te4.0
smd,vtcn-kl,naive,6,6,B2,,,,,,,,-0.0006781756132215,0.0740376759430961,0.0006781756132215,0.7201108989097046,0.6922560995456463,0.80279922959587,5,10,10,0.7178,0.6506,0.6837,0.8028,0.7457,0.6519,0.6667,0.6722,0.7247,0.7457,0.0002116063703467,0.0003196828200534,0.0001453109149866,0.0001743719050668,104.6,30,5,104.6,r-naive_sl6_st6
smd,vtcn-kl,cumulative,6,6,B2,,,,,,,,0.0313824534040694,0.0583982055774363,-0.0313824534040694,0.6964367140215583,0.7275951772126245,0.7926906166645733,5,10,10,0.7178,0.6214,0.662,0.7634,0.7176,0.7406,0.7304,0.6567,0.7927,0.7176,0.0003387763504632,0.0005118039636806,0.0002326388149308,0.0002791651487497,167.5,30,5,167.5,r-cumulative_sl6_st6
smd,vtcn-kl,experts,6,6,B2,,,,,,,,0.0045149618489782,0.0756419492647272,-0.0045149618489782,0.7206560297864606,0.7127966481341648,0.8009453948250306,5,10,10,0.7178,0.6465,0.7009,0.8009,0.7371,0.6904,0.6992,0.6893,0.7479,0.7371,0.0002218458676866,0.0003351520678847,0.0001523423185785,0.0001828097493061,109.7,30,5,109.7,r-experts_sl6_st6
smd,vtcn-kl,random-buffer,6,6,B2,500.0,,,0.5,,,,0.0252650672772584,0.0638983933198521,-0.0252650672772584,0.693267664574629,0.7180633236619915,0.8071166427443713,5,10,10,0.7178,0.6592,0.6468,0.7605,0.6821,0.711,0.7174,0.6727,0.8071,0.6821,0.000272739813715,0.000412039735129,0.0001872913399885,0.0002247483951404,134.8,30,5,134.9,r-random-buffer_sl6_st6_bu500_re0.5
smd,vtcn-kl,reservoir,6,6,B2,500.0,,,0.5,,,,0.0263092241303664,0.0713656174915536,-0.0263092241303664,0.7115103861013512,0.7255702808402086,0.7938356239853643,5,10,10,0.7178,0.6282,0.6783,0.7938,0.7394,0.7233,0.7125,0.6727,0.7799,0.7394,0.0002524597691217,0.0003814018018958,0.0001733650415495,0.0002080367603463,124.8,30,5,124.8,r-reservoir_sl6_st6_bu500_re0.5
smd,vtcn-kl,ewc,6,6,B2,,,,,1000.0,,,-0.0397044481130376,0.0668566945029979,0.0397044481130376,0.7720712394937905,0.7388383009131475,0.8833639089999055,5,10,10,0.787,0.7331,0.6715,0.8834,0.7854,0.7142,0.6384,0.735,0.8213,0.7854,0.0004175405836037,0.0006307964690973,0.0002867264284726,0.0003440700406247,206.4,123,5,206.4,r-ewc_sl6_st6_la1000
smd,vtcn-kl,lwf,6,6,B2,,,,,,1.0,2.0,-0.0417815025360261,0.0587570245498418,0.0417815025360261,0.7616095442157508,0.7314639231017316,0.8682145397614036,5,10,10,0.787,0.705,0.6667,0.8682,0.7811,0.7258,0.6855,0.7038,0.7612,0.7811,0.0004167908435484,0.0006296638046374,0.0002862115733215,0.0003434522313158,206.1,110,5,206.1,r-lwf_sl6_st6_al1.0_te2.0
smd,vtcn-kl,naive,8,8,B2,,,,,,,,0.006693053357424,0.0790177206113969,-0.006693053357424,0.7229187314012363,0.7169300888884851,0.8071812210144599,5,10,10,0.7051,0.6655,0.7102,0.8072,0.7267,0.688,0.6804,0.7064,0.7831,0.7267,0.0001831229995019,0.0002766517699892,0.0001257512410313,0.0001509005289579,90.5,30,5,90.5,r-naive_sl8_st8
smd,vtcn-kl,cumulative,8,8,B2,,,,,,,,0.0349746346519316,0.057744389858809,-0.0349746346519316,0.7000929068254671,0.7338765243659541,0.7988058870131965,5,10,10,0.7051,0.6271,0.6598,0.7739,0.7346,0.7393,0.7243,0.6725,0.7988,0.7346,0.000297149411571,0.0004489163616039,0.0002040534686898,0.000244862892914,146.9,30,5,146.9,r-cumulative_sl8_st8
smd,vtcn-kl,experts,8,8,B2,,,,,,,,0.009891479358226,0.0835933888650172,-0.009891479358226,0.7242251251848915,0.7224719547982403,0.7896384069628839,5,10,10,0.7051,0.6595,0.7106,0.7896,0.7564,0.6889,0.7346,0.6809,0.7516,0.7564,0.0001805064649488,0.0002726988590097,0.000123954446994,0.0001487444120156,89.2,30,5,89.3,r-experts_sl8_st8
smd,vtcn-kl,random-buffer,8,8,B2,500.0,,,0.5,,,,0.0331552455808505,0.0687364949974001,-0.0331552455808505,0.6978480209336458,0.7275345147117261,0.7968149819769099,5,10,10,0.7051,0.6465,0.6497,0.7628,0.7252,0.7039,0.7336,0.6782,0.7968,0.7252,0.0002391783791104,0.0003613370363309,0.0001642446697359,0.0001970923665949,118.3,30,5,118.3,r-random-buffer_sl8_st8_bu500_re0.5
smd,vtcn-kl,reservoir,8,8,B2,500.0,,,0.5,,,,0.0298730091347069,0.0768433819925398,-0.0298730091347069,0.7095820984726169,0.7306866202877274,0.8001383841710306,5,10,10,0.7051,0.6222,0.6777,0.7937,0.7493,0.7113,0.7175,0.6752,0.8001,0.7493,0.00023441112603,0.0003541349426221,0.0001609709171313,0.0001931640254907,115.9,30,5,115.9,r-reservoir_sl8_st8_bu500_re0.5
smd,vtcn-kl,ewc,8,8,B2,,,,,1000.0,,,-0.0326073378401142,0.0450273409612872,0.0326073378401142,0.7666059347170137,0.7411339690285296,0.8783781430762257,5,10,10,0.7945,0.7043,0.6922,0.8784,0.7637,0.7254,0.6963,0.7654,0.7549,0.7637,0.0003159467193543,0.0004773142607396,0.0002169616709489,0.0002603525897907,156.2,88,5,156.2,r-ewc_sl8_st8_la1000
smd,vtcn-kl,lwf,8,8,B2,,,,,,1.0,2.0,-0.0139078364450623,0.0470041438638276,0.0139078364450623,0.7657473290272815,0.7444062145463664,0.8748357205566133,5,10,10,0.7945,0.7022,0.6762,0.8748,0.781,0.7372,0.7007,0.7487,0.7544,0.781,0.0003298093979579,0.0004982572039139,0.0002264813002315,0.0002717759036823,163.1,85,5,163.1,r-lwf_sl8_st8_al1.0_te2.0
smd,vtcn-kl,naive,10,10,B2,,,,,,,,0.0077235838012262,0.0750533015908602,-0.0077235838012262,0.7139439187116028,0.7105701301495464,0.7915296201192401,5,10,10,0.7272,0.649,0.6654,0.7915,0.7366,0.6843,0.6886,0.7088,0.7345,0.7366,0.0001857318607452,0.0002805930885707,0.0001275428450258,0.0001530502435448,91.8,30,5,91.8,r-naive_sl10_st10
smd,vtcn-kl,cumulative,10,10,B2,,,,,,,,0.0298463797027158,0.0598981351231468,-0.0298463797027158,0.6946191306207032,0.7277850460372528,0.782365104464134,5,10,10,0.7272,0.615,0.6672,0.7361,0.7277,0.7504,0.7275,0.651,0.7824,0.7277,0.0002468457325301,0.0003729204360157,0.0001695098108793,0.0002034106251364,122.0,30,5,122.1,r-cumulative_sl10_st10
smd,vtcn-kl,experts,10,10,B2,,,,,,,,0.0067232975035798,0.0862410135290736,-0.0067232975035798,0.7285654455759023,0.7333248019910276,0.7956625081245812,5,10,10,0.7272,0.673,0.6899,0.7957,0.7572,0.6994,0.7357,0.7149,0.7595,0.7572,0.0001803685019184,0.0002724904323421,0.0001238597212993,0.0001486307110427,89.2,30,5,89.2,r-experts_sl10_st10
smd,vtcn-kl,random-buffer,10,10,B2,500.0,,,0.5,,,,0.0266303663962117,0.0702473500670088,-0.0266303663962117,0.6985390107824986,0.7215578254888575,0.8174385825710011,5,10,10,0.7272,0.6439,0.6843,0.7576,0.6798,0.7188,0.7527,0.639,0.8174,0.6798,0.0002368360863256,0.0003577984341537,0.0001626361399882,0.0001951622941655,117.1,31,5,128.6,r-random-buffer_sl10_st10_bu500_re0.5
smd,vtcn-kl,reservoir,10,10,B2,500.0,,,0.5,,,,0.012370422052222,0.0803327085405609,-0.012370422052222,0.7122569977192588,0.7230447507297699,0.7832186856765946,5,10,10,0.7272,0.6346,0.6795,0.7709,0.7491,0.7167,0.691,0.6752,0.7832,0.7491,0.000464582346631,0.0007018644782514,0.0003190303643576,0.0003828341138937,229.7,30,5,229.7,r-reservoir_sl10_st10_bu500_re0.5
smd,vtcn-kl,ewc,10,10,B2,,,,,1000.0,,,-0.0570934212935977,0.0883427535871451,0.0570934212935977,0.7781603873748133,0.72749115166891,0.8760899974135429,5,10,10,0.8034,0.7061,0.7006,0.8761,0.8046,0.7459,0.6378,0.7402,0.709,0.8046,0.0005009772784541,0.0007568478628338,0.0003440265774895,0.0004128212853443,247.7,106,5,247.7,r-ewc_sl10_st10_la1000
smd,vtcn-kl,lwf,10,10,B2,,,,,,1.0,2.0,-0.0438284309961737,0.0773307158065348,0.0438284309961737,0.7696520362593144,0.7317110210782886,0.8723750961358381,5,10,10,0.8034,0.6924,0.684,0.8724,0.796,0.7427,0.6355,0.6956,0.7887,0.796,0.0004677585728225,0.0007066629393958,0.000321211334259,0.0003854516051368,231.3,104,5,231.3,r-lwf_sl10_st10_al1.0_te2.0
smd,vtcn-kl,naive,12,12,B2,,,,,,,,0.0126682245945803,0.0583058225107597,-0.0126682245945803,0.7133191326876441,0.716554693045378,0.7650587251696119,5,10,10,0.6991,0.6703,0.6944,0.7651,0.7377,0.7049,0.7073,0.7004,0.7325,0.7377,0.0001819483671437,0.0002748772025026,0.0001249446024322,0.0001499326000704,90.0,31,5,90.0,r-naive_sl12_st12
smd,vtcn-kl,cumulative,12,12,B2,,,,,,,,0.0358072592403174,0.0436069331558734,-0.0358072592403174,0.6873619364412746,0.7219971722690643,0.7802646237218096,5,10,10,0.6991,0.6196,0.6601,0.7536,0.7045,0.7401,0.7241,0.661,0.7803,0.7045,0.0003609435589667,0.0005452929163784,0.0002478614431152,0.0002974314732632,178.5,30,5,178.4,r-cumulative_sl12_st12
smd,vtcn-kl,experts,12,12,B2,,,,,,,,0.024772001671203,0.0729131283954196,-0.024772001671203,0.7151334791635013,0.7245513108103658,0.7810892874464996,5,10,10,0.6991,0.6455,0.6971,0.7811,0.7529,0.6903,0.7252,0.6794,0.775,0.7529,0.000106015978354,0.0001601628858121,7.28015112270239e-05,8.736137458511318e-05,52.4,31,5,52.4,r-experts_sl12_st12
smd,vtcn-kl,random-buffer,12,12,B2,500.0,,,0.5,,,,0.0306924191733892,0.0517293508064151,-0.0306924191733892,0.6885698892043429,0.7096307355852718,0.7820140465432093,5,10,10,0.6991,0.6553,0.6699,0.7326,0.6859,0.7042,0.706,0.67,0.782,0.6859,0.0002589757918727,0.0003912458369557,0.0001778394992489,0.0002134063377068,128.0,30,5,128.1,r-random-buffer_sl12_st12_bu500_re0.5
smd,vtcn-kl,reservoir,12,12,B2,500.0,,,0.5,,,,0.0252835621784511,0.058849828637897,-0.0252835621784511,0.70365250897333,0.7210903453356818,0.7903514130546079,5,10,10,0.6991,0.6257,0.6838,0.7701,0.7395,0.7154,0.6934,0.6667,0.7904,0.7395,0.0003660174649284,0.0005529582837484,0.0002513455229171,0.0003016127608312,181.0,30,5,181.0,r-reservoir_sl12_st12_bu500_re0.5
smd,vtcn-kl,ewc,12,12,B2,,,,,1000.0,,,-0.0468843084374575,0.0811132378933305,0.0468843084374575,0.7694737719794347,0.731969847413662,0.8764430641517998,5,10,10,0.8072,0.6947,0.7002,0.8764,0.7688,0.7089,0.6961,0.7682,0.7178,0.7688,0.0005598626783909,0.0008458085622727,0.0003844599942152,0.0004613485680574,276.8,93,5,276.8,r-ewc_sl12_st12_la1000
smd,vtcn-kl,lwf,12,12,B2,,,,,,1.0,2.0,-0.0138089325020916,0.0797909545375092,0.0138089325020916,0.7646760571824882,0.7628086072400003,0.8720359765415545,5,10,10,0.8072,0.6756,0.6903,0.872,0.7783,0.7554,0.6904,0.7794,0.8106,0.7783,0.000458587720624,0.0006928081396169,0.0003149139463545,0.0003778941932623,226.7,89,5,226.7,r-lwf_sl12_st12_al1.0_te2.0
smd,vtcn-kl,naive,16,16,B2,,,,,,,,0.0196445962398502,0.0698872466442392,-0.0196445962398502,0.7143455823014406,0.7245701994458041,0.8078479662263953,5,10,10,0.7033,0.6638,0.6823,0.8078,0.7144,0.7155,0.7068,0.696,0.7902,0.7144,0.0002388285181064,0.0003608084863058,0.0001640043903342,0.0001968040959715,118.1,36,5,118.1,r-naive_sl16_st16
smd,vtcn-kl,cumulative,16,16,B2,,,,,,,,0.0298679334255963,0.0553836229189249,-0.0298679334255963,0.6923529830418467,0.7207153081399456,0.767797104158125,5,10,10,0.7033,0.6433,0.6568,0.7436,0.7147,0.7443,0.711,0.6657,0.7678,0.7147,0.000163773075421,0.0002474190097096,0.0001124634833909,0.0001349555263187,81.0,32,5,81.0,r-cumulative_sl16_st16
smd,vtcn-kl,experts,16,16,B2,,,,,,,,0.0128347476316011,0.0783710163853051,-0.0128347476316011,0.7231577715843536,0.7283467200229301,0.7980221829711008,5,10,10,0.7033,0.669,0.699,0.798,0.7464,0.6983,0.7274,0.7061,0.7635,0.7464,0.0002386303204011,0.0003605090605312,0.0001638684817124,0.0001966405788188,118.0,32,5,118.0,r-experts_sl16_st16
smd,vtcn-kl,random-buffer,16,16,B2,500.0,,,0.5,,,,0.0334661891911489,0.0711665492812017,-0.0334661891911489,0.6979557944119428,0.7271364110414742,0.820939693534443,5,10,10,0.7033,0.6607,0.6556,0.7718,0.6983,0.7193,0.7421,0.655,0.8209,0.6983,0.0003719807028769,0.0005619672030967,0.0002554406178203,0.0003065265852763,183.9,32,5,183.9,r-random-buffer_sl16_st16_bu500_re0.5
smd,vtcn-kl,reservoir,16,16,B2,500.0,,,0.5,,,,0.0239837229785871,0.0721493481556164,-0.0239837229785871,0.7088938447296392,0.7252380765838238,0.8060017977552554,5,10,10,0.7033,0.6386,0.6788,0.7863,0.7375,0.718,0.6948,0.6699,0.806,0.7375,0.0003845680175098,0.0005809833992166,0.0002640844650476,0.000316898934169,190.1,32,5,190.2,r-reservoir_sl16_st16_bu500_re0.5
smd,vtcn-kl,ewc,16,16,B2,,,,,1000.0,,,-0.0482688235214383,0.0837619028650594,0.0482688235214383,0.7781884361197788,0.7584393589639644,0.8894953148728824,5,10,10,0.8205,0.6952,0.7097,0.8895,0.776,0.7482,0.6704,0.7627,0.8348,0.776,0.0002695448352586,0.0004072129441337,0.0001850972991333,0.0002221156450004,133.3,104,5,133.3,r-ewc_sl16_st16_la1000
smd,vtcn-kl,lwf,16,16,B2,,,,,,1.0,2.0,-0.0356199733025063,0.0821088603486436,0.0356199733025063,0.7748184284578156,0.745671432977306,0.8842633732823258,5,10,10,0.8205,0.6846,0.6965,0.8843,0.7882,0.7376,0.6731,0.7557,0.7737,0.7882,0.0001679851242916,0.0002537823326046,0.0001153559171872,0.0001384264154173,83.1,83,5,83.1,r-lwf_sl16_st16_al1.0_te2.0
smd,vtcn-kl,naive,48,48,B2,,,,,,,,0.0251274263333077,0.0503957401149023,-0.0251274263333077,0.7059144999247569,0.7290946706613081,0.8117330018781566,5,10,10,0.7198,0.6615,0.6603,0.7665,0.7215,0.7267,0.7287,0.6569,0.8117,0.7215,8.243129352011389e-05,0.0001245324908224,5.6605855614179744e-05,6.792663520822922e-05,40.8,37,5,40.8,r-naive_sl48_st48
smd,vtcn-kl,cumulative,48,48,B2,,,,,,,,0.0217778842031268,0.0334867634077932,-0.0217778842031268,0.6888465043299699,0.7093388914379481,0.7581383108256383,5,10,10,0.7198,0.6354,0.6558,0.7383,0.695,0.7481,0.6931,0.6524,0.7581,0.695,0.0002015742897028,0.0003045269255215,0.0001384217967007,0.0001661051288208,99.7,32,5,99.7,r-cumulative_sl48_st48
smd,vtcn-kl,experts,48,48,B2,,,,,,,,0.0281000352202659,0.0463929308666213,-0.0281000352202659,0.6949372393776423,0.7194759364794219,0.7938610763867379,5,10,10,0.7198,0.6626,0.667,0.7445,0.6809,0.7338,0.7278,0.6611,0.7939,0.6809,0.0001655357064237,0.0002500818919694,0.0001136739832187,0.0001364079087506,81.8,38,5,81.9,r-experts_sl48_st48
smd,vtcn-kl,random-buffer,48,48,B2,500.0,,,0.5,,,,0.0306646899855756,0.0342357978318606,-0.0306646899855756,0.6875992079982653,0.7128855466242845,0.8044081624537419,5,10,10,0.7198,0.6046,0.6733,0.755,0.6854,0.7189,0.7298,0.626,0.8044,0.6854,9.695398875010916e-05,0.0001464725494241,6.657863970031031e-05,7.989390972380837e-05,47.9,32,5,47.9,r-random-buffer_sl48_st48_bu500_re0.5
smd,vtcn-kl,reservoir,48,48,B2,500.0,,,0.5,,,,0.0375761001581625,0.0294568483622525,-0.0375761001581625,0.6856578100282019,0.7144749123033522,0.7820431361052764,5,10,10,0.7198,0.5957,0.6531,0.7555,0.7043,0.7186,0.7298,0.6376,0.782,0.7043,0.0002190910538594,0.0003309902524745,0.0001504505626126,0.0001805396898618,108.3,35,5,108.3,r-reservoir_sl48_st48_bu500_re0.5
smd,vtcn-kl,ewc,48,48,B2,,,,,1000.0,,,-0.0467484644242385,0.1539303129339969,0.0467484644242385,0.7845708998137908,0.7480251648867394,0.9013030611944154,5,10,10,0.8049,0.6873,0.6974,0.9013,0.8319,0.7443,0.6113,0.7174,0.8352,0.8319,0.0001859398966459,0.0002809073773291,0.000127685531426,0.0001532218459031,91.9,154,5,91.9,r-ewc_sl48_st48_la1000
smd,vtcn-kl,lwf,48,48,B2,,,,,,1.0,2.0,-0.029778742631438,0.1424026484860775,0.029778742631438,0.7736012983800407,0.7533535282276645,0.8995196861137698,5,10,10,0.8049,0.6649,0.6872,0.8995,0.8115,0.7527,0.6176,0.7317,0.8533,0.8115,0.0002016514084573,0.0003046434321319,0.0001384746910874,0.0001661687410444,99.7,123,5,99.7,r-lwf_sl48_st48_al1.0_te2.0
smd,vtcn-kl,naive,8,4,B3,,,,,,,,0.0066070621509283,0.0767507025114133,-0.0066070621509283,0.7254573475386216,0.7170566515330808,0.7981373963022738,5,10,10,0.7138,0.6756,0.6846,0.7981,0.7551,0.6868,0.7057,0.6938,0.744,0.7551,0.000448720238546,0.0006779009111986,0.0003081378916123,0.0003697630195862,221.9,30,5,221.9,r-naive_sl8_st4
smd,vtcn-kl,cumulative,8,4,B3,,,,,,,,0.0140567121691477,0.0693553350571143,-0.0140567121691477,0.7042789420024851,0.7136594570055786,0.79453773044864,5,10,10,0.7138,0.6385,0.6618,0.7945,0.7127,0.7404,0.6973,0.6582,0.7597,0.7127,0.000775784735251,0.0011720112750534,0.0005327340042865,0.0006392772707669,383.6,30,5,383.6,r-cumulative_sl8_st4
smd,vtcn-kl,experts,8,4,B3,,,,,,,,0.0024056925715048,0.0875257793265806,-0.0024056925715048,0.7245623868539794,0.7229658450823424,0.8114317542591731,5,10,10,0.7138,0.6485,0.6975,0.8114,0.7515,0.6895,0.7134,0.7074,0.7529,0.7515,0.00039462052029,0.0005961701463457,0.0002709873596089,0.0003251827867367,195.1,30,5,195.1,r-experts_sl8_st4
smd,vtcn-kl,random-buffer,8,4,B3,500.0,,,0.5,,,,0.0164143262815271,0.0632134470579446,-0.0164143262815271,0.6969377468953286,0.7126933045729433,0.8094736995670878,5,10,10,0.7138,0.6726,0.6517,0.748,0.6985,0.6952,0.7039,0.6564,0.8095,0.6985,0.0006606806889127,0.0009981186551256,0.0004536914760997,0.0005444271790259,326.7,30,5,326.7,r-random-buffer_sl8_st4_bu500_re0.5
smd,vtcn-kl,reservoir,8,4,B3,500.0,,,0.5,,,,0.0137980914020533,0.0687130480541018,-0.0137980914020533,0.7072304962352517,0.7167642420553086,0.7757794590708593,5,10,10,0.7138,0.6383,0.675,0.773,0.7361,0.714,0.6832,0.6747,0.7758,0.7361,0.0004944742712863,0.0007470234909737,0.0003395570281278,0.0004074664628459,244.5,30,5,244.5,r-reservoir_sl8_st4_bu500_re0.5
smd,vtcn-kl,ewc,8,4,B3,,,,,1000.0,,,-0.0466098075372137,0.0487969083052571,0.0466098075372137,0.7714744252986843,0.735819977924892,0.8884164033685163,5,10,10,0.7923,0.7204,0.6819,0.8884,0.7744,0.7414,0.6139,0.708,0.8414,0.7744,0.001140661136383,0.0017232457047813,0.0007832953715871,0.0009399503331941,564.0,171,5,564.0,r-ewc_sl8_st4_la1000
smd,vtcn-kl,lwf,8,4,B3,,,,,,1.0,2.0,-0.0261035230203019,0.0532452319916414,0.0261035230203019,0.7673604186408681,0.7596247974747143,0.8870801386716183,5,10,10,0.7923,0.7025,0.6713,0.8871,0.7837,0.7733,0.6708,0.736,0.8343,0.7837,0.0010185760083257,0.001538806465263,0.0006994592504051,0.0008393472148578,503.6,141,5,503.6,r-lwf_sl8_st4_al1.0_te2.0
smd,vtcn-kl,naive,12,6,B3,,,,,,,,0.0140287559995168,0.0757704407416486,-0.0140287559995168,0.7136305104222237,0.7176411532480084,0.781000911203529,5,10,10,0.7224,0.6452,0.6719,0.781,0.7477,0.6896,0.7071,0.6988,0.745,0.7477,0.0001980076664397,0.0002991386747759,0.0001359724868612,0.0001631661879147,97.9,30,5,97.9,r-naive_sl12_st6
smd,vtcn-kl,cumulative,12,6,B3,,,,,,,,0.0234690077318476,0.0601479828120934,-0.0234690077318476,0.7007468766422914,0.7246830612072175,0.7742406181529271,5,10,10,0.7224,0.6085,0.6775,0.7716,0.7238,0.7403,0.7245,0.6605,0.7742,0.7238,0.0003764798050309,0.0005687641896994,0.000258529848033,0.0003102343416664,186.1,30,5,186.2,r-cumulative_sl12_st6
smd,vtcn-kl,experts,12,6,B3,,,,,,,,0.0237176798336985,0.0752682555749325,-0.0237176798336985,0.7139160981332151,0.7255253368590355,0.7897209331075089,5,10,10,0.7224,0.6445,0.6716,0.7897,0.7414,0.6866,0.7153,0.7193,0.765,0.7414,0.0001537485643738,0.0002322745508921,0.0001055796455456,0.0001266949053465,76.0,30,5,76.0,r-experts_sl12_st6
smd,vtcn-kl,random-buffer,12,6,B3,500.0,,,0.5,,,,0.0185771085354999,0.0624912684554776,-0.0185771085354999,0.6994391017197157,0.7200718490797151,0.7982056744958653,5,10,10,0.7224,0.6793,0.6672,0.7357,0.6927,0.7226,0.7276,0.6593,0.7982,0.6927,0.0002117635892572,0.0003199203374051,0.0001454186692128,0.0001745016681922,104.7,30,5,104.7,r-random-buffer_sl12_st6_bu500_re0.5
smd,vtcn-kl,reservoir,12,6,B3,500.0,,,0.5,,,,0.0128305962133199,0.0754777911535463,-0.0128305962133199,0.7124310271720411,0.7183147210444764,0.7841370074749328,5,10,10,0.7224,0.6527,0.6776,0.774,0.7355,0.7194,0.699,0.6536,0.7841,0.7355,0.0002270614804827,0.0003430315178474,0.0001559238131947,0.0001871077046527,112.3,30,5,112.3,r-reservoir_sl12_st6_bu500_re0.5
smd,vtcn-kl,ewc,12,6,B3,,,,,1000.0,,,-0.0690311005916432,0.0403800799214626,0.0690311005916432,0.774023646284597,0.6938902663455837,0.8790413083855569,5,10,10,0.7907,0.7047,0.7033,0.879,0.7924,0.6648,0.5874,0.7349,0.6899,0.7924,0.0010478665281284,0.0015830569098788,0.0007195734203715,0.0008634834895073,518.1,130,5,518.1,r-ewc_sl12_st6_la1000
smd,vtcn-kl,lwf,12,6,B3,,,,,,1.0,2.0,-0.0089310003689248,0.0551024900487612,0.0089310003689248,0.7680015934197536,0.7623323903127632,0.8898895246656887,5,10,10,0.7907,0.6745,0.6914,0.8899,0.7935,0.7349,0.6994,0.7313,0.8526,0.7935,0.0006412807735483,0.0009688103708697,0.0004403694435747,0.000528440927295,317.1,142,5,317.1,r-lwf_sl12_st6_al1.0_te2.0
smd,vtcn-kl,naive,48,24,B3,,,,,,,,0.0350431059284833,0.0680545596824084,-0.0350431059284833,0.6969729910997952,0.7215144964103294,0.7821350612881572,5,10,10,0.7133,0.6148,0.6789,0.7801,0.6977,0.698,0.7404,0.6893,0.7821,0.6977,0.000106789815944,0.0001613319554512,7.333292065951456e-05,8.799903479171917e-05,52.8,34,5,52.8,r-naive_sl48_st24
smd,vtcn-kl,cumulative,48,24,B3,,,,,,,,0.0262787516932131,0.0544897220958886,-0.0262787516932131,0.6865635258619686,0.7072663286215006,0.7552032136218711,5,10,10,0.7133,0.638,0.6468,0.7552,0.6795,0.7453,0.7073,0.6541,0.7501,0.6795,0.0002069901979599,0.0003127089704285,0.0001421407916078,0.0001705681788207,102.3,30,5,102.4,r-cumulative_sl48_st24
smd,vtcn-kl,experts,48,24,B3,,,,,,,,0.0323249435018657,0.0727084009645492,-0.0323249435018657,0.705025725823125,0.729778483859608,0.8046799066473547,5,10,10,0.7133,0.6315,0.6731,0.7646,0.7426,0.7158,0.7282,0.6576,0.8047,0.7426,0.000154305024434,0.0002331152189731,0.0001059618218187,0.0001271533971543,76.3,34,5,76.3,r-experts_sl48_st24
smd,vtcn-kl,random-buffer,48,24,B3,500.0,,,0.5,,,,0.0413325190262759,0.0495815672350886,-0.0413325190262759,0.6798695358549665,0.7170877785377707,0.7934573073464842,5,10,10,0.7133,0.5873,0.6516,0.7386,0.7086,0.6971,0.7447,0.6416,0.7935,0.7086,0.0002155295314941,0.0003256097078738,0.0001480049074608,0.000177604800413,106.6,31,5,106.6,r-random-buffer_sl48_st24_bu500_re0.5
smd,vtcn-kl,reservoir,48,24,B3,500.0,,,0.5,,,,0.0201390900725309,0.055548126251006,-0.0201390900725309,0.6969570482839101,0.7098778198297812,0.8037035985553594,5,10,10,0.7133,0.6009,0.6636,0.7816,0.7253,0.7259,0.6564,0.6381,0.8037,0.7253,0.0002147098396218,0.0003243713642035,0.0001474421144113,0.0001769292497922,106.2,31,5,106.2,r-reservoir_sl48_st24_bu500_re0.5
smd,vtcn-kl,ewc,48,24,B3,,,,,1000.0,,,-0.0481763016497142,0.1689008493155981,0.0481763016497142,0.7839038169604232,0.7329609084737669,0.8914421799804924,5,10,10,0.8043,0.6893,0.6936,0.8914,0.8408,0.6768,0.666,0.7294,0.7518,0.8408,0.0003682525403898,0.0005563349081164,0.0002528802038791,0.0003034547042373,182.1,155,5,182.1,r-ewc_sl48_st24_la1000
smd,vtcn-kl,lwf,48,24,B3,,,,,,1.0,2.0,-0.026643172149744,0.1622218634711564,0.026643172149744,0.7753180076024204,0.7576195983784585,0.9048954127614528,5,10,10,0.8043,0.6766,0.6815,0.9049,0.8093,0.7645,0.6635,0.6944,0.8564,0.8093,0.0003094155031989,0.000467447272352,0.000212476592767,0.000254970679585,153.0,155,5,153.0,r-lwf_sl48_st24_al1.0_te2.0
smd,gru,strb,24,12,B1,500.0,0.2,0.9,0.5,,,,-0.0132171771579465,0.1256966118247201,0.0132171771579465,0.7723859678154749,0.7613302500125603,0.8957482723940154,5,10,10,0.7996,0.699,0.6894,0.8957,0.7782,0.7881,0.6706,0.6781,0.8917,0.7782,0.0047574147007773,0.0071872304468737,0.003266931661173,0.0039202987857006,2352.2,179,5,792.8,r-strb_sl24_st12_bu500_no0.2_re0.9_re0.5
smd,gru,strb,24,12,B1,100.0,0.2,0.9,0.5,,,,-0.0030126964804264,0.1406935897476739,0.0030126964804264,0.7778031310522794,0.7825635369968403,0.8904820506460351,5,10,10,0.7996,0.7178,0.6971,0.8799,0.7946,0.7574,0.7279,0.7425,0.8905,0.7946,0.0028221699367611,0.0065152268441565,0.0029614739280574,0.0035537529160988,2132.3,222,5,699.0,r-strb_sl24_st12_bu100_no0.2_re0.9_re0.5
smd,gru,strb,24,12,B1,250.0,0.2,0.9,0.5,,,,-0.0310922262336996,0.1399617511606593,0.0310922262336996,0.7786534889226528,0.7526522413285639,0.8727816707001332,5,10,10,0.7996,0.7124,0.6946,0.8728,0.8139,0.7572,0.692,0.6293,0.8709,0.8139,0.0047641143892142,0.0071973519535633,0.0032715321268147,0.0039258198267483,2355.5,223,5,753.1,r-strb_sl24_st12_bu250_no0.2_re0.9_re0.5
smd,gru,strb,24,12,B1,1000.0,0.2,0.9,0.5,,,,0.0006922759475885,0.1202057348777922,-0.0006922759475885,0.7729185262761552,0.7747440818256581,0.8779453358696704,5,10,10,0.7996,0.7214,0.6923,0.8779,0.7733,0.7737,0.7137,0.7456,0.8673,0.7733,0.0071715534398832,0.0108343733889942,0.0049247277570577,0.0059096456319364,3545.8,167,5,1036.8,r-strb_sl24_st12_bu1000_no0.2_re0.9_re0.5
smd,gru,strb,24,12,B1,2000.0,0.2,0.9,0.5,,,,-0.0116046184216409,0.113074988745969,0.0116046184216409,0.7767249931992971,0.7672232852227825,0.8787871739468782,5,10,10,0.7996,0.708,0.6968,0.878,0.8012,0.7323,0.7124,0.7114,0.8788,0.8012,0.0042518015266681,0.0064233789376279,0.00291972502721,0.0035036539104176,2102.2,137,5,488.9,r-strb_sl24_st12_bu2000_no0.2_re0.9_re0.5
smd,gru,strb,24,12,B1,4000.0,0.2,0.9,0.5,,,,-0.0079306361002894,0.1107099397157362,0.0079306361002894,0.775430839321084,0.7686327810371327,0.8810496501227382,5,10,10,0.7996,0.7062,0.6905,0.881,0.7998,0.7703,0.7224,0.6841,0.8666,0.7998,0.0049834008136435,0.0075286373607376,0.0034221171214179,0.0041065202393195,2463.9,132,5,528.3,r-strb_sl24_st12_bu4000_no0.2_re0.9_re0.5
smd,gru,strb,24,12,B1,500.0,0.01,0.9,0.5,,,,-0.0168003699354467,0.1234139116802457,0.0168003699354467,0.7732967627989128,0.7589298434953313,0.8967447661917997,5,10,10,0.7996,0.699,0.6908,0.8967,0.7804,0.7898,0.6644,0.6702,0.8899,0.7804,0.0023162085782071,0.0034991956475604,0.001590548585125,0.0019086470624354,1145.2,187,5,1145.2,r-strb_sl24_st12_bu500_no0.01_re0.9_re0.5
smd,gru,strb,24,12,B1,500.0,0.05,0.9,0.5,,,,-0.0128331934624026,0.1273688338842375,0.0128331934624026,0.7732667376259175,0.7624539397078467,0.8958631268907103,5,10,10,0.7996,0.699,0.6898,0.8959,0.7821,0.7859,0.6792,0.6785,0.8866,0.7821,0.0068770238936971,0.0103894149704004,0.0047224737706676,0.0056669411997325,3400.2,180,5,1028.0,r-strb_sl24_st12_bu500_no0.05_re0.9_re0.5
smd,gru,strb,24,12,B1,500.0,0.1,0.9,0.5,,,,-0.0150752474450648,0.1269465184449586,0.0150752474450648,0.7743602762285191,0.7616952493512915,0.8955792470143957,5,10,10,0.7996,0.699,0.6907,0.8956,0.7869,0.7945,0.6688,0.6691,0.8892,0.7869,0.0062512504096121,0.0094440321268725,0.0042927527455482,0.0051512793813241,3090.8,188,5,874.2,r-strb_sl24_st12_bu500_no0.1_re0.9_re0.5
smd,gru,strb,24,12,B1,500.0,0.35,0.9,0.5,,,,-0.0105866744562189,0.128018914776242,0.0105866744562189,0.7733477170421738,0.7646387813510014,0.8966565711585327,5,10,10,0.7996,0.699,0.69,0.8967,0.7815,0.7703,0.6535,0.737,0.8809,0.7815,0.0041957109129516,0.0063386404416078,0.0028812088704951,0.0034574315711124,2074.5,180,5,565.4,r-strb_sl24_st12_bu500_no0.35_re0.9_re0.5
smd,gru,strb,24,12,B1,500.0,0.5,0.9,0.5,,,,-0.0091705880441492,0.1267158086701298,0.0091705880441492,0.773564211925009,0.7668805262380043,0.8880875266886059,5,10,10,0.7996,0.699,0.6951,0.8881,0.7861,0.8041,0.6472,0.7168,0.8802,0.7861,0.0014616131659753,0.0022081217023886,0.001003694967595,0.0012044267347936,722.7,184,5,722.6,r-strb_sl24_st12_bu500_no0.5_re0.9_re0.5
smd,gru,strb,24,12,B1,500.0,0.2,0.3,0.5,,,,-0.011853566250746,0.1290975702858248,0.011853566250746,0.7728997079097939,0.7615213811317946,0.8837551948427047,5,10,10,0.7996,0.699,0.6928,0.8838,0.7893,0.794,0.7118,0.6353,0.8771,0.7893,0.0023368247835497,0.0035303414332565,0.0016047059236708,0.0019256355095856,1155.4,185,5,1155.4,r-strb_sl24_st12_bu500_no0.2_re0.3_re0.5
smd,gru,strb,24,12,B1,500.0,0.2,0.5,0.5,,,,-0.011853566250746,0.1290975702858248,0.011853566250746,0.7728997079097939,0.7615213811317946,0.8837551948427047,5,10,10,0.7996,0.699,0.6928,0.8838,0.7893,0.794,0.7118,0.6353,0.8771,0.7893,0.0022548617037361,0.0034065162929635,0.0015484207098999,0.0018580955830635,1114.9,185,5,1114.9,r-strb_sl24_st12_bu500_no0.2_re0.5_re0.5
smd,gru,strb,24,12,B1,500.0,0.2,0.7,0.5,,,,-0.011853566250746,0.1290975702858248,0.011853566250746,0.7728997079097939,0.7615213811317946,0.8837551948427047,5,10,10,0.7996,0.699,0.6928,0.8838,0.7893,0.794,0.7118,0.6353,0.8771,0.7893,0.0074961645442705,0.0113247773078421,0.0051476400674255,0.0061771372404164,3706.3,185,5,1110.2,r-strb_sl24_st12_bu500_no0.2_re0.7_re0.5
smd,gru,strb,24,12,B1,500.0,0.2,0.95,0.5,,,,-0.02051204000167587,0.12847543639011177,0.02051204000167587,0.7725990984728449,0.7536619676430044,0.8934618684233959,5,10,10,0.7996,0.699,0.6904,0.8935,0.7805,0.7901,0.6657,0.6447,0.8872,0.7805,0.0013537996890414,0.0020452432583723,0.000929659841434,0.0011155834169383,669.4,185,5,669.5,r-strb_sl24_st12_bu500_no0.2_re0.95_re0.5
smd,gru,strb,24,12,B1,500.0,0.2,0.9,0.3,,,,-0.008095324242790313,0.12280615970718407,0.008095324242790313,0.772527156425725,0.7795311556739896,0.8971488421941354,5,10,10,0.7996,0.6985,0.6972,0.8971,0.7702,0.7919,0.6804,0.7595,0.8956,0.7702,0.0023207354610520516,0.0056545038398414,0.0025702366876809,0.0030842671521605,1850.6,165,5,610.1,r-strb_sl24_st12_bu500_no0.2_re0.9_re0.3
smd,gru,strb,24,12,B1,500.0,0.2,0.9,0.7,,,,-0.02359513665685379,0.12965162575559616,0.02359513665685379,0.7755470573722792,0.7522870775948698,0.8751109321179957,5,10,10,0.7996,0.6974,0.6908,0.8751,0.8149,0.7656,0.6711,0.6477,0.8622,0.8149,0.0085598908840081,0.0129317943153889,0.0058781070287202,0.0070536872866686,4232.2,230,5,1254.8,r-strb_sl24_st12_bu500_no0.2_re0.9_re0.7
smd,gru,strb,24,12,B1,500.0,0.2,0.9,0.9,,,,-0.021397941562388313,0.11762822256261492,0.021397941562388313,0.7625492866665928,0.7412955240263013,0.833975726240756,5,10,10,0.7996,0.7005,0.6751,0.834,0.8035,0.7783,0.6517,0.644,0.829,0.8035,0.0077627311038871,0.0117274908432167,0.0053306920315423,0.0063967988116744,3838.1,252,5,3838.0,r-strb_sl24_st12_bu500_no0.2_re0.9_re0.9
smd,gru,gdumb,24,12,B1,500.0,,,0.5,,,,-0.03420231199342063,0.14715185896999874,0.03420231199342063,0.7795638443709422,0.7556999540477101,0.8864713795473649,5,10,10,0.7996,0.6999,0.7081,0.8865,0.8038,0.7642,0.6004,0.7432,0.8669,0.8038,0.0012155585622877,0.001836396458649,0.000834728921642,0.001001667537007,601.0,143,5,601.0,r-gdumb_sl24_st12_bu500_re0.5
smd,gru,gdumb,24,12,B1,100.0,,,0.5,,,,-0.0401629485147992,0.11271107982434707,0.0401629485147992,0.7718036539356614,0.7492406644377976,0.8743291799329974,5,10,10,0.7996,0.7041,0.6896,0.8743,0.7914,0.7357,0.6199,0.7296,0.8695,0.7914,5.802802354549e-06,0.002441004898185,0.0011095509125572,0.0013314539856277,798.9,222,5,799.0,r-gdumb_sl24_st12_bu100_re0.5
smd,gru,gdumb,24,12,B1,250.0,,,0.5,,,,-0.03585124189755816,0.12135169911099701,0.03585124189755816,0.7718637451540251,0.7524699515298536,0.8843579578190005,5,10,10,0.7996,0.6949,0.6969,0.8844,0.7836,0.7526,0.588,0.7734,0.8648,0.7836,0.001409475840174,0.0021293556079894,0.0009678919666071,0.0011614636413822,696.9,154,5,696.9,r-gdumb_sl24_st12_bu250_re0.5
smd,gru,gdumb,24,12,B1,1000.0,,,0.5,,,,-0.02892276171089041,0.14055993063719452,0.02892276171089041,0.7791110685660869,0.759188128854422,0.8821591268184861,5,10,10,0.7996,0.6926,0.7048,0.8822,0.8164,0.7782,0.6439,0.7031,0.8543,0.8164,0.0011929753931557,0.001802279096388,0.0008192203780584,0.0009830587183296,589.8,143,5,589.9,r-gdumb_sl24_st12_bu1000_re0.5
smd,gru,gdumb,24,12,B1,2000.0,,,0.5,,,,-0.024284227653141078,0.1283703652243055,0.024284227653141078,0.7774539967180178,0.7582301968462174,0.8900843196879523,5,10,10,0.7996,0.7021,0.693,0.8901,0.8025,0.7794,0.656,0.6821,0.8711,0.8025,0.0011314016504548,0.0017092570022251,0.0007769377347204,0.0009323192675046,559.4,129,5,559.3,r-gdumb_sl24_st12_bu2000_re0.5
smd,gru,gdumb,24,12,B1,4000.0,,,0.5,,,,-0.01275567188789859,0.10836441421391489,0.01275567188789859,0.7743423344801869,0.7683127982870634,0.8803855706510211,5,10,10,0.7996,0.7026,0.6903,0.8804,0.7988,0.7844,0.6784,0.7007,0.8792,0.7988,4.035324927596197e-06,0.0016974984347534,0.0007715934144675,0.0009259050202858,555.5,126,5,555.6,r-gdumb_sl24_st12_bu4000_re0.5
smd,gru,gdumb,24,12,B1,500.0,,,0.3,,,,-0.029374602893338007,0.12566863070242626,0.029374602893338007,0.7797870932531366,0.765943683580443,0.8856938763242256,5,10,10,0.7996,0.6945,0.696,0.8857,0.8231,0.7641,0.6268,0.7503,0.8653,0.8231,0.0010997963839845,0.0016615095705329,0.0007552345907393,0.0009062749797936,543.8,146,5,543.8,r-gdumb_sl24_st12_bu500_re0.3
smd,gru,gdumb,24,12,B1,500.0,,,0.7,,,,-0.044035457710407865,0.1372724179739017,0.044035457710407865,0.7705795487275492,0.7415906942848178,0.8924529306577484,5,10,10,0.7996,0.6976,0.6962,0.8925,0.7671,0.7583,0.5938,0.724,0.8647,0.7671,0.0023779872731129,0.0035925273718104,0.0016329729090321,0.0019595544627782,1175.7,199,5,1175.8,r-gdumb_sl24_st12_bu500_re0.7
smd,gru,derpp,24,12,B1,500.0,,,0.5,,0.5,0.5,-0.013597099493309561,0.09607111031401308,0.013597099493309561,0.7682381283642039,0.7581896984459202,0.8925214766089619,5,10,10,0.7996,0.6965,0.6957,0.8893,0.7602,0.775,0.6936,0.6696,0.8925,0.7602,0.0023982506068216,0.0036231400591934,0.0016468871537013,0.001976252905492,1185.8,167,5,1185.7,r-derpp_sl24_st12_bu500_re0.5_al0.5_te0.5
smd,gru,derpp,24,12,B1,100.0,,,0.5,,0.5,0.5,-0.006958514983035924,0.1287738469195177,0.006958514983035924,0.7775764740122919,0.7719443009592061,0.8985176137481843,5,10,10,0.7996,0.6972,0.6988,0.8951,0.7972,0.8068,0.6832,0.6741,0.8985,0.7972,0.0024907240592214,0.0037628436701707,0.0017103909109363,0.0020524527592343,1231.5,179,5,1231.5,r-derpp_sl24_st12_bu100_re0.5_al0.5_te0.5
smd,gru,derpp,24,12,B1,250.0,,,0.5,,0.5,0.5,0.004361418489642177,0.1341351028773929,-0.004361418489642177,0.7878968519500529,0.7874292034070073,0.8929487041794157,5,10,10,0.7996,0.7107,0.698,0.8887,0.8425,0.8156,0.7254,0.6607,0.8929,0.8425,0.0023406984177049,0.0035361934985254,0.0016073678833303,0.001928825615195,1157.3,168,5,1157.4,r-derpp_sl24_st12_bu250_re0.5_al0.5_te0.5
smd,gru,derpp,24,12,B1,1000.0,,,0.5,,0.5,0.5,-0.0020511935882826073,0.13028496319119348,0.0020511935882826073,0.7881065602208794,0.7877179999424462,0.8837950285220557,5,10,10,0.7996,0.7027,0.6933,0.8834,0.8615,0.8027,0.7122,0.6784,0.8838,0.8615,0.002080517624127,0.0031431272138079,0.0014287039599038,0.001714423253904,1028.7,144,5,1028.7,r-derpp_sl24_st12_bu1000_re0.5_al0.5_te0.5
smd,gru,derpp,24,12,B1,2000.0,,,0.5,,0.5,0.5,-0.0004706094618040613,0.12829334193427813,0.0004706094618040613,0.780408982412766,0.7780932846217833,0.8803694294642771,5,10,10,0.7996,0.703,0.6917,0.8774,0.8304,0.8145,0.7082,0.657,0.8804,0.8304,0.0019293609622387,0.0029147683611743,0.0013248996963032,0.0015898686648711,953.9,136,5,954.0,r-derpp_sl24_st12_bu2000_re0.5_al0.5_te0.5
smd,gru,derpp,24,12,B1,4000.0,,,0.5,,0.5,0.5,0.0018496949098887217,0.12412089874902248,-0.0018496949098887217,0.7784212012169046,0.7782884968616669,0.8788507406881729,5,10,10,0.7996,0.7034,0.6947,0.872,0.8224,0.8157,0.7012,0.6733,0.8789,0.8224,0.0020693979843567,0.0031263282970555,0.0014210688528882,0.0017052594441672,1023.2,141,5,1023.1,r-derpp_sl24_st12_bu4000_re0.5_al0.5_te0.5
smd,gru,derpp,24,12,B1,500.0,,,0.3,,0.5,0.5,-0.007643460935105639,0.1019060696064806,0.007643460935105639,0.7731928538116941,0.7660621803047208,0.8909523926028642,5,10,10,0.7996,0.6967,0.6927,0.8879,0.789,0.7929,0.6812,0.6763,0.891,0.789,5.774645218213413e-06,0.0024291603266289,0.0011041688828742,0.0013249914437547,795.0,141,5,795.0,r-derpp_sl24_st12_bu500_re0.3_al0.5_te0.5
smd,gru,derpp,24,12,B1,500.0,,,0.7,,0.5,0.5,-0.011620868327605172,0.10449329214893441,0.011620868327605172,0.7726450557842262,0.7598123022989223,0.8958745133511984,5,10,10,0.7996,0.704,0.7021,0.8924,0.7651,0.7987,0.687,0.6524,0.8959,0.7651,0.003485009939792,0.0052649539975647,0.0023931706788154,0.0028717833187493,1723.1,165,5,1723.1,r-derpp_sl24_st12_bu500_re0.7_al0.5_te0.5
smd,gru,derpp,24,12,B1,500.0,,,0.5,,0.1,0.5,-0.01008216150709954,0.09781192782300628,0.01008216150709954,0.7656792444333705,0.758540301793704,0.8904640838391413,5,10,10,0.7996,0.6993,0.6867,0.8841,0.7588,0.7808,0.6955,0.6672,0.8905,0.7588,0.0019155915242189,0.0028939662805494,0.0013154449381943,0.0015785213423551,947.1,141,5,947.1,r-derpp_sl24_st12_bu500_re0.5_al0.1_te0.5
smd,gru,derpp,24,12,B1,500.0,,,0.5,,1.0,0.5,-0.013250760902400505,0.10857734172180078,0.013250760902400505,0.7748640188164805,0.7609625768645121,0.8929614889297071,5,10,10,0.7996,0.6995,0.7007,0.8896,0.785,0.79,0.7037,0.6333,0.893,0.785,7.379131515684501e-06,0.003104102996032,0.0014109605358797,0.0016931424601523,1015.9,154,5,1015.9,r-derpp_sl24_st12_bu500_re0.5_al1.0_te0.5
smd,gru,derpp,24,12,B1,500.0,,,0.5,,0.5,0.1,-0.012247499529041039,0.09141689344953392,0.012247499529041039,0.7646349995458077,0.7544561979729918,0.8927499144298027,5,10,10,0.7996,0.6916,0.6939,0.8855,0.7526,0.7689,0.6882,0.6698,0.8927,0.7526,7.3422167430493245e-06,0.0030885744401185,0.0014039022892901,0.0016846721508284,1010.8,142,5,1010.7,r-derpp_sl24_st12_bu500_re0.5_al0.5_te0.1
smd,gru,derpp,24,12,B1,500.0,,,0.5,,0.5,1.0,-0.013674415236944704,0.10921587960807129,0.013674415236944704,0.7748487248954614,0.761882914416514,0.8899673609949965,5,10,10,0.7996,0.6997,0.695,0.8873,0.7926,0.7774,0.7103,0.6391,0.89,0.7926,6.8724923751319955e-06,0.0028909803445718,0.0013140868337378,0.001576893510834,946.1,138,5,946.3,r-derpp_sl24_st12_bu500_re0.5_al0.5_te1.0
smd,gru,strb,6,6,B2,500.0,0.2,0.9,0.5,,,,-0.0017176361902945247,0.10808758754155004,0.0017176361902945247,0.7734611129365183,0.7731880442638376,0.8947560140349782,5,10,10,0.784,0.7071,0.6802,0.8948,0.8012,0.778,0.6397,0.7723,0.8747,0.8012,0.0068707622202843,0.0103799551917953,0.0047181874782460005,0.0056617677135492,3397.1,149,5,1111.3,r-strb_sl6_st6_bu500_no0.2_re0.9_re0.5
smd,gru,gdumb,6,6,B2,500.0,,,0.5,,,,-0.03806960134240147,0.08436551841442251,0.03806960134240147,0.7774194907811374,0.7601168612010016,0.8998352327779555,5,10,10,0.784,0.7101,0.6766,0.8998,0.8165,0.7561,0.5947,0.7697,0.8636,0.8165,0.0009106590114065,0.0013757716291647,0.0006253528944443,0.0007504187347204,450.3,134,5,450.3,r-gdumb_sl6_st6_bu500_re0.5
smd,gru,derpp,6,6,B2,500.0,,,0.5,,0.5,0.5,-0.0031054701925846253,0.08218913658829272,0.0031054701925846253,0.7704674374749257,0.7651873657368854,0.9015968859020456,5,10,10,0.784,0.7288,0.6685,0.8847,0.7864,0.802,0.7016,0.6344,0.9016,0.7864,4.366482664483145e-06,0.0018368031376232,0.0008349131344985,0.0010018900031247,601.1,130,5,601.2,r-derpp_sl6_st6_bu500_re0.5_al0.5_te0.5
smd,gru,strb,8,8,B2,500.0,0.2,0.9,0.5,,,,-0.049036808515250684,0.10326410430278658,0.049036808515250684,0.7800626034614785,0.7393779683115349,0.8869957517467518,5,10,10,0.7837,0.7284,0.6932,0.887,0.808,0.7545,0.5827,0.6704,0.8813,0.808,0.0026334138616897285,0.0061685585807431,0.0028038998976245002,0.0033646586831183,2018.8,127,5,719.4,r-strb_sl8_st8_bu500_no0.2_re0.9_re0.5
smd,gru,gdumb,8,8,B2,500.0,,,0.5,,,,-0.028681270477802657,0.06775885603942411,0.028681270477802657,0.7790062046470717,0.7586841684351795,0.8871181710724217,5,10,10,0.7837,0.7041,0.6943,0.8871,0.8258,0.7596,0.6401,0.7118,0.8561,0.8258,3.2996165538335676e-06,0.0013880155962448,0.0006309181212415,0.0007570974750032,454.3,160,5,454.3,r-gdumb_sl8_st8_bu500_re0.5
smd,gru,derpp,8,8,B2,500.0,,,0.5,,0.5,0.5,0.0009969999047894306,0.08649549282666559,-0.0009969999047894306,0.775428775976961,0.7763070628607862,0.8921014947220348,5,10,10,0.7837,0.7214,0.7023,0.8822,0.7875,0.7833,0.7087,0.7099,0.8921,0.7875,0.0011897367773173,0.0017973863805279,0.0008169967060171,0.0009803896745108,588.2,132,5,588.3,r-derpp_sl8_st8_bu500_re0.5_al0.5_te0.5
smd,gru,strb,10,10,B2,500.0,0.2,0.9,0.5,,,,-0.011948162858204303,0.07145748776485995,0.011948162858204303,0.7789331805016453,0.7758746664976106,0.8921218927996996,5,10,10,0.8075,0.716,0.6877,0.8815,0.802,0.7583,0.6763,0.7507,0.8921,0.802,0.0036489449176018004,0.0055126176001576,0.0025057420060025,0.0030068755941548998,1804.1,137,5,628.7,r-strb_sl10_st10_bu500_no0.2_re0.9_re0.5
smd,gru,gdumb,10,10,B2,500.0,,,0.5,,,,-0.01804077997707263,0.0347769860882262,0.01804077997707263,0.7728852281026872,0.7689729116726374,0.8747310346097891,5,10,10,0.8075,0.6892,0.6948,0.8747,0.7982,0.7789,0.6668,0.7514,0.8496,0.7982,0.0010056659598592,0.0015193027012977,0.0006905947174779,0.0008287079838197,497.2,137,5,497.2,r-gdumb_sl10_st10_bu500_re0.5
smd,gru,derpp,10,10,B2,500.0,,,0.5,,0.5,0.5,-0.00243603738422018,0.08191372485539429,0.00243603738422018,0.7799745205663158,0.7832319807706183,0.8969847505838195,5,10,10,0.8075,0.7075,0.6735,0.8933,0.8182,0.7849,0.7084,0.7077,0.897,0.8182,0.0010711144806569,0.0016181785889312,0.0007355382713599,0.0008826403175713,529.6,121,5,529.6,r-derpp_sl10_st10_bu500_re0.5_al0.5_te0.5
smd,gru,strb,12,12,B2,500.0,0.2,0.9,0.5,,,,-0.014015349652037068,0.11658185087957529,0.014015349652037068,0.7723403893579177,0.7592252908278199,0.8971905853369316,5,10,10,0.7967,0.7088,0.7094,0.8824,0.7644,0.73,0.6679,0.7367,0.8972,0.7644,0.002285452194091619,0.0052822428027818,0.0024010259905596,0.0028812168122222,1728.7,175,5,600.9,r-strb_sl12_st12_bu500_no0.2_re0.9_re0.5
smd,gru,gdumb,12,12,B2,500.0,,,0.5,,,,-0.03520592806125945,0.09084495091996882,0.03520592806125945,0.7699351156292416,0.7498951035665827,0.8674041131692573,5,10,10,0.7967,0.7026,0.6991,0.8674,0.7838,0.7655,0.6224,0.7367,0.8411,0.7838,0.0007988737520699,0.0012068928431123,0.0005485897521404,0.0006583030909718,395.0,121,5,395.0,r-gdumb_sl12_st12_bu500_re0.5
smd,gru,derpp,12,12,B2,500.0,,,0.5,,0.5,0.5,-0.0016841045406249088,0.10620191912216995,0.0016841045406249088,0.7746711462207819,0.7726012204641516,0.8873211719191796,5,10,10,0.7967,0.7025,0.694,0.8709,0.8092,0.789,0.7056,0.6719,0.8873,0.8092,4.921053427962979e-06,0.0020700886895572,0.0009409528104691,0.001129135879088,677.5,168,5,677.5,r-derpp_sl12_st12_bu500_re0.5_al0.5_te0.5
smd,gru,strb,16,16,B2,500.0,0.2,0.9,0.5,,,,-0.0026478665558480217,0.11866507349608713,0.0026478665558480217,0.7773331823757041,0.7756512077222697,0.8947125761176336,5,10,10,0.7992,0.717,0.696,0.8928,0.7816,0.7821,0.6602,0.7597,0.8947,0.7816,0.0015113891958178517,0.0035990012664761,0.001635914385014,0.0019630868814619,1177.9,133,5,447.3,r-strb_sl16_st16_bu500_no0.2_re0.9_re0.5
smd,gru,gdumb,16,16,B2,500.0,,,0.5,,,,-0.02150530014271229,0.12365653944348498,0.02150530014271229,0.7795814286463217,0.7638219825659464,0.8904771177861177,5,10,10,0.7992,0.7034,0.7111,0.8905,0.7937,0.8318,0.5988,0.7376,0.8572,0.7937,0.0008663535380312,0.0013088374501549,0.0005949290727976,0.0007139083773572,428.3,104,5,428.4,r-gdumb_sl16_st16_bu500_re0.5
smd,gru,derpp,16,16,B2,500.0,,,0.5,,0.5,0.5,-0.007426836695571426,0.1102945238877108,0.007426836695571426,0.7784713281151666,0.7714961286543844,0.8805170983794907,5,10,10,0.7992,0.7156,0.6922,0.8805,0.8048,0.8024,0.6838,0.6935,0.873,0.8048,0.0009797813044407,0.0014801976420941,0.0006728194798025,0.0008073781622915,484.4,113,5,484.4,r-derpp_sl16_st16_bu500_re0.5_al0.5_te0.5
smd,gru,strb,48,48,B2,500.0,0.2,0.9,0.5,,,,-0.008873162915194877,0.09778437334067291,0.008873162915194877,0.7676433142182282,0.7568774046245977,0.8849110274530186,5,10,10,0.774,0.6941,0.6932,0.8749,0.802,0.7877,0.6919,0.6179,0.8849,0.802,0.00047301022030449806,0.0029618882241205,0.0013463173269694,0.0016155708971509,969.4,146,5,466.3,r-strb_sl48_st48_bu500_no0.2_re0.9_re0.5
smd,gru,gdumb,48,48,B2,500.0,,,0.5,,,,0.0011580048920367346,0.10231033271867358,-0.0011580048920367346,0.7739705713405819,0.7676918461560862,0.8896985877949445,5,10,10,0.774,0.7001,0.6924,0.8897,0.8136,0.8201,0.6727,0.692,0.8401,0.8136,2.702231076327974e-06,0.0011367196210247,0.0005166927254027,0.0006200268956219,372.0,134,5,372.0,r-gdumb_sl48_st48_bu500_re0.5
smd,gru,derpp,48,48,B2,500.0,,,0.5,,0.5,0.5,0.01698703927019126,0.10926717969283817,-0.01698703927019126,0.7669705593819299,0.7700338081925591,0.8720649562678661,5,10,10,0.774,0.6901,0.6974,0.8721,0.8013,0.8141,0.6853,0.6824,0.8671,0.8013,0.0010724948623928,0.001620263990828,0.0007364862236744,0.0008837777671536,530.3,139,5,530.3,r-derpp_sl48_st48_bu500_re0.5_al0.5_te0.5
smd,gru,strb,8,4,B3,500.0,0.2,0.9,0.5,,,,-0.036984870855342224,0.07878769781068239,0.036984870855342224,0.7772738584349358,0.7552899378335614,0.8813736909377196,5,10,10,0.7999,0.7066,0.6996,0.8814,0.7989,0.7519,0.6648,0.6828,0.8781,0.7989,0.008635491334601,0.013046007158807799,0.005930036331776399,0.0071159708270313,4269.6,199,5,1371.5,r-strb_sl8_st4_bu500_no0.2_re0.9_re0.5
smd,gru,strb,12,6,B3,500.0,0.2,0.9,0.5,,,,-0.03263033537645248,0.05476646067041365,0.03263033537645248,0.7916553894530585,0.7648587171405626,0.8903198355057285,5,10,10,0.822,0.7076,0.7025,0.8903,0.8359,0.7926,0.6569,0.6547,0.8842,0.8359,0.00474240504259258,0.010206264486409499,0.0046392226017434,0.005567041884666,3340.2,215,5,999.2,r-strb_sl12_st6_bu500_no0.2_re0.9_re0.5
smd,gru,strb,48,24,B3,500.0,0.2,0.9,0.5,,,,-0.005223190661391652,0.13181540825119056,0.005223190661391652,0.7810876252202946,0.7735523710593439,0.8720886029131486,5,10,10,0.7866,0.7124,0.7072,0.8721,0.8272,0.8056,0.6549,0.7121,0.8681,0.8272,0.00260009372945342,0.006170973373499301,0.0028049949191432,0.0033659784543560002,2019.6,202,5,656.1,r-strb_sl48_st24_bu500_no0.2_re0.9_re0.5
smd,gru,strb,6,6,B4,100.0,0.05,0.9,0.5,,,,-0.023793243630437954,0.082897616713287,0.023793243630437954,0.7717965537354925,0.7524547605841659,0.8929103877932556,5,10,10,0.784,0.7164,0.684,0.8915,0.7831,0.7621,0.6112,0.7129,0.8929,0.7831,0.0018715350455936856,0.0041448382622847,0.0018840218921390998,0.0022608163701455,1356.5,179,5,432.7,r-strb_sl6_st6_bu100_no0.05_re0.9_re0.5
smd,gru,strb,8,8,B4,100.0,0.05,0.9,0.5,,,,-0.057801186949055006,0.08540172384325431,0.057801186949055006,0.7703903950095403,0.7225134951919425,0.8836435642559629,5,10,10,0.7837,0.7167,0.6835,0.8836,0.7844,0.7253,0.6129,0.6418,0.8481,0.7844,0.001700131011647627,0.0037176418686440003,0.0016898414269740998,0.0020278004416698,1216.7,181,5,399.5,r-strb_sl8_st8_bu100_no0.05_re0.9_re0.5
smd,gru,strb,10,10,B4,100.0,0.05,0.9,0.5,,,,-0.03920963600628571,0.078412766942221,0.03920963600628571,0.7856172153308361,0.7567415783227034,0.8873986552229663,5,10,10,0.8075,0.7174,0.6832,0.8874,0.8326,0.705,0.6568,0.7081,0.8813,0.8326,0.0021882023683381,0.0033058111757782,0.0015026452291102,0.0018031659466679001,1081.9,170,5,361.4,r-strb_sl10_st10_bu100_no0.05_re0.9_re0.5
smd,gru,strb,12,12,B4,100.0,0.05,0.9,0.5,,,,-0.018918715606272497,0.13604164096230642,0.018918715606272497,0.7834268203294062,0.766645360593772,0.8895478470077521,5,10,10,0.7967,0.7151,0.7142,0.8895,0.8016,0.7191,0.6986,0.742,0.872,0.8016,0.0021399684686139,0.0032329421545821,0.0014695227434074,0.0017634194111746,1058.1,178,5,349.7,r-strb_sl12_st12_bu100_no0.05_re0.9_re0.5
smd,gru,strb,16,16,B4,100.0,0.05,0.9,0.5,,,,-0.0407444028505373,0.12424349999589339,0.0407444028505373,0.7852544257369388,0.7572852218953469,0.8800139894550746,5,10,10,0.7992,0.7136,0.7016,0.88,0.8318,0.7366,0.6717,0.6814,0.865,0.8318,0.0020645178024677,0.0031189555969514003,0.0014177106336224,0.0017012449633289,1020.8,182,5,339.2,r-strb_sl16_st16_bu100_no0.05_re0.9_re0.5
smd,gru,strb,24,24,B4,100.0,0.05,0.9,0.5,,,,-0.007855372375474701,0.09939606967741065,0.007855372375474701,0.7782765505064433,0.7681518170798951,0.9019140948407341,5,10,10,0.7752,0.7094,0.7047,0.9019,0.8001,0.7398,0.6842,0.7237,0.893,0.8001,0.0018652659082615,0.0028179372139204,0.0012808837964191,0.0015370534175012,922.2,178,5,305.1,r-strb_sl24_st24_bu100_no0.05_re0.9_re0.5
smd,gru,strb,48,48,B4,100.0,0.05,0.9,0.5,,,,-0.014342579692026425,0.0951849307242357,0.014342579692026425,0.7753465031801324,0.7656479142768775,0.8595328271940471,5,10,10,0.774,0.7301,0.7022,0.8595,0.8108,0.7563,0.7301,0.6822,0.8487,0.8108,0.0012695066772470116,0.0027956472438043,0.0012707520573489,0.0015248951864551999,914.9,189,5,314.2,r-strb_sl48_st48_bu100_no0.05_re0.9_re0.5
smd,gru,strb,6,6,B4,100.0,0.2,0.9,0.5,,,,-0.026517892698364708,0.08176736993523162,0.026517892698364708,0.7710244218609843,0.7484315205012361,0.8932368492453241,5,10,10,0.784,0.7164,0.6809,0.8932,0.7806,0.7467,0.6003,0.7216,0.893,0.7806,0.0027044168261952,0.0040856784991,0.0018571311702032,0.0022285473288966,1337.1,176,5,422.7,r-strb_sl6_st6_bu100_no0.2_re0.9_re0.5
smd,gru,strb,8,8,B4,100.0,0.2,0.9,0.5,,,,-0.0586489661826974,0.0860153893212469,0.0586489661826974,0.7701916205489582,0.7205950010489602,0.884264188558877,5,10,10,0.7837,0.7167,0.6842,0.8843,0.782,0.7282,0.6219,0.6328,0.838,0.782,0.0016492476543937306,0.0036205062031397996,0.0016456886057804,0.0019748175973591,1184.9,176,5,384.9,r-strb_sl8_st8_bu100_no0.2_re0.9_re0.5
smd,gru,strb,10,10,B4,100.0,0.2,0.9,0.5,,,,-0.034503649832743566,0.07615378834023312,0.034503649832743566,0.7849062654186731,0.7594472670742727,0.8872013390380086,5,10,10,0.8075,0.7174,0.6822,0.8872,0.8303,0.712,0.6582,0.7159,0.8808,0.8303,0.0006996996090938068,0.003204952214497,0.0014568001032437,0.0017481521112533,1048.9,168,5,343.4,r-strb_sl10_st10_bu100_no0.2_re0.9_re0.5
smd,gru,strb,12,12,B4,100.0,0.2,0.9,0.5,,,,-0.016643222347219135,0.1354604828539801,0.016643222347219135,0.7820356873546148,0.76864209094059,0.8892010332717946,5,10,10,0.7967,0.7151,0.714,0.8892,0.7952,0.7218,0.7097,0.7414,0.8751,0.7952,0.0014382546057371444,0.0032327987982002995,0.0014694577124991,0.0017633410857011002,1058.0,181,5,348.2,r-strb_sl12_st12_bu100_no0.2_re0.9_re0.5
smd,gru,strb,16,16,B4,100.0,0.2,0.9,0.5,,,,-0.0407261210132288,0.12296664738698171,0.0407261210132288,0.7857911850033604,0.7576454840318794,0.8834361441834194,5,10,10,0.7992,0.7136,0.7002,0.8834,0.8324,0.7368,0.6591,0.6931,0.8668,0.8324,0.0013892755457182411,0.003062508881984,0.0013920530651053999,0.0016704558168784,1002.3,183,5,331.2,r-strb_sl16_st16_bu100_no0.2_re0.9_re0.5
smd,gru,strb,24,24,B4,100.0,0.2,0.9,0.5,,,,-0.008669681889547943,0.10042435001311815,0.008669681889547943,0.7781359193890746,0.7662933113301651,0.900229799327779,5,10,10,0.7752,0.7094,0.706,0.9002,0.7999,0.7317,0.6885,0.7181,0.8932,0.7999,0.0012409595112829212,0.0027465614878717,0.0012484402206576,0.0014981212672139999,898.9,175,5,296.8,r-strb_sl24_st24_bu100_no0.2_re0.9_re0.5
smd,gru,strb,48,48,B4,100.0,0.2,0.9,0.5,,,,-0.010081923024623508,0.09647922541404894,0.010081923024623508,0.775846630015735,0.7699194090758672,0.8639705016574338,5,10,10,0.774,0.7301,0.7016,0.864,0.8096,0.7532,0.736,0.6976,0.8532,0.8096,0.0011950570194664309,0.0027493501998131,0.0012497078830891,0.0014996423167238,899.8,190,5,302.7,r-strb_sl48_st48_bu100_no0.2_re0.9_re0.5
smd,gru,strb,6,6,B4,100.0,0.35,0.9,0.5,,,,-0.024612338725632333,0.08471399743190261,0.024612338725632333,0.7746403322279771,0.7545802196744338,0.8929535941367941,5,10,10,0.784,0.7164,0.6823,0.893,0.7975,0.757,0.6087,0.7199,0.8897,0.7975,0.0026189700800385,0.0039565904346385,0.0017984547590842001,0.0021581356755542,1294.9,181,5,414.7,r-strb_sl6_st6_bu100_no0.35_re0.9_re0.5
smd,gru,strb,8,8,B4,100.0,0.35,0.9,0.5,,,,-0.05866882108362592,0.08622651222606025,0.05866882108362592,0.7707384935528108,0.7249544707295266,0.8832398344453002,5,10,10,0.7837,0.7167,0.6866,0.8832,0.7834,0.73,0.624,0.6374,0.8499,0.7834,0.0015616068597164778,0.0035066167269513,0.0015939206062511,0.0019126961206999,1147.6,181,5,376.9,r-strb_sl8_st8_bu100_no0.35_re0.9_re0.5
smd,gru,strb,10,10,B4,100.0,0.35,0.9,0.5,,,,-0.03955841245081689,0.07804640093747814,0.03955841245081689,0.7854612631075233,0.7561161076092935,0.8877281756868463,5,10,10,0.8075,0.7174,0.6832,0.8877,0.8316,0.7066,0.6495,0.7115,0.8815,0.8316,0.0006806953596313043,0.0031607332019062996,0.0014367003602407,0.0017240328416652999,1034.4,168,5,334.1,r-strb_sl10_st10_bu100_no0.35_re0.9_re0.5
smd,gru,strb,12,12,B4,100.0,0.35,0.9,0.5,,,,-0.018930060194265706,0.13774964466626374,0.018930060194265706,0.7840257048466741,0.7664433706500456,0.8900749373526953,5,10,10,0.7967,0.7151,0.7147,0.8901,0.8036,0.7209,0.7003,0.7349,0.8725,0.8036,0.0014261582509310475,0.0031396153858887,0.0014271014532447998,0.0017125139326438,1027.5,179,5,339.7,r-strb_sl12_st12_bu100_no0.35_re0.9_re0.5
smd,gru,strb,16,16,B4,100.0,0.35,0.9,0.5,,,,-0.04097485161502792,0.12339724757657992,0.04097485161502792,0.7841849152450997,0.7552971125123207,0.8821049025044578,5,10,10,0.7992,0.7136,0.6985,0.8821,0.8274,0.7379,0.6998,0.646,0.8654,0.8274,0.0013596761001298543,0.0029948196075357003,0.0013612850019131,0.0016335346056224,980.1,184,5,328.7,r-strb_sl16_st16_bu100_no0.35_re0.9_re0.5
smd,gru,strb,24,24,B4,100.0,0.35,0.9,0.5,,,,-0.020476692541724385,0.10148581902440572,0.020476692541724385,0.7784356410516258,0.7590761088099105,0.9001778218936557,5,10,10,0.7752,0.7094,0.7054,0.9002,0.802,0.7384,0.6988,0.6601,0.8961,0.802,0.0012233386618854566,0.002751442753672,0.0012506588288795002,0.0015007839247924,900.5,180,5,296.8,r-strb_sl24_st24_bu100_no0.35_re0.9_re0.5
smd,gru,strb,48,48,B4,100.0,0.35,0.9,0.5,,,,-0.014480032452277436,0.09414418264303341,0.014480032452277436,0.7739394412118896,0.767133085353581,0.8585605612867792,5,10,10,0.774,0.7301,0.7011,0.8574,0.8071,0.7558,0.7422,0.6721,0.8586,0.8071,0.0012578662063120161,0.0028093515612628997,0.0012769813710654,0.0015323701901973,919.4,189,5,298.6,r-strb_sl48_st48_bu100_no0.35_re0.9_re0.5
smd,gru,strb,6,6,B4,500.0,0.05,0.9,0.5,,,,-0.0011448238793714482,0.10879202590783206,0.0011448238793714482,0.7746846689916156,0.7741092777774119,0.8945032724768581,5,10,10,0.784,0.7071,0.6812,0.8945,0.8066,0.7816,0.6376,0.771,0.8738,0.8066,0.006526927085896481,0.0135900722440188,0.0061773208198505,0.007412751424168,4447.7,153,5,1265.5,r-strb_sl6_st6_bu500_no0.05_re0.9_re0.5
smd,gru,strb,8,8,B4,500.0,0.05,0.9,0.5,,,,-0.05330675511295857,0.10665991627446976,0.05330675511295857,0.7805018233333532,0.7300757384212615,0.8876378615703588,5,10,10,0.7837,0.7284,0.6907,0.8876,0.812,0.7501,0.5926,0.6497,0.846,0.812,0.0063994856619407,0.0096679774807768,0.004394545499244999,0.005273431981531801,3164.1,127,5,882.8,r-strb_sl8_st8_bu500_no0.05_re0.9_re0.5
smd,gru,strb,10,10,B4,500.0,0.05,0.9,0.5,,,,-0.01402992814230709,0.07011350775671951,0.01402992814230709,0.7768821086186228,0.7736407529606034,0.8924649762148366,5,10,10,0.8075,0.716,0.6869,0.8755,0.7985,0.7594,0.6663,0.7516,0.8925,0.7985,0.0032328179481079097,0.0067963102476174,0.0030892391910931,0.0037070710565241,2224.3,130,5,633.4,r-strb_sl10_st10_bu500_no0.05_re0.9_re0.5
smd,gru,strb,12,12,B4,500.0,0.05,0.9,0.5,,,,-0.011860428441444592,0.11316283568696987,0.011860428441444592,0.770923439122744,0.7596412154247301,0.8922807489837369,5,10,10,0.7967,0.7088,0.7072,0.8776,0.7642,0.7268,0.6722,0.7427,0.8923,0.7642,0.0013646684334531298,0.0072011725881114,0.0032732680549249,0.0039279045331864,2356.8,178,5,661.9,r-strb_sl12_st12_bu500_no0.05_re0.9_re0.5
smd,gru,strb,16,16,B4,500.0,0.05,0.9,0.5,,,,-0.009996509685884147,0.11431149799466882,0.009996509685884147,0.7763525635421658,0.7666519591878443,0.8946335738880878,5,10,10,0.7992,0.717,0.696,0.8927,0.7768,0.7794,0.6582,0.7242,0.8946,0.7768,0.0012827281222699627,0.004589776240487601,0.0020862668729159,0.0025035093675715003,1502.1,133,5,435.3,r-strb_sl16_st16_bu500_no0.05_re0.9_re0.5
smd,gru,strb,24,24,B4,500.0,0.05,0.9,0.5,,,,-0.01594296871768921,0.09457668284813509,0.01594296871768921,0.7755100350886661,0.7606147651282912,0.8933241544578072,5,10,10,0.7752,0.7216,0.6978,0.8933,0.7895,0.7081,0.671,0.7444,0.8901,0.7895,0.0024599151194984,0.0037162992834522,0.0016892314394202999,0.0020270678440317,1216.2,172,5,367.6,r-strb_sl24_st24_bu500_no0.05_re0.9_re0.5
smd,gru,strb,48,48,B4,500.0,0.05,0.9,0.5,,,,0.00840949522775869,0.10403531924306227,-0.00840949522775869,0.7723766613319827,0.7753177230585513,0.8846786492111359,5,10,10,0.774,0.6941,0.6961,0.8755,0.8222,0.7387,0.7502,0.6807,0.8847,0.8222,0.0020680045676255,0.0031242232026323,0.0014201050993666998,0.0017041181032653,1022.5,176,5,325.8,r-strb_sl48_st48_bu500_no0.05_re0.9_re0.5
smd,gru,strb,6,6,B4,500.0,0.35,0.9,0.5,,,,-0.005158414900900676,0.10949741221514413,0.005158414900900676,0.7757182875488853,0.7707004377517984,0.8944698568665661,5,10,10,0.784,0.7071,0.6817,0.8945,0.8113,0.7768,0.6728,0.7192,0.8734,0.8113,0.0032394790358079998,0.0048940199294302995,0.0022245609383143,0.0026694589911159,1601.7,156,5,456.8,r-strb_sl6_st6_bu500_no0.35_re0.9_re0.5
smd,gru,strb,8,8,B4,500.0,0.35,0.9,0.5,,,,-0.03306833254361532,0.10926524256421213,0.03306833254361532,0.7824800276589052,0.7530068728663248,0.8894827710871338,5,10,10,0.7837,0.7284,0.6929,0.8895,0.8179,0.7545,0.5928,0.7172,0.8827,0.8179,0.0019861304167202998,0.0030005324110555995,0.0013638818680009,0.0016366505430544,982.0,124,5,281.7,r-strb_sl8_st8_bu500_no0.35_re0.9_re0.5
smd,gru,strb,10,10,B4,500.0,0.35,0.9,0.5,,,,-0.01522496354052828,0.06850999939866781,0.01522496354052828,0.7788875965135962,0.7709081288023556,0.8982453610229005,5,10,10,0.8075,0.716,0.6908,0.8851,0.7951,0.7583,0.6764,0.7265,0.8982,0.7951,0.0015674666104738269,0.0032823814922446,0.001491995254054,0.0017903862381904,1074.2,132,5,314.8,r-strb_sl10_st10_bu500_no0.35_re0.9_re0.5
smd,gru,strb,12,12,B4,500.0,0.35,0.9,0.5,,,,-0.029254068647548016,0.11399635451657815,0.029254068647548016,0.7734476993091317,0.7496735191129495,0.8949519044293316,5,10,10,0.7967,0.7088,0.7091,0.8802,0.7724,0.7427,0.7024,0.6359,0.895,0.7724,0.0016395989409677741,0.0035058557271005998,0.0015935747853615,0.0019122809417389999,1147.4,171,5,346.7,r-strb_sl12_st12_bu500_no0.35_re0.9_re0.5
smd,gru,strb,16,16,B4,500.0,0.35,0.9,0.5,,,,-0.007742845400325682,0.11540330356523483,0.007742845400325682,0.7807427383150907,0.7676143339268957,0.8915877295057382,5,10,10,0.7992,0.717,0.6943,0.8916,0.8015,0.8135,0.7086,0.6456,0.8687,0.8015,0.0011633576660040083,0.0024764379617812,0.0011256568195647,0.0013507811422164,810.5,128,5,255.6,r-strb_sl16_st16_bu500_no0.35_re0.9_re0.5
smd,gru,strb,24,24,B4,500.0,0.35,0.9,0.5,,,,-0.01112218579144474,0.09364539546294316,0.01112218579144474,0.7727653665986949,0.7646235214837874,0.8920664617475215,5,10,10,0.7752,0.7216,0.687,0.8921,0.7878,0.7802,0.68,0.6889,0.8862,0.7878,0.0011860450097181487,0.0028906103693874,0.0013139171293999,0.0015766932399872,946.0,175,5,296.4,r-strb_sl24_st24_bu500_no0.35_re0.9_re0.5
smd,gru,strb,48,48,B4,500.0,0.35,0.9,0.5,,,,-0.007310196911462741,0.09195877010526184,0.007310196911462741,0.7663441814686777,0.7575978138323766,0.8841670055504747,5,10,10,0.774,0.6941,0.6945,0.8773,0.7918,0.7901,0.7058,0.6161,0.8842,0.7918,0.0005202513183285028,0.0023483238555093,0.0010674227509885,0.0012809011045206,768.5,151,5,255.4,r-strb_sl48_st48_bu500_no0.35_re0.9_re0.5
smd,gru,strb,6,6,B4,1000.0,0.05,0.9,0.5,,,,-0.01712143138710397,0.10188379690524477,0.01712143138710397,0.7800970989248713,0.7618051378228805,0.8975410692455452,5,10,10,0.784,0.7106,0.6987,0.8975,0.8097,0.7862,0.6174,0.7524,0.8433,0.8097,0.0154267167563687,0.0233058026975353,0.010593572668800899,0.012712230028734301,7627.4,143,5,3851.0,r-strb_sl6_st6_bu1000_no0.05_re0.9_re0.5
smd,gru,strb,8,8,B4,1000.0,0.05,0.9,0.5,,,,-0.019224296314052314,0.09570430792107823,0.019224296314052314,0.7727752056735386,0.7545065801085826,0.9112122081550783,5,10,10,0.7837,0.7176,0.6898,0.8838,0.7889,0.7708,0.5694,0.7322,0.9112,0.7889,0.007886367636232,0.0119142738557362,0.0054156101592718,0.0064986636964642006,3899.2,128,5,1956.1,r-strb_sl8_st8_bu1000_no0.05_re0.9_re0.5
smd,gru,strb,10,10,B4,1000.0,0.05,0.9,0.5,,,,-0.014580992256793346,0.06766784483812129,0.014580992256793346,0.77302848102659,0.765652309349859,0.8821877682676951,5,10,10,0.8075,0.7123,0.6764,0.8822,0.7868,0.7678,0.6824,0.7133,0.8779,0.7868,0.0053828625157053,0.008132121288037399,0.0036964273866388,0.0044356939013984,2661.4,126,5,1305.4,r-strb_sl10_st10_bu1000_no0.05_re0.9_re0.5
smd,gru,strb,12,12,B4,1000.0,0.05,0.9,0.5,,,,-0.006858302688025064,0.11773267368521063,0.006858302688025064,0.776348574505018,0.7694188007248073,0.8953260132149907,5,10,10,0.7967,0.7061,0.6952,0.8852,0.7985,0.7375,0.6849,0.7308,0.8953,0.7985,0.0050649596015756,0.007651851719944,0.0034781224839103998,0.004173729236033499,2504.2,135,5,1232.5,r-strb_sl12_st12_bu1000_no0.05_re0.9_re0.5
smd,gru,strb,16,16,B4,1000.0,0.05,0.9,0.5,,,,0.0005927729005208548,0.10982260468130031,-0.0005927729005208548,0.7802791010239651,0.7868134231715288,0.882540748605972,5,10,10,0.7992,0.7244,0.6948,0.8738,0.809,0.756,0.6986,0.7879,0.8825,0.809,0.0039369490734165,0.0059477178316254,0.0027035143541197,0.0032442034775056004,1946.5,128,5,911.4,r-strb_sl16_st16_bu1000_no0.05_re0.9_re0.5
smd,gru,strb,24,24,B4,1000.0,0.05,0.9,0.5,,,,-0.008306539966886928,0.08985353998284289,0.008306539966886928,0.7725681298129685,0.7622079324063455,0.8961401694814871,5,10,10,0.7752,0.7232,0.6957,0.8961,0.7725,0.7017,0.6757,0.766,0.8951,0.7725,0.0008585998268923632,0.0025196473227782,0.0011452970642362999,0.0013743502585417998,824.6,142,5,401.6,r-strb_sl24_st24_bu1000_no0.05_re0.9_re0.5
smd,gru,strb,48,48,B4,1000.0,0.05,0.9,0.5,,,,0.005138890123824369,0.10440165971375726,-0.005138890123824369,0.7722861482374652,0.7716049000133646,0.8817913786605537,5,10,10,0.774,0.6922,0.6967,0.8798,0.8188,0.7711,0.6802,0.7061,0.8818,0.8188,0.000964198554812,0.0014566561138435,0.0006621181811322,0.0007945379327112,476.7,147,5,243.0,r-strb_sl48_st48_bu1000_no0.05_re0.9_re0.5
smd,gru,strb,6,6,B4,1000.0,0.2,0.9,0.5,,,,-0.015041077445526662,0.10439449021249565,0.015041077445526662,0.7808873410500862,0.760049354374031,0.8951677900974111,5,10,10,0.784,0.7106,0.6959,0.8952,0.8188,0.7907,0.5687,0.7669,0.8551,0.8188,0.0060691220438314,0.0091688829927083,0.004167684416791001,0.0050011985759173,3000.7,148,5,1520.4,r-strb_sl6_st6_bu1000_no0.2_re0.9_re0.5
smd,gru,strb,8,8,B4,1000.0,0.2,0.9,0.5,,,,-0.022203575569666956,0.0958984936737082,0.022203575569666956,0.7755767294578636,0.7551139491711536,0.8865519069760041,5,10,10,0.7837,0.7176,0.6868,0.8866,0.8032,0.7651,0.6157,0.7057,0.8859,0.8032,0.0019308086068682,0.0029169553800095,0.0013258928301478,0.0015910625498616999,954.6,131,5,474.7,r-strb_sl8_st8_bu1000_no0.2_re0.9_re0.5
smd,gru,strb,10,10,B4,1000.0,0.2,0.9,0.5,,,,-0.01144875271955994,0.06862546878719897,0.01144875271955994,0.7719963437468804,0.764809164108031,0.883616166455663,5,10,10,0.8075,0.7123,0.6724,0.8836,0.7841,0.761,0.6911,0.7079,0.8799,0.7841,0.0026403696300009,0.0039889196526513,0.0018131495944502,0.0021757700582011,1305.5,127,5,653.7,r-strb_sl10_st10_bu1000_no0.2_re0.9_re0.5
smd,gru,strb,12,12,B4,1000.0,0.2,0.9,0.5,,,,-0.021898488066406586,0.1182108946818089,0.021898488066406586,0.7757669474051088,0.7547812567720134,0.8913207729981877,5,10,10,0.7967,0.7061,0.6929,0.8848,0.7983,0.7224,0.6881,0.6738,0.8913,0.7983,0.0023788985307416,0.0035939040477963,0.0016335966888957,0.0019603073589006,1176.2,136,5,557.6,r-strb_sl12_st12_bu1000_no0.2_re0.9_re0.5
smd,gru,strb,16,16,B4,1000.0,0.2,0.9,0.5,,,,-0.007625585508115107,0.1123075983551545,0.007625585508115107,0.7809104807507208,0.7805581729339792,0.8778928364084436,5,10,10,0.7992,0.7244,0.6937,0.8779,0.8093,0.7529,0.7398,0.728,0.8727,0.8093,0.0009263768935351727,0.0027677402392764,0.0012580668202528998,0.0015096734190235,905.8,133,5,456.4,r-strb_sl16_st16_bu1000_no0.2_re0.9_re0.5
smd,gru,strb,24,24,B4,1000.0,0.2,0.9,0.5,,,,-0.008881488736929444,0.09144136530050109,0.008881488736929444,0.7727886300824217,0.7623876041174457,0.89678619289377,5,10,10,0.7752,0.7232,0.6938,0.8968,0.775,0.6992,0.6761,0.7661,0.8956,0.775,0.0010009831420282,0.0015122281675417999,0.0006873782365710999,0.0008248499309705,494.9,136,5,247.6,r-strb_sl24_st24_bu1000_no0.2_re0.9_re0.5
smd,gru,strb,48,48,B4,1000.0,0.2,0.9,0.5,,,,-0.0032631571672907867,0.08970827723222477,0.0032631571672907867,0.7655710432199532,0.7577848772324494,0.8800930031710059,5,10,10,0.774,0.6922,0.6959,0.8801,0.7857,0.801,0.6952,0.6294,0.8776,0.7857,0.0009552945266799,0.0014432044166265,0.0006560039595499001,0.0007872004570764,472.3,140,5,236.8,r-strb_sl48_st48_bu1000_no0.2_re0.9_re0.5
smd,gru,strb,6,6,B4,1000.0,0.35,0.9,0.5,,,,5.745197203423924e-05,0.09476675422339291,-5.745197203423924e-05,0.7710131617359834,0.7611282424786789,0.8945222156524539,5,10,10,0.784,0.7106,0.6746,0.8945,0.7914,0.7965,0.5906,0.7485,0.8787,0.7914,0.0015170029643494002,0.0022918014466111,0.0010417320349479001,0.0012500694116631,750.0,138,5,364.3,r-strb_sl6_st6_bu1000_no0.35_re0.9_re0.5
smd,gru,strb,8,8,B4,1000.0,0.35,0.9,0.5,,,,-0.02488443302911949,0.09969699405726445,0.02488443302911949,0.7771813994821857,0.7521715828591367,0.8907073051262597,5,10,10,0.7837,0.7176,0.6848,0.8907,0.8091,0.7828,0.6585,0.6329,0.8775,0.8091,0.0006266187446705844,0.0019453367006219999,0.0008842463576343,0.0010610903429875002,636.7,133,5,328.0,r-strb_sl8_st8_bu1000_no0.35_re0.9_re0.5
smd,gru,strb,10,10,B4,1000.0,0.35,0.9,0.5,,,,-0.009382129384441551,0.06872891057792667,0.009382129384441551,0.7742209251577485,0.7687213344487073,0.8834334656831713,5,10,10,0.8075,0.7123,0.6752,0.8834,0.7927,0.7759,0.7219,0.6741,0.879,0.7927,0.001122932247548,0.0016964619119782,0.0007711210658617,0.0009253408461164,555.2,128,5,282.4,r-strb_sl10_st10_bu1000_no0.35_re0.9_re0.5
smd,gru,strb,12,12,B4,1000.0,0.35,0.9,0.5,,,,-0.03715780389241648,0.11735488094517743,0.03715780389241648,0.7777617229594335,0.7473622406692855,0.8894503994611049,5,10,10,0.7967,0.7061,0.6914,0.8873,0.8072,0.7496,0.6799,0.6107,0.8895,0.8072,4.2661836429748024e-06,0.0017946113847724,0.0008157346743617,0.0009788767104106,587.3,143,5,301.6,r-strb_sl12_st12_bu1000_no0.35_re0.9_re0.5
smd,gru,strb,16,16,B4,1000.0,0.35,0.9,0.5,,,,-0.03125377417428319,0.11625532776219946,0.03125377417428319,0.7811063449777368,0.7609027694368583,0.8815601848372958,5,10,10,0.7992,0.7244,0.6961,0.8816,0.8042,0.7775,0.7148,0.6465,0.8615,0.8042,0.0009660404793795,0.0014594387882929,0.0006633830505823,0.0007960557377104,477.6,126,5,245.2,r-strb_sl16_st16_bu1000_no0.35_re0.9_re0.5
smd,gru,strb,24,24,B4,1000.0,0.35,0.9,0.5,,,,-0.02835745960692736,0.0894428982758843,0.02835745960692736,0.7718095250609744,0.7510076906739128,0.8934358012722835,5,10,10,0.7752,0.7232,0.687,0.8934,0.7802,0.7821,0.6593,0.6482,0.8852,0.7802,0.0009678792394282,0.0014622166819678,0.0006646458835638,0.000797570798404,478.5,136,5,243.6,r-strb_sl24_st24_bu1000_no0.35_re0.9_re0.5
smd,gru,strb,48,48,B4,1000.0,0.35,0.9,0.5,,,,-0.0040854097725981035,0.08894375535880929,0.0040854097725981035,0.7650266748524297,0.7580416295333748,0.8823033363824528,5,10,10,0.774,0.6922,0.6951,0.8803,0.7835,0.803,0.694,0.6274,0.8823,0.7835,0.0009758485143041,0.0014742562073466001,0.0006701183160934,0.000804137891253,482.5,148,5,248.5,r-strb_sl48_st48_bu1000_no0.35_re0.9_re0.5
smd,gru,strb,24,12,B6,500.0,0.01,0.3,0.5,,,,-0.013450199708938093,0.1290577016757552,0.013450199708938093,0.7752346898603245,0.7642048194061362,0.8844551538357601,5,10,10,0.7996,0.699,0.6963,0.8845,0.7969,0.7926,0.72,0.6336,0.878,0.7969,0.0027391831173672,0.004138201426394,0.0018810059687517,0.0022571954576422,1354.3,181,5,1354.3,r-strb_sl24_st12_bu500_no0.01_re0.3_re0.5
smd,gru,strb,24,12,B6,500.0,0.05,0.3,0.5,,,,-0.012354999395905186,0.132895478972166,0.012354999395905186,0.7758432058003356,0.7647354664139017,0.8840893536502481,5,10,10,0.7996,0.699,0.694,0.8841,0.8025,0.8,0.7128,0.6331,0.8752,0.8025,9.942418250111805e-06,0.0041823743366516,0.0019010846136584,0.0022812897229931,1368.8,182,5,1368.8,r-strb_sl24_st12_bu500_no0.05_re0.3_re0.5
smd,gru,strb,24,12,B6,500.0,0.1,0.3,0.5,,,,-0.012630730101978415,0.13175675236175227,0.012630730101978415,0.7740418764743181,0.7616637043491616,0.8845060331931714,5,10,10,0.7996,0.699,0.6933,0.8845,0.7938,0.791,0.7119,0.636,0.8755,0.7938,0.0026954458031901,0.0040721255898546,0.001850971491378,0.0022211540984765,1332.7,182,5,1332.7,r-strb_sl24_st12_bu500_no0.1_re0.3_re0.5
smd,gru,strb,24,12,B6,500.0,0.35,0.3,0.5,,,,-0.010943367108633362,0.12212943600964468,0.010943367108633362,0.7741721979503888,0.7624378201891693,0.8915512419904837,5,10,10,0.7996,0.699,0.688,0.8916,0.7928,0.7639,0.6465,0.7523,0.8568,0.7928,0.0014228721254925,0.0021495939508231,0.0009770912371517,0.0011725027136714,703.5,180,5,703.7,r-strb_sl24_st12_bu500_no0.35_re0.3_re0.5
smd,gru,strb,24,12,B6,500.0,0.5,0.3,0.5,,,,-0.009638657730016242,0.12665605741431718,0.009638657730016242,0.7731609707913518,0.7661991609382633,0.8881521076633168,5,10,10,0.7996,0.699,0.6951,0.8882,0.784,0.8038,0.6459,0.7168,0.8804,0.784,5.453761541764738e-06,0.0022941775065877,0.0010428113129028,0.0012513661936849,750.8,184,5,750.9,r-strb_sl24_st12_bu500_no0.5_re0.3_re0.5
smd,gru,strb,24,12,B6,500.0,0.01,0.5,0.5,,,,-0.013450199708938093,0.1290577016757552,0.013450199708938093,0.7752346898603245,0.7642048194061362,0.8844551538357601,5,10,10,0.7996,0.699,0.6963,0.8845,0.7969,0.7926,0.72,0.6336,0.878,0.7969,0.0027350041138544,0.0041318880265383,0.0018781362857055,0.0022537517408328,1352.3,181,5,1352.3,r-strb_sl24_st12_bu500_no0.01_re0.5_re0.5
smd,gru,strb,24,12,B6,500.0,0.05,0.5,0.5,,,,-0.012354999395905186,0.132895478972166,0.012354999395905186,0.7758432058003356,0.7647354664139017,0.8840893536502481,5,10,10,0.7996,0.699,0.694,0.8841,0.8025,0.8,0.7128,0.6331,0.8752,0.8025,0.0027408493415509,0.0041407186627371,0.0018821501335678,0.0022585685291692,1355.1,182,5,1355.2,r-strb_sl24_st12_bu500_no0.05_re0.5_re0.5
smd,gru,strb,24,12,B6,500.0,0.1,0.5,0.5,,,,-0.012630730101978415,0.13175675236175227,0.012630730101978415,0.7740418764743181,0.7616637043491616,0.8845060331931714,5,10,10,0.7996,0.699,0.6933,0.8845,0.7938,0.791,0.7119,0.636,0.8755,0.7938,9.406130993823937e-06,0.0039567799187395,0.0017985415476225,0.002158238371117,1295.0,182,5,1295.0,r-strb_sl24_st12_bu500_no0.1_re0.5_re0.5
smd,gru,strb,24,12,B6,500.0,0.35,0.5,0.5,,,,-0.010943367108633362,0.12212943600964468,0.010943367108633362,0.7741721979503888,0.7624378201891693,0.8915512419904837,5,10,10,0.7996,0.699,0.688,0.8916,0.7928,0.7639,0.6465,0.7523,0.8568,0.7928,6.097345146723826e-06,0.0025649071706552,0.001165870931015,0.0013990362396401,839.4,180,5,839.4,r-strb_sl24_st12_bu500_no0.35_re0.5_re0.5
smd,gru,strb,24,12,B6,500.0,0.5,0.5,0.5,,,,-0.009638657730016242,0.12665605741431718,0.009638657730016242,0.7731609707913518,0.7661991609382633,0.8881521076633168,5,10,10,0.7996,0.699,0.6951,0.8882,0.784,0.8038,0.6459,0.7168,0.8804,0.784,0.0014901422129058,0.0022512217572747,0.0010232914046319,0.0012279303526428,736.8,184,5,736.8,r-strb_sl24_st12_bu500_no0.5_re0.5_re0.5
smd,gru,strb,24,12,B6,500.0,0.01,0.7,0.5,,,,-0.013450199708938093,0.1290577016757552,0.013450199708938093,0.7752346898603245,0.7642048194061362,0.8844551538357601,5,10,10,0.7996,0.699,0.6963,0.8845,0.7969,0.7926,0.72,0.6336,0.878,0.7969,0.0028214485536504,0.0042624833495745,0.0019374979764449,0.0023249853731296,1395.0,181,5,1394.8,r-strb_sl24_st12_bu500_no0.01_re0.7_re0.5
smd,gru,strb,24,12,B6,500.0,0.05,0.7,0.5,,,,-0.012354999395905186,0.132895478972166,0.012354999395905186,0.7758432058003356,0.7647354664139017,0.8840893536502481,5,10,10,0.7996,0.699,0.694,0.8841,0.8025,0.8,0.7128,0.6331,0.8752,0.8025,0.0027695630491728,0.0041840976924503,0.0019018678585649,0.0022822298338854,1369.3,182,5,1369.3,r-strb_sl24_st12_bu500_no0.05_re0.7_re0.5
smd,gru,strb,24,12,B6,500.0,0.1,0.7,0.5,,,,-0.012630730101978415,0.13175675236175227,0.012630730101978415,0.7740418764743181,0.7616637043491616,0.8845060331931714,5,10,10,0.7996,0.699,0.6933,0.8845,0.7938,0.791,0.7119,0.636,0.8755,0.7938,0.0026655689199708,0.0040269893008747,0.0018304545081,0.0021965347927746,1317.9,182,5,1318.1,r-strb_sl24_st12_bu500_no0.1_re0.7_re0.5
smd,gru,strb,24,12,B6,500.0,0.35,0.7,0.5,,,,-0.010943367108633362,0.12212943600964468,0.010943367108633362,0.7741721979503888,0.7624378201891693,0.8915512419904837,5,10,10,0.7996,0.699,0.688,0.8916,0.7928,0.7639,0.6465,0.7523,0.8568,0.7928,5.153076229601272e-06,0.002167691323713,0.0009853173085055,0.0011823740152075,709.4,180,5,709.4,r-strb_sl24_st12_bu500_no0.35_re0.7_re0.5
smd,gru,strb,24,12,B6,500.0,0.5,0.7,0.5,,,,-0.009681690617031335,0.1266590317279868,0.009681690617031335,0.773166919418691,0.7661190437915725,0.8881521076633168,5,10,10,0.7996,0.699,0.6951,0.8882,0.784,0.8041,0.6464,0.716,0.8801,0.784,0.0017043410893901,0.0025748211875498,0.0011703774292862,0.0014044437582635,842.7,184,5,842.7,r-strb_sl24_st12_bu500_no0.5_re0.7_re0.5
smd,gru,strb,24,12,B6,500.0,0.01,0.95,0.5,,,,-0.018165979179259904,0.13033904811391867,0.018165979179259904,0.7725558979191174,0.7544864479865896,0.8941129765258732,5,10,10,0.7996,0.699,0.6949,0.8941,0.7752,0.7891,0.6715,0.6511,0.8856,0.7752,6.37440080036008e-06,0.0026814533092748,0.0012188459300979,0.0014626073791769,877.6,182,5,877.4,r-strb_sl24_st12_bu500_no0.01_re0.95_re0.5
smd,gru,strb,24,12,B6,500.0,0.05,0.95,0.5,,,,-0.02062935085421137,0.1299712728805356,0.02062935085421137,0.7727669260419623,0.7529818432249543,0.8947952391742793,5,10,10,0.7996,0.699,0.6931,0.8948,0.7773,0.7835,0.6663,0.6489,0.889,0.7773,0.0018082231363927,0.0027317602517392,0.0012417131603585,0.0014900470913806,894.0,188,5,894.0,r-strb_sl24_st12_bu500_no0.05_re0.95_re0.5
smd,gru,strb,24,12,B6,500.0,0.1,0.95,0.5,,,,-0.020769674020745244,0.1306764191554675,0.020769674020745244,0.7725757891944095,0.7524573577033206,0.8939002714937873,5,10,10,0.7996,0.699,0.6928,0.8939,0.7776,0.7852,0.6697,0.6427,0.8871,0.7776,0.0017932027995731,0.0027090683846429,0.0012313984518573,0.0014776699327855,886.6,185,5,886.7,r-strb_sl24_st12_bu500_no0.1_re0.95_re0.5
smd,gru,strb,24,12,B6,500.0,0.35,0.95,0.5,,,,-0.008446887149079752,0.12774845285864994,0.008446887149079752,0.7748218985172336,0.7671399446445161,0.8958712434626638,5,10,10,0.7996,0.699,0.6939,0.8959,0.7858,0.7901,0.6383,0.734,0.8875,0.7858,0.0015737279518701,0.002377498318347,0.0010806846234921,0.0012968136948548,778.1,188,5,778.1,r-strb_sl24_st12_bu500_no0.35_re0.95_re0.5
smd,gru,strb,24,12,B6,500.0,0.5,0.95,0.5,,,,-0.008867607859798055,0.1266886040104641,0.008867607859798055,0.7735182619477972,0.7671758969932644,0.8881110352668865,5,10,10,0.7996,0.699,0.695,0.8881,0.7859,0.8047,0.6475,0.7178,0.88,0.7859,0.0020175497505494,0.0030479989463314,0.0013854597442595,0.0016625392020718,997.5,184,5,997.5,r-strb_sl24_st12_bu500_no0.5_re0.95_re0.5
smd,lstm,strb,24,12,B1,500.0,0.2,0.9,0.5,,,,-0.0209646392037231,0.07186215136078486,0.0209646392037231,0.7466691778645174,0.735801320699567,0.7997939532050895,5,10,10,0.7998,0.7217,0.712,0.7253,0.7745,0.7822,0.6997,0.69,0.7326,0.7745,0.0031082371121328002,0.004695747126012201,0.0021344370881534,0.0025613100378587004,1536.8,237,5,736.0,r-strb_sl24_st12_bu500_no0.2_re0.9_re0.5
smd,lstm,strb,24,12,B1,100.0,0.2,0.9,0.5,,,,-0.00037395922998376683,0.07762585074937305,0.00037395922998376683,0.7514285133217736,0.7525485297472455,0.7997939532050895,5,10,10,0.7998,0.7115,0.7238,0.7709,0.7511,0.7648,0.7638,0.7001,0.783,0.7511,0.0030758143696936,0.0046467646983102,0.0021121714348400003,0.0025345932634702,1520.8,238,5,757.5,r-strb_sl24_st12_bu100_no0.2_re0.9_re0.5
smd,lstm,strb,24,12,B1,250.0,0.2,0.9,0.5,,,,-0.0007374142283212093,0.06693340584476651,0.0007374142283212093,0.7487287315332607,0.7608429597280075,0.8112171310671188,5,10,10,0.7998,0.7244,0.6752,0.733,0.8112,0.7973,0.7508,0.6872,0.7577,0.8112,0.0032078027117545,0.0048461651479991,0.0022028079010447997,0.0026433572469542,1586.0,237,5,783.4,r-strb_sl24_st12_bu250_no0.2_re0.9_re0.5
smd,lstm,strb,24,12,B1,1000.0,0.2,0.9,0.5,,,,0.005972628734430085,0.05814665639605503,-0.005972628734430085,0.7548194255193541,0.7577571409573735,0.8066581222907018,5,10,10,0.7998,0.7231,0.712,0.7562,0.7829,0.8067,0.781,0.6918,0.7264,0.7829,0.0032691456334885,0.004938838531027,0.0022449326025483,0.0026939059284787,1616.4,245,5,798.5,r-strb_sl24_st12_bu1000_no0.2_re0.9_re0.5
smd,lstm,strb,24,12,B1,2000.0,0.2,0.9,0.5,,,,0.017975367993391167,0.04494604547955763,-0.017975367993391167,0.7482608871986217,0.7608158149910503,0.8164708777753201,5,10,10,0.7998,0.7204,0.7035,0.7416,0.7761,0.8138,0.7559,0.7,0.7583,0.7761,0.00169141864146853,0.004943723211010401,0.0022471530700302,0.0026965701409800997,1618.0,239,5,784.5,r-strb_sl24_st12_bu2000_no0.2_re0.9_re0.5
smd,lstm,strb,24,12,B1,4000.0,0.2,0.9,0.5,,,,-0.005199631453767539,0.041567186964806366,0.005199631453767539,0.7416600643113483,0.7385688405146332,0.8057810400650138,5,10,10,0.7998,0.725,0.6946,0.7204,0.7686,0.7823,0.7368,0.6723,0.7328,0.7686,0.0035690949372317,0.005391984809830301,0.00245090933872,0.0029410754711103,1764.7,246,5,863.5,r-strb_sl24_st12_bu4000_no0.2_re0.9_re0.5
smd,lstm,strb,24,12,B1,500.0,0.01,0.9,0.5,,,,-0.018700386183950958,0.07093660947212463,0.018700386183950958,0.7435517016649081,0.7356322368672576,0.7997939532050895,5,10,10,0.7998,0.7217,0.7093,0.725,0.762,0.7735,0.7006,0.6848,0.7573,0.762,0.0024043488452105,0.0036323529294975,0.001651073469499,0.0019812794599984,1188.8,238,5,1188.8,r-strb_sl24_st12_bu500_no0.01_re0.9_re0.5
smd,lstm,strb,24,12,B1,500.0,0.05,0.9,0.5,,,,-0.01879299666231732,0.07050968396795748,0.01879299666231732,0.7455329187915802,0.7363442375524488,0.7997939532050895,5,10,10,0.7998,0.7217,0.7078,0.7352,0.7632,0.7774,0.6933,0.6846,0.7632,0.7632,0.0042114498682656,0.0063624179564869005,0.0028920154078067003,0.0034704025486801,2082.3,234,5,1007.0,r-strb_sl24_st12_bu500_no0.05_re0.9_re0.5
smd,lstm,strb,24,12,B1,500.0,0.1,0.9,0.5,,,,-0.017607796367344563,0.06346175700607516,0.017607796367344563,0.7326033677750208,0.7238577501325466,0.7997939532050895,5,10,10,0.7998,0.7217,0.7101,0.7177,0.7137,0.774,0.7096,0.6792,0.7428,0.7137,0.0034794968207963,0.0052566250922252995,0.0023893814336145,0.0028672436586107,1720.4,239,5,851.9,r-strb_sl24_st12_bu500_no0.1_re0.9_re0.5
smd,lstm,strb,24,12,B1,500.0,0.35,0.9,0.5,,,,-0.009655334940569893,0.06290505869184723,0.009655334940569893,0.7427434045981313,0.7341827405878657,0.7997939532050895,5,10,10,0.7998,0.7217,0.7213,0.7315,0.7394,0.7725,0.7147,0.7067,0.7377,0.7394,0.0029955702555184,0.0045255364731381,0.0020570678867431,0.002468468586395,1481.1,230,5,733.2,r-strb_sl24_st12_bu500_no0.35_re0.9_re0.5
smd,lstm,strb,24,12,B1,500.0,0.5,0.9,0.5,,,,-0.009655334940569893,0.06290505869184723,0.009655334940569893,0.7427434045981313,0.7341827405878657,0.7997939532050895,5,10,10,0.7998,0.7217,0.7213,0.7315,0.7394,0.7725,0.7147,0.7067,0.7377,0.7394,0.0014882601621158,0.00224837846242,0.0010219931695047,0.0012263852929153,735.8,230,5,735.9,r-strb_sl24_st12_bu500_no0.5_re0.9_re0.5
smd,lstm,strb,24,12,B1,500.0,0.2,0.3,0.5,,,,-0.03808294930345416,0.0762433935138346,0.03808294930345416,0.7424079754271571,0.7180490054712723,0.7997939532050895,5,10,10,0.7998,0.7217,0.7155,0.7137,0.7613,0.7444,0.7086,0.6556,0.7203,0.7613,6.1943916688310395e-06,0.0026057307281954,0.0011844263458333,0.001421304382362,852.8,241,5,852.8,r-strb_sl24_st12_bu500_no0.2_re0.3_re0.5
smd,lstm,strb,24,12,B1,500.0,0.2,0.5,0.5,,,,-0.03808294930345416,0.0762433935138346,0.03808294930345416,0.7424079754271571,0.7180490054712723,0.7997939532050895,5,10,10,0.7998,0.7217,0.7155,0.7137,0.7613,0.7444,0.7086,0.6556,0.7203,0.7613,0.0017193648073944,0.002597518162747,0.00118069384011,0.001416824322637,850.1,241,5,850.1,r-strb_sl24_st12_bu500_no0.2_re0.5_re0.5
smd,lstm,strb,24,12,B1,500.0,0.2,0.7,0.5,,,,-0.03808294930345416,0.0762433935138346,0.03808294930345416,0.7424079754271571,0.7180490054712723,0.7997939532050895,5,10,10,0.7998,0.7217,0.7155,0.7137,0.7613,0.7444,0.7086,0.6556,0.7203,0.7613,0.0035828189669114,0.0054127182901282,0.0024603335930513002,0.0029523846970769,1771.4,241,5,825.3,r-strb_sl24_st12_bu500_no0.2_re0.7_re0.5
smd,lstm,strb,24,12,B1,500.0,0.2,0.95,0.5,,,,-0.01078039166743534,0.06713144789657234,0.01078039166743534,0.7463572103927185,0.7447355059839207,0.8012374894987822,5,10,10,0.7998,0.7217,0.709,0.7554,0.7459,0.8012,0.7072,0.7073,0.7621,0.7459,0.0015707061696722,0.0023729331823681,0.0010786097492427,0.0012943234331253,776.6,232,5,776.6,r-strb_sl24_st12_bu500_no0.2_re0.95_re0.5
smd,lstm,strb,24,12,B1,500.0,0.2,0.9,0.3,,,,-0.013655355734859464,0.07634879745204327,0.013655355734859464,0.7583127057475,0.7501826136180508,0.816288472681673,5,10,10,0.7998,0.7169,0.6993,0.7593,0.8163,0.7933,0.7313,0.65,0.7601,0.8163,0.0027863169978417,0.0042094086013266,0.0019133731286978001,0.0022960354726287,1377.6,234,5,685.2,r-strb_sl24_st12_bu500_no0.2_re0.9_re0.3
smd,lstm,strb,24,12,B1,500.0,0.2,0.9,0.7,,,,-0.023019862196431862,0.07854475010522734,0.023019862196431862,0.7635371675172925,0.753027107634057,0.8343799168628225,5,10,10,0.7998,0.7124,0.7142,0.7569,0.8344,0.7879,0.6964,0.6974,0.749,0.8344,0.0046856153168525,0.0070787600379084,0.0032176271032476,0.0038611329346607,2316.7,231,5,1150.9,r-strb_sl24_st12_bu500_no0.2_re0.9_re0.7
smd,lstm,strb,24,12,B1,500.0,0.2,0.9,0.9,,,,-0.010296995661990094,0.07752398928784779,0.010296995661990094,0.735425219789864,0.7388208547588262,0.7997939532050895,5,10,10,0.7998,0.7302,0.6381,0.7633,0.7457,0.7968,0.7007,0.6659,0.785,0.7457,0.0078243491195813,0.0118205798224897,0.0053730058172665,0.0064475740052231,3868.6,275,5,3868.3,r-strb_sl24_st12_bu500_no0.2_re0.9_re0.9
smd,lstm,gdumb,24,12,B1,500.0,,,0.5,,,,-0.01619985845814681,0.07766735086565017,0.01619985845814681,0.754864596802245,0.755109782020132,0.8155733750627006,5,10,10,0.7998,0.7158,0.6704,0.7908,0.7975,0.77,0.7211,0.6713,0.8156,0.7975,5.292313981684968e-06,0.0022262630299477,0.0010119402509848,0.0012143227789628,728.6,240,5,728.7,r-gdumb_sl24_st12_bu500_re0.5
smd,lstm,gdumb,24,12,B1,100.0,,,0.5,,,,-0.03931961802472557,0.08317200382314868,0.03931961802472557,0.7588606986125799,0.7424039464492,0.8006381443061799,5,10,10,0.7998,0.7102,0.6977,0.7875,0.7991,0.7287,0.6974,0.6862,0.8006,0.7991,0.0014719942587078,0.0022238048644529,0.0010108231037609,0.001212981760692,727.8,239,5,727.8,r-gdumb_sl24_st12_bu100_re0.5
smd,lstm,gdumb,24,12,B1,250.0,,,0.5,,,,-0.04624589673799889,0.06585276092248889,0.04624589673799889,0.7523540596278475,0.7278711781179351,0.8526935526945134,5,10,10,0.7998,0.7199,0.6701,0.8232,0.7488,0.7401,0.6489,0.6489,0.8527,0.7488,0.001486589856197,0.0022458550596244,0.0010208459075307,0.0012250091520937,735.0,239,5,735.0,r-gdumb_sl24_st12_bu250_re0.5
smd,lstm,gdumb,24,12,B1,1000.0,,,0.5,,,,-0.0022263295996997833,0.07816411937125846,0.0022263295996997833,0.7564862389698142,0.7638195322191572,0.8413268305410748,5,10,10,0.7998,0.7089,0.6531,0.8043,0.8163,0.7849,0.6541,0.7224,0.8413,0.8163,0.0015032819976425,0.0022710725936774,0.0010323084933993,0.0012387641002781,743.3,238,5,743.3,r-gdumb_sl24_st12_bu1000_re0.5
smd,lstm,gdumb,24,12,B1,2000.0,,,0.5,,,,0.012937042468185177,0.09177338731995707,-0.012937042468185177,0.7473978278431749,0.7593382634955392,0.8302713272221902,5,10,10,0.7998,0.7232,0.6787,0.7721,0.7631,0.8303,0.7477,0.6612,0.7944,0.7631,0.0015607488644047,0.0023578902542047,0.00107177112593,0.0012861191282747,771.7,246,5,771.7,r-gdumb_sl24_st12_bu2000_re0.5
smd,lstm,gdumb,24,12,B1,4000.0,,,0.5,,,,-0.010912158755814283,0.08205250660138773,0.010912158755814283,0.7661502237117127,0.7552570344297996,0.8496263052920369,5,10,10,0.7998,0.7207,0.6758,0.8496,0.7847,0.7969,0.6806,0.6737,0.8403,0.7847,0.0013227927523858,0.0019983997491952,0.0009083659282904,0.0010900338209047,654.0,204,5,654.0,r-gdumb_sl24_st12_bu4000_re0.5
smd,lstm,gdumb,24,12,B1,500.0,,,0.3,,,,-0.022076293359678055,0.08165305957247816,0.022076293359678055,0.7570649689901684,0.746771480636195,0.8269625078884772,5,10,10,0.7998,0.7159,0.6647,0.778,0.827,0.7638,0.6876,0.6711,0.7844,0.827,0.0011151504246929,0.0016847055784074,0.0007657784159773,0.00091892716243,551.4,237,5,551.4,r-gdumb_sl24_st12_bu500_re0.3
smd,lstm,gdumb,24,12,B1,500.0,,,0.7,,,,-0.025759162918152202,0.08509083964019556,0.025759162918152202,0.7556240372104711,0.7388813642472297,0.8457070179764948,5,10,10,0.7998,0.7333,0.6736,0.793,0.7784,0.735,0.6917,0.6436,0.8457,0.7784,8.521658961733868e-06,0.0035847182094609,0.0016294216495311,0.0019552965599298,1173.2,243,5,1173.2,r-gdumb_sl24_st12_bu500_re0.7
smd,lstm,derpp,24,12,B1,500.0,,,0.5,,0.5,0.5,-0.00033280241507013255,0.07018370831507346,0.00033280241507013255,0.7465306252096164,0.7441252610729319,0.8030198201542769,5,10,10,0.7998,0.7297,0.6558,0.7577,0.7898,0.803,0.7127,0.6557,0.7594,0.7898,0.0027352889346229,0.00413231831749,0.0018783316642957,0.0022539866531942,1352.4,241,5,1352.6,r-derpp_sl24_st12_bu500_re0.5_al0.5_te0.5
smd,lstm,derpp,24,12,B1,100.0,,,0.5,,0.5,0.5,-0.007179117449853167,0.06514934993908039,0.007179117449853167,0.736647202499569,0.7311400257419371,0.7997939532050895,5,10,10,0.7998,0.7154,0.6807,0.7289,0.7584,0.7931,0.6877,0.6812,0.7352,0.7584,1.035446566746188e-05,0.004355706065458,0.0019798716509973,0.0023758344144606,1425.5,249,5,1425.5,r-derpp_sl24_st12_bu100_re0.5_al0.5_te0.5
smd,lstm,derpp,24,12,B1,250.0,,,0.5,,0.5,0.5,-0.003987016563607571,0.04431591797707539,0.003987016563607571,0.7465069804778338,0.7391319394130699,0.8071652979019124,5,10,10,0.7998,0.7145,0.6687,0.7676,0.782,0.8072,0.7034,0.6537,0.7494,0.782,0.0026512846642989,0.0040054094631408,0.0018206456131392,0.0021847638500016,1310.9,232,5,1310.9,r-derpp_sl24_st12_bu250_re0.5_al0.5_te0.5
smd,lstm,derpp,24,12,B1,1000.0,,,0.5,,0.5,0.5,-0.002620794254825676,0.052303097538531684,0.002620794254825676,0.7636174777265807,0.7583209913107585,0.8095867090470712,5,10,10,0.7998,0.7208,0.733,0.7833,0.7812,0.8096,0.7004,0.7069,0.7935,0.7812,0.0025657726920009,0.00387622285875,0.0017619242534093,0.0021142986053406,1268.6,223,5,1268.6,r-derpp_sl24_st12_bu1000_re0.5_al0.5_te0.5
smd,lstm,derpp,24,12,B1,2000.0,,,0.5,,0.5,0.5,0.002876179884219254,0.049072673283732764,-0.002876179884219254,0.7425092632640802,0.7461198379884165,0.8195341975189836,5,10,10,0.7998,0.7191,0.7089,0.7493,0.7354,0.8195,0.7088,0.6966,0.7703,0.7354,0.0027417630895229,0.0041420991009916,0.0018827772109924,0.0022593218899991,1355.6,237,5,1355.5,r-derpp_sl24_st12_bu2000_re0.5_al0.5_te0.5
smd,lstm,derpp,24,12,B1,4000.0,,,0.5,,0.5,0.5,-0.0004066766091532337,0.06398376031708963,0.0004066766091532337,0.733483641147585,0.7300270587141058,0.8118301876590764,5,10,10,0.7998,0.7137,0.6545,0.7402,0.7592,0.8118,0.6976,0.6342,0.7473,0.7592,1.0172777694424487e-05,0.004279277263471,0.0019451312321302,0.0023341460313407,1400.5,241,5,1400.5,r-derpp_sl24_st12_bu4000_re0.5_al0.5_te0.5
smd,lstm,derpp,24,12,B1,500.0,,,0.3,,0.5,0.5,-0.0020765127118898886,0.07496964885599748,0.0020765127118898886,0.751351986019256,0.7520724509548784,0.8323005480100586,5,10,10,0.7998,0.7135,0.6791,0.8018,0.7626,0.7927,0.6973,0.6755,0.8323,0.7626,0.0019324540814381,0.0029194412690212,0.0013270222866416,0.0015924189823796,955.5,224,5,955.5,r-derpp_sl24_st12_bu500_re0.3_al0.5_te0.5
smd,lstm,derpp,24,12,B1,500.0,,,0.7,,0.5,0.5,0.0005566968017875374,0.0799002322865892,-0.0005566968017875374,0.7531262784152087,0.7456537476392427,0.8106398758799983,5,10,10,0.7998,0.7117,0.6764,0.7959,0.7817,0.8106,0.7093,0.6563,0.7703,0.7817,1.5763530536190027e-05,0.0066310814845114,0.0030141360122775,0.0036169454722339,2170.2,239,5,2170.2,r-derpp_sl24_st12_bu500_re0.7_al0.5_te0.5
smd,lstm,derpp,24,12,B1,500.0,,,0.5,,0.1,0.5,0.00032899668935675307,0.062599490052382,-0.00032899668935675307,0.7526641894065138,0.7503461174950503,0.7997939532050895,5,10,10,0.7998,0.7066,0.7028,0.7696,0.7844,0.7911,0.6948,0.6999,0.7814,0.7844,0.0026373262038664,0.0039843218182493,0.001811060439706,0.0021732613785432,1304.0,233,5,1304.0,r-derpp_sl24_st12_bu500_re0.5_al0.1_te0.5
smd,lstm,derpp,24,12,B1,500.0,,,0.5,,1.0,0.5,0.001707507382706197,0.07199822594254272,-0.001707507382706197,0.7580696264380531,0.7549480576712453,0.8143142083331829,5,10,10,0.7998,0.7025,0.6882,0.8139,0.786,0.7979,0.6933,0.6832,0.8143,0.786,0.0026031959810365,0.0039327598266823,0.0017876228989606,0.0021451369277217,1287.1,232,5,1287.1,r-derpp_sl24_st12_bu500_re0.5_al1.0_te0.5
smd,lstm,derpp,24,12,B1,500.0,,,0.5,,0.5,0.1,-0.009880024884011485,0.05957966754030849,0.009880024884011485,0.7540293705782621,0.7443972879424445,0.8046888144091094,5,10,10,0.7998,0.7206,0.684,0.7848,0.781,0.7883,0.6965,0.6624,0.7938,0.781,9.195360592846492e-06,0.0038681173123396,0.0017582404300376,0.0021098768823019,1265.9,226,5,1265.9,r-derpp_sl24_st12_bu500_re0.5_al0.5_te0.1
smd,lstm,derpp,24,12,B1,500.0,,,0.5,,0.5,1.0,0.0007828099600951765,0.07795003874340176,-0.0007828099600951765,0.7610819910917416,0.7616035410020304,0.8119361528218135,5,10,10,0.7998,0.7178,0.6947,0.8119,0.7811,0.7893,0.7115,0.7143,0.8118,0.7811,0.0025049275405411,0.0037843014786263,0.0017201418742485,0.0020641596043777,1238.5,224,5,1238.5,r-derpp_sl24_st12_bu500_re0.5_al0.5_te1.0
smd,lstm,strb,6,6,B2,500.0,0.2,0.9,0.5,,,,-0.020043713449679444,0.10576009152841284,0.020043713449679444,0.7687172806307626,0.7546257391350949,0.8734469591380826,5,10,10,0.7967,0.7393,0.6427,0.8734,0.7914,0.7497,0.655,0.7185,0.8584,0.7914,6.674095104875837e-06,0.0028075226152038,0.0012761513893013,0.0015313712259024,918.8,177,5,453.4,r-strb_sl6_st6_bu500_no0.2_re0.9_re0.5
smd,lstm,gdumb,6,6,B2,500.0,,,0.5,,,,-0.061354021942560455,0.09871666318544724,0.061354021942560455,0.7681489783520191,0.733091241607042,0.8996584045625855,5,10,10,0.7967,0.7281,0.6544,0.8846,0.7769,0.6805,0.6469,0.6615,0.8997,0.7769,0.0008576075503617,0.0012956245114434,0.0005889216848429,0.0007067028266005,424.0,198,5,424.0,r-gdumb_sl6_st6_bu500_re0.5
smd,lstm,derpp,6,6,B2,500.0,,,0.5,,0.5,0.5,-0.0021962636029002947,0.08764765598271348,0.0021962636029002947,0.7678140317233969,0.7661267009948214,0.8748684491928047,5,10,10,0.7967,0.7204,0.6552,0.8576,0.8091,0.7955,0.7004,0.6507,0.8749,0.8091,4.550227037844886e-06,0.0019140969842831,0.0008700461799802,0.0010440508043028,626.4,176,5,626.4,r-derpp_sl6_st6_bu500_re0.5_al0.5_te0.5
smd,lstm,strb,8,8,B2,500.0,0.2,0.9,0.5,,,,-0.019500720959427932,0.0961555951023851,0.019500720959427932,0.7662452160618815,0.7429427506023367,0.8692605227406629,5,10,10,0.7929,0.6924,0.7033,0.8693,0.7733,0.7887,0.7076,0.6095,0.8357,0.7733,0.0016341150647845,0.0024687277199936,0.0011221516479136,0.0013465760720799999,807.9,196,5,403.0,r-strb_sl8_st8_bu500_no0.2_re0.9_re0.5
smd,lstm,gdumb,8,8,B2,500.0,,,0.5,,,,-0.03362612615298257,0.10840124430182167,0.03362612615298257,0.7617583070630998,0.7463090930310002,0.8749809614864632,5,10,10,0.7929,0.7066,0.6987,0.8553,0.7552,0.7337,0.686,0.6817,0.875,0.7552,0.0007979238683385,0.0012054578130161,0.0005479366651011,0.000657521147915,394.5,201,5,394.5,r-gdumb_sl8_st8_bu500_re0.5
smd,lstm,derpp,8,8,B2,500.0,,,0.5,,0.5,0.5,-0.0011889755798222047,0.11242566992409944,0.0011889755798222047,0.7737083930486908,0.7722565090660227,0.8687721328382669,5,10,10,0.7929,0.6978,0.7424,0.8607,0.7747,0.7909,0.6882,0.7387,0.8688,0.7747,0.0012985135938366,0.0019617201829761,0.000891693173323,0.001070027009653,642.0,193,5,642.0,r-derpp_sl8_st8_bu500_re0.5_al0.5_te0.5
smd,lstm,strb,10,10,B2,500.0,0.2,0.9,0.5,,,,-0.02410858297654187,0.05764059685243968,0.02410858297654187,0.7646263146844424,0.745803644638932,0.8432939398455704,5,10,10,0.8103,0.7112,0.6691,0.8433,0.7892,0.7924,0.7186,0.6001,0.8288,0.7892,0.000804265633786324,0.0024187105506608,0.0010994172942099,0.0013192932564507999,791.6,205,5,396.2,r-strb_sl10_st10_bu500_no0.2_re0.9_re0.5
smd,lstm,gdumb,10,10,B2,500.0,,,0.5,,,,-0.04800694113023698,0.06940186323651744,0.04800694113023698,0.7638199105916968,0.7361566381613069,0.8975665154266381,5,10,10,0.8103,0.6999,0.6656,0.8976,0.7457,0.7394,0.5756,0.724,0.8961,0.7457,0.0006876951272119,0.0010389305257868,0.0004722423210656,0.0005666882047212,340.0,182,5,340.0,r-gdumb_sl10_st10_bu500_re0.5
smd,lstm,derpp,10,10,B2,500.0,,,0.5,,0.5,0.5,-0.0010202735377756289,0.08801093755151126,0.0010202735377756289,0.7660916660448003,0.7658456687683902,0.8616600048036603,5,10,10,0.8103,0.7045,0.6645,0.8617,0.7895,0.8041,0.7077,0.6748,0.8532,0.7895,0.0012473845772186,0.0018844773845092,0.0008565827583286,0.0010278946261806,616.7,191,5,616.8,r-derpp_sl10_st10_bu500_re0.5_al0.5_te0.5
smd,lstm,strb,12,12,B2,500.0,0.2,0.9,0.5,,,,-0.023464198598563725,0.060821733416900094,0.023464198598563725,0.7707028640358591,0.7504725786265475,0.8315313939564033,5,10,10,0.8225,0.7201,0.6877,0.8315,0.7918,0.7633,0.7108,0.656,0.8305,0.7918,0.0007307557039314356,0.0022511661732134,0.0010232600739031,0.0012279060993102,736.7,195,5,360.0,r-strb_sl12_st12_bu500_no0.2_re0.9_re0.5
smd,lstm,gdumb,12,12,B2,500.0,,,0.5,,,,-0.038696484378766306,0.0718319303204502,0.038696484378766306,0.7680787073146474,0.7396558617227005,0.8610568240796777,5,10,10,0.8225,0.6983,0.687,0.8611,0.7715,0.7627,0.6364,0.6879,0.8398,0.7715,0.0006868543099501,0.0010376602670843,0.0004716649159717,0.0005659953511126,339.6,189,5,339.6,r-gdumb_sl12_st12_bu500_re0.5
smd,lstm,derpp,12,12,B2,500.0,,,0.5,,0.5,0.5,-0.014655254367892145,0.049538354355773875,0.014655254367892145,0.7553527629073111,0.7389050776702685,0.8470992683579778,5,10,10,0.8225,0.7091,0.6809,0.8359,0.7283,0.7838,0.6931,0.6422,0.8471,0.7283,4.3017790575179435e-06,0.0018095849399522,0.0008225406589115,0.0009870442810406,592.2,191,5,592.2,r-derpp_sl12_st12_bu500_re0.5_al0.5_te0.5
smd,lstm,strb,16,16,B2,500.0,0.2,0.9,0.5,,,,-0.044729844421500395,0.08983825488650471,0.044729844421500395,0.7980603541076983,0.768754608827542,0.8599564678235202,5,10,10,0.807,0.7518,0.7355,0.86,0.8361,0.7769,0.6748,0.7033,0.8527,0.8361,0.0013854828765404999,0.002093108408705,0.0009514154373848999,0.0011416929713201,685.0,192,5,336.4,r-strb_sl16_st16_bu500_no0.2_re0.9_re0.5
smd,lstm,gdumb,16,16,B2,500.0,,,0.5,,,,-0.03225532027602844,0.08194592852396113,0.03225532027602844,0.77802820864241,0.7589911768370865,0.868870746622096,5,10,10,0.807,0.7121,0.743,0.8595,0.7686,0.7829,0.6955,0.6791,0.8689,0.7686,0.0006907514090137,0.001043547781797,0.0004743425386007,0.0005692052431963,341.5,194,5,341.5,r-gdumb_sl16_st16_bu500_re0.5
smd,lstm,derpp,16,16,B2,500.0,,,0.5,,0.5,0.5,-0.029037560672761455,0.06535719647712408,0.029037560672761455,0.7824941100098293,0.7614612737909519,0.8519701405554099,5,10,10,0.807,0.731,0.7409,0.8451,0.7886,0.7669,0.6889,0.711,0.852,0.7886,0.0011097252970901,0.0016765096054395,0.0007620517846048,0.0009144578208347,548.7,182,5,548.7,r-derpp_sl16_st16_bu500_re0.5_al0.5_te0.5
smd,lstm,strb,48,48,B2,500.0,0.2,0.9,0.5,,,,-0.022833947220565788,0.06974852824121193,0.022833947220565788,0.774052974420045,0.7570493100994826,0.8474648102369712,5,10,10,0.8008,0.7076,0.7364,0.8307,0.7949,0.7698,0.6878,0.6853,0.8475,0.7949,0.0013001510999552,0.0019641940337067,0.0008928184828112,0.0010713755508953001,642.8,193,5,329.5,r-strb_sl48_st48_bu500_no0.2_re0.9_re0.5
smd,lstm,gdumb,48,48,B2,500.0,,,0.5,,,,-8.314048815700747e-05,0.07782807102043414,8.314048815700747e-05,0.7796324931666069,0.780645431535794,0.8533305211495905,5,10,10,0.8008,0.7132,0.7011,0.8533,0.8298,0.8043,0.7104,0.7194,0.8393,0.8298,0.0006542796610927,0.0009884483478405,0.0004492962618041,0.0005391520860364,323.5,190,5,323.5,r-gdumb_sl48_st48_bu500_re0.5
smd,lstm,derpp,48,48,B2,500.0,,,0.5,,0.5,0.5,-0.0029903038854577567,0.06045697802167188,0.0029903038854577567,0.7663976820340188,0.7626753814904619,0.8232151998664871,5,10,10,0.8008,0.7204,0.6754,0.8232,0.8122,0.8212,0.6844,0.6726,0.8231,0.8122,0.0012573234413299,0.0018994924528269,0.0008634085674802,0.0010360838853466,621.7,197,5,621.7,r-derpp_sl48_st48_bu500_re0.5_al0.5_te0.5
smd,lstm,strb,8,4,B3,500.0,0.2,0.9,0.5,,,,-0.02855077868654198,0.05583844491461646,0.02855077868654198,0.7765591827595185,0.7476214205808301,0.861107503295028,5,10,10,0.7856,0.7367,0.7224,0.8611,0.7771,0.8019,0.6525,0.672,0.8347,0.7771,0.0036174968866539,0.0054651077109132,0.0024841618086831,0.0029809459022298998,1788.6,214,5,892.4,r-strb_sl8_st4_bu500_no0.2_re0.9_re0.5
smd,lstm,strb,12,6,B3,500.0,0.2,0.9,0.5,,,,-0.02659564002450987,0.10444458157643406,0.02659564002450987,0.7827775658462459,0.7639827058433258,0.8794738370160005,5,10,10,0.7952,0.7158,0.679,0.8795,0.8444,0.7414,0.72,0.6534,0.8607,0.8444,0.0032890641153019,0.004968930235860199,0.0022586109814789,0.0027103192543812002,1626.2,206,5,815.4,r-strb_sl12_st6_bu500_no0.2_re0.9_re0.5
smd,lstm,strb,48,24,B3,500.0,0.2,0.9,0.5,,,,-0.0006841259965924329,0.03695709861676899,0.0006841259965924329,0.7623019848531261,0.761832583575163,0.8236930437082675,5,10,10,0.8237,0.709,0.714,0.7447,0.8201,0.8214,0.6841,0.7187,0.7649,0.8201,0.0030480816933125,0.0046048677545715,0.0020931269577587,0.0025117407968127,1507.1,247,5,734.1,r-strb_sl48_st24_bu500_no0.2_re0.9_re0.5
smd,lstm,strb,6,6,B4,100.0,0.05,0.9,0.5,,,,-0.04969672241281727,0.08848582590231871,0.04969672241281727,0.7673660251207386,0.7377641942839837,0.8713351196138479,5,10,10,0.7967,0.7486,0.6378,0.8586,0.7951,0.7343,0.6624,0.6256,0.8713,0.7951,0.000879147376796885,0.0026786242345695002,0.0012175596722834,0.001461064562286,876.6,192,5,433.1,r-strb_sl6_st6_bu100_no0.05_re0.9_re0.5
smd,lstm,strb,8,8,B4,100.0,0.05,0.9,0.5,,,,-0.01652264374594119,0.09512244764340325,0.01652264374594119,0.7766731123722378,0.7728591229570003,0.8859231958519833,5,10,10,0.7929,0.6971,0.706,0.8859,0.8014,0.7406,0.7251,0.7417,0.8555,0.8014,0.0016296155001604001,0.0024619300347175,0.001119061804987,0.0013428682297304,805.7,186,5,398.9,r-strb_sl8_st8_bu100_no0.05_re0.9_re0.5
smd,lstm,strb,10,10,B4,100.0,0.05,0.9,0.5,,,,-0.04100356960920557,0.09465026025312759,0.04100356960920557,0.7625080326659146,0.7340213769139925,0.8506911242201782,5,10,10,0.8103,0.703,0.6615,0.8507,0.7871,0.7697,0.6665,0.6185,0.8284,0.7871,5.755281813497812e-06,0.0024210149232758,0.0011004641864008,0.0013205507368748,792.3,206,5,394.2,r-strb_sl10_st10_bu100_no0.05_re0.9_re0.5
smd,lstm,strb,12,12,B4,100.0,0.05,0.9,0.5,,,,-0.05889826317723661,0.051407767120861626,0.05889826317723661,0.7574876151753681,0.7103189100479018,0.8224951290897246,5,10,10,0.8225,0.7115,0.6808,0.8022,0.7704,0.7103,0.6799,0.5961,0.7948,0.7704,0.0015577778188321,0.0023534017682221003,0.001069730670025,0.0012836710981970001,770.2,201,5,373.4,r-strb_sl12_st12_bu100_no0.05_re0.9_re0.5
smd,lstm,strb,16,16,B4,100.0,0.05,0.9,0.5,,,,-0.04972847352661293,0.09548414420206683,0.04972847352661293,0.7872633994060598,0.7601025124384562,0.8321855770380474,5,10,10,0.807,0.7443,0.733,0.8322,0.8199,0.7364,0.7197,0.6954,0.8291,0.8199,5.324925955086002e-06,0.002239981571774,0.0010181759967008,0.0012218055750731,733.1,200,5,351.2,r-strb_sl16_st16_bu100_no0.05_re0.9_re0.5
smd,lstm,strb,24,24,B4,100.0,0.05,0.9,0.5,,,,-0.041294081078434505,0.04392896582553637,0.041294081078434505,0.7460375564052006,0.7213795605228658,0.8096326421142377,5,10,10,0.8053,0.7111,0.6963,0.8005,0.7169,0.6937,0.7413,0.6455,0.8096,0.7169,0.0014248320490740998,0.0021525548914442,0.0009784363757488,0.0011741185156952999,704.5,211,5,354.0,r-strb_sl24_st24_bu100_no0.05_re0.9_re0.5
smd,lstm,strb,48,48,B4,100.0,0.05,0.9,0.5,,,,0.004682752759119224,0.0527371204825852,-0.004682752759119224,0.7561939319196683,0.7652815694501001,0.8030089293505852,5,10,10,0.8008,0.7174,0.6969,0.7629,0.803,0.7515,0.7954,0.7095,0.767,0.803,0.0013831918300764,0.0020896472265427,0.0009498420173088,0.0011398052092338,683.9,211,5,334.2,r-strb_sl48_st48_bu100_no0.05_re0.9_re0.5
smd,lstm,strb,6,6,B4,100.0,0.2,0.9,0.5,,,,-0.03654888738311536,0.09031951284245801,0.03654888738311536,0.7682877036302199,0.7489247511368038,0.8608848560708391,5,10,10,0.7967,0.7486,0.6382,0.8609,0.7971,0.727,0.7223,0.6387,0.8595,0.7971,0.0017112339522742,0.0025852345311625,0.0011751097205986,0.0014101248105637,846.1,189,5,410.9,r-strb_sl6_st6_bu100_no0.2_re0.9_re0.5
smd,lstm,strb,8,8,B4,100.0,0.2,0.9,0.5,,,,-0.03214786167484361,0.09885043560263122,0.03214786167484361,0.7746843730548687,0.7602016401398872,0.8865434577354897,5,10,10,0.7929,0.6971,0.7001,0.8865,0.7967,0.7287,0.6799,0.7343,0.8614,0.7967,0.0015305441303598,0.0023122586669201,0.0010510292112263,0.0012612294556936,756.7,182,5,363.3,r-strb_sl8_st8_bu100_no0.2_re0.9_re0.5
smd,lstm,strb,10,10,B4,100.0,0.2,0.9,0.5,,,,-0.03642167616550257,0.09223823845094735,0.03642167616550257,0.7632957143160446,0.7394880482603845,0.8512464287272106,5,10,10,0.8103,0.703,0.6693,0.8512,0.7826,0.78,0.6709,0.6356,0.8283,0.7826,5.605350314577381e-06,0.0023579447890724,0.0010717957067767998,0.0012861490822955,771.7,201,5,377.0,r-strb_sl10_st10_bu100_no0.2_re0.9_re0.5
smd,lstm,strb,12,12,B4,100.0,0.2,0.9,0.5,,,,-0.06774826943366921,0.051384725043795584,0.06774826943366921,0.7583098395340421,0.7075135892127068,0.8224951290897246,5,10,10,0.8225,0.7115,0.6806,0.8089,0.7681,0.719,0.6691,0.5729,0.8086,0.7681,0.00077173726786512,0.0022731448577835,0.0010332502436887,0.0012398946140945999,743.9,201,5,363.7,r-strb_sl12_st12_bu100_no0.2_re0.9_re0.5
smd,lstm,strb,16,16,B4,100.0,0.2,0.9,0.5,,,,-0.047974071640302304,0.09261861648559948,0.047974071640302304,0.7859207627952423,0.7604128008655954,0.8306851298989559,5,10,10,0.807,0.7443,0.7321,0.8307,0.8156,0.7388,0.7208,0.6999,0.827,0.8156,0.0007408388958488466,0.0021820235110304002,0.0009918313247086,0.0011901921863216,714.1,202,5,349.1,r-strb_sl16_st16_bu100_no0.2_re0.9_re0.5
smd,lstm,strb,24,24,B4,100.0,0.2,0.9,0.5,,,,-0.037716592095248115,0.04556771704715693,0.037716592095248115,0.7459283741862242,0.7246997075335326,0.8136050914885331,5,10,10,0.8053,0.7111,0.6949,0.7986,0.7197,0.6932,0.7371,0.6599,0.8136,0.7197,4.840438658234083e-06,0.002036177307478,0.0009255375265072,0.0011106397809707998,666.4,197,5,325.8,r-strb_sl24_st24_bu100_no0.2_re0.9_re0.5
smd,lstm,strb,48,48,B4,100.0,0.2,0.9,0.5,,,,0.004000304306026381,0.05052605663436095,-0.004000304306026381,0.7540123860978379,0.7618843900979029,0.8007589306569307,5,10,10,0.8008,0.7174,0.695,0.7608,0.796,0.752,0.7913,0.7059,0.7642,0.796,0.0013711573269189,0.00207146618643,0.000941577923786,0.0011298882626439,677.9,211,5,333.2,r-strb_sl48_st48_bu100_no0.2_re0.9_re0.5
smd,lstm,strb,6,6,B4,100.0,0.35,0.9,0.5,,,,-0.03918618896992435,0.08733393504896095,0.03918618896992435,0.7661597252217672,0.7448158078842966,0.8634189331371193,5,10,10,0.7967,0.7486,0.6399,0.8553,0.7902,0.7621,0.6669,0.6415,0.8634,0.7902,0.0008543986489412416,0.0026039759809647,0.0011836290552086001,0.0014203469257561,852.2,196,5,420.9,r-strb_sl6_st6_bu100_no0.35_re0.9_re0.5
smd,lstm,strb,8,8,B4,100.0,0.35,0.9,0.5,,,,-0.018820319594877934,0.10433258396251752,0.018820319594877934,0.7796686947578262,0.7654535785076545,0.8952932981019117,5,10,10,0.7929,0.6971,0.7002,0.8953,0.8128,0.7779,0.6483,0.714,0.8743,0.8128,0.0014282444226726,0.0021577101106054998,0.0009807798195636,0.0011769302910418001,706.2,176,5,347.6,r-strb_sl8_st8_bu100_no0.35_re0.9_re0.5
smd,lstm,strb,10,10,B4,100.0,0.35,0.9,0.5,,,,-0.03720255260571574,0.0954734116453437,0.03720255260571574,0.7649945902823672,0.7384024920720808,0.8520672050755189,5,10,10,0.8103,0.703,0.6713,0.8521,0.7882,0.7855,0.6916,0.589,0.8377,0.7882,0.0015742387548137,0.0023782700102636,0.0010810343907446001,0.0012972356195187999,778.3,204,5,381.4,r-strb_sl10_st10_bu100_no0.35_re0.9_re0.5
smd,lstm,strb,12,12,B4,100.0,0.35,0.9,0.5,,,,-0.0527388923993508,0.0645541453421627,0.0527388923993508,0.7609627006721771,0.7242800840496181,0.8229896688777802,5,10,10,0.8225,0.7115,0.6788,0.8214,0.7707,0.78,0.6651,0.5826,0.823,0.7707,5.469793880697468e-06,0.0023009216649224,0.0010458760024901,0.0012550456624322,753.0,202,5,364.6,r-strb_sl12_st12_bu100_no0.35_re0.9_re0.5
smd,lstm,strb,16,16,B4,100.0,0.35,0.9,0.5,,,,-0.033692513252767176,0.08686719019565571,0.033692513252767176,0.7871076447856837,0.7662744451318082,0.8433825089204474,5,10,10,0.807,0.7443,0.7237,0.8434,0.8173,0.7697,0.7227,0.6854,0.8363,0.8173,0.0007014081553981133,0.002078843604581,0.0009449313823508001,0.0011339122222301001,680.4,195,5,334.7,r-strb_sl16_st16_bu100_no0.35_re0.9_re0.5
smd,lstm,strb,24,24,B4,100.0,0.35,0.9,0.5,,,,-0.011486796995754289,0.04907133465485627,0.011486796995754289,0.7524186070924166,0.7441050024750119,0.8166396400056652,5,10,10,0.8053,0.7111,0.6903,0.8162,0.7392,0.7983,0.7125,0.6539,0.8166,0.7392,0.0006504816845019233,0.002009253737841,0.0009132994159745001,0.0010959543218664,657.6,194,5,320.4,r-strb_sl24_st24_bu100_no0.35_re0.9_re0.5
smd,lstm,strb,48,48,B4,100.0,0.35,0.9,0.5,,,,0.009085743990167339,0.0464869731247471,-0.009085743990167339,0.7510237318463193,0.7604551240156445,0.8007589306569307,5,10,10,0.8008,0.7174,0.6919,0.7535,0.7915,0.7784,0.7862,0.6912,0.7549,0.7915,0.0013521194485458,0.0020427048469858003,0.0009285048306666,0.001114200016319,668.5,206,5,324.1,r-strb_sl48_st48_bu100_no0.35_re0.9_re0.5
smd,lstm,strb,6,6,B4,500.0,0.05,0.9,0.5,,,,-0.024123180257144827,0.1056755639256846,0.024123180257144827,0.7694329867276941,0.7523535829202039,0.873402270661445,5,10,10,0.7967,0.7393,0.6412,0.8734,0.7966,0.7512,0.6582,0.6981,0.8576,0.7966,0.0013522909996798896,0.0041007531585219,0.0018639837008117,0.0022367694577101003,1342.1,182,5,666.2,r-strb_sl6_st6_bu500_no0.05_re0.9_re0.5
smd,lstm,strb,8,8,B4,500.0,0.05,0.9,0.5,,,,-0.02720344220882357,0.09193636171528138,0.02720344220882357,0.7682426304994363,0.7465352831299762,0.860373931254242,5,10,10,0.7929,0.6924,0.7108,0.8604,0.7846,0.748,0.669,0.6932,0.8379,0.7846,0.0020357439104512565,0.0060030190927150996,0.0027286516697313003,0.0032743674229837,1964.6,191,5,961.6,r-strb_sl8_st8_bu500_no0.05_re0.9_re0.5
smd,lstm,strb,10,10,B4,500.0,0.05,0.9,0.5,,,,-0.026821501062595544,0.0577999101224697,0.026821501062595544,0.7648193049676082,0.7441668528570439,0.8451195947925865,5,10,10,0.8103,0.7112,0.6693,0.8451,0.7882,0.7924,0.6967,0.6125,0.8311,0.7882,0.0023536174172828,0.0035557107853186,0.0016162362026069,0.0019394745827116,1163.7,203,5,585.9,r-strb_sl10_st10_bu500_no0.05_re0.9_re0.5
smd,lstm,strb,12,12,B4,500.0,0.05,0.9,0.5,,,,-0.01752608438360259,0.0610572087351944,0.01752608438360259,0.7709107714716257,0.7569560572997772,0.8264234764646756,5,10,10,0.8225,0.7201,0.6879,0.8261,0.7979,0.7626,0.7042,0.6936,0.8264,0.7979,0.0019776003181381,0.0029876456252483,0.001358024046982,0.0016296215782663,977.8,198,5,484.6,r-strb_sl12_st12_bu500_no0.05_re0.9_re0.5
smd,lstm,strb,16,16,B4,500.0,0.05,0.9,0.5,,,,-0.04609678090249679,0.09101880985418319,0.04609678090249679,0.7986028073086743,0.7676510904435545,0.8624686467341769,5,10,10,0.807,0.7518,0.7363,0.8625,0.8355,0.7762,0.6713,0.697,0.8582,0.8355,0.000989478788504594,0.0029719326644053,0.0013508817603046998,0.0016210509041005,972.6,192,5,485.2,r-strb_sl16_st16_bu500_no0.05_re0.9_re0.5
smd,lstm,strb,24,24,B4,500.0,0.05,0.9,0.5,,,,-0.02218200306344085,0.032616821796180584,0.02218200306344085,0.7537018843448883,0.7421086895649711,0.8053491154924609,5,10,10,0.8053,0.706,0.6927,0.8032,0.7612,0.7005,0.743,0.7089,0.797,0.7612,0.0007796675149875313,0.0024695493317388,0.0011225254128486,0.0013470239188901,808.2,199,5,384.0,r-strb_sl24_st24_bu500_no0.05_re0.9_re0.5
smd,lstm,strb,48,48,B4,500.0,0.05,0.9,0.5,,,,-0.019082045419517267,0.08606682902920568,0.019082045419517267,0.7816056117790021,0.7664302138957211,0.8511122916989534,5,10,10,0.8008,0.7076,0.7339,0.8147,0.8511,0.7117,0.6851,0.7634,0.8209,0.8511,0.0013592774599294,0.0020535187618093,0.0009334200708964,0.0011200986909128,672.1,198,5,331.0,r-strb_sl48_st48_bu500_no0.05_re0.9_re0.5
smd,lstm,strb,6,6,B4,500.0,0.35,0.9,0.5,,,,-0.029702129449780745,0.10408161285938525,0.029702129449780745,0.7690956365814174,0.7475250511694422,0.8743688810858489,5,10,10,0.7967,0.7393,0.6399,0.8744,0.7952,0.8023,0.6222,0.6639,0.8539,0.7952,0.0016796437491195999,0.0025375098562673,0.0011534167669564,0.0013840930893108,830.5,178,5,410.6,r-strb_sl6_st6_bu500_no0.35_re0.9_re0.5
smd,lstm,strb,8,8,B4,500.0,0.35,0.9,0.5,,,,-0.010153414442032372,0.09591210551236509,0.010153414442032372,0.766444448574552,0.7602485440059439,0.8744858343695598,5,10,10,0.7929,0.6924,0.6984,0.8745,0.7739,0.7932,0.6583,0.7018,0.8741,0.7739,0.0016800474031987002,0.0025381196737984998,0.0011536942101872,0.0013844254636111,830.7,193,5,393.9,r-strb_sl8_st8_bu500_no0.35_re0.9_re0.5
smd,lstm,strb,10,10,B4,500.0,0.35,0.9,0.5,,,,-0.015418882782410237,0.058768110288854536,0.015418882782410237,0.7648365732697735,0.7533990292004569,0.8475394926057997,5,10,10,0.8103,0.7112,0.6719,0.8475,0.7833,0.819,0.712,0.6104,0.8423,0.7833,0.0015509599649208999,0.0023431017438822,0.0010650488433951,0.001278052900487,766.8,198,5,378.1,r-strb_sl10_st10_bu500_no0.35_re0.9_re0.5
smd,lstm,strb,12,12,B4,500.0,0.35,0.9,0.5,,,,-0.03643605280420498,0.0594141387762125,0.03643605280420498,0.7667023149369149,0.7345617499645056,0.8388106715984844,5,10,10,0.8225,0.7201,0.6809,0.8388,0.7713,0.8139,0.673,0.5822,0.8325,0.7713,0.0015004291615009,0.0022667626917526,0.0010303491971021001,0.0012364134946504,741.9,200,5,364.3,r-strb_sl12_st12_bu500_no0.35_re0.9_re0.5
smd,lstm,strb,16,16,B4,500.0,0.35,0.9,0.5,,,,-0.02901492976631461,0.0933498752043869,0.02901492976631461,0.7993879933161857,0.7813637759182479,0.8619830752224977,5,10,10,0.807,0.7518,0.7341,0.862,0.8421,0.7939,0.7037,0.7196,0.8475,0.8421,0.0013531410162289,0.0020442481731023,0.0009292060903324,0.0011150420827697,669.0,191,5,325.7,r-strb_sl16_st16_bu500_no0.35_re0.9_re0.5
smd,lstm,strb,24,24,B4,500.0,0.35,0.9,0.5,,,,0.001552575951358426,0.030290389945440532,-0.001552575951358426,0.7585871114429432,0.7717958752824418,0.8110963184695965,5,10,10,0.8053,0.706,0.6802,0.7985,0.803,0.8084,0.7432,0.7237,0.7807,0.803,0.0006768690844622847,0.0019925653762774,0.0009057138012714999,0.0010868515750058999,652.1,188,5,318.6,r-strb_sl24_st24_bu500_no0.35_re0.9_re0.5
smd,lstm,strb,48,48,B4,500.0,0.35,0.9,0.5,,,,-0.009289302018493484,0.07008977846462232,0.009289302018493484,0.771398833986796,0.7626483139031761,0.8394497535564173,5,10,10,0.8008,0.7076,0.7292,0.8359,0.7835,0.7853,0.6868,0.7182,0.8394,0.7835,4.60325512817201e-06,0.0019364037630291,0.0008801857717082001,0.0010562179913208,633.7,193,5,310.4,r-strb_sl48_st48_bu500_no0.35_re0.9_re0.5
smd,lstm,strb,6,6,B4,1000.0,0.05,0.9,0.5,,,,-0.02872160968594909,0.09747073634602613,0.02872160968594909,0.7743059976583664,0.7408207358803448,0.8823838322603548,5,10,10,0.7967,0.7464,0.6313,0.8824,0.8146,0.7842,0.6413,0.6154,0.8486,0.8146,1.7233602301716764e-05,0.0072494813818508,0.0032952277391326,0.0039542536427181,2372.6,172,5,1130.2,r-strb_sl6_st6_bu1000_no0.05_re0.9_re0.5
smd,lstm,strb,8,8,B4,1000.0,0.05,0.9,0.5,,,,-0.02866748831145499,0.08597076573813568,0.02866748831145499,0.7773280894225949,0.755431343941634,0.8799393079478083,5,10,10,0.7929,0.6728,0.7324,0.8799,0.8086,0.7613,0.6431,0.6871,0.877,0.8086,0.0054455603802474,0.0082268416412823,0.0037394821018419,0.0044873595394402995,2692.4,191,5,1322.2,r-strb_sl8_st8_bu1000_no0.05_re0.9_re0.5
smd,lstm,strb,10,10,B4,1000.0,0.05,0.9,0.5,,,,-0.014984827431473557,0.0723239061110246,0.014984827431473557,0.7732094499631885,0.7594598783828169,0.8624730378512506,5,10,10,0.8103,0.7116,0.6647,0.8568,0.8226,0.7644,0.7043,0.6435,0.8625,0.8226,0.0019056517326326897,0.0057416211911668,0.0026098338583884,0.0031317873327782,1879.1,195,5,940.2,r-strb_sl10_st10_bu1000_no0.05_re0.9_re0.5
smd,lstm,strb,12,12,B4,1000.0,0.05,0.9,0.5,,,,-0.018778179646781013,0.08166890020623299,0.018778179646781013,0.7634245494842936,0.7494046420920915,0.857302499800845,5,10,10,0.8225,0.7215,0.6663,0.8396,0.7672,0.7447,0.6862,0.6916,0.8573,0.7672,0.0033083120603292996,0.0049980089320095,0.0022718274338047,0.0027261814982047997,1635.7,195,5,815.8,r-strb_sl12_st12_bu1000_no0.05_re0.9_re0.5
smd,lstm,strb,16,16,B4,1000.0,0.05,0.9,0.5,,,,0.002385572235972644,0.05121878572525869,-0.002385572235972644,0.7593320414035376,0.7727168200367116,0.8069582725226373,5,10,10,0.807,0.7427,0.7208,0.7458,0.7805,0.7997,0.7786,0.7055,0.7994,0.7805,0.0035567867313153,0.005373390275220101,0.0024424557926500997,0.0029309344825697997,1758.6,232,5,857.3,r-strb_sl16_st16_bu1000_no0.05_re0.9_re0.5
smd,lstm,strb,24,24,B4,1000.0,0.05,0.9,0.5,,,,-0.00025453928981633567,0.056239828344125345,0.00025453928981633567,0.7616074654450957,0.7668315230700086,0.8148430756150717,5,10,10,0.8053,0.7141,0.6904,0.8148,0.7834,0.7715,0.7588,0.7059,0.8145,0.7834,0.0014439755894870999,0.0021814758590644997,0.0009915823174724,0.0011898935415921,713.9,186,5,339.5,r-strb_sl24_st24_bu1000_no0.05_re0.9_re0.5
smd,lstm,strb,48,48,B4,1000.0,0.05,0.9,0.5,,,,-0.00852389906175296,0.07755350971361327,0.00852389906175296,0.7811459656663083,0.7743221210919606,0.8502294046214708,5,10,10,0.8008,0.7083,0.7355,0.8109,0.8502,0.7279,0.6997,0.7743,0.8195,0.8502,0.0013229878044995,0.0019986944227897,0.0009084997662575001,0.0010901946565322,654.1,199,5,321.4,r-strb_sl48_st48_bu1000_no0.05_re0.9_re0.5
smd,lstm,strb,6,6,B4,1000.0,0.2,0.9,0.5,,,,-0.02886861748372175,0.09663413984384636,0.02886861748372175,0.7734299723101308,0.736580376943007,0.8827660873688142,5,10,10,0.7967,0.7464,0.6277,0.8828,0.8136,0.7847,0.6437,0.5981,0.8429,0.8136,0.0009531857336392206,0.0030044811082545,0.0013656772854155,0.0016388038228389,983.3,174,5,469.4,r-strb_sl6_st6_bu1000_no0.2_re0.9_re0.5
smd,lstm,strb,8,8,B4,1000.0,0.2,0.9,0.5,,,,-0.016842400938101354,0.0843956448859951,0.016842400938101354,0.7696906219263783,0.747508470600919,0.8767203095892601,5,10,10,0.7929,0.6728,0.7325,0.8767,0.7735,0.793,0.7036,0.6257,0.8418,0.7735,0.0017131743021388001,0.0025881659009299,0.001176442244676,0.0014117236562537,847.0,191,5,415.4,r-strb_sl8_st8_bu1000_no0.2_re0.9_re0.5
smd,lstm,strb,10,10,B4,1000.0,0.2,0.9,0.5,,,,-0.030093443409923048,0.06516706564454824,0.030093443409923048,0.7673724314453754,0.7459018022253152,0.8580440402906825,5,10,10,0.8103,0.7116,0.6652,0.858,0.7918,0.7744,0.7231,0.5821,0.858,0.7918,0.0015783527193145,0.0023844851528940997,0.0010838594865732,0.0013006256663209,780.4,191,5,382.3,r-strb_sl10_st10_bu1000_no0.2_re0.9_re0.5
smd,lstm,strb,12,12,B4,1000.0,0.2,0.9,0.5,,,,-0.03329573714201915,0.07664731745473764,0.03329573714201915,0.7634443525933032,0.7392649476937541,0.8483420640078437,5,10,10,0.8225,0.7215,0.665,0.8446,0.7636,0.7582,0.6985,0.6276,0.8483,0.7636,0.0007617660925632739,0.002350965170021,0.0010686231545224,0.0012823420154985,769.4,193,5,375.2,r-strb_sl12_st12_bu1000_no0.2_re0.9_re0.5
smd,lstm,strb,16,16,B4,1000.0,0.2,0.9,0.5,,,,-0.007614145972418241,0.05873597982976492,0.007614145972418241,0.7683740999830282,0.7689274297997647,0.8069582725226373,5,10,10,0.807,0.7427,0.7186,0.7748,0.7988,0.7968,0.7639,0.7153,0.7698,0.7988,0.0016637147175539999,0.0025134451850418998,0.0011424779348377999,0.0013709672502039,822.6,224,5,397.0,r-strb_sl16_st16_bu1000_no0.2_re0.9_re0.5
smd,lstm,strb,24,24,B4,1000.0,0.2,0.9,0.5,,,,-0.01347286817906943,0.022131652101573106,0.01347286817906943,0.7462641994904642,0.7298116837283161,0.841221093326638,5,10,10,0.8053,0.7141,0.6967,0.8412,0.674,0.7982,0.7868,0.5617,0.8284,0.674,0.0012929124996616,0.0019532583697598003,0.000887846830793,0.0010654115389666999,639.3,182,5,313.0,r-strb_sl24_st24_bu1000_no0.2_re0.9_re0.5
smd,lstm,strb,48,48,B4,1000.0,0.2,0.9,0.5,,,,-0.007002112468234667,0.06798402371762585,0.007002112468234667,0.7733497525623209,0.7663164314266251,0.8369132731641458,5,10,10,0.8008,0.7083,0.7294,0.8287,0.7995,0.7914,0.6963,0.7074,0.8369,0.7995,0.0013054314226607,0.0019721712437049998,0.0008964437557869,0.0010757274879180001,645.4,193,5,311.3,r-strb_sl48_st48_bu1000_no0.2_re0.9_re0.5
smd,lstm,strb,6,6,B4,1000.0,0.35,0.9,0.5,,,,-0.03364835036071264,0.09183832565239378,0.03364835036071264,0.7698436809981094,0.7361425531527859,0.877772313058079,5,10,10,0.7967,0.7464,0.6351,0.8778,0.7932,0.7937,0.6171,0.6331,0.8436,0.7932,0.0016972949597072,0.0025641762972104,0.0011655380937419,0.0013986382034684,839.2,161,5,403.7,r-strb_sl6_st6_bu1000_no0.35_re0.9_re0.5
smd,lstm,strb,8,8,B4,1000.0,0.35,0.9,0.5,,,,-0.01937662966268313,0.08445440184700606,0.01937662966268313,0.76878155825272,0.7513276540932623,0.8830929301726472,5,10,10,0.7929,0.6728,0.729,0.8831,0.7661,0.7916,0.6589,0.6805,0.8596,0.7661,0.0016945107689512,0.0025599701008137002,0.0011636258518522998,0.0013963442489612998,837.8,188,5,411.4,r-strb_sl8_st8_bu1000_no0.35_re0.9_re0.5
smd,lstm,strb,10,10,B4,1000.0,0.35,0.9,0.5,,,,-0.01886182739265434,0.07460972148382478,0.01886182739265434,0.7745648448263504,0.7577210506874626,0.8780737785696614,5,10,10,0.8103,0.7116,0.6643,0.8781,0.8084,0.8096,0.6474,0.6544,0.8688,0.8084,0.0015460800360435,0.0023357294260137997,0.0010616978859437,0.0012740315400699,764.4,188,5,375.1,r-strb_sl10_st10_bu1000_no0.35_re0.9_re0.5
smd,lstm,strb,12,12,B4,1000.0,0.35,0.9,0.5,,,,-0.024382608001483185,0.06801963423931007,0.024382608001483185,0.7617493595110154,0.7426794312404541,0.8542554992019822,5,10,10,0.8225,0.7215,0.648,0.8543,0.7625,0.8062,0.6402,0.6553,0.8492,0.7625,0.0015288448668804,0.0023096915166960002,0.0010498624064202,0.0012598291102757,755.9,191,5,369.8,r-strb_sl12_st12_bu1000_no0.35_re0.9_re0.5
smd,lstm,strb,16,16,B4,1000.0,0.35,0.9,0.5,,,,-0.028126924963747947,0.06020252490210185,0.028126924963747947,0.7675553030188247,0.7462682257254086,0.8069582725226373,5,10,10,0.807,0.7427,0.7227,0.7916,0.7739,0.7891,0.7057,0.6851,0.7776,0.7739,0.0014752345672131,0.0022287001374974,0.0010130480694396,0.0012156520680577,729.4,201,5,358.5,r-strb_sl16_st16_bu1000_no0.35_re0.9_re0.5
smd,lstm,strb,24,24,B4,1000.0,0.35,0.9,0.5,,,,0.010077642526533915,0.029015606567721085,-0.010077642526533915,0.7516804360826531,0.7578132380728726,0.8231705702545505,5,10,10,0.8053,0.7141,0.688,0.8212,0.7299,0.8135,0.7559,0.6666,0.8232,0.7299,0.0013017864442909,0.0019666646185388,0.0008939406951403,0.0010727239233984,643.6,185,5,316.0,r-strb_sl24_st24_bu1000_no0.35_re0.9_re0.5
smd,lstm,strb,48,48,B4,1000.0,0.35,0.9,0.5,,,,-0.003353715954754455,0.06732260824406179,0.003353715954754455,0.7722387297379243,0.7662817427961992,0.8499728491352315,5,10,10,0.8008,0.7083,0.7248,0.85,0.7773,0.8012,0.6631,0.7439,0.8459,0.7773,0.0006464948781021992,0.0019186264134886,0.0008721051527231999,0.0010465212607654,627.9,190,5,309.4,r-strb_sl48_st48_bu1000_no0.35_re0.9_re0.5
smd,lstm,strb,24,12,B6,500.0,0.01,0.3,0.5,,,,-0.03783032628517169,0.06876686761666999,0.03783032628517169,0.7403855764469018,0.7157404743599514,0.7997939532050895,5,10,10,0.7998,0.7217,0.7128,0.7354,0.7322,0.7378,0.7115,0.6482,0.749,0.7322,0.0024375643718741,0.0036825330503321,0.0016738826240736,0.0020086504262584,1205.2,239,5,1205.2,r-strb_sl24_st12_bu500_no0.01_re0.3_re0.5
smd,lstm,strb,24,12,B6,500.0,0.05,0.3,0.5,,,,-0.04026452922450113,0.07141501908291302,0.04026452922450113,0.7423005318530448,0.7163305489557793,0.7997939532050895,5,10,10,0.7998,0.7217,0.7127,0.7308,0.7465,0.7374,0.7081,0.6546,0.7351,0.7465,7.133476787196558e-06,0.0030007659600857,0.0013639878829262,0.0016367780771595,982.1,239,5,982.2,r-strb_sl24_st12_bu500_no0.05_re0.3_re0.5
smd,lstm,strb,24,12,B6,500.0,0.1,0.3,0.5,,,,-0.041110139994404514,0.06801182813979414,0.041110139994404514,0.7389546640564285,0.7122844910323625,0.7997939532050895,5,10,10,0.7998,0.7217,0.7127,0.7448,0.7158,0.7494,0.7038,0.6417,0.7508,0.7158,0.00178574278624,0.0026977982225204,0.001226274905095,0.0014715233174253,882.9,233,5,882.9,r-strb_sl24_st12_bu500_no0.1_re0.3_re0.5
smd,lstm,strb,24,12,B6,500.0,0.35,0.3,0.5,,,,-0.009655334940569893,0.06290505869184723,0.009655334940569893,0.7427434045981313,0.7341827405878657,0.7997939532050895,5,10,10,0.7998,0.7217,0.7213,0.7315,0.7394,0.7725,0.7147,0.7067,0.7377,0.7394,0.0014374813461724,0.0021716647271333,0.0009871227463655,0.0011845419807677,710.7,230,5,710.7,r-strb_sl24_st12_bu500_no0.35_re0.3_re0.5
smd,lstm,strb,24,12,B6,500.0,0.5,0.3,0.5,,,,-0.009655334940569893,0.06290505869184723,0.009655334940569893,0.7427434045981313,0.7341827405878657,0.7997939532050895,5,10,10,0.7998,0.7217,0.7213,0.7315,0.7394,0.7725,0.7147,0.7067,0.7377,0.7394,0.0014316348809647,0.0021628322213732,0.0009831079326337,0.0011797242887395,707.8,230,5,707.9,r-strb_sl24_st12_bu500_no0.5_re0.3_re0.5
smd,lstm,strb,24,12,B6,500.0,0.01,0.5,0.5,,,,-0.03783032628517169,0.06876686761666999,0.03783032628517169,0.7403855764469018,0.7157404743599514,0.7997939532050895,5,10,10,0.7998,0.7217,0.7128,0.7354,0.7322,0.7378,0.7115,0.6482,0.749,0.7322,0.0024346159470584,0.0036780787384971,0.0016718579251726,0.0020062208133245,1203.7,239,5,1203.8,r-strb_sl24_st12_bu500_no0.01_re0.5_re0.5
smd,lstm,strb,24,12,B6,500.0,0.05,0.5,0.5,,,,-0.04026452922450113,0.07141501908291302,0.04026452922450113,0.7423005318530448,0.7163305489557793,0.7997939532050895,5,10,10,0.7998,0.7217,0.7127,0.7308,0.7465,0.7374,0.7081,0.6546,0.7351,0.7465,0.0019883216451078,0.0030038427937682,0.0013653863273793,0.0016384564663888,983.1,239,5,983.1,r-strb_sl24_st12_bu500_no0.05_re0.5_re0.5
smd,lstm,strb,24,12,B6,500.0,0.1,0.5,0.5,,,,-0.041110139994404514,0.06801182813979414,0.041110139994404514,0.7389546640564285,0.7122844910323625,0.7997939532050895,5,10,10,0.7998,0.7217,0.7127,0.7448,0.7158,0.7494,0.7038,0.6417,0.7508,0.7158,0.0017987035432361,0.0027173785940363,0.0012351750423666,0.0014822035516697,889.3,233,5,889.3,r-strb_sl24_st12_bu500_no0.1_re0.5_re0.5
smd,lstm,strb,24,12,B6,500.0,0.35,0.5,0.5,,,,-0.009655334940569893,0.06290505869184723,0.009655334940569893,0.7427434045981313,0.7341827405878657,0.7997939532050895,5,10,10,0.7998,0.7217,0.7213,0.7315,0.7394,0.7725,0.7147,0.7067,0.7377,0.7394,5.1766304098240184e-06,0.0021775996172897,0.0009898205604151,0.0011877790568745,712.7,230,5,712.7,r-strb_sl24_st12_bu500_no0.35_re0.5_re0.5
smd,lstm,strb,24,12,B6,500.0,0.5,0.5,0.5,,,,-0.009655334940569893,0.06290505869184723,0.009655334940569893,0.7427434045981313,0.7341827405878657,0.7997939532050895,5,10,10,0.7998,0.7217,0.7213,0.7315,0.7394,0.7725,0.7147,0.7067,0.7377,0.7394,0.0014390085430119,0.0021739719289043,0.0009881715520252,0.001185800376879,711.5,230,5,711.5,r-strb_sl24_st12_bu500_no0.5_re0.5_re0.5
smd,lstm,strb,24,12,B6,500.0,0.01,0.7,0.5,,,,-0.03783032628517169,0.06876686761666999,0.03783032628517169,0.7403855764469018,0.7157404743599514,0.7997939532050895,5,10,10,0.7998,0.7217,0.7128,0.7354,0.7322,0.7378,0.7115,0.6482,0.749,0.7322,0.0024141641998893,0.0036471814068179,0.0016578136926529,0.0019893677141649,1193.6,239,5,1193.7,r-strb_sl24_st12_bu500_no0.01_re0.7_re0.5
smd,lstm,strb,24,12,B6,500.0,0.05,0.7,0.5,,,,-0.04026452922450113,0.07141501908291302,0.04026452922450113,0.7423005318530448,0.7163305489557793,0.7997939532050895,5,10,10,0.7998,0.7217,0.7127,0.7308,0.7465,0.7374,0.7081,0.6546,0.7351,0.7465,0.0020138863900365,0.0030424645504731,0.0013829417683979,0.0016595227820752,995.7,239,5,995.7,r-strb_sl24_st12_bu500_no0.05_re0.7_re0.5
smd,lstm,strb,24,12,B6,500.0,0.1,0.7,0.5,,,,-0.041110139994404514,0.06801182813979414,0.041110139994404514,0.7389546640564285,0.7122844910323625,0.7997939532050895,5,10,10,0.7998,0.7217,0.7127,0.7448,0.7158,0.7494,0.7038,0.6417,0.7508,0.7158,0.0017876673011793,0.0027007056697869,0.0012275964670736,0.0014731092027132,883.9,233,5,883.9,r-strb_sl24_st12_bu500_no0.1_re0.7_re0.5
smd,lstm,strb,24,12,B6,500.0,0.35,0.7,0.5,,,,-0.009655334940569893,0.06290505869184723,0.009655334940569893,0.7427434045981313,0.7341827405878657,0.7997939532050895,5,10,10,0.7998,0.7217,0.7213,0.7315,0.7394,0.7725,0.7147,0.7067,0.7377,0.7394,0.0014309332900216,0.0021617722978424,0.0009826262381328,0.0011791460597096,707.5,230,5,707.5,r-strb_sl24_st12_bu500_no0.35_re0.7_re0.5
smd,lstm,strb,24,12,B6,500.0,0.5,0.7,0.5,,,,-0.009655334940569893,0.06290505869184723,0.009655334940569893,0.7427434045981313,0.7341827405878657,0.7997939532050895,5,10,10,0.7998,0.7217,0.7213,0.7315,0.7394,0.7725,0.7147,0.7067,0.7377,0.7394,0.0014307266712328,0.0021614601499758,0.0009824842550403,0.0011789758949354,707.4,230,5,707.4,r-strb_sl24_st12_bu500_no0.5_re0.7_re0.5
smd,lstm,strb,24,12,B6,500.0,0.01,0.95,0.5,,,,-0.0065179843097663785,0.07095810605851977,0.0065179843097663785,0.7485197237494455,0.7509706842036404,0.8061658052504611,5,10,10,0.7998,0.7217,0.7077,0.7555,0.7579,0.8062,0.6861,0.7319,0.7728,0.7579,0.0020761464468506,0.0031365234888048,0.0014256958379688,0.001710827650836,1026.5,232,5,1026.5,r-strb_sl24_st12_bu500_no0.01_re0.95_re0.5
smd,lstm,strb,24,12,B6,500.0,0.05,0.95,0.5,,,,-0.008777487381119409,0.06982757070252667,0.008777487381119409,0.7470707545122646,0.7477930934044219,0.7997939532050895,5,10,10,0.7998,0.7217,0.7084,0.7466,0.7588,0.7985,0.6866,0.731,0.7641,0.7588,0.0017771701129691,0.0026848471173049,0.001220387914531,0.0014644592027738,878.7,235,5,878.7,r-strb_sl24_st12_bu500_no0.05_re0.95_re0.5
smd,lstm,strb,24,12,B6,500.0,0.1,0.95,0.5,,,,-0.009051420090339258,0.07098132703771239,0.009051420090339258,0.7493654452498382,0.7493325745550456,0.7997939532050895,5,10,10,0.7998,0.7217,0.7094,0.7555,0.7604,0.7995,0.6818,0.7337,0.7712,0.7604,5.29029887010722e-06,0.0022254153537852,0.0010115548821198,0.0012138604716653,728.3,232,5,728.3,r-strb_sl24_st12_bu500_no0.1_re0.95_re0.5
smd,lstm,strb,24,12,B6,500.0,0.35,0.95,0.5,,,,-0.009655334940569893,0.06290505869184723,0.009655334940569893,0.7427434045981313,0.7341827405878657,0.7997939532050895,5,10,10,0.7998,0.7217,0.7213,0.7315,0.7394,0.7725,0.7147,0.7067,0.7377,0.7394,0.0014286677046017,0.0021583495807714,0.0009810703944505,0.0011772791863209,706.4,230,5,706.4,r-strb_sl24_st12_bu500_no0.35_re0.95_re0.5
smd,lstm,strb,24,12,B6,500.0,0.5,0.95,0.5,,,,-0.009655334940569893,0.06290505869184723,0.009655334940569893,0.7427434045981313,0.7341827405878657,0.7997939532050895,5,10,10,0.7998,0.7217,0.7213,0.7315,0.7394,0.7725,0.7147,0.7067,0.7377,0.7394,0.0014713409633539,0.0022228179031402,0.0010103743982068,0.0012124435049334,727.5,230,5,727.5,r-strb_sl24_st12_bu500_no0.5_re0.95_re0.5
smd,tcn,strb,24,12,B1,500.0,0.2,0.9,0.5,,,,-0.005971966699476583,0.04832025313984647,0.005971966699476583,0.7765629811825121,0.7661671408596693,0.8943816104454726,5,10,10,0.7971,0.703,0.6949,0.8944,0.7934,0.7814,0.6169,0.7683,0.8709,0.7934,0.000621148843654778,0.001866575099303,0.0008484454174241,0.0010181296818787,610.9,181,5,304.9,r-strb_sl24_st12_bu500_no0.2_re0.9_re0.5
smd,tcn,strb,24,12,B1,100.0,0.2,0.9,0.5,,,,-0.018800113444851795,0.029208194674067954,0.018800113444851795,0.7769823675346395,0.7561023144436844,0.8909223036781779,5,10,10,0.7971,0.6879,0.691,0.8909,0.818,0.7712,0.6086,0.6934,0.8893,0.818,0.0012218676777099,0.0018459279099324998,0.000839060209784,0.0010068677001484,604.1,198,5,306.0,r-strb_sl24_st12_bu100_no0.2_re0.9_re0.5
smd,tcn,strb,24,12,B1,250.0,0.2,0.9,0.5,,,,-0.02691363652424278,0.03658087318842035,0.02691363652424278,0.7699668539463439,0.738530988063643,0.8809253105151333,5,10,10,0.7971,0.7013,0.6961,0.8809,0.7745,0.7692,0.6225,0.6588,0.8677,0.7745,0.0006657285091591273,0.0020177516705192,0.0009171621487868999,0.0011005895217321001,660.4,206,5,332.3,r-strb_sl24_st12_bu250_no0.2_re0.9_re0.5
smd,tcn,strb,24,12,B1,1000.0,0.2,0.9,0.5,,,,-0.009570112127085983,0.04962286807606146,0.009570112127085983,0.7782946216865516,0.7691574366927115,0.9012263174671652,5,10,10,0.7971,0.6952,0.6988,0.8976,0.8028,0.7873,0.5981,0.7563,0.9012,0.8028,0.0008432851814784175,0.0027627836669088003,0.0012558142165574999,0.0015069694503513,904.2,188,5,489.0,r-strb_sl24_st12_bu1000_no0.2_re0.9_re0.5
smd,tcn,strb,24,12,B1,2000.0,0.2,0.9,0.5,,,,-0.008857202470088022,0.05176099660736695,0.008857202470088022,0.779209892234042,0.7677223787238531,0.8933262099708643,5,10,10,0.7971,0.6868,0.6973,0.8933,0.8216,0.8004,0.6085,0.7217,0.8865,0.8216,0.0011104798054006669,0.0034618576572936002,0.0015735757644592,0.0018882818928344,1133.0,183,5,547.0,r-strb_sl24_st12_bu2000_no0.2_re0.9_re0.5
smd,tcn,strb,24,12,B1,4000.0,0.2,0.9,0.5,,,,-0.015269202119988811,0.055651943913198776,0.015269202119988811,0.7764101952167718,0.7655321348275155,0.8927711835807004,5,10,10,0.7971,0.6958,0.6917,0.8928,0.8047,0.7865,0.6357,0.7138,0.8869,0.8047,0.0011826441061176145,0.0032387077269338998,0.0014721439653962,0.0017665637615376,1059.9,182,5,476.9,r-strb_sl24_st12_bu4000_no0.2_re0.9_re0.5
smd,tcn,strb,24,12,B1,500.0,0.01,0.9,0.5,,,,-0.006916735727738921,0.04783978980503641,0.006916735727738921,0.7763580195265668,0.7656912348812931,0.8954017967358636,5,10,10,0.7971,0.703,0.6947,0.8954,0.7916,0.7848,0.616,0.767,0.8691,0.7916,0.0007078445390046,0.0010693711064449,0.0004860792358852,0.0005832918705597,350.0,177,5,350.0,r-strb_sl24_st12_bu500_no0.01_re0.9_re0.5
smd,tcn,strb,24,12,B1,500.0,0.05,0.9,0.5,,,,-0.005820831705095453,0.04805829703727181,0.005820831705095453,0.7764242016996654,0.7663769353203327,0.8945309137182328,5,10,10,0.7971,0.703,0.6944,0.8945,0.7931,0.7816,0.6179,0.7683,0.871,0.7931,0.0013127244621669002,0.0019831891513053,0.0009014519497105,0.0010817372015948,649.0,181,5,337.9,r-strb_sl24_st12_bu500_no0.05_re0.9_re0.5
smd,tcn,strb,24,12,B1,500.0,0.1,0.9,0.5,,,,-0.005881432147486998,0.04798363804812862,0.005881432147486998,0.7765132891320816,0.7662488502427867,0.8944418099318248,5,10,10,0.7971,0.703,0.6943,0.8944,0.7938,0.7809,0.6173,0.7681,0.8711,0.7938,0.0006367493449252388,0.0019923993270229,0.0009056384468767,0.0010867608801461,652.1,181,5,338.5,r-strb_sl24_st12_bu500_no0.1_re0.9_re0.5
smd,tcn,strb,24,12,B1,500.0,0.35,0.9,0.5,,,,-0.006696600584771906,0.04789913926840052,0.006696600584771906,0.776412216823253,0.7661880826948344,0.8955449821526564,5,10,10,0.7971,0.703,0.694,0.8955,0.7925,0.7855,0.6163,0.7673,0.8693,0.7925,0.001153052852862,0.0017419664023804,0.0007918049175893,0.000950161484791,570.1,177,5,289.8,r-strb_sl24_st12_bu500_no0.35_re0.9_re0.5
smd,tcn,strb,24,12,B1,500.0,0.5,0.9,0.5,,,,-0.017854785589351517,0.04618207856529184,0.017854785589351517,0.7749357462959026,0.7565226507185507,0.8946389904310835,5,10,10,0.7971,0.703,0.6935,0.8946,0.7864,0.7694,0.6681,0.6795,0.8792,0.7864,0.0005867473846136,0.0008864244411213,0.0004029213443851,0.0004835030967361,290.1,188,5,290.1,r-strb_sl24_st12_bu500_no0.5_re0.9_re0.5
smd,tcn,strb,24,12,B1,500.0,0.2,0.3,0.5,,,,-0.04824192843091797,0.04079360411101708,0.04824192843091797,0.7862105487914637,0.7420269132917237,0.9011091910876177,5,10,10,0.7971,0.703,0.7059,0.9011,0.824,0.7315,0.646,0.6626,0.8461,0.824,0.0013523800695303,0.0020430985782856,0.0009286837089095,0.0011144148693761,668.7,188,5,668.7,r-strb_sl24_st12_bu500_no0.2_re0.3_re0.5
smd,tcn,strb,24,12,B1,500.0,0.2,0.5,0.5,,,,-0.05589459279692695,0.04045974056935035,0.05589459279692695,0.7871370747154757,0.7360718510064729,0.900308539000983,5,10,10,0.7971,0.703,0.7074,0.9003,0.8278,0.7239,0.6309,0.6449,0.8528,0.8278,0.0013593520031391,0.0020536313774337,0.0009334720923636,0.00112015928507,672.1,188,5,672.1,r-strb_sl24_st12_bu500_no0.2_re0.5_re0.5
smd,tcn,strb,24,12,B1,500.0,0.2,0.7,0.5,,,,-0.022500161744751713,0.04792971428528503,0.022500161744751713,0.7854643186315414,0.757455689768121,0.9055238164806135,5,10,10,0.7971,0.703,0.7054,0.9055,0.8163,0.726,0.6249,0.7426,0.8773,0.8163,0.0025194388876394,0.0038062243931186,0.0017301087897708999,0.0020761156033475,1245.7,191,5,670.6,r-strb_sl24_st12_bu500_no0.2_re0.7_re0.5
smd,tcn,strb,24,12,B1,500.0,0.2,0.95,0.5,,,,-0.023408647121785354,0.04816825342944753,0.023408647121785354,0.774501416941534,0.7493911151396653,0.8972123088643993,5,10,10,0.7971,0.703,0.6928,0.8972,0.7824,0.7704,0.5982,0.7144,0.8816,0.7824,0.0006951853783515,0.0010502463694606,0.0004773863044573,0.0005728600650032,343.7,178,5,343.7,r-strb_sl24_st12_bu500_no0.2_re0.95_re0.5
smd,tcn,strb,24,12,B1,500.0,0.2,0.9,0.3,,,,-0.02567583653836264,0.02339566296052086,0.02567583653836264,0.7755272435194618,0.7563887169284248,0.8998278735002863,5,10,10,0.7971,0.6928,0.6936,0.8998,0.7943,0.7468,0.6185,0.7529,0.8695,0.7943,0.0010172558675591,0.0015368120719825,0.0006985561067742001,0.0008382559652082,503.0,167,5,282.7,r-strb_sl24_st12_bu500_no0.2_re0.9_re0.3
smd,tcn,strb,24,12,B1,500.0,0.2,0.9,0.7,,,,-0.04694306455318052,0.0425856138106934,0.04694306455318052,0.7809586965562765,0.7393756577478038,0.8908402454332356,5,10,10,0.7971,0.7168,0.6888,0.8908,0.8112,0.757,0.6137,0.6556,0.8594,0.8112,0.0009461106594240319,0.0032226417198858,0.0014648416648133,0.0017578000550724,1054.7,195,5,589.1,r-strb_sl24_st12_bu500_no0.2_re0.9_re0.7
smd,tcn,strb,24,12,B1,500.0,0.2,0.9,0.9,,,,-0.03723273198713706,-0.03788408178478124,0.03723273198713706,0.7353689048297373,0.706264352688361,0.8459084501422353,5,10,10,0.7971,0.6827,0.6239,0.8459,0.7272,0.774,0.6056,0.6087,0.8159,0.7272,0.0035465220668245,0.0053578830062945,0.0024354085429461,0.0029224744633484,1753.5,240,5,1753.5,r-strb_sl24_st12_bu500_no0.2_re0.9_re0.9
smd,tcn,gdumb,24,12,B1,500.0,,,0.5,,,,-0.02553852343539679,0.019584635950366403,0.02553852343539679,0.7810467870199977,0.7723566290772734,0.9089224315202714,5,10,10,0.7971,0.6887,0.7023,0.9089,0.8082,0.7651,0.6693,0.7506,0.8685,0.8082,0.0007570240824232,0.0011436687521313,0.000519853366782,0.0006238153853492,374.3,186,5,374.3,r-gdumb_sl24_st12_bu500_re0.5
smd,tcn,gdumb,24,12,B1,100.0,,,0.5,,,,-0.023751275420235918,-0.0017263391131048245,0.023751275420235918,0.769501856225149,0.7505630865480788,0.9006138232593172,5,10,10,0.7971,0.6804,0.6814,0.9006,0.788,0.7641,0.5872,0.7512,0.8624,0.788,0.0005832667384019,0.0008811660795948,0.0004005324495943,0.0004806336300005,288.4,142,5,288.4,r-gdumb_sl24_st12_bu100_re0.5
smd,tcn,gdumb,24,12,B1,250.0,,,0.5,,,,-0.018603198041168702,0.013759338048738745,0.018603198041168702,0.7799614900609873,0.7628522053927858,0.8977650552578437,5,10,10,0.7971,0.6895,0.6948,0.8978,0.8207,0.7741,0.6161,0.776,0.8273,0.8207,0.0006368332565261,0.0009620913161382,0.0004373152412053,0.0005247760749328,314.9,177,5,314.9,r-gdumb_sl24_st12_bu250_re0.5
smd,tcn,gdumb,24,12,B1,1000.0,,,0.5,,,,-0.031646689300126776,0.027757317244784897,0.031646689300126776,0.7830111592614287,0.767584149081319,0.9064921010663098,5,10,10,0.7971,0.6911,0.7034,0.9065,0.8169,0.7758,0.6201,0.736,0.8891,0.8169,0.000683443123581,0.0010325068415216,0.0004693224017993,0.0005631844397222,337.9,192,5,337.9,r-gdumb_sl24_st12_bu1000_re0.5
smd,tcn,gdumb,24,12,B1,2000.0,,,0.5,,,,-0.013643521258738777,0.04510823460898953,0.013643521258738777,0.780303553094692,0.767030770096693,0.9088405220295637,5,10,10,0.7971,0.7112,0.7004,0.9088,0.784,0.7948,0.6919,0.6797,0.8846,0.784,0.00066471146683,0.0010042081242163,0.0004564593643532,0.0005477487598631,328.7,184,5,328.7,r-gdumb_sl24_st12_bu2000_re0.5
smd,tcn,gdumb,24,12,B1,4000.0,,,0.5,,,,-0.0022004391985463003,0.04099313190785926,0.0022004391985463003,0.7801922868185793,0.7746866492290647,0.9044775278790183,5,10,10,0.7971,0.701,0.6934,0.9045,0.8049,0.7914,0.6706,0.7178,0.8888,0.8049,0.0006929577095799,0.0010468809346965,0.0004758561289972,0.0005710248056993,342.6,179,5,342.6,r-gdumb_sl24_st12_bu4000_re0.5
smd,tcn,gdumb,24,12,B1,500.0,,,0.3,,,,-0.03854629664945906,-0.00028194153514887743,0.03854629664945906,0.7691395169717742,0.7444688272088278,0.9002393195987809,5,10,10,0.7971,0.6855,0.6954,0.9002,0.7674,0.7638,0.5586,0.769,0.8634,0.7674,0.0005095731398467,0.0007698339993394,0.0003499253828097,0.0004199086165296,251.9,178,5,252.0,r-gdumb_sl24_st12_bu500_re0.3
smd,tcn,gdumb,24,12,B1,500.0,,,0.7,,,,-0.028302869014276866,0.024335561832782338,0.028302869014276866,0.772630306742266,0.7555556933762781,0.9100838775362753,5,10,10,0.7971,0.6756,0.6986,0.9101,0.7818,0.7645,0.6095,0.7517,0.8704,0.7818,0.0008920014118539,0.0013475847932457,0.0006125400758109,0.0007350447174347,441.0,185,5,441.0,r-gdumb_sl24_st12_bu500_re0.7
smd,tcn,derpp,24,12,B1,500.0,,,0.5,,0.5,0.5,-0.010515325608722047,0.04949568150381539,0.010515325608722047,0.7855307266760675,0.7740396199995809,0.8999789699377267,5,10,10,0.7971,0.6928,0.6908,0.8971,0.8499,0.7875,0.6715,0.6612,0.9,0.8499,2.636024386548538e-06,0.0011088691370396,0.0005040327189813,0.0006048364180582,362.9,152,5,362.9,r-derpp_sl24_st12_bu500_re0.5_al0.5_te0.5
smd,tcn,derpp,24,12,B1,100.0,,,0.5,,0.5,0.5,-0.003223461517534909,0.012501328660971167,0.003223461517534909,0.773296233932745,0.7664243893151912,0.885901848267035,5,10,10,0.7971,0.6948,0.683,0.8859,0.8057,0.8122,0.6705,0.6611,0.8826,0.8057,0.0009218390414587,0.0013926617801063,0.0006330296074667,0.0007596321726396,455.8,188,5,455.8,r-derpp_sl24_st12_bu100_re0.5_al0.5_te0.5
smd,tcn,derpp,24,12,B1,250.0,,,0.5,,0.5,0.5,-0.008285487238787803,0.03032423451765053,0.008285487238787803,0.7767652731225156,0.7641318738966837,0.8923628342749034,5,10,10,0.7971,0.6874,0.6931,0.8905,0.8157,0.7574,0.6833,0.6718,0.8924,0.8157,0.0009145268148507,0.0013816148857285,0.0006280083519083,0.0007536065338202,452.2,186,5,452.2,r-derpp_sl24_st12_bu250_re0.5_al0.5_te0.5
smd,tcn,derpp,24,12,B1,1000.0,,,0.5,,0.5,0.5,-0.003272913226340901,0.038700833344450694,0.003272913226340901,0.7747955653535324,0.7669333581891575,0.874229011536172,5,10,10,0.7971,0.6905,0.6801,0.8707,0.8356,0.7948,0.671,0.659,0.8742,0.8356,3.3822804144489987e-06,0.001422788948211,0.0006467238336258,0.0007760651145852,465.6,188,5,465.7,r-derpp_sl24_st12_bu1000_re0.5_al0.5_te0.5
smd,tcn,derpp,24,12,B1,2000.0,,,0.5,,0.5,0.5,-0.016227509889484293,0.043381304836199466,0.016227509889484293,0.7726811738884487,0.7537089234566263,0.9047378018106441,5,10,10,0.7971,0.6818,0.6961,0.9047,0.7836,0.7777,0.6505,0.6571,0.8997,0.7836,0.0009201389348517,0.001390093356133,0.0006318621762698,0.0007582311798632,454.9,183,5,455.0,r-derpp_sl24_st12_bu2000_re0.5_al0.5_te0.5
smd,tcn,derpp,24,12,B1,4000.0,,,0.5,,0.5,0.5,-0.0038433492166134566,0.04757460267256429,0.0038433492166134566,0.7778986455899665,0.7712479165667735,0.9016064494470067,5,10,10,0.7971,0.6898,0.6946,0.9016,0.8063,0.7948,0.6611,0.6954,0.8988,0.8063,3.412430258350922e-06,0.0014354717714656,0.0006524890538195,0.0007829827176461,469.8,185,5,469.8,r-derpp_sl24_st12_bu4000_re0.5_al0.5_te0.5
smd,tcn,derpp,24,12,B1,500.0,,,0.3,,0.5,0.5,-0.015278638091295826,0.04354493336048697,0.015278638091295826,0.7767511789718016,0.7557841581285331,0.8891807945820484,5,10,10,0.7971,0.685,0.6969,0.8892,0.8155,0.7816,0.6545,0.6386,0.8887,0.8155,0.0006597544945829,0.0009967194136247,0.0004530555006388,0.0005436639129859,326.2,172,5,326.2,r-derpp_sl24_st12_bu500_re0.3_al0.5_te0.5
smd,tcn,derpp,24,12,B1,500.0,,,0.7,,0.5,0.5,-0.010039938181640107,0.04232752310932277,0.010039938181640107,0.7828213521042005,0.7724186298784664,0.8950086636359353,5,10,10,0.7971,0.6929,0.7027,0.895,0.8264,0.7711,0.681,0.6897,0.8939,0.8264,0.001445928111074,0.0021844256171748,0.0009929230919644,0.0011915025252103,714.9,182,5,714.9,r-derpp_sl24_st12_bu500_re0.7_al0.5_te0.5
smd,tcn,derpp,24,12,B1,500.0,,,0.5,,0.1,0.5,-0.0026029230070655275,0.04062501758989397,0.0026029230070655275,0.7760379481237553,0.7702878000431155,0.8896658713219509,5,10,10,0.7971,0.6866,0.6776,0.8897,0.8292,0.7783,0.6853,0.6719,0.8867,0.8292,3.3499273805263697e-06,0.001409179331779,0.0006405376490748,0.0007686416827041,461.2,189,5,461.2,r-derpp_sl24_st12_bu500_re0.5_al0.1_te0.5
smd,tcn,derpp,24,12,B1,500.0,,,0.5,,1.0,0.5,-0.005368628365618344,0.04961436995943171,0.005368628365618344,0.7838921498748509,0.7774211684129038,0.902325370548015,5,10,10,0.7971,0.6916,0.7051,0.8968,0.8289,0.79,0.6754,0.6904,0.9023,0.8289,0.0008567181664258,0.0012942808809835,0.0005883109454272,0.0007059699355562,423.6,176,5,423.6,r-derpp_sl24_st12_bu500_re0.5_al1.0_te0.5
smd,tcn,derpp,24,12,B1,500.0,,,0.5,,0.5,0.1,-0.007288080121112761,0.05479885482558464,0.007288080121112761,0.7830233422333739,0.7774111921356,0.8959865983145106,5,10,10,0.7971,0.6997,0.6716,0.896,0.8508,0.7948,0.671,0.675,0.8955,0.8508,0.0009694914869665,0.0014646523734775,0.0006657528434045,0.000798899530073,479.3,173,5,479.4,r-derpp_sl24_st12_bu500_re0.5_al0.5_te0.1
smd,tcn,derpp,24,12,B1,500.0,,,0.5,,0.5,1.0,-0.011736143188180125,0.05964234555016532,0.011736143188180125,0.7839680760724912,0.7726881932099063,0.8964372884846638,5,10,10,0.7971,0.6992,0.703,0.8946,0.826,0.7822,0.6772,0.6816,0.8964,0.826,3.1279663938014663e-06,0.0013158092973202,0.000598096618227,0.0007177126790932,430.6,180,5,430.6,r-derpp_sl24_st12_bu500_re0.5_al0.5_te1.0
smd,tcn,strb,6,6,B2,500.0,0.2,0.9,0.5,,,,-0.023672330513252394,-0.005639078851609336,0.023672330513252394,0.7585879798770694,0.7352177304039809,0.9054745328504441,5,10,10,0.7828,0.6683,0.6832,0.9055,0.7532,0.7477,0.6677,0.6206,0.887,0.7532,0.0008941707822511222,0.0026197739003465,0.0011908123020819,0.0014289615982646,857.4,162,5,440.6,r-strb_sl6_st6_bu500_no0.2_re0.9_re0.5
smd,tcn,gdumb,6,6,B2,500.0,,,0.5,,,,-0.02482707691019258,0.02725011694692685,0.02482707691019258,0.7613215348273487,0.7369103632039601,0.8883677823708457,5,10,10,0.7828,0.6714,0.7012,0.8884,0.7629,0.7531,0.5831,0.765,0.8205,0.7629,0.0003242673751001,0.0004898846322702,0.0002226753792835,0.0002672092529867,160.3,68,5,160.3,r-gdumb_sl6_st6_bu500_re0.5
smd,tcn,derpp,6,6,B2,500.0,,,0.5,,0.5,0.5,0.0007487640033144061,0.010844162547114377,-0.0007487640033144061,0.7584617216647455,0.7584273669713344,0.9061970132345886,5,10,10,0.7828,0.678,0.6549,0.8921,0.7846,0.7843,0.6681,0.6488,0.9062,0.7846,0.0006921382799431,0.0010456429871967,0.0004752933564266,0.0005703496307701,342.2,102,5,342.2,r-derpp_sl6_st6_bu500_re0.5_al0.5_te0.5
smd,tcn,strb,8,8,B2,500.0,0.2,0.9,0.5,,,,-0.047839865049473906,0.01434729646601406,0.047839865049473906,0.7628264789917335,0.724292274619845,0.8939300169314235,5,10,10,0.793,0.6792,0.6845,0.8939,0.7635,0.7165,0.6443,0.6097,0.8874,0.7635,0.0012206225686832001,0.0018440468703196,0.0008382051956632,0.0010058416746563,603.5,113,5,305.5,r-strb_sl8_st8_bu500_no0.2_re0.9_re0.5
smd,tcn,gdumb,8,8,B2,500.0,,,0.5,,,,-0.030412840238063666,0.00524176911746026,0.030412840238063666,0.7738627847209603,0.7548724439005583,0.911347793582804,5,10,10,0.793,0.6776,0.6996,0.9113,0.7877,0.7776,0.6125,0.7584,0.8381,0.7877,0.000388969881734,0.0005876334843079,0.0002671068190978,0.0003205266652101,192.3,107,5,192.3,r-gdumb_sl8_st8_bu500_re0.5
smd,tcn,derpp,8,8,B2,500.0,,,0.5,,0.5,0.5,-0.0066988688826037255,0.024518693457010677,0.0066988688826037255,0.7676407687974315,0.7643912158024431,0.910060725968157,5,10,10,0.793,0.678,0.6889,0.8966,0.7817,0.7612,0.6616,0.7073,0.9101,0.7817,0.0005932171925675,0.0008961986575048,0.0004073639832721,0.0004888346742326,293.3,105,5,293.3,r-derpp_sl8_st8_bu500_re0.5_al0.5_te0.5
smd,tcn,strb,10,10,B2,500.0,0.2,0.9,0.5,,,,-0.03963190089891584,0.021706997413862006,0.03963190089891584,0.7644421101359431,0.7266058117358505,0.9003253923268305,5,10,10,0.7877,0.6781,0.6726,0.9003,0.7835,0.7406,0.5725,0.7196,0.8168,0.7835,0.000749730785971,0.0011326504563517,0.0005148425512745,0.0006178079050770001,370.7,115,5,186.0,r-strb_sl10_st10_bu500_no0.2_re0.9_re0.5
smd,tcn,gdumb,10,10,B2,500.0,,,0.5,,,,-0.026563085906668817,0.029881679594533618,0.026563085906668817,0.767846831122809,0.7552713278859924,0.9043836583974763,5,10,10,0.7877,0.674,0.6887,0.9044,0.7845,0.7731,0.6033,0.7741,0.8414,0.7845,0.0003217604359651,0.0004860972917896,0.0002209538476884,0.0002651434441011,159.1,107,5,159.1,r-gdumb_sl10_st10_bu500_re0.5
smd,tcn,derpp,10,10,B2,500.0,,,0.5,,0.5,0.5,-0.005330311748585848,0.03806872469102248,0.005330311748585848,0.7746391185021376,0.7690595130956391,0.8989382159871282,5,10,10,0.7877,0.6975,0.6915,0.8958,0.8007,0.7888,0.6672,0.6896,0.8989,0.8007,0.0005367421553401,0.0008108793963979,0.0003685824339711,0.0004422969624268,265.4,120,5,265.4,r-derpp_sl10_st10_bu500_re0.5_al0.5_te0.5
smd,tcn,strb,12,12,B2,500.0,0.2,0.9,0.5,,,,-0.02606610046537322,-0.01472658073887514,0.02606610046537322,0.7620903279323512,0.7386283355709459,0.8978447253211682,5,10,10,0.7955,0.6861,0.6993,0.8978,0.7317,0.7515,0.61,0.7491,0.8509,0.7317,0.0009264706918345,0.0013996590129932,0.0006362101579886,0.0007634488550044,458.1,135,5,232.5,r-strb_sl12_st12_bu500_no0.2_re0.9_re0.5
smd,tcn,gdumb,12,12,B2,500.0,,,0.5,,,,-0.030544650589631694,0.009095033307454226,0.030544650589631694,0.7730183421589062,0.75438394199226,0.9075170393783345,5,10,10,0.7955,0.6781,0.6859,0.9075,0.798,0.7744,0.6276,0.6925,0.8794,0.798,0.0003051987373209,0.0004610768232717,0.0002095809391751,0.0002514958840965,150.9,115,5,150.9,r-gdumb_sl12_st12_bu500_re0.5
smd,tcn,derpp,12,12,B2,500.0,,,0.5,,0.5,0.5,-0.006251034051634896,-0.010135917935463933,0.006251034051634896,0.7647292321739714,0.7607114237699009,0.8980724951002654,5,10,10,0.7955,0.6705,0.6897,0.8897,0.7782,0.7719,0.6531,0.7023,0.8981,0.7782,1.8221129163116473e-06,0.0007664894101168,0.0003484051140038,0.000418084296113,250.9,126,5,250.9,r-derpp_sl12_st12_bu500_re0.5_al0.5_te0.5
smd,tcn,strb,16,16,B2,500.0,0.2,0.9,0.5,,,,-0.015012303583747033,0.026142860498036158,0.015012303583747033,0.7675669640714651,0.7545435207300976,0.903310434753544,5,10,10,0.8047,0.6793,0.6764,0.9033,0.7742,0.7543,0.6166,0.7448,0.8829,0.7742,0.000320831567907633,0.0009691212673032001,0.0004405107902219,0.0005286104770811,317.2,130,5,159.1,r-strb_sl16_st16_bu500_no0.2_re0.9_re0.5
smd,tcn,gdumb,16,16,B2,500.0,,,0.5,,,,-0.04035417426833506,0.026449121041703272,0.04035417426833506,0.7831708210695172,0.7623014473183328,0.9034108189906274,5,10,10,0.8047,0.6758,0.7101,0.9034,0.8219,0.7714,0.6619,0.6817,0.8746,0.8219,0.0002826272787744,0.0004269771526945,0.0001940810414393,0.0002328961112552,139.7,134,5,139.7,r-gdumb_sl16_st16_bu500_re0.5
smd,tcn,derpp,16,16,B2,500.0,,,0.5,,0.5,0.5,-0.009128816657977856,0.0192355340032228,0.009128816657977856,0.768607658669403,0.7585206013824898,0.8984689156880685,5,10,10,0.8047,0.6729,0.69,0.8954,0.7801,0.7748,0.6614,0.6779,0.8985,0.7801,0.0004448796694032,0.0006720987986621,0.0003055001824104,0.0003665986162517,220.0,141,5,220.0,r-derpp_sl16_st16_bu500_re0.5_al0.5_te0.5
smd,tcn,strb,48,48,B2,500.0,0.2,0.9,0.5,,,,-0.011445482441907073,0.042402195181117264,0.011445482441907073,0.7743553018653444,0.7661045537473072,0.8997174553487091,5,10,10,0.8072,0.6665,0.692,0.8997,0.8064,0.7663,0.6404,0.7208,0.8967,0.8064,0.00047972292609859996,0.0007247380010736,0.0003294272911423,0.00039531070993109997,237.2,165,5,114.5,r-strb_sl48_st48_bu500_no0.2_re0.9_re0.5
smd,tcn,gdumb,48,48,B2,500.0,,,0.5,,,,-0.01396639281719494,0.02794697034680771,0.01396639281719494,0.7682494355941878,0.75848019772975,0.8979738604557369,5,10,10,0.8072,0.6756,0.6826,0.8913,0.7845,0.7664,0.6564,0.687,0.898,0.7845,0.0002106018471658,0.0003181652437974,0.0001446209348382,0.0001735443089591,104.1,151,5,104.1,r-gdumb_sl48_st48_bu500_re0.5
smd,tcn,derpp,48,48,B2,500.0,,,0.5,,0.5,0.5,-0.007875042540069821,0.032573378928604034,0.007875042540069821,0.7678800447631131,0.7579766619637043,0.8732680788444673,5,10,10,0.8072,0.6689,0.6707,0.8733,0.8193,0.7886,0.6613,0.6522,0.8685,0.8193,1.1041462162572283e-06,0.000464469778138,0.0002111231891787,0.0002533465889592,152.0,147,5,152.0,r-derpp_sl48_st48_bu500_re0.5_al0.5_te0.5
smd,tcn,strb,8,4,B3,500.0,0.2,0.9,0.5,,,,-0.04583231100170918,0.03131375643757951,0.04583231100170918,0.7675415134651109,0.7407202029889954,0.9001131219155573,5,10,10,0.7907,0.6838,0.6761,0.9001,0.787,0.7602,0.6073,0.674,0.8752,0.787,0.0013415534333444665,0.0040391545295792,0.0018360008001248999,0.0022031537294542,1321.9,165,5,660.9,r-strb_sl8_st4_bu500_no0.2_re0.9_re0.5
smd,tcn,strb,12,6,B3,500.0,0.2,0.9,0.5,,,,-0.041082492675019545,-0.016911559423197185,0.041082492675019545,0.769594201320413,0.732606339192217,0.8969937266877435,5,10,10,0.7961,0.6878,0.6991,0.897,0.7679,0.7396,0.5895,0.7211,0.8449,0.7679,0.0019106050372436,0.0028864329807917997,0.001312018178294,0.0015744148024978,944.7,182,5,473.1,r-strb_sl12_st6_bu500_no0.2_re0.9_re0.5
smd,tcn,strb,48,24,B3,500.0,0.2,0.9,0.5,,,,-0.02115015667305714,-0.000913182151170755,0.02115015667305714,0.7651469077903924,0.7506553103276026,0.8934501602873799,5,10,10,0.8119,0.6901,0.6936,0.8935,0.7367,0.7928,0.6587,0.6754,0.8897,0.7367,0.0005538578292818046,0.0016493479159235,0.0007497055256415,0.000899642390282,539.8,226,5,272.8,r-strb_sl48_st24_bu500_no0.2_re0.9_re0.5
smd,tcn,strb,6,6,B4,100.0,0.05,0.9,0.5,,,,-0.06462192416779781,0.004413305668837519,0.06462192416779781,0.7672757553901572,0.7010548651219362,0.906992231734734,5,10,10,0.7828,0.678,0.6911,0.907,0.7776,0.7523,0.5624,0.602,0.8111,0.7776,0.0013525605904877,0.0020433712990391,0.0009288073255776001,0.0011145639734613001,668.7,166,5,335.0,r-strb_sl6_st6_bu100_no0.05_re0.9_re0.5
smd,tcn,strb,8,8,B4,100.0,0.05,0.9,0.5,,,,-0.03511976988887194,0.00844579519142864,0.03511976988887194,0.7663556216447379,0.7521100293230651,0.9019794385189743,5,10,10,0.793,0.6719,0.6885,0.902,0.7764,0.7287,0.6352,0.7238,0.8964,0.7764,0.0008872585603129,0.001340419563989,0.0006092830752351,0.0007311364887536999,438.7,118,5,217.5,r-strb_sl8_st8_bu100_no0.05_re0.9_re0.5
smd,tcn,strb,10,10,B4,100.0,0.05,0.9,0.5,,,,-0.04214981669768343,-0.005811788354400582,0.04214981669768343,0.761448270554175,0.7295042736693155,0.8983845591635818,5,10,10,0.7877,0.6779,0.668,0.8984,0.7752,0.7215,0.621,0.6923,0.8375,0.7752,0.0010081217318386,0.0015230127413617999,0.0006922802230918,0.0008307325182698,498.4,170,5,246.1,r-strb_sl10_st10_bu100_no0.05_re0.9_re0.5
smd,tcn,strb,12,12,B4,100.0,0.05,0.9,0.5,,,,-0.02631154081565341,-0.002011425167829084,0.02631154081565341,0.7652810970609263,0.7306767560094422,0.8961379111217467,5,10,10,0.7955,0.6836,0.6825,0.8961,0.7686,0.7438,0.5652,0.7599,0.8158,0.7686,0.0007078154038348,0.0010693270906942,0.00048605898159750005,0.0005832681090965,350.0,131,5,173.7,r-strb_sl12_st12_bu100_no0.05_re0.9_re0.5
smd,tcn,strb,16,16,B4,100.0,0.05,0.9,0.5,,,,-0.03620978766195471,-0.0030854299172236588,0.03620978766195471,0.7630053276260479,0.7228311644654475,0.8900481410907961,5,10,10,0.8047,0.6763,0.7037,0.89,0.7404,0.7789,0.5853,0.7118,0.7977,0.7404,0.0006702629709593,0.0010125950196236,0.0004602716004598,0.0005523234191637,331.4,155,5,160.5,r-strb_sl16_st16_bu100_no0.05_re0.9_re0.5
smd,tcn,strb,24,24,B4,100.0,0.05,0.9,0.5,,,,-0.060467092223035625,0.0022403498236149176,0.060467092223035625,0.7637670906614589,0.7093260737726501,0.9063962140868128,5,10,10,0.8011,0.6836,0.6866,0.9064,0.7412,0.7523,0.6229,0.5482,0.882,0.7412,0.00023544134919181316,0.0007093665452799,0.00032244010555559997,0.0003869264397241,232.2,123,5,116.2,r-strb_sl24_st24_bu100_no0.05_re0.9_re0.5
smd,tcn,strb,48,48,B4,100.0,0.05,0.9,0.5,,,,-0.01446224012929347,-0.015339140488358915,0.01446224012929347,0.7703951178037025,0.7525466015920805,0.8930493558769161,5,10,10,0.8072,0.6742,0.6938,0.893,0.7838,0.8048,0.6731,0.6217,0.8793,0.7838,1.8943755400786013e-06,0.0007968873812682,0.00036222250793089997,0.0004346648733371,260.8,191,5,126.7,r-strb_sl48_st48_bu100_no0.05_re0.9_re0.5
smd,tcn,strb,6,6,B4,100.0,0.2,0.9,0.5,,,,-0.06507335007125432,0.006651369217433978,0.06507335007125432,0.7672148120219079,0.699403347022636,0.9072337680420696,5,10,10,0.7828,0.678,0.6909,0.9072,0.7772,0.752,0.5589,0.6023,0.8067,0.7772,0.0006883596689128741,0.0020904755324565,0.0009502184522538,0.0011402570802027,684.2,169,5,339.1,r-strb_sl6_st6_bu100_no0.2_re0.9_re0.5
smd,tcn,strb,8,8,B4,100.0,0.2,0.9,0.5,,,,-0.03845505585576986,0.0071291176262861635,0.03845505585576986,0.7665355891548795,0.7478110646611394,0.9016282027253214,5,10,10,0.793,0.6719,0.6902,0.9016,0.7759,0.7255,0.6286,0.7122,0.8968,0.7759,0.00043348802905031206,0.0013026915861999,0.0005921340825850001,0.0007105575036147999,426.3,118,5,213.6,r-strb_sl8_st8_bu100_no0.2_re0.9_re0.5
smd,tcn,strb,10,10,B4,100.0,0.2,0.9,0.5,,,,-0.04328132883542117,-0.006171564585232936,0.04328132883542117,0.7620350113661871,0.728923292454227,0.9012151170593081,5,10,10,0.7877,0.6779,0.6686,0.9012,0.7747,0.7203,0.6141,0.6907,0.8448,0.7747,0.0009804809726521998,0.0014812546608717,0.0006732992695579,0.0008079553913138,484.8,172,5,242.9,r-strb_sl10_st10_bu100_no0.2_re0.9_re0.5
smd,tcn,strb,12,12,B4,100.0,0.2,0.9,0.5,,,,-0.02654636218422506,-0.002220724733645574,0.02654636218422506,0.7651129029272237,0.7296597088529425,0.8960369773167696,5,10,10,0.7955,0.6836,0.6809,0.896,0.7695,0.7432,0.5653,0.7577,0.8126,0.7695,0.0003521700239762857,0.0010469745351241,0.0004758986844951,0.0005710758506288,342.6,129,5,169.1,r-strb_sl12_st12_bu100_no0.2_re0.9_re0.5
smd,tcn,strb,16,16,B4,100.0,0.2,0.9,0.5,,,,-0.0363136880347125,-0.002980044307604701,0.0363136880347125,0.7631732027147509,0.7231323383026373,0.8896480002092586,5,10,10,0.8047,0.6763,0.7041,0.8896,0.7412,0.7805,0.5843,0.711,0.7987,0.7412,0.0007203443789812001,0.0010882551508496,0.0004946626551532,0.0005935924956962,356.2,179,5,180.7,r-strb_sl16_st16_bu100_no0.2_re0.9_re0.5
smd,tcn,strb,24,24,B4,100.0,0.2,0.9,0.5,,,,-0.06067589009187426,0.001552433083228577,0.06067589009187426,0.7629534128235612,0.7079081102258465,0.9064181972580354,5,10,10,0.8011,0.6836,0.6853,0.9064,0.7384,0.7516,0.6251,0.5421,0.8824,0.7384,0.0004742493283419,0.0007164688021650001,0.00032566844855119997,0.0003908003536137,234.5,129,5,120.1,r-strb_sl24_st24_bu100_no0.2_re0.9_re0.5
smd,tcn,strb,48,48,B4,100.0,0.2,0.9,0.5,,,,-0.01482379001869295,-0.01573669122803516,0.01482379001869295,0.7699644014485552,0.7521847870391511,0.893050162689407,5,10,10,0.8072,0.6742,0.6939,0.8931,0.7815,0.8033,0.6726,0.6242,0.8793,0.7815,0.00025647731629596454,0.0007770330964269,0.00035319778211790004,0.0004238353143088,254.3,191,5,128.0,r-strb_sl48_st48_bu100_no0.2_re0.9_re0.5
smd,tcn,strb,6,6,B4,100.0,0.35,0.9,0.5,,,,-0.0643916651096122,0.004264748467162671,0.0643916651096122,0.7673911890101378,0.7010646153163144,0.9075748560923137,5,10,10,0.7828,0.678,0.6911,0.9076,0.7776,0.7524,0.559,0.6073,0.8091,0.7776,0.0013465079091888,0.0020342272537848998,0.0009246509699014,0.0011095762838834,665.7,164,5,330.4,r-strb_sl6_st6_bu100_no0.35_re0.9_re0.5
smd,tcn,strb,8,8,B4,100.0,0.35,0.9,0.5,,,,-0.034424823052748924,0.007639058800903753,0.034424823052748924,0.7662723102671495,0.7516654450579816,0.9022707723347437,5,10,10,0.793,0.6719,0.6888,0.9023,0.7754,0.7292,0.635,0.7229,0.8958,0.7754,0.0008579624868797001,0.0012961607292653,0.0005891654321172,0.000706995297148,424.2,122,5,215.2,r-strb_sl8_st8_bu100_no0.35_re0.9_re0.5
smd,tcn,strb,10,10,B4,100.0,0.35,0.9,0.5,,,,-0.06126418914988779,-0.003274252967764302,0.06126418914988779,0.7630565088233059,0.714743857670096,0.8959317022695354,5,10,10,0.7877,0.6779,0.667,0.8959,0.7867,0.7059,0.67,0.5882,0.8229,0.7867,0.0004776953999408209,0.0014301609892017,0.0006500747116319999,0.0007800862775695,468.1,168,5,235.4,r-strb_sl10_st10_bu100_no0.35_re0.9_re0.5
smd,tcn,strb,12,12,B4,100.0,0.35,0.9,0.5,,,,-0.02744949521932629,-0.003403858812764371,0.02744949521932629,0.7652076667883122,0.7296766577658305,0.8978232235727406,5,10,10,0.7955,0.6836,0.6791,0.8978,0.77,0.7427,0.5593,0.7656,0.8109,0.77,0.00031792792864865577,0.0009756415159850999,0.00044347448431700004,0.0005321670316679,319.3,124,5,162.7,r-strb_sl12_st12_bu100_no0.35_re0.9_re0.5
smd,tcn,strb,16,16,B4,100.0,0.35,0.9,0.5,,,,-0.03713698670872508,-0.0029089371371215146,0.03713698670872508,0.7627878154940289,0.7211153475605265,0.8893008828104141,5,10,10,0.8047,0.6763,0.7035,0.8893,0.7402,0.7807,0.5847,0.7109,0.7891,0.7402,0.0006836445313474001,0.0010328111168732002,0.0004694607531231,0.00056335036375,338.0,166,5,168.1,r-strb_sl16_st16_bu100_no0.35_re0.9_re0.5
smd,tcn,strb,24,24,B4,100.0,0.35,0.9,0.5,,,,-0.057183782628754565,0.0010272706454068192,0.057183782628754565,0.7626913642066758,0.7122280162183147,0.9064896479737533,5,10,10,0.8011,0.6836,0.6855,0.9065,0.7368,0.7536,0.6298,0.5585,0.8825,0.7368,0.0005045289616001,0.0007622135429037999,0.0003464615448487,0.000415751998055,249.5,129,5,119.6,r-strb_sl24_st24_bu100_no0.35_re0.9_re0.5
smd,tcn,strb,48,48,B4,100.0,0.35,0.9,0.5,,,,-0.014556462203597487,-0.015756212692885508,0.014556462203597487,0.7699355620838513,0.7522794524557826,0.8927875777127612,5,10,10,0.8072,0.6742,0.6933,0.8928,0.7822,0.8035,0.673,0.6235,0.8792,0.7822,0.0002432457921717807,0.0007478717215901,0.000339942565685,0.0004079291559049,244.8,191,5,125.0,r-strb_sl48_st48_bu100_no0.35_re0.9_re0.5
smd,tcn,strb,6,6,B4,500.0,0.05,0.9,0.5,,,,-0.02372495899063437,-0.005839978679731783,0.02372495899063437,0.7579203802733656,0.7344706805202529,0.9056606379207962,5,10,10,0.7828,0.6683,0.6825,0.9057,0.7505,0.7535,0.6633,0.6217,0.8833,0.7505,0.002221521930738,0.0033561484678619998,0.0015255262450838002,0.0018306222227782,1098.4,162,5,567.6,r-strb_sl6_st6_bu500_no0.05_re0.9_re0.5
smd,tcn,strb,8,8,B4,500.0,0.05,0.9,0.5,,,,-0.04832648270645958,0.013967515171341528,0.04832648270645958,0.7631604977626854,0.7238298352412372,0.8936306774332204,5,10,10,0.793,0.6792,0.6844,0.8936,0.7656,0.714,0.6504,0.5972,0.892,0.7656,0.0007611721125495517,0.0022860884016222003,0.0010391335279492,0.0012469548736729,748.2,114,5,375.0,r-strb_sl8_st8_bu500_no0.05_re0.9_re0.5
smd,tcn,strb,10,10,B4,500.0,0.05,0.9,0.5,,,,-0.040986251897665846,0.021257775562611513,0.040986251897665846,0.7646693618109283,0.7262357121273115,0.8999112501939952,5,10,10,0.7877,0.6781,0.6737,0.8999,0.784,0.7386,0.5752,0.6998,0.8336,0.784,0.0008080069750598,0.0012206907948318002,0.0005548608976828999,0.0006658298971487,399.5,114,5,199.0,r-strb_sl10_st10_bu500_no0.05_re0.9_re0.5
smd,tcn,strb,12,12,B4,500.0,0.05,0.9,0.5,,,,-0.030561338671563097,-0.015428790531630387,0.030561338671563097,0.7616838392904851,0.7322713877640906,0.8979008543507425,5,10,10,0.7955,0.6861,0.6994,0.8979,0.7295,0.7482,0.6126,0.73,0.8411,0.7295,0.0013208321913594,0.0019954378455589,0.0009070192806189001,0.0010884185649398998,653.1,166,5,327.5,r-strb_sl12_st12_bu500_no0.05_re0.9_re0.5
smd,tcn,strb,16,16,B4,500.0,0.05,0.9,0.5,,,,-0.013380359453596757,0.027710718358282583,0.013380359453596757,0.7685903953595276,0.7583342995190308,0.9039536562965039,5,10,10,0.8047,0.6793,0.6759,0.904,0.7792,0.7614,0.6134,0.7585,0.8793,0.7792,0.0006904460284736,0.0010430864303164,0.0004741313741341,0.0005689550561821,341.4,127,5,167.7,r-strb_sl16_st16_bu500_no0.05_re0.9_re0.5
smd,tcn,strb,24,24,B4,500.0,0.05,0.9,0.5,,,,-0.008228592651035305,0.01922873858723668,0.008228592651035305,0.7675668858700133,0.7736295369887681,0.9044781688745374,5,10,10,0.8011,0.6957,0.6956,0.9045,0.7409,0.7939,0.6671,0.7678,0.8985,0.7409,0.0005729848914017999,0.0008656328523154999,0.0003934704856455,0.00047216236667,283.3,129,5,142.6,r-strb_sl24_st24_bu500_no0.05_re0.9_re0.5
smd,tcn,strb,48,48,B4,500.0,0.05,0.9,0.5,,,,-0.007027727799790229,0.04188391356209353,0.007027727799790229,0.7734501317473427,0.7720332418369271,0.9009891921835421,5,10,10,0.8072,0.6665,0.6923,0.901,0.8002,0.7688,0.6507,0.7461,0.8944,0.8002,0.0005079784587596,0.0007674248462209,0.00034883039462079996,0.0004185944516001,251.2,180,5,126.9,r-strb_sl48_st48_bu500_no0.05_re0.9_re0.5
smd,tcn,strb,6,6,B4,500.0,0.35,0.9,0.5,,,,-0.02191095619149789,-0.00573749168336799,0.02191095619149789,0.7597318900266367,0.7418684766081155,0.9047327739175213,5,10,10,0.7828,0.6683,0.6834,0.9047,0.7595,0.756,0.6624,0.6437,0.8878,0.7595,5.263052531377193e-06,0.0022139539180452998,0.001006345450122,0.0012076084679232,724.6,158,5,356.3,r-strb_sl6_st6_bu500_no0.35_re0.9_re0.5
smd,tcn,strb,8,8,B4,500.0,0.35,0.9,0.5,,,,-0.04737182322612223,0.013714613028006861,0.04737182322612223,0.7630085515310658,0.7249044883451696,0.893566702293937,5,10,10,0.793,0.6792,0.685,0.8936,0.7643,0.7131,0.6456,0.6092,0.8922,0.7643,3.4478015074512016e-06,0.001450351029285,0.0006592521730932001,0.0007910988561917001,474.7,113,5,239.3,r-strb_sl8_st8_bu500_no0.35_re0.9_re0.5
smd,tcn,strb,10,10,B4,500.0,0.35,0.9,0.5,,,,-0.04116693761357158,0.021798903860663132,0.04116693761357158,0.7661364504181519,0.7258878168834552,0.9000536895905324,5,10,10,0.7877,0.6781,0.6732,0.9001,0.7916,0.7433,0.5623,0.7236,0.8086,0.7916,0.0007479256421213,0.0011299233481105002,0.0005136028958891,0.0006163204522213,369.8,114,5,182.2,r-strb_sl10_st10_bu500_no0.35_re0.9_re0.5
smd,tcn,strb,12,12,B4,500.0,0.35,0.9,0.5,,,,-0.05043981748596769,-0.012369853975017952,0.05043981748596769,0.7639280383527401,0.7156271759335284,0.8953351007464017,5,10,10,0.7955,0.6861,0.7007,0.8953,0.742,0.7179,0.6806,0.6038,0.8338,0.742,0.0008155798608934001,0.0012321314782822,0.0005600612235552,0.0006720702547268,403.2,165,5,215.2,r-strb_sl12_st12_bu500_no0.35_re0.9_re0.5
smd,tcn,strb,16,16,B4,500.0,0.35,0.9,0.5,,,,-0.01445175731849172,0.026684669329786005,0.01445175731849172,0.767752423672315,0.7550200377687242,0.9033720159092525,5,10,10,0.8047,0.6793,0.6765,0.9034,0.775,0.7539,0.6163,0.7465,0.8835,0.775,0.00028457729297923587,0.0008641538859354,0.0003927982272566,0.00047135565867870003,282.8,130,5,142.7,r-strb_sl16_st16_bu500_no0.35_re0.9_re0.5
smd,tcn,strb,24,24,B4,500.0,0.35,0.9,0.5,,,,-0.023079163350237054,0.01818772027861585,0.023079163350237054,0.7668050554382265,0.7527448376389435,0.9025789126743784,5,10,10,0.8011,0.6957,0.695,0.9026,0.7397,0.7838,0.6979,0.6501,0.8922,0.7397,0.00025439939433564393,0.0007814248432707999,0.0003551940065375,0.00042623083673330004,255.7,131,5,125.3,r-strb_sl24_st24_bu500_no0.35_re0.9_re0.5
smd,tcn,strb,48,48,B4,500.0,0.35,0.9,0.5,,,,-0.02605065117432396,0.04274281057445685,0.02605065117432396,0.7730872329657137,0.7550120064996162,0.9033964499134948,5,10,10,0.8072,0.6665,0.6911,0.9034,0.7972,0.7503,0.67,0.6628,0.8948,0.7972,0.0002383164115368734,0.0007240354948729,0.00032910785931609997,0.0003949276355567,237.0,174,5,119.6,r-strb_sl48_st48_bu500_no0.35_re0.9_re0.5
smd,tcn,strb,6,6,B4,1000.0,0.05,0.9,0.5,,,,-0.03275310417806991,0.04424777085869935,0.03275310417806991,0.7645266874601208,0.7295454597151407,0.8939219950212554,5,10,10,0.7828,0.6601,0.7204,0.8939,0.7655,0.7296,0.6502,0.6763,0.826,0.7655,0.0046689586519096,0.0070535960997296,0.0032061883063766,0.0038474077933530002,2308.5,44,5,1141.0,r-strb_sl6_st6_bu1000_no0.05_re0.9_re0.5
smd,tcn,strb,8,8,B4,1000.0,0.05,0.9,0.5,,,,-0.0364358951722762,0.024152906729584044,0.0364358951722762,0.7671794964464859,0.7401052034074118,0.8977987521488698,5,10,10,0.793,0.6739,0.6857,0.8978,0.7856,0.7063,0.6524,0.6628,0.8935,0.7856,0.0048496210561548,0.0073265305429231,0.0033302488625049,0.0039962816804181,2397.8,111,5,1170.9,r-strb_sl8_st8_bu1000_no0.05_re0.9_re0.5
smd,tcn,strb,10,10,B4,1000.0,0.05,0.9,0.5,,,,-0.03744934052576614,0.032279223276848255,0.03744934052576614,0.7689523486519094,0.724718533567336,0.9053022108270704,5,10,10,0.7877,0.6821,0.6808,0.9053,0.7889,0.7548,0.5765,0.7303,0.773,0.7889,0.0014606906962817,0.0022067280878552004,0.0010030609475758,0.0012036671402793,722.2,120,5,361.2,r-strb_sl10_st10_bu1000_no0.05_re0.9_re0.5
smd,tcn,strb,12,12,B4,1000.0,0.05,0.9,0.5,,,,-0.01971018102776727,-0.0007940243352743459,0.01971018102776727,0.7722235233081839,0.7557495365563767,0.904342269710608,5,10,10,0.7955,0.683,0.6942,0.9043,0.784,0.726,0.6459,0.7251,0.8977,0.784,0.0012007450362386022,0.0036063506965813997,0.0016392541685825998,0.0019670965279987,1180.3,124,5,588.7,r-strb_sl12_st12_bu1000_no0.05_re0.9_re0.5
smd,tcn,strb,16,16,B4,1000.0,0.05,0.9,0.5,,,,-0.012146927671956775,0.027143679677491817,0.012146927671956775,0.7671189139419178,0.7530642719555969,0.9032656036938325,5,10,10,0.8047,0.675,0.6768,0.9033,0.7759,0.7611,0.608,0.7429,0.8774,0.7759,0.0009090028725411,0.0013732696291445,0.0006242149570574,0.000749054672087,449.4,132,5,227.9,r-strb_sl16_st16_bu1000_no0.05_re0.9_re0.5
smd,tcn,strb,24,24,B4,1000.0,0.05,0.9,0.5,,,,-0.012711133035550215,0.03048949435456295,0.012711133035550215,0.7728291587611403,0.7668122500949194,0.9040316275952132,5,10,10,0.8011,0.6961,0.6937,0.904,0.7692,0.7688,0.653,0.7591,0.884,0.7692,2.5601686743180517e-06,0.0010769596984965,0.0004895284186356001,0.0005874312798607999,352.5,122,5,171.0,r-strb_sl24_st24_bu1000_no0.05_re0.9_re0.5
smd,tcn,strb,48,48,B4,1000.0,0.05,0.9,0.5,,,,-0.014981593249437975,0.03951391258958339,0.014981593249437975,0.7787580725591916,0.7660747452403747,0.8926525692843594,5,10,10,0.8072,0.6643,0.7056,0.8917,0.825,0.8062,0.6944,0.6122,0.8927,0.825,0.0002400084658435999,0.0007241554881767,0.0003291624094921,0.0003949930786845,237.0,148,5,118.3,r-strb_sl48_st48_bu1000_no0.05_re0.9_re0.5
smd,tcn,strb,6,6,B4,1000.0,0.2,0.9,0.5,,,,-0.030061629735698314,0.04465289819876047,0.030061629735698314,0.764036051012041,0.7368672819291027,0.8923799572395945,5,10,10,0.7828,0.6601,0.7241,0.8924,0.7609,0.7314,0.6525,0.6887,0.8508,0.7609,0.0017578302660723002,0.0026556295810594,0.0012071077149354,0.0014485218661239,869.1,43,5,412.1,r-strb_sl6_st6_bu1000_no0.2_re0.9_re0.5
smd,tcn,strb,8,8,B4,1000.0,0.2,0.9,0.5,,,,-0.03675058001610006,0.023933756531422646,0.03675058001610006,0.7672647286140704,0.7402691022904737,0.8974779190161069,5,10,10,0.793,0.6739,0.6852,0.8975,0.7868,0.7068,0.6525,0.6645,0.8908,0.7868,0.0028628051445322997,0.004324962525316,0.0019658966692106,0.0023590658561053997,1415.4,110,5,702.2,r-strb_sl8_st8_bu1000_no0.2_re0.9_re0.5
smd,tcn,strb,10,10,B4,1000.0,0.2,0.9,0.5,,,,-0.03747716223141416,0.03234037128890469,0.03747716223141416,0.769087142548215,0.7243188565612705,0.9052444580328279,5,10,10,0.7877,0.6821,0.6808,0.9052,0.7896,0.7536,0.5807,0.7276,0.7701,0.7896,0.0010389945568719,0.0015696536423587,0.0007134807829842,0.0008561728593745,513.7,120,5,259.3,r-strb_sl10_st10_bu1000_no0.2_re0.9_re0.5
smd,tcn,strb,12,12,B4,1000.0,0.2,0.9,0.5,,,,-0.027993042519004474,-0.0031340848843252056,0.027993042519004474,0.7688668036292022,0.7427594336935047,0.9059413425703619,5,10,10,0.7955,0.683,0.6966,0.9059,0.7632,0.7272,0.644,0.7202,0.8592,0.7632,0.0015545251521673,0.0023484878251757,0.0010674970952509,0.0012809907299248,768.6,118,5,372.4,r-strb_sl12_st12_bu1000_no0.2_re0.9_re0.5
smd,tcn,strb,16,16,B4,1000.0,0.2,0.9,0.5,,,,-0.011430227830463569,0.027178276967415427,0.011430227830463569,0.7671077785991395,0.7537627133543211,0.903324406243728,5,10,10,0.8047,0.675,0.677,0.9033,0.7756,0.7613,0.6091,0.7464,0.8764,0.7756,0.0003783316573284319,0.0011595545922084,0.0005270715576957,0.0006324830345124999,379.5,132,5,193.1,r-strb_sl16_st16_bu1000_no0.2_re0.9_re0.5
smd,tcn,strb,24,24,B4,1000.0,0.2,0.9,0.5,,,,-0.01235633186916607,0.030365511658528778,0.01235633186916607,0.772363757382295,0.766836503866,0.904310268617854,5,10,10,0.8011,0.6961,0.6933,0.9043,0.767,0.769,0.6522,0.7588,0.8872,0.767,0.0002814785979907167,0.0008381667293796,0.000380985893754,0.00045718083562549996,274.3,125,5,138.7,r-strb_sl24_st24_bu1000_no0.2_re0.9_re0.5
smd,tcn,strb,48,48,B4,1000.0,0.2,0.9,0.5,,,,-0.015975960182458292,0.03980478076999165,0.015975960182458292,0.7789528115478933,0.7651834271226365,0.8927296279994994,5,10,10,0.8072,0.6643,0.7041,0.8927,0.8264,0.8011,0.6862,0.6201,0.8921,0.8264,0.0004294384635764,0.0006487711067046,0.0002948968383683,0.0003538742683361,212.3,145,5,106.2,r-strb_sl48_st48_bu1000_no0.2_re0.9_re0.5
smd,tcn,strb,6,6,B4,1000.0,0.35,0.9,0.5,,,,-0.0351566529479365,0.04532482826136217,0.0351566529479365,0.7660227706967714,0.7381009069307161,0.8957933341085502,5,10,10,0.7828,0.6601,0.7219,0.8958,0.7696,0.7403,0.6925,0.6538,0.8342,0.7696,0.0004554834297951606,0.001369053976645,0.0006222991917831,0.0007467547848618,448.1,52,5,223.7,r-strb_sl6_st6_bu1000_no0.35_re0.9_re0.5
smd,tcn,strb,8,8,B4,1000.0,0.35,0.9,0.5,,,,-0.033709118473174225,0.027388991258289565,0.033709118473174225,0.7692556330668608,0.7426969081037276,0.8968352439264091,5,10,10,0.793,0.6739,0.6858,0.8968,0.7968,0.7092,0.6963,0.6279,0.8833,0.7968,0.0010495560883813,0.0015856094010228,0.0007207335921314,0.0008648758088912,518.9,110,5,253.2,r-strb_sl8_st8_bu1000_no0.35_re0.9_re0.5
smd,tcn,strb,10,10,B4,1000.0,0.35,0.9,0.5,,,,-0.03303933431267599,0.030339173322386025,0.03303933431267599,0.7640093292301726,0.7356361568718066,0.9029743722557243,5,10,10,0.7877,0.6821,0.681,0.903,0.7663,0.7558,0.6262,0.6982,0.8317,0.7663,0.0009631748615613999,0.0014551095765409,0.0006614151804979,0.0007936943960429,476.2,123,5,207.2,r-strb_sl10_st10_bu1000_no0.35_re0.9_re0.5
smd,tcn,strb,12,12,B4,1000.0,0.35,0.9,0.5,,,,-0.037236064091266584,-0.0029540882261483437,0.037236064091266584,0.7708215837153338,0.7406707913119206,0.9042178841244217,5,10,10,0.7955,0.683,0.6931,0.9042,0.7783,0.7327,0.6595,0.6462,0.8868,0.7783,0.0008387279659766999,0.0012671023135165998,0.0005759571866325,0.0006911451268839,414.7,121,5,194.3,r-strb_sl12_st12_bu1000_no0.35_re0.9_re0.5
smd,tcn,strb,16,16,B4,1000.0,0.35,0.9,0.5,,,,-0.014114179443795427,0.027680211989624372,0.014114179443795427,0.7677548370249274,0.7516362208594332,0.9034799675859263,5,10,10,0.8047,0.675,0.6773,0.9035,0.7784,0.7625,0.6076,0.7452,0.8645,0.7784,0.0006917824354412999,0.0010451053976446,0.0004750491104159,0.0005700562872286,342.0,128,5,148.5,r-strb_sl16_st16_bu1000_no0.35_re0.9_re0.5
smd,tcn,strb,24,24,B4,1000.0,0.35,0.9,0.5,,,,-0.032423907220705164,0.027366632402798165,0.032423907220705164,0.7725402006683467,0.7490419005682335,0.9007033435575815,5,10,10,0.8011,0.6961,0.694,0.9007,0.7709,0.7658,0.6839,0.6503,0.8743,0.7709,0.0005008561348434999,0.0007566648459851,0.0003439394468175,0.0004127253991675,247.6,114,5,115.3,r-strb_sl24_st24_bu1000_no0.35_re0.9_re0.5
smd,tcn,strb,48,48,B4,1000.0,0.35,0.9,0.5,,,,-0.027536205994408904,0.03776373398816083,0.027536205994408904,0.7767344626528819,0.751171665271638,0.8995971888465223,5,10,10,0.8072,0.6643,0.704,0.8959,0.8123,0.7965,0.6868,0.5607,0.8996,0.8123,0.0002234959862817967,0.0006580187309705,0.0002991002399926,0.0003589184909779,215.4,146,5,105.2,r-strb_sl48_st48_bu1000_no0.35_re0.9_re0.5
smd,tcn,strb,24,12,B6,500.0,0.01,0.3,0.5,,,,-0.0517050739047777,0.03929447449573873,0.0517050739047777,0.7865204714333902,0.7378422997746974,0.9000233392689158,5,10,10,0.7971,0.703,0.7067,0.9,0.8258,0.7198,0.6423,0.6563,0.8451,0.8258,6.172088578102894e-06,0.0025963487175072,0.0011801613561867,0.0014161873613204,849.7,191,5,849.7,r-strb_sl24_st12_bu500_no0.01_re0.3_re0.5
smd,tcn,strb,24,12,B6,500.0,0.05,0.3,0.5,,,,-0.0336701049271621,0.03786896997778626,0.0336701049271621,0.7832637861907003,0.7557997093131672,0.9013095711552275,5,10,10,0.7971,0.703,0.7058,0.9013,0.8091,0.7327,0.6624,0.678,0.8968,0.8091,7.059520560004599e-06,0.0029696555582838,0.0013498465506431,0.0016198090076407,971.9,187,5,971.9,r-strb_sl24_st12_bu500_no0.05_re0.3_re0.5
smd,tcn,strb,24,12,B6,500.0,0.1,0.3,0.5,,,,-0.04393805597163367,0.044108981424377136,0.04393805597163367,0.7861855794659238,0.7502483178464894,0.8999816448093236,5,10,10,0.7971,0.703,0.706,0.9,0.8249,0.7439,0.6248,0.6835,0.8742,0.8249,6.7790043937567375e-06,0.002851653721586,0.0012962094325701,0.0015554442890159,933.3,187,5,933.3,r-strb_sl24_st12_bu500_no0.1_re0.3_re0.5
smd,tcn,strb,24,12,B6,500.0,0.35,0.3,0.5,,,,-0.04797463502193422,0.05247146304725218,0.04797463502193422,0.7867138424442408,0.7438947959560605,0.9030599865730642,5,10,10,0.7971,0.703,0.6956,0.8961,0.8418,0.6992,0.6883,0.5871,0.9031,0.8418,0.0006872773968727,0.0010382994426457,0.0004719555266764,0.0005663439159692,339.8,186,5,339.8,r-strb_sl24_st12_bu500_no0.35_re0.3_re0.5
smd,tcn,strb,24,12,B6,500.0,0.5,0.3,0.5,,,,-0.0388355983358311,0.04124885627507245,0.0388355983358311,0.7698947665728844,0.7302727648581294,0.8936192585172631,5,10,10,0.7971,0.703,0.6933,0.8936,0.7625,0.7512,0.6755,0.5734,0.8888,0.7625,0.0006011938177481,0.0009082492873042,0.0004128416513319,0.0004954076359723,297.2,185,5,297.3,r-strb_sl24_st12_bu500_no0.5_re0.3_re0.5
smd,tcn,strb,24,12,B6,500.0,0.01,0.5,0.5,,,,-0.04230697932944777,0.041716871419426725,0.04230697932944777,0.774841939726357,0.7250471478998028,0.9058581537932381,5,10,10,0.7971,0.703,0.7053,0.9059,0.7629,0.692,0.6451,0.6346,0.8907,0.7629,0.001531433507862,0.0023136022876606,0.0010516398728049,0.0012619624148557,757.2,188,5,757.3,r-strb_sl24_st12_bu500_no0.01_re0.5_re0.5
smd,tcn,strb,24,12,B6,500.0,0.05,0.5,0.5,,,,-0.04373695837578735,0.03638803699187258,0.04373695837578735,0.7821290650249608,0.7471086190418219,0.9007489543104722,5,10,10,0.7971,0.703,0.7058,0.9007,0.804,0.7501,0.6465,0.6455,0.8893,0.804,0.0015400636093121,0.0023266401520896,0.0010575661371552,0.0012690740149344,761.4,187,5,761.5,r-strb_sl24_st12_bu500_no0.05_re0.5_re0.5
smd,tcn,strb,24,12,B6,500.0,0.1,0.5,0.5,,,,-0.04758687269672608,0.04095055005660826,0.04758687269672608,0.7853333516479097,0.7404610553460715,0.9005675606924174,5,10,10,0.7971,0.703,0.7061,0.9006,0.8199,0.7278,0.6394,0.663,0.8522,0.8199,0.0015411983242566,0.0023283544146273,0.0010583454616348,0.0012700089529925,762.0,189,5,762.0,r-strb_sl24_st12_bu500_no0.1_re0.5_re0.5
smd,tcn,strb,24,12,B6,500.0,0.35,0.5,0.5,,,,-0.034008529384547924,0.05583764122752631,0.034008529384547924,0.7819945278707545,0.7430797279414036,0.905923007934816,5,10,10,0.7971,0.703,0.6938,0.9059,0.8102,0.7046,0.6705,0.6321,0.898,0.8102,2.7502694330143247e-06,0.0011569274200858,0.0005258774082124,0.0006310500118734,378.6,181,5,378.6,r-strb_sl24_st12_bu500_no0.35_re0.5_re0.5
smd,tcn,strb,24,12,B6,500.0,0.5,0.5,0.5,,,,-0.055980251459261186,0.04522246150859586,0.055980251459261186,0.7745788056502704,0.717398209061596,0.8946424442339441,5,10,10,0.7971,0.703,0.6943,0.8946,0.7838,0.7453,0.6474,0.5534,0.857,0.7838,0.0005979878724111,0.0009034059281719,0.0004106400796276,0.0004927658485442,295.7,191,5,295.7,r-strb_sl24_st12_bu500_no0.5_re0.5_re0.5
smd,tcn,strb,24,12,B6,500.0,0.01,0.7,0.5,,,,-0.02325456939374615,0.048964525376865055,0.02325456939374615,0.7848184109033902,0.7584708778523985,0.9044711125145818,5,10,10,0.7971,0.703,0.7015,0.9045,0.818,0.7185,0.6317,0.7382,0.8859,0.818,5.380198711687249e-06,0.0022632325910845,0.0010287445426032,0.0012344880484812,740.7,188,5,740.6,r-strb_sl24_st12_bu500_no0.01_re0.7_re0.5
smd,tcn,strb,24,12,B6,500.0,0.05,0.7,0.5,,,,-0.018476977946783758,0.05000023761383239,0.018476977946783758,0.7799430189125478,0.7597804485067539,0.9050290247368933,5,10,10,0.7971,0.703,0.7023,0.905,0.7923,0.7124,0.6694,0.7516,0.8732,0.7923,5.0864862451622105e-06,0.0021396796031245,0.0009725839645233,0.0011670956386012,700.3,185,5,700.3,r-strb_sl24_st12_bu500_no0.05_re0.7_re0.5
smd,tcn,strb,24,12,B6,500.0,0.1,0.7,0.5,,,,-0.01812828479941171,0.04753489826025388,0.01812828479941171,0.7831224507643955,0.7563348030441384,0.9029881166408673,5,10,10,0.7971,0.703,0.7017,0.903,0.8108,0.7198,0.6338,0.7436,0.8737,0.8108,0.0014353807061034,0.0021684912000789,0.0009856801148743,0.0011828110852045,709.7,188,5,709.7,r-strb_sl24_st12_bu500_no0.1_re0.7_re0.5
smd,tcn,strb,24,12,B6,500.0,0.35,0.7,0.5,,,,-0.04837488481782713,0.0491059774318043,0.04837488481782713,0.7825053969249606,0.7443069780856659,0.8984824617702835,5,10,10,0.7971,0.703,0.6949,0.8985,0.819,0.7153,0.6792,0.6166,0.8913,0.819,0.0005823916678022,0.0008798440729058,0.0003999301115167,0.0004799139613891,287.9,179,5,288.0,r-strb_sl24_st12_bu500_no0.35_re0.7_re0.5
smd,tcn,strb,24,12,B6,500.0,0.5,0.7,0.5,,,,-0.05909034954075855,0.04556198594992179,0.05909034954075855,0.775736396152417,0.7152128945915092,0.8960998273331168,5,10,10,0.7971,0.703,0.6937,0.8961,0.7888,0.7439,0.6429,0.5417,0.8589,0.7888,0.0005866726992678,0.0008863116107659,0.000402869942014,0.0004834416687519,290.1,183,5,290.1,r-strb_sl24_st12_bu500_no0.5_re0.7_re0.5
smd,tcn,strb,24,12,B6,500.0,0.01,0.95,0.5,,,,-0.02360930735217438,0.04827287231737615,0.02360930735217438,0.774482693050755,0.7486975511837792,0.8974084940625991,5,10,10,0.7971,0.703,0.6935,0.8974,0.7814,0.7699,0.5974,0.7142,0.8806,0.7814,0.0005785349471262,0.0008740175595553,0.0003972818122672,0.0004767357472881,286.0,177,5,286.1,r-strb_sl24_st12_bu500_no0.01_re0.95_re0.5
smd,tcn,strb,24,12,B6,500.0,0.05,0.95,0.5,,,,-0.023329016733393437,0.04819848207855645,0.023329016733393437,0.7744624327506198,0.7491898985699212,0.8972904643391555,5,10,10,0.7971,0.703,0.6933,0.8973,0.7816,0.7701,0.5979,0.7149,0.8814,0.7816,0.0005899803390118,0.0008913086040008,0.0004051412570594,0.0004861673469414,291.7,178,5,291.7,r-strb_sl24_st12_bu500_no0.05_re0.95_re0.5
smd,tcn,strb,24,12,B6,500.0,0.1,0.95,0.5,,,,-0.02370160040638144,0.0484940375137994,0.02370160040638144,0.7746268989833858,0.7491306400173481,0.8974100789713513,5,10,10,0.7971,0.703,0.6934,0.8974,0.7822,0.7691,0.5969,0.715,0.8824,0.7822,2.0943437962306666e-06,0.0008810059610379,0.0004004582583335,0.0004805477027044,288.3,178,5,288.3,r-strb_sl24_st12_bu500_no0.1_re0.95_re0.5
smd,tcn,strb,24,12,B6,500.0,0.35,0.95,0.5,,,,-0.023636138973194998,0.048322351768326145,0.023636138973194998,0.7743284112539339,0.7485637940668974,0.8975006080937872,5,10,10,0.7971,0.703,0.6932,0.8975,0.7808,0.7693,0.5964,0.7152,0.8812,0.7808,2.019906869987426e-06,0.0008496933485338,0.0003862252097829,0.0004634681387509,278.1,177,5,278.1,r-strb_sl24_st12_bu500_no0.35_re0.95_re0.5
smd,tcn,strb,24,12,B6,500.0,0.5,0.95,0.5,,,,-0.03516512866017609,0.04612646351350121,0.03516512866017609,0.7729802840111448,0.739482641029243,0.8931166504146806,5,10,10,0.7971,0.703,0.6937,0.8931,0.778,0.7566,0.6802,0.5977,0.8849,0.778,2.036421708578376e-06,0.0008566404750134,0.0003893829805006,0.0004672574945127,280.4,178,5,280.4,r-strb_sl24_st12_bu500_no0.5_re0.95_re0.5
smd,vgru,strb,24,12,B1,500.0,0.2,0.9,0.5,,,,-0.003447266790640724,-0.000977951477490302,0.003447266790640724,0.696033912234407,0.6942566773832337,0.766271515738087,5,10,10,0.749,0.736,0.6373,0.7663,0.5916,0.7432,0.7337,0.6374,0.7653,0.5916,0.0007035505841799,0.0010628840447119,0.00048313035602320003,0.0005797536886886,347.9,42,5,171.6,r-strb_sl24_st12_bu500_no0.2_re0.9_re0.5
smd,vgru,strb,24,12,B1,100.0,0.2,0.9,0.5,,,,-0.0017451674864380263,0.0024097248784325843,0.0017451674864380263,0.6971733554075209,0.6966129118882256,0.76725028884962,5,10,10,0.749,0.7352,0.6374,0.7652,0.5991,0.7464,0.7343,0.6362,0.7671,0.5991,2.266482874733869e-06,0.0009534179282429,0.00043337290879889997,0.000520045019444,312.0,38,5,152.3,r-strb_sl24_st12_bu100_no0.2_re0.9_re0.5
smd,vgru,strb,24,12,B1,250.0,0.2,0.9,0.5,,,,-0.0027686760113581842,-0.00010402680591602431,0.0027686760113581842,0.6957042497707555,0.6943951579816666,0.7674517588800747,5,10,10,0.749,0.7337,0.6381,0.7653,0.5924,0.7425,0.7332,0.6376,0.7663,0.5924,0.0006656526912422,0.0010056300723075,0.000457105806887,0.0005485242654203,329.1,42,5,167.6,r-strb_sl24_st12_bu250_no0.2_re0.9_re0.5
smd,vgru,strb,24,12,B1,1000.0,0.2,0.9,0.5,,,,-0.0015383803843275867,-0.001730570469988435,0.0015383803843275867,0.6948183284559295,0.6938000655774763,0.7663631645742147,5,10,10,0.749,0.7323,0.6364,0.7654,0.5911,0.7433,0.7346,0.6367,0.7633,0.5911,0.0007171594275529,0.0010834435081155,0.0004924760139469,0.0005909674941685,354.6,41,5,184.4,r-strb_sl24_st12_bu1000_no0.2_re0.9_re0.5
smd,vgru,strb,24,12,B1,2000.0,0.2,0.9,0.5,,,,-0.002054332725378738,-0.0002955566917815733,0.002054332725378738,0.6960315478581851,0.6946261846931834,0.7661057115637977,5,10,10,0.749,0.7357,0.6376,0.7661,0.5918,0.7452,0.7356,0.636,0.7646,0.5918,0.0004917195451110918,0.0014359687633457,0.0006527148429989001,0.0007832539203467,470.0,46,5,227.7,r-strb_sl24_st12_bu2000_no0.2_re0.9_re0.5
smd,vgru,strb,24,12,B1,4000.0,0.2,0.9,0.5,,,,-0.0021176361195299085,-0.0009231236837816348,0.0021176361195299085,0.6961308135671775,0.6945911839895302,0.766739466808676,5,10,10,0.749,0.7372,0.6367,0.7667,0.5911,0.746,0.735,0.6355,0.7654,0.5911,0.0010758719183223,0.0016253658540718,0.0007388050400451,0.0008865608140267,531.9,41,5,262.3,r-strb_sl24_st12_bu4000_no0.2_re0.9_re0.5
smd,vgru,strb,24,12,B1,500.0,0.01,0.9,0.5,,,,-0.003447266790640724,-0.000977951477490302,0.003447266790640724,0.696033912234407,0.6942566773832337,0.766271515738087,5,10,10,0.749,0.736,0.6373,0.7663,0.5916,0.7432,0.7337,0.6374,0.7653,0.5916,0.000344684153907,0.0005207291357448,0.0002366956885962,0.0002840334471485,170.4,42,5,170.4,r-strb_sl24_st12_bu500_no0.01_re0.9_re0.5
smd,vgru,strb,24,12,B1,500.0,0.05,0.9,0.5,,,,-0.003447266790640724,-0.000977951477490302,0.003447266790640724,0.696033912234407,0.6942566773832337,0.766271515738087,5,10,10,0.749,0.736,0.6373,0.7663,0.5916,0.7432,0.7337,0.6374,0.7653,0.5916,0.00038888025637735395,0.0011087844478934999,0.0005039942959478,0.0006047901519457,362.9,42,5,171.2,r-strb_sl24_st12_bu500_no0.05_re0.9_re0.5
smd,vgru,strb,24,12,B1,500.0,0.1,0.9,0.5,,,,-0.003447266790640724,-0.000977951477490302,0.003447266790640724,0.696033912234407,0.6942566773832337,0.766271515738087,5,10,10,0.749,0.736,0.6373,0.7663,0.5916,0.7432,0.7337,0.6374,0.7653,0.5916,0.0007323410145156999,0.0011063789827198,0.0005029008179973,0.0006034781647224,362.1,42,5,172.5,r-strb_sl24_st12_bu500_no0.1_re0.9_re0.5
smd,vgru,strb,24,12,B1,500.0,0.35,0.9,0.5,,,,-0.003447266790640724,-0.000977951477490302,0.003447266790640724,0.696033912234407,0.6942566773832337,0.766271515738087,5,10,10,0.749,0.736,0.6373,0.7663,0.5916,0.7432,0.7337,0.6374,0.7653,0.5916,0.0003780851102568722,0.0010905876261481,0.0004957229363472,0.0005948646898008,356.9,42,5,170.6,r-strb_sl24_st12_bu500_no0.35_re0.9_re0.5
smd,vgru,strb,24,12,B1,500.0,0.5,0.9,0.5,,,,-0.003447266790640724,-0.000977951477490302,0.003447266790640724,0.696033912234407,0.6942566773832337,0.766271515738087,5,10,10,0.749,0.736,0.6373,0.7663,0.5916,0.7432,0.7337,0.6374,0.7653,0.5916,0.000347541120634,0.0005250452779223,0.0002386576249393,0.0002863876529829,171.8,42,5,171.7,r-strb_sl24_st12_bu500_no0.5_re0.9_re0.5
smd,vgru,strb,24,12,B1,500.0,0.2,0.3,0.5,,,,-0.004860080062200833,-0.0007138313635920879,0.004860080062200833,0.6975854548588856,0.6948857087513963,0.7659377382823085,5,10,10,0.749,0.736,0.644,0.7649,0.5941,0.7431,0.7326,0.6432,0.7614,0.5941,0.0003717036476407,0.0005615486438677,0.0002552500789383,0.0003062985649293,183.8,39,5,183.8,r-strb_sl24_st12_bu500_no0.2_re0.3_re0.5
smd,vgru,strb,24,12,B1,500.0,0.2,0.5,0.5,,,,-0.005185717020084313,-0.0007578808621642064,0.005185717020084313,0.6976040862627336,0.6945850249733432,0.7662163116893884,5,10,10,0.749,0.736,0.6461,0.7662,0.5907,0.7419,0.7329,0.6427,0.7648,0.5907,0.0003568898535268,0.000539168809696,0.0002450774247667,0.0002940913849292,176.5,42,5,176.5,r-strb_sl24_st12_bu500_no0.2_re0.5_re0.5
smd,vgru,strb,24,12,B1,500.0,0.2,0.7,0.5,,,,-0.004878067172284173,-0.00038970283585417766,0.004878067172284173,0.6974086429534675,0.6946147435924149,0.7672154073339635,5,10,10,0.749,0.736,0.6412,0.7672,0.5937,0.7434,0.735,0.6354,0.7656,0.5937,0.0006675516082763,0.0010084988477207,0.0004584098752885,0.0005500889724320999,330.1,41,5,168.6,r-strb_sl24_st12_bu500_no0.2_re0.7_re0.5
smd,vgru,strb,24,12,B1,500.0,0.2,0.95,0.5,,,,-0.003447266790640724,-0.000977951477490302,0.003447266790640724,0.696033912234407,0.6942566773832337,0.766271515738087,5,10,10,0.749,0.736,0.6373,0.7663,0.5916,0.7432,0.7337,0.6374,0.7653,0.5916,1.2427634141137157e-06,0.000522780442239,0.0002376280992505,0.0002851523429884,171.1,42,5,171.1,r-strb_sl24_st12_bu500_no0.2_re0.95_re0.5
smd,vgru,strb,24,12,B1,500.0,0.2,0.9,0.3,,,,-0.0016025978145815967,0.0005726030622950518,0.0016025978145815967,0.6961474501511612,0.6950117275376324,0.7663589047938658,5,10,10,0.749,0.7357,0.6358,0.7664,0.5939,0.7463,0.7347,0.6339,0.7663,0.5939,0.0002852268164792487,0.0008794476347855,0.00039974997013459996,0.00047969766465090003,287.8,43,5,147.3,r-strb_sl24_st12_bu500_no0.2_re0.9_re0.3
smd,vgru,strb,24,12,B1,500.0,0.2,0.9,0.7,,,,-0.00443839220618516,-0.0013442648449855988,0.00443839220618516,0.6950009037817153,0.6923857637089827,0.7659377382823085,5,10,10,0.749,0.7338,0.6391,0.7639,0.5892,0.7386,0.7332,0.6367,0.7642,0.5892,0.0009542859857971,0.0014416807706557,0.0006553111612809001,0.0007863696093748001,471.8,41,5,235.9,r-strb_sl24_st12_bu500_no0.2_re0.9_re0.7
smd,vgru,strb,24,12,B1,500.0,0.2,0.9,0.9,,,,-0.006089188870130302,-0.002726179802522022,0.006089188870130302,0.6937741947042392,0.6908631465426914,0.7659377382823085,5,10,10,0.749,0.7323,0.6366,0.7631,0.5879,0.7328,0.7322,0.6385,0.763,0.5879,0.0011704507260987,0.001768250115721,0.0008037520787057,0.0009644980370152,578.7,42,5,578.7,r-strb_sl24_st12_bu500_no0.2_re0.9_re0.9
smd,vgru,gdumb,24,12,B1,500.0,,,0.5,,,,-0.008114162423988658,-0.007222228966539179,0.008114162423988658,0.7011924094406461,0.6949107682961337,0.77324030272363,5,10,10,0.749,0.725,0.6864,0.7708,0.5748,0.7478,0.7249,0.6539,0.7732,0.5748,1.1760712898741348e-06,0.0004947257555562,0.0002248759211823,0.0002698498343738,161.9,42,5,162.0,r-gdumb_sl24_st12_bu500_re0.5
smd,vgru,gdumb,24,12,B1,100.0,,,0.5,,,,-0.008810119289967134,-0.013436198348678475,0.008810119289967134,0.6965970121539775,0.6907342488681613,0.7767570096930477,5,10,10,0.749,0.7132,0.6937,0.7694,0.5578,0.7396,0.7212,0.6583,0.7768,0.5578,0.0003282003850416,0.0004958263990863,0.0002253762361677,0.0002704501629186,162.3,42,5,162.3,r-gdumb_sl24_st12_bu100_re0.5
smd,vgru,gdumb,24,12,B1,250.0,,,0.5,,,,-0.008297408667102945,-0.009658572059303639,0.008297408667102945,0.69912376998805,0.6933605388455873,0.7742435175081868,5,10,10,0.749,0.7234,0.6873,0.7685,0.5674,0.7455,0.7242,0.6554,0.7742,0.5674,1.2779545394080054e-06,0.0005375839292384,0.0002443569718769,0.0002932269573615,175.9,46,5,175.9,r-gdumb_sl24_st12_bu250_re0.5
smd,vgru,gdumb,24,12,B1,1000.0,,,0.5,,,,-0.007975682473565527,-0.0049906087282268865,0.007975682473565527,0.7006763575449575,0.694605794135281,0.7747230903414163,5,10,10,0.749,0.7268,0.6828,0.7707,0.5741,0.7472,0.7247,0.6523,0.7747,0.5741,1.268730662769857e-06,0.000533703816376,0.0002425932604754,0.0002911105559005,174.7,44,5,174.7,r-gdumb_sl24_st12_bu1000_re0.5
smd,vgru,gdumb,24,12,B1,2000.0,,,0.5,,,,-0.008876898241777476,-0.0006367830048039757,0.008876898241777476,0.7022027346373609,0.6954871961533893,0.7754251508261104,5,10,10,0.749,0.7368,0.6689,0.7754,0.5809,0.7466,0.728,0.6468,0.7751,0.5809,0.0003729706223507,0.000563462716906,0.0002561200877341,0.0003073426291719,184.4,46,5,184.4,r-gdumb_sl24_st12_bu2000_re0.5
smd,vgru,gdumb,24,12,B1,4000.0,,,0.5,,,,-0.002999806781964276,0.0001717782910522603,0.002999806781964276,0.6987604634246031,0.6963482985558176,0.7760600609447722,5,10,10,0.749,0.7349,0.651,0.7745,0.5845,0.7471,0.7317,0.6423,0.7761,0.5845,0.0003422572783359,0.0005170627507242,0.0002350291453101,0.0002820336054141,169.2,38,5,169.2,r-gdumb_sl24_st12_bu4000_re0.5
smd,vgru,gdumb,24,12,B1,500.0,,,0.3,,,,-0.004149288875970924,-0.004124604978794711,0.004149288875970924,0.6986635287370865,0.6955173578582079,0.7728695774206478,5,10,10,0.749,0.7287,0.6643,0.7711,0.5803,0.7488,0.7291,0.6466,0.7729,0.5803,0.0002971014843136,0.0004488439558405,0.000204020562094,0.0002448233937464,146.9,47,5,146.9,r-gdumb_sl24_st12_bu500_re0.3
smd,vgru,gdumb,24,12,B1,500.0,,,0.7,,,,-0.015552914064374312,-0.010925058518716968,0.015552914064374312,0.7025743158705553,0.6919619735872578,0.7736363541111752,5,10,10,0.749,0.7224,0.7107,0.7686,0.5623,0.7449,0.7189,0.6601,0.7736,0.5623,0.0004178828408379,0.0006313135317813,0.0002869614390035,0.0003443520927778,206.6,37,5,206.6,r-gdumb_sl24_st12_bu500_re0.7
smd,vgru,derpp,24,12,B1,500.0,,,0.5,,0.5,0.5,0.001079670101599639,0.00019932986001233166,-0.001079670101599639,0.6943073656131817,0.695274981618983,0.7738118246060784,5,10,10,0.749,0.7339,0.6331,0.7667,0.5888,0.7484,0.7349,0.6304,0.7738,0.5888,1.7472540689945224e-06,0.0007349993124349,0.0003340914711194,0.0004009078413154,240.5,35,5,240.6,r-derpp_sl24_st12_bu500_re0.5_al0.5_te0.5
smd,vgru,derpp,24,12,B1,100.0,,,0.5,,0.5,0.5,0.0027346029617409616,-0.0016942123542324494,-0.0027346029617409616,0.6930646325542583,0.6950842685207338,0.7725826142747474,5,10,10,0.749,0.7341,0.6335,0.7633,0.5855,0.7518,0.735,0.6306,0.7726,0.5855,0.0004912732860626,0.0007421876252974,0.0003373589027265,0.0004048287225708,242.9,35,5,242.9,r-derpp_sl24_st12_bu100_re0.5_al0.5_te0.5
smd,vgru,derpp,24,12,B1,250.0,,,0.5,,0.5,0.5,0.0020236497134562327,-9.50910839698782e-05,-0.0020236497134562327,0.694162662247032,0.6954365195683261,0.7698621724943608,5,10,10,0.749,0.735,0.6314,0.7655,0.59,0.7495,0.7344,0.6335,0.7699,0.59,1.7904449879899658e-06,0.0007531679899778,0.0003423499900472,0.0004108179999305,246.5,35,5,246.5,r-derpp_sl24_st12_bu250_re0.5_al0.5_te0.5
smd,vgru,derpp,24,12,B1,1000.0,,,0.5,,0.5,0.5,0.00010030802544346296,0.0009932270654911424,-0.00010030802544346296,0.695804591584176,0.6958520566302419,0.7702562386890323,5,10,10,0.749,0.7344,0.6373,0.7659,0.5924,0.7497,0.7349,0.632,0.7703,0.5924,1.7808456650152327e-06,0.000749129941985,0.0003405145005245,0.0004086154414604,245.2,35,5,245.2,r-derpp_sl24_st12_bu1000_re0.5_al0.5_te0.5
smd,vgru,derpp,24,12,B1,2000.0,,,0.5,,0.5,0.5,-0.0005628710822804473,0.0011154605429314346,0.0005628710822804473,0.6960245558677645,0.6954892521782813,0.7669294557168569,5,10,10,0.749,0.7366,0.6331,0.7643,0.5971,0.7496,0.7363,0.6275,0.7669,0.5971,0.0005385693638591,0.0008136398386815,0.0003698372121512,0.0004438026265303,266.3,38,5,266.3,r-derpp_sl24_st12_bu2000_re0.5_al0.5_te0.5
smd,vgru,derpp,24,12,B1,4000.0,,,0.5,,0.5,0.5,-0.0002865179431615239,0.000928928387219552,0.0002865179431615239,0.696139528010651,0.6957093677978303,0.7685091688891587,5,10,10,0.749,0.7359,0.6354,0.7657,0.5948,0.7503,0.7359,0.6291,0.7685,0.5948,1.804821256808009e-06,0.0007592155064118,0.0003450989037034,0.0004141166027084,248.5,35,5,248.5,r-derpp_sl24_st12_bu4000_re0.5_al0.5_te0.5
smd,vgru,derpp,24,12,B1,500.0,,,0.3,,0.5,0.5,0.0016201317950562232,-4.5665687365603615e-05,-0.0016201317950562232,0.6941353109514286,0.6952532947084258,0.7726451694872479,5,10,10,0.749,0.7322,0.6326,0.7673,0.5896,0.7485,0.735,0.6305,0.7726,0.5896,0.0004172010394541,0.0006302835051865,0.0002864932271988,0.0003437902779877,206.3,36,5,206.3,r-derpp_sl24_st12_bu500_re0.3_al0.5_te0.5
smd,vgru,derpp,24,12,B1,500.0,,,0.7,,0.5,0.5,0.0009693840977440859,0.00029032501695467337,-0.0009693840977440859,0.6942738175490529,0.694970326729662,0.7749294341015144,5,10,10,0.749,0.7334,0.6335,0.7673,0.5881,0.7482,0.7355,0.6281,0.7749,0.5881,2.862514923341935e-06,0.0012041445705156,0.0005473398466976,0.000656804723818,394.1,40,5,394.1,r-derpp_sl24_st12_bu500_re0.7_al0.5_te0.5
smd,vgru,derpp,24,12,B1,500.0,,,0.5,,0.1,0.5,0.0007795010576726491,0.00017675371098146986,-0.0007795010576726491,0.6947250657898965,0.6954150891903431,0.7715792345082215,5,10,10,0.749,0.7339,0.6336,0.7664,0.5908,0.7487,0.7347,0.6313,0.7716,0.5908,0.0004859420166522,0.0007341334479265,0.0003336978770895,0.0004004355708369,240.3,35,5,240.3,r-derpp_sl24_st12_bu500_re0.5_al0.1_te0.5
smd,vgru,derpp,24,12,B1,500.0,,,0.5,,1.0,0.5,0.0013195928725942996,0.00019187956769405322,-0.0013195928725942996,0.6939529038965058,0.6951238432283919,0.77545304089275,5,10,10,0.749,0.7339,0.6325,0.767,0.5873,0.7483,0.735,0.6295,0.7755,0.5873,0.0004899785978548,0.0007402316842893,0.0003364698383116,0.0004037618459776,242.3,35,5,242.3,r-derpp_sl24_st12_bu500_re0.5_al1.0_te0.5
smd,vgru,derpp,24,12,B1,500.0,,,0.5,,0.5,0.1,0.0012886307160819733,0.00015297083660456012,-0.0012886307160819733,0.6940055426551326,0.6949954875423449,0.7751330191467201,5,10,10,0.749,0.7336,0.6326,0.767,0.5878,0.7483,0.735,0.6287,0.7751,0.5878,0.0005451306215009,0.0008235522120311,0.0003743428506396,0.0004492093613914,269.5,40,5,269.5,r-derpp_sl24_st12_bu500_re0.5_al0.5_te0.1
smd,vgru,derpp,24,12,B1,500.0,,,0.5,,0.5,1.0,0.0009475686123330939,0.00014509181187338793,-0.0009475686123330939,0.6945507897166598,0.6954586087986854,0.7725120614936807,5,10,10,0.749,0.734,0.6335,0.7665,0.5898,0.7487,0.7349,0.6315,0.7725,0.5898,1.7447513462456905e-06,0.0007339465179202,0.0003336129381974,0.0004003335797227,240.2,35,5,240.2,r-derpp_sl24_st12_bu500_re0.5_al0.5_te1.0
smd,vgru,strb,6,6,B2,500.0,0.2,0.9,0.5,,,,0.00041529888533616834,-0.0009080334962104364,-0.00041529888533616834,0.6950757183187101,0.695197028542812,0.765030967629472,5,10,10,0.7495,0.7344,0.6361,0.7372,0.6181,0.7523,0.7344,0.6337,0.7375,0.6181,0.0005554515027611,0.0008391444100413999,0.0003814329914948,0.0004577114185464,274.6,32,5,138.0,r-strb_sl6_st6_bu500_no0.2_re0.9_re0.5
smd,vgru,gdumb,6,6,B2,500.0,,,0.5,,,,-0.010484260530823164,-0.011017722063349023,0.010484260530823164,0.7007541948863407,0.6932188539040525,0.7730811302835726,5,10,10,0.7495,0.7231,0.6959,0.7678,0.5676,0.7452,0.724,0.6562,0.7731,0.5676,8.135901203756381e-07,0.0003422445479975,0.0001555661051488,0.0001866784428486,112.0,32,5,112.0,r-gdumb_sl6_st6_bu500_re0.5
smd,vgru,derpp,6,6,B2,500.0,,,0.5,,0.5,0.5,-0.00012027686427191764,-0.0004616681839832437,0.00012027686427191764,0.6962861481221254,0.6959155515292215,0.767507484920905,5,10,10,0.7495,0.7359,0.6359,0.7639,0.5962,0.7503,0.7372,0.6284,0.7675,0.5962,1.2423606581742611e-06,0.0005226110190601,0.0002375510539904,0.0002850599650697,171.0,32,5,171.0,r-derpp_sl6_st6_bu500_re0.5_al0.5_te0.5
smd,vgru,strb,8,8,B2,500.0,0.2,0.9,0.5,,,,0.0003791057830285105,-0.012449595329761809,-0.0003791057830285105,0.6900919058856946,0.6902937340373216,0.7621007796739531,5,10,10,0.7511,0.7276,0.6497,0.7454,0.5766,0.7519,0.7266,0.6508,0.7456,0.5766,0.0002489328874024356,0.000745737581178,0.0003389725878465,0.0004067649933315,244.1,35,5,121.4,r-strb_sl8_st8_bu500_no0.2_re0.9_re0.5
smd,vgru,gdumb,8,8,B2,500.0,,,0.5,,,,-0.010155594987952233,-0.010059308397648648,0.010155594987952233,0.7004505774961455,0.6934248818358304,0.7743268739719019,5,10,10,0.7511,0.7251,0.6886,0.7693,0.5682,0.7454,0.7241,0.6551,0.7743,0.5682,7.768219862290606e-07,0.0003267776769816,0.00014853571059,0.0001782419663916,106.9,35,5,107.0,r-gdumb_sl8_st8_bu500_re0.5
smd,vgru,derpp,8,8,B2,500.0,,,0.5,,0.5,0.5,0.0004526675708240169,-0.00023828112439463477,-0.0004526675708240169,0.6967684940763853,0.6971421034725284,0.7644630618272309,5,10,10,0.7511,0.7366,0.6332,0.7645,0.5986,0.7493,0.7334,0.6408,0.7637,0.5986,0.0003147177248448,0.0004754575660192,0.0002161176369195,0.0002593399290996,155.6,32,5,155.6,r-derpp_sl8_st8_bu500_re0.5_al0.5_te0.5
smd,vgru,strb,10,10,B2,500.0,0.2,0.9,0.5,,,,0.0002967282836204954,-0.0003485099002269454,-0.0002967282836204954,0.6963080889067227,0.6962997824251931,0.7659597936766952,5,10,10,0.7497,0.7361,0.6365,0.7629,0.5963,0.7507,0.7359,0.6362,0.7624,0.5963,0.0004320197277165,0.0006526707331583001,0.0002966693266274,0.0003560014065307,213.6,33,5,106.8,r-strb_sl10_st10_bu500_no0.2_re0.9_re0.5
smd,vgru,gdumb,10,10,B2,500.0,,,0.5,,,,-0.010835109958617872,-0.009292126154656744,0.010835109958617872,0.7008224521784825,0.6930239605066086,0.7742655875633089,5,10,10,0.7497,0.7252,0.6918,0.77,0.5674,0.7443,0.7241,0.655,0.7743,0.5674,7.938429421964556e-07,0.0003339377066275,0.0001517902883662,0.0001821474182613,109.3,40,5,109.3,r-gdumb_sl10_st10_bu500_re0.5
smd,vgru,derpp,10,10,B2,500.0,,,0.5,,0.5,0.5,0.0008684608926886495,-0.0001767025730509908,-0.0008684608926886495,0.6955571376814688,0.6969772371637183,0.7701587567659389,5,10,10,0.7497,0.7358,0.6328,0.7648,0.5947,0.7503,0.7358,0.6338,0.7702,0.5947,0.0003011451204732,0.0004549528504292,0.0002067972561939,0.0002481555942352,148.9,33,5,148.9,r-derpp_sl10_st10_bu500_re0.5_al0.5_te0.5
smd,vgru,strb,12,12,B2,500.0,0.2,0.9,0.5,,,,-0.00034920414712314997,0.002663370782540453,0.00034920414712314997,0.6982632952292568,0.6977774337597108,0.7616120489891293,5,10,10,0.7492,0.7367,0.6326,0.7572,0.6155,0.75,0.735,0.6317,0.7566,0.6155,0.0004191214997693,0.0006331848269583999,0.0002878120360546,0.0003453727909037,207.2,37,5,106.5,r-strb_sl12_st12_bu500_no0.2_re0.9_re0.5
smd,vgru,gdumb,12,12,B2,500.0,,,0.5,,,,-0.007842936891427833,-0.00961673295967197,0.007842936891427833,0.7008786544996528,0.6949317844593791,0.7738864235023208,5,10,10,0.7492,0.7257,0.6839,0.7709,0.5746,0.7475,0.7245,0.6542,0.7739,0.5746,0.0002087721834117,0.0003154010922848,0.0001433644858234,0.0001720366064614,103.2,40,5,103.2,r-gdumb_sl12_st12_bu500_re0.5
smd,vgru,derpp,12,12,B2,500.0,,,0.5,,0.5,0.5,0.001570112761486797,-0.0019931971674268635,-0.001570112761486797,0.6940396187362096,0.695450730201836,0.77245322513704,5,10,10,0.7492,0.7345,0.6313,0.7647,0.5905,0.749,0.7359,0.6294,0.7725,0.5905,0.000298034845462,0.0004502540245617,0.0002046614570601,0.0002455925675015,147.4,35,5,147.4,r-derpp_sl12_st12_bu500_re0.5_al0.5_te0.5
smd,vgru,strb,16,16,B2,500.0,0.2,0.9,0.5,,,,-0.0011783843637777625,0.0022645409075349398,0.0011783843637777625,0.696679993365047,0.6959376228574486,0.7724470915169566,5,10,10,0.7484,0.735,0.6261,0.7724,0.6015,0.7444,0.7363,0.6257,0.7718,0.6015,0.00018130275746686665,0.0005483067533004001,0.00024923101892330003,0.0002990757343769,179.4,33,5,90.1,r-strb_sl16_st16_bu500_no0.2_re0.9_re0.5
smd,vgru,gdumb,16,16,B2,500.0,,,0.5,,,,-0.009302547016023,-0.006768424510222382,0.009302547016023,0.7017797629950534,0.6944893751353038,0.7740608202776602,5,10,10,0.7484,0.7262,0.6908,0.7713,0.5722,0.7467,0.7247,0.6548,0.7741,0.5722,0.0001948225847509,0.0002943268352519,0.0001337852844903,0.0001605415507615,96.3,39,5,96.3,r-gdumb_sl16_st16_bu500_re0.5
smd,vgru,derpp,16,16,B2,500.0,,,0.5,,0.5,0.5,0.0008915581394860151,-0.00030902525704453734,-0.0008915581394860151,0.6958219789588866,0.6967102287787995,0.7681646322699724,5,10,10,0.7484,0.7347,0.6341,0.7655,0.5964,0.7492,0.7346,0.6352,0.7682,0.5964,9.923653052463348e-07,0.0004174480574883,0.0001897496063055,0.0002276984511828,136.6,33,5,136.6,r-derpp_sl16_st16_bu500_re0.5_al0.5_te0.5
smd,vgru,strb,48,48,B2,500.0,0.2,0.9,0.5,,,,0.0015799078235420928,0.000995097965382452,-0.0015799078235420928,0.6945976908699852,0.6950183076122406,0.7680039327398005,5,10,10,0.7485,0.7306,0.6342,0.768,0.5916,0.7505,0.7332,0.6348,0.7649,0.5916,0.000392039318838,0.0005922706145972999,0.0002692146475141,0.0003230559670831,193.8,44,5,93.5,r-strb_sl48_st48_bu500_no0.2_re0.9_re0.5
smd,vgru,gdumb,48,48,B2,500.0,,,0.5,,,,-0.005315817275359869,0.0032717045329845205,0.005315817275359869,0.7008293218526013,0.6961309275382204,0.7780947988323788,5,10,10,0.7485,0.736,0.6563,0.7781,0.5852,0.7475,0.7305,0.6417,0.7757,0.5852,0.0001833009317784,0.0002769205799114,0.0001258733660888,0.0001510472138226,90.6,42,5,90.6,r-gdumb_sl48_st48_bu500_re0.5
smd,vgru,derpp,48,48,B2,500.0,,,0.5,,0.5,0.5,0.0001865659549487364,0.0038603087815920257,-0.0001865659549487364,0.6960265881001614,0.6963826187370887,0.7671388889636439,5,10,10,0.7485,0.7337,0.6396,0.7608,0.5975,0.751,0.7373,0.6293,0.7668,0.5975,0.0002841429218563,0.0004292668997083,0.0001951218510984,0.0002341450486099,140.5,40,5,140.5,r-derpp_sl48_st48_bu500_re0.5_al0.5_te0.5
smd,vgru,strb,8,4,B3,500.0,0.2,0.9,0.5,,,,0.0007004405731374841,0.005789838394524094,-0.0007004405731374841,0.69946397144942,0.6999922672574111,0.7654685349715282,5,10,10,0.7494,0.7431,0.6324,0.7529,0.6195,0.7511,0.7425,0.6331,0.7537,0.6195,0.00046844750420858426,0.0014734906000968,0.0006697795786435,0.0008037110214532,482.2,35,5,251.5,r-strb_sl8_st4_bu500_no0.2_re0.9_re0.5
smd,vgru,strb,12,6,B3,500.0,0.2,0.9,0.5,,,,-0.0004342775514212138,-0.010616189691748656,0.0004342775514212138,0.6918912048205643,0.6916283578537951,0.765674967984167,5,10,10,0.7497,0.7258,0.6568,0.7518,0.5753,0.7483,0.7242,0.6579,0.7525,0.5753,0.00038036687268645287,0.0011704651110747,0.0005320310744165,0.0006384340366581,383.1,36,5,195.7,r-strb_sl12_st6_bu500_no0.2_re0.9_re0.5
smd,vgru,strb,48,24,B3,500.0,0.2,0.9,0.5,,,,0.0007223813348074537,-0.0004245269169616872,-0.0007223813348074537,0.6955885463495861,0.6957778941928041,0.7662474071875806,5,10,10,0.7478,0.7359,0.636,0.7662,0.5919,0.7509,0.733,0.637,0.7661,0.5919,0.0003020800262658397,0.0009273960884794001,0.0004215448725101,0.0005058512159692,303.5,42,5,154.7,r-strb_sl48_st24_bu500_no0.2_re0.9_re0.5
smd,vgru,strb,6,6,B4,100.0,0.05,0.9,0.5,,,,0.0013090605089583263,-0.0012883514236225247,-0.0013090605089583263,0.6930117104769069,0.6941716762519718,0.765030967629472,5,10,10,0.7495,0.7311,0.6326,0.7286,0.6232,0.7519,0.7318,0.6338,0.7302,0.6232,0.00022925819720157636,0.0006896559474739,0.0003134809612224,0.0003761749862514,225.7,32,5,112.8,r-strb_sl6_st6_bu100_no0.05_re0.9_re0.5
smd,vgru,strb,8,8,B4,100.0,0.05,0.9,0.5,,,,0.00019236161839025767,-0.011642836410392533,-0.00019236161839025767,0.690590684176075,0.6906034572739826,0.7621007796739531,5,10,10,0.7511,0.7292,0.648,0.745,0.5797,0.7517,0.7284,0.6484,0.7448,0.5797,0.00020468707479826914,0.0006332340524084,0.00028783444907610003,0.0003453996033321,207.2,35,5,106.4,r-strb_sl8_st8_bu100_no0.05_re0.9_re0.5
smd,vgru,strb,10,10,B4,100.0,0.05,0.9,0.5,,,,-0.00043528912533978835,-0.0033588598334501228,0.00043528912533978835,0.6942249864711865,0.6935664695795076,0.7659597936766952,5,10,10,0.7497,0.7333,0.6355,0.7628,0.5898,0.7492,0.7331,0.6338,0.7619,0.5898,0.00038863411427969997,0.0005871262260127999,0.0002668762710106,0.00032024995500220003,192.2,33,5,96.6,r-strb_sl10_st10_bu100_no0.05_re0.9_re0.5
smd,vgru,strb,12,12,B4,100.0,0.05,0.9,0.5,,,,0.0010379773101420575,0.00039874235545153127,-0.0010379773101420575,0.6957803344783497,0.6967062497785073,0.7616120489891293,5,10,10,0.7492,0.7325,0.6347,0.7549,0.6076,0.7495,0.7337,0.6354,0.7574,0.6076,0.00021287676870543722,0.0006086256085255,0.0002766487035292,0.0003319769049963,199.2,35,5,94.3,r-strb_sl12_st12_bu100_no0.05_re0.9_re0.5
smd,vgru,strb,16,16,B4,100.0,0.05,0.9,0.5,,,,-0.0032922469708229095,0.0017258822576146416,0.0032922469708229095,0.6954367103943738,0.6939836637104501,0.7689993476417951,5,10,10,0.7484,0.7328,0.6216,0.7688,0.6055,0.7391,0.7332,0.6231,0.769,0.6055,0.0001752378983927212,0.0005336540824654,0.0002425706279509,0.0002910834545144,174.7,34,5,88.3,r-strb_sl16_st16_bu100_no0.05_re0.9_re0.5
smd,vgru,strb,24,24,B4,100.0,0.05,0.9,0.5,,,,-0.0002463464420127126,-0.002919094919985321,0.0002463464420127126,0.6948295509312483,0.694432373013112,0.7679886724137333,5,10,10,0.7496,0.7348,0.6323,0.768,0.5895,0.7495,0.7323,0.6352,0.7656,0.5895,0.0003740008744523,0.0005650191629462,0.0002568275544002,0.00030819160854589996,184.9,39,5,87.8,r-strb_sl24_st24_bu100_no0.05_re0.9_re0.5
smd,vgru,strb,48,48,B4,100.0,0.05,0.9,0.5,,,,0.0004590556736095874,-0.0004228509162423233,-0.0004590556736095874,0.6940918553603276,0.6935056557766157,0.7668876751697538,5,10,10,0.7485,0.7329,0.6373,0.7648,0.5868,0.751,0.73,0.6372,0.7625,0.5868,0.00033754323698099997,0.0005099410462513999,0.00023179200243309998,0.0002781490438182,166.9,38,5,83.5,r-strb_sl48_st48_bu100_no0.05_re0.9_re0.5
smd,vgru,strb,6,6,B4,100.0,0.2,0.9,0.5,,,,0.0013090605089583263,-0.0012883514236225247,-0.0013090605089583263,0.6930117104769069,0.6941716762519718,0.765030967629472,5,10,10,0.7495,0.7311,0.6326,0.7286,0.6232,0.7519,0.7318,0.6338,0.7302,0.6232,0.0004500173937863,0.0006798605792585,0.0003090283106481,0.0003708322686103,222.5,32,5,112.1,r-strb_sl6_st6_bu100_no0.2_re0.9_re0.5
smd,vgru,strb,8,8,B4,100.0,0.2,0.9,0.5,,,,0.00019236161839025767,-0.011642836410392533,-0.00019236161839025767,0.690590684176075,0.6906034572739826,0.7621007796739531,5,10,10,0.7511,0.7292,0.648,0.745,0.5797,0.7517,0.7284,0.6484,0.7448,0.5797,0.00020396046730096576,0.000633993869863,0.0002881797715283,0.0003458140983346,207.5,35,5,107.0,r-strb_sl8_st8_bu100_no0.2_re0.9_re0.5
smd,vgru,strb,10,10,B4,100.0,0.2,0.9,0.5,,,,-0.00043528912533978835,-0.0033588598334501228,0.00043528912533978835,0.6942249864711865,0.6935664695795076,0.7659597936766952,5,10,10,0.7497,0.7333,0.6355,0.7628,0.5898,0.7492,0.7331,0.6338,0.7619,0.5898,0.0003948064566899,0.0005964510484403999,0.0002711148161479,0.0003253362322924,195.2,33,5,97.3,r-strb_sl10_st10_bu100_no0.2_re0.9_re0.5
smd,vgru,strb,12,12,B4,100.0,0.2,0.9,0.5,,,,0.0010379773101420575,0.00039874235545153127,-0.0010379773101420575,0.6957803344783497,0.6967062497785073,0.7616120489891293,5,10,10,0.7492,0.7325,0.6347,0.7549,0.6076,0.7495,0.7337,0.6354,0.7574,0.6076,0.00020991033948780988,0.0006078277422830001,0.0002762860379058,0.000331541704377,198.9,35,5,95.5,r-strb_sl12_st12_bu100_no0.2_re0.9_re0.5
smd,vgru,strb,16,16,B4,100.0,0.2,0.9,0.5,,,,-0.003337794571480124,0.001602782785710799,0.003337794571480124,0.6953011165654497,0.6938817311872721,0.7689444302700376,5,10,10,0.7484,0.7328,0.6219,0.7688,0.6047,0.7394,0.7332,0.6237,0.7683,0.6047,0.0003576939722598,0.0005403836263567999,0.0002456295407997,0.000294754085557,176.9,34,5,88.4,r-strb_sl16_st16_bu100_no0.2_re0.9_re0.5
smd,vgru,strb,24,24,B4,100.0,0.2,0.9,0.5,,,,-0.0002463464420127126,-0.002919094919985321,0.0002463464420127126,0.6948295509312483,0.694432373013112,0.7679886724137333,5,10,10,0.7496,0.7348,0.6323,0.768,0.5895,0.7495,0.7323,0.6352,0.7656,0.5895,0.00037111304181810004,0.0005606563903188999,0.00025484446093889995,0.0003058119293798,183.5,39,5,88.5,r-strb_sl24_st24_bu100_no0.2_re0.9_re0.5
smd,vgru,strb,48,48,B4,100.0,0.2,0.9,0.5,,,,0.0005480806557403795,-0.0007651825590494043,-0.0005480806557403795,0.6939002230325353,0.6939224267370826,0.7668876751697538,5,10,10,0.7485,0.7329,0.6386,0.7652,0.5843,0.7512,0.729,0.6386,0.7665,0.5843,0.0003346836158264,0.0005056208939163999,0.00022982831967650002,0.0002757925742398,165.5,38,5,83.2,r-strb_sl48_st48_bu100_no0.2_re0.9_re0.5
smd,vgru,strb,6,6,B4,100.0,0.35,0.9,0.5,,,,0.0013090605089583263,-0.0012883514236225247,-0.0013090605089583263,0.6930117104769069,0.6941716762519718,0.765030967629472,5,10,10,0.7495,0.7311,0.6326,0.7286,0.6232,0.7519,0.7318,0.6338,0.7302,0.6232,0.0004488990831189,0.000678171099366,0.00030826052887900004,0.00036991057048699997,222.0,32,5,111.3,r-strb_sl6_st6_bu100_no0.35_re0.9_re0.5
smd,vgru,strb,8,8,B4,100.0,0.35,0.9,0.5,,,,0.00019236161839025767,-0.011642836410392533,-0.00019236161839025767,0.690590684176075,0.6906034572739826,0.7621007796739531,5,10,10,0.7511,0.7292,0.648,0.745,0.5797,0.7517,0.7284,0.6484,0.7448,0.5797,0.0002085028372388401,0.0006394205056082999,0.0002906464237292,0.0003487740818791,209.3,35,5,106.6,r-strb_sl8_st8_bu100_no0.35_re0.9_re0.5
smd,vgru,strb,10,10,B4,100.0,0.35,0.9,0.5,,,,-0.00043528912533978835,-0.0033588598334501228,0.00043528912533978835,0.6942249864711865,0.6935664695795076,0.7659597936766952,5,10,10,0.7497,0.7333,0.6355,0.7628,0.5898,0.7492,0.7331,0.6338,0.7619,0.5898,0.00038975659184040004,0.0005888220010099999,0.0002676470772595,0.0003211749237503,192.7,33,5,96.3,r-strb_sl10_st10_bu100_no0.35_re0.9_re0.5
smd,vgru,strb,12,12,B4,100.0,0.35,0.9,0.5,,,,0.0010379773101420575,0.00039874235545153127,-0.0010379773101420575,0.6957803344783497,0.6967062497785073,0.7616120489891293,5,10,10,0.7492,0.7325,0.6347,0.7549,0.6076,0.7495,0.7337,0.6354,0.7574,0.6076,0.0003990482231381,0.0006028592669545,0.0002740276478572,0.0003288316190971,197.3,35,5,95.2,r-strb_sl12_st12_bu100_no0.35_re0.9_re0.5
smd,vgru,strb,16,16,B4,100.0,0.35,0.9,0.5,,,,-0.0032579375128910628,0.0016197643632934965,0.0032579375128910628,0.6953165895950765,0.694025102540164,0.7692621436883784,5,10,10,0.7484,0.7328,0.6222,0.7689,0.6044,0.7392,0.7335,0.6237,0.7693,0.6044,0.00035485348187419997,0.000536092375695,0.0002436789468757,0.0002924134288191,175.4,34,5,88.0,r-strb_sl16_st16_bu100_no0.35_re0.9_re0.5
smd,vgru,strb,24,24,B4,100.0,0.35,0.9,0.5,,,,-0.00035207045938071555,-0.0030224516420708004,0.00035207045938071555,0.6948211923122073,0.6944576562315823,0.767781219758433,5,10,10,0.7496,0.7348,0.634,0.7678,0.5879,0.7491,0.7314,0.6368,0.767,0.5879,0.00036926066881420004,0.0005578579309686,0.0002535724372124,0.0003042854937561,182.6,39,5,88.2,r-strb_sl24_st24_bu100_no0.35_re0.9_re0.5
smd,vgru,strb,48,48,B4,100.0,0.35,0.9,0.5,,,,0.000169025459425598,0.00012868741415000828,-0.000169025459425598,0.6952991260858689,0.6945810546436737,0.7669763054170597,5,10,10,0.7485,0.7329,0.6385,0.767,0.5895,0.7509,0.7306,0.638,0.7639,0.5895,0.0003329460430528,0.000502995868198,0.0002286351065997,0.0002743607615981,164.6,38,5,82.8,r-strb_sl48_st48_bu100_no0.35_re0.9_re0.5
smd,vgru,strb,6,6,B4,500.0,0.05,0.9,0.5,,,,0.000497802878397402,-0.000845957872466474,-0.000497802878397402,0.6950869252728913,0.6952696362260568,0.765030967629472,5,10,10,0.7495,0.7344,0.6358,0.7373,0.6183,0.7523,0.7346,0.6334,0.7377,0.6183,0.0005601143501212001,0.0008461887735506999,0.0003846324579252,0.0004615563156253,276.9,32,5,137.6,r-strb_sl6_st6_bu500_no0.05_re0.9_re0.5
smd,vgru,strb,8,8,B4,500.0,0.05,0.9,0.5,,,,0.0003725872109320405,-0.01238071227839368,-0.0003725872109320405,0.6901877019021035,0.6903744078783567,0.7621007796739531,5,10,10,0.7511,0.7276,0.6497,0.7457,0.5768,0.752,0.7269,0.6503,0.7458,0.5768,0.0004967572788498,0.0007504725284245,0.0003411248363398,0.00040934769208449996,245.6,35,5,121.8,r-strb_sl8_st8_bu500_no0.05_re0.9_re0.5
smd,vgru,strb,10,10,B4,500.0,0.05,0.9,0.5,,,,0.0002549839184223801,-0.0003698251714114753,-0.0002549839184223801,0.6963330470562238,0.6962946006440487,0.7659597936766952,5,10,10,0.7497,0.7361,0.6368,0.7629,0.5961,0.7507,0.7359,0.6363,0.7625,0.5961,0.00043623717661209996,0.0006590422141027001,0.0002995655340316,0.000359476680071,215.7,33,5,107.1,r-strb_sl10_st10_bu500_no0.05_re0.9_re0.5
smd,vgru,strb,12,12,B4,500.0,0.05,0.9,0.5,,,,-0.00034920414712314997,0.002663370782540453,0.00034920414712314997,0.6982632952292568,0.6977774337597108,0.7616120489891293,5,10,10,0.7492,0.7367,0.6326,0.7572,0.6155,0.75,0.735,0.6317,0.7566,0.6155,0.00021372511964893088,0.0006466797559789,0.0002939461711813,0.00035273358479760003,211.6,37,5,106.4,r-strb_sl12_st12_bu500_no0.05_re0.9_re0.5
smd,vgru,strb,16,16,B4,500.0,0.05,0.9,0.5,,,,-0.001124055957266168,0.0024725578622457832,0.001124055957266168,0.6967735225691494,0.6960986882015662,0.7722064891446526,5,10,10,0.7484,0.735,0.6258,0.7722,0.6025,0.7446,0.7365,0.6255,0.7715,0.6025,0.00018051312153563468,0.0005457558260486,0.000248071500635,0.00029768432541360003,178.6,33,5,89.7,r-strb_sl16_st16_bu500_no0.05_re0.9_re0.5
smd,vgru,strb,24,24,B4,500.0,0.05,0.9,0.5,,,,0.0007648832786035453,-0.0015238555669852883,-0.0007648832786035453,0.6945080364426304,0.6954585276261583,0.7662468117166863,5,10,10,0.7496,0.7354,0.6318,0.7648,0.5909,0.7504,0.7336,0.6362,0.7662,0.5909,0.0003884088916883,0.0005867859725835,0.0002667216106453,0.0003200643619382,192.0,43,5,97.9,r-strb_sl24_st24_bu500_no0.05_re0.9_re0.5
smd,vgru,strb,48,48,B4,500.0,0.05,0.9,0.5,,,,0.002083116579365174,0.0014080481167075497,-0.002083116579365174,0.6947051506270998,0.6955291759754617,0.7688164308219289,5,10,10,0.7485,0.7306,0.6319,0.7688,0.5936,0.7511,0.7334,0.6352,0.7642,0.5936,0.0004076861650066,0.0006159089762400999,0.0002799593979751,0.00033594957826490004,201.6,48,5,100.3,r-strb_sl48_st48_bu500_no0.05_re0.9_re0.5
smd,vgru,strb,6,6,B4,500.0,0.35,0.9,0.5,,,,0.0005912175139376364,-0.000864105685204053,-0.0005912175139376364,0.6951210006256987,0.6953598040509194,0.765030967629472,5,10,10,0.7495,0.7344,0.6362,0.7373,0.6182,0.7524,0.7348,0.6338,0.7377,0.6182,0.00027725999792738604,0.0008367417036738,0.0003803385937482,0.0004564031099255,273.8,32,5,137.3,r-strb_sl6_st6_bu500_no0.35_re0.9_re0.5
smd,vgru,strb,8,8,B4,500.0,0.35,0.9,0.5,,,,0.000338263314632381,-0.012440391558211306,-0.000338263314632381,0.6901182657404781,0.6902566456442206,0.7621007796739531,5,10,10,0.7511,0.7276,0.6497,0.7455,0.5767,0.7519,0.7265,0.6507,0.7454,0.5767,0.0004907357801039,0.0007413755919907,0.0003369899306684,0.0004043856613221,242.6,35,5,121.1,r-strb_sl8_st8_bu500_no0.35_re0.9_re0.5
smd,vgru,strb,10,10,B4,500.0,0.35,0.9,0.5,,,,0.00029588602647711014,-0.0003449864775956435,-0.00029588602647711014,0.6963543375767098,0.6963352233714664,0.7659597936766952,5,10,10,0.7497,0.7361,0.6368,0.7628,0.5963,0.7508,0.736,0.6362,0.7624,0.5963,0.0004310565662526,0.0006512156438223001,0.00029600794652869997,0.00035520769729339996,213.1,33,5,106.0,r-strb_sl10_st10_bu500_no0.35_re0.9_re0.5
smd,vgru,strb,12,12,B4,500.0,0.35,0.9,0.5,,,,-0.0004404784385270477,0.0026185086549729286,0.0004404784385270477,0.6982888047777602,0.6977433105946561,0.7616120489891293,5,10,10,0.7492,0.7367,0.6331,0.7569,0.6154,0.75,0.7348,0.6321,0.7563,0.6154,0.00042560507507669997,0.0006429798422735999,0.0002922643452578,0.00035071549701579997,210.4,37,5,106.7,r-strb_sl12_st12_bu500_no0.35_re0.9_re0.5
smd,vgru,strb,16,16,B4,500.0,0.35,0.9,0.5,,,,-0.0012819078241393278,0.0021551837868217572,0.0012819078241393278,0.6967057451340046,0.695895872182366,0.7722339532416429,5,10,10,0.7484,0.735,0.627,0.7722,0.6009,0.7445,0.7359,0.6266,0.7716,0.6009,0.000361356198563,0.0005459163087156999,0.0002481443831605,0.00029777192555520003,178.7,33,5,89.7,r-strb_sl16_st16_bu500_no0.35_re0.9_re0.5
smd,vgru,strb,24,24,B4,500.0,0.35,0.9,0.5,,,,0.000800630473941244,-0.0015542693041360022,-0.000800630473941244,0.6944314793753329,0.6954001460303665,0.7660268772288084,5,10,10,0.7496,0.7354,0.6318,0.7647,0.5907,0.7504,0.7334,0.6365,0.766,0.5907,0.00038317484918449997,0.0005788786800708,0.0002631273659728,0.0003157513140979,189.5,43,5,97.2,r-strb_sl24_st24_bu500_no0.35_re0.9_re0.5
smd,vgru,strb,48,48,B4,500.0,0.35,0.9,0.5,,,,0.001015618328729162,0.001306124830222888,-0.001015618328729162,0.6947302254739003,0.6948450930073466,0.7671359811897678,5,10,10,0.7485,0.7306,0.6354,0.7671,0.5919,0.7501,0.7325,0.6361,0.7636,0.5919,0.00020054685123243565,0.0006034582525515,0.00027429995144410003,0.0003291583011073,197.5,47,5,98.7,r-strb_sl48_st48_bu500_no0.35_re0.9_re0.5
smd,vgru,strb,6,6,B4,1000.0,0.05,0.9,0.5,,,,0.001416376149345,-0.0002878792707932898,-0.001416376149345,0.6949744383429456,0.6960069600470139,0.765030967629472,5,10,10,0.7495,0.7353,0.6347,0.7387,0.6166,0.7527,0.736,0.6341,0.7405,0.6166,0.0003405383989443971,0.0010304708680972,0.0004683984269128,0.0005620724411843,337.2,32,5,169.5,r-strb_sl6_st6_bu1000_no0.05_re0.9_re0.5
smd,vgru,strb,8,8,B4,1000.0,0.05,0.9,0.5,,,,0.0005659233120297591,-0.011102704773725037,-0.0005659233120297591,0.6904429224263013,0.690960471249995,0.7621007796739531,5,10,10,0.7511,0.7289,0.6516,0.7417,0.579,0.7522,0.7279,0.6514,0.7442,0.579,0.0005471982666932,0.0008266758923101,0.0003757629999457,0.00045091289236439997,270.5,32,5,136.6,r-strb_sl8_st8_bu1000_no0.05_re0.9_re0.5
smd,vgru,strb,10,10,B4,1000.0,0.05,0.9,0.5,,,,0.00047877938739205873,-0.0008633302041376134,-0.00047877938739205873,0.6958107115243936,0.6959667465025511,0.7659597936766952,5,10,10,0.7497,0.7354,0.6347,0.7633,0.5959,0.7508,0.7359,0.6344,0.7629,0.5959,0.0004897007436983,0.0007398119180971,0.0003362791542797,0.0004035327638172,242.1,33,5,121.1,r-strb_sl10_st10_bu1000_no0.05_re0.9_re0.5
smd,vgru,strb,12,12,B4,1000.0,0.05,0.9,0.5,,,,2.359814043869646e-05,0.002619353713726802,-2.359814043869646e-05,0.697463220084476,0.6975353937213231,0.7616120489891293,5,10,10,0.7492,0.7351,0.6318,0.756,0.6151,0.7496,0.7348,0.6312,0.757,0.6151,0.0004735127464859,0.0007153560163612,0.000325162721986,0.0003901932943751,234.1,35,5,117.8,r-strb_sl12_st12_bu1000_no0.05_re0.9_re0.5
smd,vgru,strb,16,16,B4,1000.0,0.05,0.9,0.5,,,,-0.0010670825452490206,0.002131405141342235,0.0010670825452490206,0.6967145470489043,0.6964522447317533,0.7709877417705637,5,10,10,0.7484,0.7353,0.6294,0.7693,0.6012,0.7461,0.7363,0.6286,0.7701,0.6012,0.0003898998443483,0.000589038418718,0.0002677454453136,0.0003212929734043,192.8,33,5,97.4,r-strb_sl16_st16_bu1000_no0.05_re0.9_re0.5
smd,vgru,strb,24,24,B4,1000.0,0.05,0.9,0.5,,,,0.0016129497646189873,-0.001653507121367337,-0.0016129497646189873,0.6937786522743276,0.695504434481764,0.7664549892108014,5,10,10,0.7496,0.7333,0.6319,0.7643,0.5899,0.7505,0.7332,0.6375,0.7665,0.5899,0.0003774954148851,0.0005702985150683,0.0002592273118058,0.00031107120326239997,186.6,41,5,96.6,r-strb_sl24_st24_bu1000_no0.05_re0.9_re0.5
smd,vgru,strb,48,48,B4,1000.0,0.05,0.9,0.5,,,,0.0018286477101304266,0.0028271244525758686,-0.0018286477101304266,0.6956546552129879,0.69615193387936,0.7684181524384913,5,10,10,0.7485,0.7322,0.6302,0.7684,0.599,0.7505,0.736,0.6309,0.7644,0.599,0.00035367076560399995,0.0005343055954956,0.0002428668187536,0.0002914387767419,174.9,39,5,88.9,r-strb_sl48_st48_bu1000_no0.05_re0.9_re0.5
smd,vgru,strb,6,6,B4,1000.0,0.2,0.9,0.5,,,,0.0014611036792380738,-0.00031743701685208456,-0.0014611036792380738,0.6949487476531306,0.6960547841950214,0.765030967629472,5,10,10,0.7495,0.7353,0.6347,0.7389,0.6163,0.7527,0.736,0.6343,0.741,0.6163,0.0006812376945107,0.0010291750052283,0.0004678086488429,0.0005613663563853,336.8,32,5,170.6,r-strb_sl6_st6_bu1000_no0.2_re0.9_re0.5
smd,vgru,strb,8,8,B4,1000.0,0.2,0.9,0.5,,,,0.0005680154091026845,-0.01104182355490757,-0.0005680154091026845,0.6905154592900924,0.6910349297876384,0.7621007796739531,5,10,10,0.7511,0.7289,0.6517,0.7414,0.5796,0.7524,0.7281,0.6514,0.7438,0.5796,0.00027199730678416345,0.0008256325267492,0.0003752885051511,0.00045034402159810003,270.2,32,5,136.2,r-strb_sl8_st8_bu1000_no0.2_re0.9_re0.5
smd,vgru,strb,10,10,B4,1000.0,0.2,0.9,0.5,,,,0.0004765749963915766,-0.0008516701673903059,-0.0004765749963915766,0.6958166461164312,0.6959443298435554,0.7659597936766952,5,10,10,0.7497,0.7354,0.6346,0.7633,0.5961,0.7507,0.7359,0.6344,0.7626,0.5961,0.0004892366471109,0.0007391107874761,0.0003359604855325,0.0004031503019434,241.9,33,5,121.4,r-strb_sl10_st10_bu1000_no0.2_re0.9_re0.5
smd,vgru,strb,12,12,B4,1000.0,0.2,0.9,0.5,,,,-3.221501485994871e-05,0.002534391295511218,3.221501485994871e-05,0.6975042629766328,0.6975482933745157,0.7616120489891293,5,10,10,0.7492,0.7351,0.6325,0.7561,0.6147,0.7496,0.7347,0.6317,0.7571,0.6147,0.00047416549886700003,0.0007163421573818001,0.0003256108811344,0.0003907312762472,234.4,35,5,117.1,r-strb_sl12_st12_bu1000_no0.2_re0.9_re0.5
smd,vgru,strb,16,16,B4,1000.0,0.2,0.9,0.5,,,,-0.00120001386074009,0.002137365259478863,0.00120001386074009,0.6967808134208625,0.6964101842639387,0.7710081173113414,5,10,10,0.7484,0.7353,0.6296,0.7694,0.6012,0.746,0.7363,0.6284,0.7701,0.6012,0.00019253706416813638,0.0005845563642113999,0.00026570817268539997,0.00031884819152599997,191.3,33,5,96.5,r-strb_sl16_st16_bu1000_no0.2_re0.9_re0.5
smd,vgru,strb,24,24,B4,1000.0,0.2,0.9,0.5,,,,0.0015893736736549923,-0.0017074464797747547,-0.0015893736736549923,0.693739677523197,0.6954406610603697,0.7666864724365139,5,10,10,0.7496,0.7333,0.6319,0.7645,0.5895,0.7504,0.7331,0.6375,0.7667,0.5895,0.00018294698205033918,0.0005701312402184001,0.0002591512666089,0.0003109799736093,186.6,41,5,96.5,r-strb_sl24_st24_bu1000_no0.2_re0.9_re0.5
smd,vgru,strb,48,48,B4,1000.0,0.2,0.9,0.5,,,,0.0015109071463012991,0.0027485158434724212,-0.0015109071463012991,0.6957497413812205,0.6960404181537058,0.7682730859281999,5,10,10,0.7485,0.7322,0.6326,0.7683,0.5971,0.7499,0.7346,0.6342,0.7643,0.5971,0.0003516181969751,0.0005312046920277,0.00024145731862969998,0.000289747373398,173.8,39,5,87.2,r-strb_sl48_st48_bu1000_no0.2_re0.9_re0.5
smd,vgru,strb,6,6,B4,1000.0,0.35,0.9,0.5,,,,0.0014282396107662798,-0.00030555062369669317,-0.0014282396107662798,0.6949666758597072,0.6960109104246861,0.765030967629472,5,10,10,0.7495,0.7353,0.6347,0.7388,0.6165,0.7527,0.736,0.6342,0.7406,0.6165,0.000346067240381022,0.0010409728548765001,0.0004731722113378,0.0005678006435387,340.7,32,5,170.2,r-strb_sl6_st6_bu1000_no0.35_re0.9_re0.5
smd,vgru,strb,8,8,B4,1000.0,0.35,0.9,0.5,,,,0.0005824830163030815,-0.011093689627547731,-0.0005824830163030815,0.690441525263964,0.6909720943263535,0.7621007796739531,5,10,10,0.7511,0.7289,0.6516,0.7415,0.5792,0.7523,0.728,0.6514,0.744,0.5792,0.0005545139391588,0.0008377279924928,0.000380786634371,0.00045694135812170003,274.2,32,5,136.9,r-strb_sl8_st8_bu1000_no0.35_re0.9_re0.5
smd,vgru,strb,10,10,B4,1000.0,0.35,0.9,0.5,,,,0.0003780808799675794,-0.0009943256579867388,-0.0003780808799675794,0.6957837093391565,0.6958805184502678,0.7659597936766952,5,10,10,0.7497,0.7354,0.6354,0.7632,0.5953,0.7507,0.7354,0.6353,0.7627,0.5953,0.0004888098888397,0.0007384660654511,0.000335667316838,0.0004027987486131,241.7,33,5,120.4,r-strb_sl10_st10_bu1000_no0.35_re0.9_re0.5
smd,vgru,strb,12,12,B4,1000.0,0.35,0.9,0.5,,,,-4.349803653230788e-05,0.002544148198510343,4.349803653230788e-05,0.6974314683177315,0.6974434730599277,0.7616120489891293,5,10,10,0.7492,0.7351,0.632,0.7557,0.6151,0.7496,0.7346,0.6313,0.7566,0.6151,0.0004649846248121,0.0007024722171543,0.0003193064215282,0.00038316579562610003,229.9,35,5,117.1,r-strb_sl12_st12_bu1000_no0.35_re0.9_re0.5
smd,vgru,strb,16,16,B4,1000.0,0.35,0.9,0.5,,,,-0.0011749956721194943,0.002107248292812236,0.0011749956721194943,0.6968664752369269,0.6965749785713103,0.7709225324645187,5,10,10,0.7484,0.7353,0.6302,0.7689,0.6015,0.7459,0.7359,0.6298,0.7698,0.6015,0.0001992021349817752,0.0005928819489495,0.0002694924983227,0.0003233894506267,194.0,33,5,95.9,r-strb_sl16_st16_bu1000_no0.35_re0.9_re0.5
smd,vgru,strb,24,24,B4,1000.0,0.35,0.9,0.5,,,,0.001665932228732947,-0.001505205791228159,-0.001665932228732947,0.6938518641781167,0.6956331454047557,0.7666633641423548,5,10,10,0.7496,0.7333,0.6317,0.7643,0.5905,0.7506,0.7333,0.6372,0.7667,0.5905,0.0003815840979831,0.0005764754639993,0.00026203506371939996,0.0003144404002798,188.7,41,5,96.8,r-strb_sl24_st24_bu1000_no0.35_re0.9_re0.5
smd,vgru,strb,48,48,B4,1000.0,0.35,0.9,0.5,,,,0.001328342733993726,0.002966356227277045,-0.001328342733993726,0.6959352240455123,0.6960497539720143,0.7682921001702218,5,10,10,0.7485,0.7322,0.6326,0.7683,0.5981,0.7497,0.7347,0.6339,0.7639,0.5981,0.0003492103820063,0.0005275671026766,0.0002398038696206,0.0002877632330559,172.7,39,5,86.0,r-strb_sl48_st48_bu1000_no0.35_re0.9_re0.5
smd,vgru,strb,24,12,B6,500.0,0.01,0.3,0.5,,,,-0.005366851376494642,-0.001001409894687133,0.005366851376494642,0.6972378696670284,0.6940037347107294,0.7659377382823085,5,10,10,0.749,0.736,0.6457,0.7656,0.5899,0.7398,0.7327,0.6434,0.7643,0.5899,0.0005370019242486,0.0008112718404303,0.000368760853066,0.0004425109873642,265.5,42,5,265.5,r-strb_sl24_st12_bu500_no0.01_re0.3_re0.5
smd,vgru,strb,24,12,B6,500.0,0.05,0.3,0.5,,,,-0.004951117463948251,-0.0007114030456846554,0.004951117463948251,0.6975055865412838,0.6947647515300015,0.7659377382823085,5,10,10,0.749,0.736,0.6439,0.7644,0.5942,0.7437,0.7321,0.6427,0.7611,0.5942,1.8491771784308664e-06,0.0007778742535704,0.0003535802040533,0.000424294049517,254.6,39,5,254.6,r-strb_sl24_st12_bu500_no0.05_re0.3_re0.5
smd,vgru,strb,24,12,B6,500.0,0.1,0.3,0.5,,,,-0.004084745622992603,-0.00049046386628534,0.004084745622992603,0.6972914123270197,0.6950824931120017,0.7659377382823085,5,10,10,0.749,0.736,0.6429,0.7645,0.5941,0.7439,0.732,0.6441,0.7613,0.5941,0.0004652297328111,0.0007028425123219,0.0003194747023193,0.0003833678100025,230.0,38,5,230.0,r-strb_sl24_st12_bu500_no0.1_re0.3_re0.5
smd,vgru,strb,24,12,B6,500.0,0.35,0.3,0.5,,,,-0.005268205424936024,-0.0009591302562758308,0.005268205424936024,0.6972312280189362,0.694116030850596,0.7659377382823085,5,10,10,0.749,0.736,0.6463,0.7658,0.5891,0.7403,0.7318,0.6445,0.7649,0.5891,0.000347718360849,0.0005253130423175,0.0002387792991907,0.0002865337431267,171.9,42,5,171.9,r-strb_sl24_st12_bu500_no0.35_re0.3_re0.5
smd,vgru,strb,24,12,B6,500.0,0.5,0.3,0.5,,,,-0.004429653972735747,-0.0009811448854432302,0.004429653972735747,0.6966458513609608,0.6941770485775364,0.7659377382823085,5,10,10,0.749,0.736,0.6425,0.7654,0.5904,0.7417,0.7322,0.6421,0.7645,0.5904,1.2434236653422606e-06,0.0005230581833,0.0002377543397571,0.0002853038435429,171.2,42,5,171.2,r-strb_sl24_st12_bu500_no0.5_re0.3_re0.5
smd,vgru,strb,24,12,B6,500.0,0.01,0.5,0.5,,,,-0.00559062004376173,0.00014975867393957065,0.00559062004376173,0.6983086922891026,0.6948960068274965,0.7659377382823085,5,10,10,0.749,0.736,0.6451,0.7654,0.596,0.743,0.7344,0.6388,0.7622,0.596,0.0004116939181039,0.0006219636607475,0.0002827114958885,0.000339252164859,203.6,41,5,203.6,r-strb_sl24_st12_bu500_no0.01_re0.5_re0.5
smd,vgru,strb,24,12,B6,500.0,0.05,0.5,0.5,,,,-0.00434446371647923,-0.0006892646442926531,0.00434446371647923,0.697422790763486,0.6951919892448212,0.7659377382823085,5,10,10,0.749,0.736,0.6432,0.7647,0.5942,0.7432,0.7327,0.6446,0.7613,0.5942,0.0003805776113145,0.0005749549214179,0.0002613438883666,0.0003136110330512,188.2,39,5,188.2,r-strb_sl24_st12_bu500_no0.05_re0.5_re0.5
smd,vgru,strb,24,12,B6,500.0,0.1,0.5,0.5,,,,-0.005092142750691897,-0.0007711250391628455,0.005092142750691897,0.6974421569836698,0.694545721022703,0.7659377382823085,5,10,10,0.749,0.736,0.6435,0.7649,0.5938,0.7434,0.7333,0.6409,0.7613,0.5938,1.2965422477290758e-06,0.0005454030284056,0.0002479110937507,0.0002974919346549,178.5,39,5,178.5,r-strb_sl24_st12_bu500_no0.1_re0.5_re0.5
smd,vgru,strb,24,12,B6,500.0,0.35,0.5,0.5,,,,-0.0054418169249811025,-0.0008703815263032877,0.0054418169249811025,0.697339143956839,0.6941316036507066,0.7659377382823085,5,10,10,0.749,0.736,0.6465,0.7653,0.5899,0.7405,0.7321,0.6439,0.7643,0.5899,1.2498385112465051e-06,0.0005257566502332,0.0002389809234966,0.0002867757267365,172.1,42,5,172.1,r-strb_sl24_st12_bu500_no0.35_re0.5_re0.5
smd,vgru,strb,24,12,B6,500.0,0.5,0.5,0.5,,,,-0.004318009115194543,-0.0007006131767790747,0.004318009115194543,0.6969219629175758,0.6944859820464281,0.7664649611537512,5,10,10,0.749,0.736,0.6424,0.7665,0.5907,0.7424,0.7324,0.6412,0.7656,0.5907,1.2400781236017751e-06,0.0005216508488301,0.0002371147277189,0.0002845361211112,170.7,42,5,170.7,r-strb_sl24_st12_bu500_no0.5_re0.5_re0.5
smd,vgru,strb,24,12,B6,500.0,0.01,0.7,0.5,,,,-0.004138133675588363,-0.0009597618328080037,0.004138133675588363,0.6967666737625303,0.6945994291789599,0.7672128893304684,5,10,10,0.749,0.736,0.64,0.7672,0.5916,0.7433,0.7334,0.6395,0.7652,0.5916,0.0003474373579529,0.0005248885191894,0.0002385863828731,0.0002863021363162,171.8,42,5,171.8,r-strb_sl24_st12_bu500_no0.01_re0.7_re0.5
smd,vgru,strb,24,12,B6,500.0,0.05,0.7,0.5,,,,-0.004206065381873803,-0.0007729537302494482,0.004206065381873803,0.696999057008538,0.694503006651817,0.7666219482588741,5,10,10,0.749,0.736,0.6401,0.7666,0.5932,0.7436,0.7336,0.6392,0.7628,0.5932,0.0003508439197527,0.000530034958217,0.0002409256960627,0.0002891092621542,173.5,42,5,173.5,r-strb_sl24_st12_bu500_no0.05_re0.7_re0.5
smd,vgru,strb,24,12,B6,500.0,0.1,0.7,0.5,,,,-0.0042575310491727025,-0.0007731366685896912,0.0042575310491727025,0.6970135700125109,0.6945551458990559,0.7669050059299659,5,10,10,0.749,0.736,0.6403,0.7669,0.5929,0.7439,0.7332,0.6391,0.7637,0.5929,0.0003494867553775,0.0005279846317829,0.0002399936528934,0.0002879909788894,172.8,42,5,172.8,r-strb_sl24_st12_bu500_no0.1_re0.7_re0.5
smd,vgru,strb,24,12,B6,500.0,0.35,0.7,0.5,,,,-0.004656147224235918,-0.0007654648788065765,0.004656147224235918,0.6971780806601049,0.6944008608462565,0.7684290092891719,5,10,10,0.749,0.736,0.6403,0.7684,0.5921,0.7431,0.7331,0.6391,0.7646,0.5921,0.0003404697186527,0.0005143622076376,0.0002338016906222,0.0002805605170154,168.3,41,5,168.3,r-strb_sl24_st12_bu500_no0.35_re0.7_re0.5
smd,vgru,strb,24,12,B6,500.0,0.5,0.7,0.5,,,,-0.004395507469465853,-0.0010238871067986932,0.004395507469465853,0.6967560067148298,0.694228237332007,0.7666945835992225,5,10,10,0.749,0.736,0.6413,0.7667,0.5908,0.7425,0.7328,0.6406,0.7644,0.5908,1.246981894286284e-06,0.0005245549866978,0.0002384347359365,0.0002861202507613,171.7,42,5,171.7,r-strb_sl24_st12_bu500_no0.5_re0.7_re0.5
smd,vgru,strb,24,12,B6,500.0,0.01,0.95,0.5,,,,-0.003447266790640724,-0.000977951477490302,0.003447266790640724,0.696033912234407,0.6942566773832337,0.766271515738087,5,10,10,0.749,0.736,0.6373,0.7663,0.5916,0.7432,0.7337,0.6374,0.7653,0.5916,1.2550544631972197e-06,0.0005279507908367,0.0002399782552099,0.0002879725356268,172.8,42,5,172.8,r-strb_sl24_st12_bu500_no0.01_re0.95_re0.5
smd,vgru,strb,24,12,B6,500.0,0.05,0.95,0.5,,,,-0.003447266790640724,-0.000977951477490302,0.003447266790640724,0.696033912234407,0.6942566773832337,0.766271515738087,5,10,10,0.749,0.736,0.6373,0.7663,0.5916,0.7432,0.7337,0.6374,0.7653,0.5916,1.23979324713042e-06,0.0005215310127889,0.0002370601784146,0.0002844708343742,170.7,42,5,170.7,r-strb_sl24_st12_bu500_no0.05_re0.95_re0.5
smd,vgru,strb,24,12,B6,500.0,0.1,0.95,0.5,,,,-0.003447266790640724,-0.000977951477490302,0.003447266790640724,0.696033912234407,0.6942566773832337,0.766271515738087,5,10,10,0.749,0.736,0.6373,0.7663,0.5916,0.7432,0.7337,0.6374,0.7653,0.5916,1.2576741903084405e-06,0.0005290528043673,0.0002404792087404,0.0002885735956269,173.1,42,5,173.2,r-strb_sl24_st12_bu500_no0.1_re0.95_re0.5
smd,vgru,strb,24,12,B6,500.0,0.35,0.95,0.5,,,,-0.003447266790640724,-0.000977951477490302,0.003447266790640724,0.696033912234407,0.6942566773832337,0.766271515738087,5,10,10,0.749,0.736,0.6373,0.7663,0.5916,0.7432,0.7337,0.6374,0.7653,0.5916,0.00034936748478,0.0005278044445754,0.0002399117476287,0.0002878926969467,172.7,42,5,172.7,r-strb_sl24_st12_bu500_no0.35_re0.95_re0.5
smd,vgru,strb,24,12,B6,500.0,0.5,0.95,0.5,,,,-0.003447266790640724,-0.000977951477490302,0.003447266790640724,0.696033912234407,0.6942566773832337,0.766271515738087,5,10,10,0.749,0.736,0.6373,0.7663,0.5916,0.7432,0.7337,0.6374,0.7653,0.5916,1.2542738399781497e-06,0.0005276224141344,0.0002398290064257,0.0002877934077087,172.7,42,5,172.7,r-strb_sl24_st12_bu500_no0.5_re0.95_re0.5
smd,vlstm,strb,24,12,B1,500.0,0.2,0.9,0.5,,,,0.00011994012298859325,-0.0004388762690034631,-0.00011994012298859325,0.6960427030604809,0.6962394781006737,0.7657166381021573,5,10,10,0.7497,0.7352,0.6347,0.7624,0.5982,0.7495,0.7352,0.6361,0.7621,0.5982,0.0005961620522951,0.0009006475834083,0.0004093864211805,0.0004912611622277,294.8,33,5,149.9,r-strb_sl24_st12_bu500_no0.2_re0.9_re0.5
smd,vlstm,strb,24,12,B1,100.0,0.2,0.9,0.5,,,,-0.0012815672914640696,-0.002453751033990659,0.0012815672914640696,0.6947054606625717,0.6944795071470572,0.7657166381021573,5,10,10,0.7497,0.7336,0.6358,0.7612,0.5933,0.7449,0.7356,0.6358,0.7629,0.5933,0.0006053948920229,0.0009145960304067,0.00041572653860199997,0.0004988694918046,299.3,33,5,143.1,r-strb_sl24_st12_bu100_no0.2_re0.9_re0.5
smd,vlstm,strb,24,12,B1,250.0,0.2,0.9,0.5,,,,8.819812025246953e-05,0.00014635025825545655,-8.819812025246953e-05,0.6966812725273769,0.6967954928209661,0.7657166381021573,5,10,10,0.7497,0.7358,0.6383,0.7604,0.5993,0.7501,0.7362,0.6377,0.7606,0.5993,0.00029474846082647085,0.0008931771666997,0.0004059907904521,0.0004871863762474,292.3,33,5,147.4,r-strb_sl24_st12_bu250_no0.2_re0.9_re0.5
smd,vlstm,strb,24,12,B1,1000.0,0.2,0.9,0.5,,,,6.064772484971614e-05,-0.0008109110399208031,-6.064772484971614e-05,0.6960143693898149,0.695779707107304,0.7657166381021573,5,10,10,0.7497,0.7353,0.6352,0.7627,0.5972,0.7503,0.7356,0.6344,0.7614,0.5972,0.0006627996092133,0.0010013197989101,0.00045514658536209996,0.000546173213548,327.7,33,5,166.6,r-strb_sl24_st12_bu1000_no0.2_re0.9_re0.5
smd,vlstm,strb,24,12,B1,2000.0,0.2,0.9,0.5,,,,-0.0004807181583674214,-0.0008004497777270858,0.0004807181583674214,0.6963788259810695,0.6957647582126685,0.7657166381021573,5,10,10,0.7497,0.7349,0.6375,0.7645,0.5953,0.7496,0.7343,0.6363,0.7633,0.5953,0.0007669096504083,0.0011586033037051,0.0005266393929396001,0.0006319639107654001,379.2,33,5,192.2,r-strb_sl24_st12_bu2000_no0.2_re0.9_re0.5
smd,vlstm,strb,24,12,B1,4000.0,0.2,0.9,0.5,,,,-0.0005417900491347493,-0.0002866977908578594,0.0005417900491347493,0.6965879680985722,0.6960071413254493,0.7657166381021573,5,10,10,0.7497,0.7356,0.6357,0.7655,0.5965,0.7492,0.7348,0.6348,0.7647,0.5965,0.0009566050312355,0.0014451842520698,0.0006569040222196,0.0007882802298501,473.0,33,5,241.7,r-strb_sl24_st12_bu4000_no0.2_re0.9_re0.5
smd,vlstm,strb,24,12,B1,500.0,0.01,0.9,0.5,,,,0.00010729392673328731,-0.000460034119767605,-0.00010729392673328731,0.6960242708264212,0.6962266405954276,0.7657166381021573,5,10,10,0.7497,0.7352,0.6349,0.7622,0.5981,0.7495,0.7351,0.6364,0.7621,0.5981,0.0003046889050341,0.000460306597768,0.0002092309330473,0.0002510756647206,150.6,33,5,150.7,r-strb_sl24_st12_bu500_no0.01_re0.9_re0.5
smd,vlstm,strb,24,12,B1,500.0,0.05,0.9,0.5,,,,8.594189911539373e-05,-0.00047290833155319014,-8.594189911539373e-05,0.6960286016997442,0.6961959283108569,0.7657166381021573,5,10,10,0.7497,0.7352,0.6349,0.7624,0.598,0.7494,0.7351,0.6363,0.7622,0.598,0.0003006355990352291,0.0009143859183231,0.00041563109068529995,0.0004987548276377,299.3,33,5,151.2,r-strb_sl24_st12_bu500_no0.05_re0.9_re0.5
smd,vlstm,strb,24,12,B1,500.0,0.1,0.9,0.5,,,,0.00010839010194673149,-0.00046757175715814723,-0.00010839010194673149,0.6960225794463104,0.6962277465689769,0.7657166381021573,5,10,10,0.7497,0.7352,0.6349,0.7623,0.598,0.7495,0.7351,0.6364,0.7622,0.598,0.0005954392021755,0.0008995555427276001,0.0004088899131384,0.000490665629589,294.4,33,5,149.2,r-strb_sl24_st12_bu500_no0.1_re0.9_re0.5
smd,vlstm,strb,24,12,B1,500.0,0.35,0.9,0.5,,,,0.0001665849733164526,-0.0004822233147834476,-0.0001665849733164526,0.6960221720511511,0.6962883734411486,0.7657166381021573,5,10,10,0.7497,0.7352,0.6349,0.7621,0.5982,0.7495,0.7352,0.6364,0.7621,0.5982,0.00060461634799,0.0009134198505423,0.0004151920806771,0.0004982277698651,298.9,33,5,150.3,r-strb_sl24_st12_bu500_no0.35_re0.9_re0.5
smd,vlstm,strb,24,12,B1,500.0,0.5,0.9,0.5,,,,0.00018709906955692855,-0.0004278412309623447,-0.00018709906955692855,0.6960386181307451,0.6963067510818257,0.7657166381021573,5,10,10,0.7497,0.7352,0.6347,0.7621,0.5985,0.7496,0.7353,0.6362,0.762,0.5985,0.0003006847612209,0.0004542573659607,0.0002064816865158,0.0002477756794448,148.7,33,5,148.7,r-strb_sl24_st12_bu500_no0.5_re0.9_re0.5
smd,vlstm,strb,24,12,B1,500.0,0.2,0.3,0.5,,,,-0.0009835808257980915,-0.0007381770599251047,0.0009835808257980915,0.6963177406814931,0.6956806597910363,0.7657166381021573,5,10,10,0.7497,0.7352,0.6375,0.7634,0.5958,0.7493,0.7358,0.6332,0.7643,0.5958,1.30957906801961e-06,0.0005508870928699,0.000250403946411,0.0003004831464588,180.3,37,5,180.3,r-strb_sl24_st12_bu500_no0.2_re0.3_re0.5
smd,vlstm,strb,24,12,B1,500.0,0.2,0.5,0.5,,,,-0.0009106697536475306,-0.001316783327710813,0.0009106697536475306,0.6960667480043676,0.6954858677970686,0.7657166381021573,5,10,10,0.7497,0.7352,0.639,0.7642,0.5923,0.7479,0.733,0.6397,0.7644,0.5923,1.2062079198116685e-06,0.0005074030202289,0.0002306384359932,0.0002767645842356,166.1,36,5,166.1,r-strb_sl24_st12_bu500_no0.2_re0.5_re0.5
smd,vlstm,strb,24,12,B1,500.0,0.2,0.7,0.5,,,,-4.586432232163151e-05,-0.0012374124655281649,4.586432232163151e-05,0.6952995165212923,0.6956680496766244,0.7688402390178711,5,10,10,0.7497,0.7352,0.6343,0.7658,0.5915,0.7482,0.7331,0.6368,0.7688,0.5915,0.0002957269999903545,0.0009053961928827999,0.0004115449574018,0.0004938512354809,296.3,33,5,150.7,r-strb_sl24_st12_bu500_no0.2_re0.7_re0.5
smd,vlstm,strb,24,12,B1,500.0,0.2,0.95,0.5,,,,0.00012693159597139126,-0.00034884638643792874,-0.00012693159597139126,0.6961203518448109,0.6963347221378846,0.7657166381021573,5,10,10,0.7497,0.7352,0.6348,0.7623,0.5985,0.7495,0.7353,0.6361,0.7622,0.5985,0.0003015672726667,0.0004555906138552,0.0002070871741323,0.0002485034397228,149.1,33,5,149.1,r-strb_sl24_st12_bu500_no0.2_re0.95_re0.5
smd,vlstm,strb,24,12,B1,500.0,0.2,0.9,0.3,,,,8.079038453268073e-06,-9.289791266655633e-05,-8.079038453268073e-06,0.6962007810860793,0.6962629291804945,0.7657166381021573,5,10,10,0.7497,0.7354,0.6344,0.7637,0.5978,0.7494,0.7357,0.6342,0.7642,0.5978,0.0005174337226694,0.0007817093189715,0.0003553233648753,0.00042638595409599995,255.8,33,5,128.7,r-strb_sl24_st12_bu500_no0.2_re0.9_re0.3
smd,vlstm,strb,24,12,B1,500.0,0.2,0.9,0.7,,,,-0.0006569322851593063,-0.0007977744928790553,0.0006569322851593063,0.6962077296960285,0.6957084147814669,0.7657166381021573,5,10,10,0.7497,0.7351,0.638,0.7614,0.5968,0.749,0.7347,0.637,0.761,0.5968,0.0008174062119299,0.0012348906251302,0.0005613154295773,0.0006735751955528,404.1,33,5,204.1,r-strb_sl24_st12_bu500_no0.2_re0.9_re0.7
smd,vlstm,strb,24,12,B1,500.0,0.2,0.9,0.9,,,,-0.0002908367416300961,-0.001141213301119648,0.0002908367416300961,0.6957577439162181,0.6956683716049668,0.7657166381021573,5,10,10,0.7497,0.7343,0.6386,0.7583,0.5979,0.749,0.734,0.6391,0.7583,0.5979,0.0011144078450422,0.0016835837314779,0.00076526724543,0.0009183164860478,551.0,38,5,551.0,r-strb_sl24_st12_bu500_no0.2_re0.9_re0.9
smd,vlstm,gdumb,24,12,B1,500.0,,,0.5,,,,-0.008733396589295395,-0.00832984771777131,0.008733396589295395,0.7013461175221757,0.6947679606582577,0.7730642372117891,5,10,10,0.7497,0.7261,0.6861,0.7702,0.5747,0.7478,0.7253,0.653,0.7731,0.5747,0.0003155845739222,0.0004767671521019,0.0002167129214096,0.0002600542306923,156.0,38,5,156.0,r-gdumb_sl24_st12_bu500_re0.5
smd,vlstm,gdumb,24,12,B1,100.0,,,0.5,,,,-0.010900069313832894,-0.013848945950864144,0.010900069313832894,0.6983495694275812,0.6907471986344591,0.7767818029669893,5,10,10,0.7497,0.7132,0.7014,0.77,0.5575,0.7394,0.7214,0.6586,0.7768,0.5575,1.068246342092236e-06,0.0004493681490756,0.0002042587817135,0.000245109367362,147.1,35,5,147.1,r-gdumb_sl24_st12_bu100_re0.5
smd,vlstm,gdumb,24,12,B1,250.0,,,0.5,,,,-0.009871457475756018,-0.010726400858165897,0.009871457475756018,0.7002330569431295,0.693204246049452,0.77408035034078,5,10,10,0.7497,0.7231,0.6922,0.7692,0.5671,0.7453,0.724,0.6555,0.7741,0.5671,0.0003063711703089,0.0004628480680755,0.0002103860561334,0.000252462011942,151.5,36,5,151.5,r-gdumb_sl24_st12_bu250_re0.5
smd,vlstm,gdumb,24,12,B1,1000.0,,,0.5,,,,-0.00936808926836048,-0.005509605683938201,0.00936808926836048,0.7021633227500776,0.6948286618812973,0.7747708215183029,5,10,10,0.7497,0.7273,0.6861,0.7733,0.5745,0.7473,0.7246,0.653,0.7748,0.5745,0.0003338826596292,0.0005044108550339,0.0002292782314218,0.0002751326236121,165.1,39,5,165.1,r-gdumb_sl24_st12_bu1000_re0.5
smd,vlstm,gdumb,24,12,B1,2000.0,,,0.5,,,,-0.009055638729961036,-0.0012751390805217032,0.009055638729961036,0.702510121667143,0.6955898744075055,0.7754923120106326,5,10,10,0.7497,0.7356,0.6712,0.7754,0.5806,0.7466,0.7279,0.6474,0.7755,0.5806,1.3434338425303532e-06,0.0005651284309956,0.0002568772564803,0.0003082511745152,185.0,44,5,185.0,r-gdumb_sl24_st12_bu2000_re0.5
smd,vlstm,gdumb,24,12,B1,4000.0,,,0.5,,,,-0.0035525309154359475,-0.001335235355597275,0.0035525309154359475,0.6988580857902001,0.6963392762871334,0.7764343022569312,5,10,10,0.7497,0.7362,0.6501,0.774,0.5844,0.747,0.7314,0.6424,0.7764,0.5844,1.220064542834052e-06,0.0005132319426363,0.0002332878815954,0.0002799440610408,168.0,36,5,168.0,r-gdumb_sl24_st12_bu4000_re0.5
smd,vlstm,gdumb,24,12,B1,500.0,,,0.3,,,,-0.004471153149531138,-0.005133524720236216,0.004471153149531138,0.6987519099774466,0.6954716660502793,0.7729856084281055,5,10,10,0.7497,0.7299,0.664,0.7696,0.5807,0.7486,0.729,0.6461,0.773,0.5807,0.0002850233209352,0.0004305969563596,0.0001957264147601,0.0002348705415994,140.9,42,5,140.9,r-gdumb_sl24_st12_bu500_re0.3
smd,vlstm,gdumb,24,12,B1,500.0,,,0.7,,,,-0.015472548140185371,-0.012478248604272213,0.015472548140185371,0.7025103750708043,0.6919967126939843,0.7728281777649019,5,10,10,0.7497,0.7215,0.7101,0.7688,0.5625,0.7449,0.7192,0.6606,0.7728,0.5625,0.0004200148867992,0.0006345345050643,0.0002884254965252,0.0003461090085391,207.7,35,5,207.7,r-gdumb_sl24_st12_bu500_re0.7
smd,vlstm,derpp,24,12,B1,500.0,,,0.5,,0.5,0.5,0.0006699793704247892,-0.0008106230717543128,-0.0006699793704247892,0.6946649927790661,0.6952756922330833,0.7733183175580189,5,10,10,0.7497,0.7348,0.6326,0.7666,0.5896,0.7485,0.7353,0.6296,0.7733,0.5896,1.7470419838782318e-06,0.0007349100967808,0.0003340509167827,0.0004008591799981,240.5,33,5,240.5,r-derpp_sl24_st12_bu500_re0.5_al0.5_te0.5
smd,vlstm,derpp,24,12,B1,100.0,,,0.5,,0.5,0.5,0.0029512482216697334,-0.0022507190562453872,-0.0029512482216697334,0.6932895785582196,0.6956465415989816,0.7738632097278866,5,10,10,0.7497,0.7344,0.6318,0.7647,0.5859,0.7519,0.7353,0.6312,0.7739,0.5859,0.0004945955045165,0.0007472066432147,0.0003396403471072,0.0004075662961074,244.5,33,5,244.6,r-derpp_sl24_st12_bu100_re0.5_al0.5_te0.5
smd,vlstm,derpp,24,12,B1,250.0,,,0.5,,0.5,0.5,0.0017528789478329586,-0.00108715492437238,-0.0017528789478329586,0.6943318902165851,0.69556315853222,0.7699510896618205,5,10,10,0.7497,0.735,0.6311,0.7653,0.5905,0.7495,0.7347,0.6332,0.77,0.5905,0.0004958980548842,0.000749174461925,0.0003405347372676,0.0004086397246574,245.2,33,5,245.2,r-derpp_sl24_st12_bu250_re0.5_al0.5_te0.5
smd,vlstm,derpp,24,12,B1,1000.0,,,0.5,,0.5,0.5,-0.00021291302392639766,2.5193830235681335e-05,0.00021291302392639766,0.6961311383532734,0.6957900044635205,0.7694589403342277,5,10,10,0.7497,0.7351,0.6355,0.766,0.5944,0.7498,0.7353,0.6301,0.7695,0.5944,0.0005019653649133,0.0007583406074294,0.0003447011833331,0.0004136394240963,248.2,33,5,248.2,r-derpp_sl24_st12_bu1000_re0.5_al0.5_te0.5
smd,vlstm,derpp,24,12,B1,2000.0,,,0.5,,0.5,0.5,-0.0002546842104045988,0.00010818200424387304,0.0002546842104045988,0.6961600421157728,0.6957366409234694,0.7672878344183838,5,10,10,0.7497,0.7357,0.6324,0.7656,0.5974,0.7497,0.7365,0.6278,0.7673,0.5974,1.8050522529342427e-06,0.000759312677165,0.0003451430416096,0.0004141696355553,248.5,33,5,248.5,r-derpp_sl24_st12_bu2000_re0.5_al0.5_te0.5
smd,vlstm,derpp,24,12,B1,4000.0,,,0.5,,0.5,0.5,-0.00033008712778060946,6.993511998524272e-05,0.00033008712778060946,0.6964983638366711,0.6959637870241678,0.7679330383300661,5,10,10,0.7497,0.7361,0.6348,0.7657,0.5963,0.7505,0.7366,0.6286,0.7679,0.5963,0.0005070481706652,0.0007660194200942,0.0003481915155089,0.0004178279045852,250.7,33,5,250.7,r-derpp_sl24_st12_bu4000_re0.5_al0.5_te0.5
smd,vlstm,derpp,24,12,B1,500.0,,,0.3,,0.5,0.5,0.0007069130668773127,-0.0006136029633452389,-0.0007069130668773127,0.694843822041482,0.6955227438260592,0.7726829043795826,5,10,10,0.7497,0.7347,0.6327,0.7664,0.5907,0.7487,0.7356,0.6299,0.7727,0.5907,0.0004080105730193,0.0006163990733396,0.0002801821336208,0.0003362169397187,201.7,33,5,201.7,r-derpp_sl24_st12_bu500_re0.3_al0.5_te0.5
smd,vlstm,derpp,24,12,B1,500.0,,,0.7,,0.5,0.5,0.0008597077934765718,-0.0006645749257060962,-0.0008597077934765718,0.6946087361670369,0.6952954158895152,0.7751174594538014,5,10,10,0.7497,0.7347,0.6324,0.7675,0.5887,0.7484,0.7358,0.6284,0.7751,0.5887,2.5037981252205466e-06,0.0010532468821617,0.0004787497954882,0.0005744970866735,344.7,33,5,344.7,r-derpp_sl24_st12_bu500_re0.7_al0.5_te0.5
smd,vlstm,derpp,24,12,B1,500.0,,,0.5,,0.1,0.5,0.0005457109076655753,-0.0005105574230162113,-0.0005457109076655753,0.6953026937086971,0.6959074763149848,0.7708349873226503,5,10,10,0.7497,0.7351,0.6328,0.7661,0.5927,0.7492,0.7356,0.6311,0.7708,0.5927,0.0004978540252298,0.000752129430223,0.0003418778516811,0.0004102515785419,246.2,34,5,246.2,r-derpp_sl24_st12_bu500_re0.5_al0.1_te0.5
smd,vlstm,derpp,24,12,B1,500.0,,,0.5,,1.0,0.5,0.0008083542551277412,-0.0009633779708984158,-0.0008083542551277412,0.6942831946039444,0.6949661497401028,0.7747198907730654,5,10,10,0.7497,0.7347,0.6322,0.7669,0.588,0.7482,0.7352,0.6288,0.7747,0.588,0.0004850430836376,0.0007327753912638,0.0003330805905687,0.000399694800695,239.8,33,5,239.8,r-derpp_sl24_st12_bu500_re0.5_al1.0_te0.5
smd,vlstm,derpp,24,12,B1,500.0,,,0.5,,0.5,0.1,0.0008194553753656852,-0.0009988279521859322,-0.0008194553753656852,0.6942111986815316,0.6948856994427488,0.7748349940950249,5,10,10,0.7497,0.7346,0.6321,0.7669,0.5879,0.7481,0.7352,0.6284,0.7748,0.5879,0.0004871769175619,0.0007359990656991,0.0003345459304931,0.000401453135206,240.9,33,5,240.8,r-derpp_sl24_st12_bu500_re0.5_al0.5_te0.1
smd,vlstm,derpp,24,12,B1,500.0,,,0.5,,0.5,1.0,0.0005449323399189133,-0.0006480289523647986,-0.0005449323399189133,0.6950272337704237,0.6955661520378684,0.7720259597018722,5,10,10,0.7497,0.735,0.6329,0.7664,0.5911,0.7488,0.7353,0.6306,0.772,0.5911,0.0004864994780028,0.0007349756286999,0.000334080718283,0.0004008949104168,240.5,33,5,240.5,r-derpp_sl24_st12_bu500_re0.5_al0.5_te1.0
smd,vlstm,strb,6,6,B2,500.0,0.2,0.9,0.5,,,,-0.0007871494838394222,-0.00714255899108811,0.0007871494838394222,0.6929591845869905,0.6923893429338,0.7659926367086709,5,10,10,0.7491,0.7287,0.6487,0.7585,0.5798,0.7492,0.7278,0.6467,0.7584,0.5798,0.0005568861452654,0.0008413117860084,0.0003824163401039,0.0004588954459045,275.3,30,5,137.8,r-strb_sl6_st6_bu500_no0.2_re0.9_re0.5
smd,vlstm,gdumb,6,6,B2,500.0,,,0.5,,,,-0.010044859170039699,-0.010523725434532404,0.010044859170039699,0.7005568045080361,0.6932950914002507,0.772875979261972,5,10,10,0.7491,0.7228,0.6949,0.7678,0.5681,0.7453,0.7241,0.656,0.7729,0.5681,0.0002265192777965,0.0003422123889929,0.0001555515151037,0.0001866608738891,112.0,30,5,112.0,r-gdumb_sl6_st6_bu500_re0.5
smd,vlstm,derpp,6,6,B2,500.0,,,0.5,,0.5,0.5,0.00010404395704654013,-0.00013456366953428222,-0.00010404395704654013,0.696133299964502,0.6958354907144182,0.7676333580494353,5,10,10,0.7491,0.7357,0.6352,0.7647,0.596,0.7502,0.737,0.6284,0.7676,0.596,0.000349261455941,0.0005276442622605,0.0002398388963567,0.0002878053659037,172.7,30,5,172.7,r-derpp_sl6_st6_bu500_re0.5_al0.5_te0.5
smd,vlstm,strb,8,8,B2,500.0,0.2,0.9,0.5,,,,0.0005542001805988849,-0.0023873958832664522,-0.0005542001805988849,0.6950757696440076,0.6953089657823959,0.7651996955006232,5,10,10,0.7498,0.735,0.6396,0.756,0.5951,0.7515,0.7347,0.6391,0.7561,0.5951,0.0004747077385942,0.0007171613421958,0.00032598338726660004,0.000391177954929,234.7,30,5,117.1,r-strb_sl8_st8_bu500_no0.2_re0.9_re0.5
smd,vlstm,gdumb,8,8,B2,500.0,,,0.5,,,,-0.008983819757127521,-0.009765846240965692,0.008983819757127521,0.6998916471187495,0.6935574812734174,0.7737603015485256,5,10,10,0.7498,0.7233,0.6883,0.769,0.569,0.7456,0.7246,0.6548,0.7738,0.569,0.0002093974452599,0.000316345702178,0.0001437938231489,0.0001725518790291,103.5,31,5,103.5,r-gdumb_sl8_st8_bu500_re0.5
smd,vlstm,derpp,8,8,B2,500.0,,,0.5,,0.5,0.5,0.0011685453427665582,6.323611913671146e-05,-0.0011685453427665582,0.6963266184049551,0.697275535018232,0.7651996955006232,5,10,10,0.7498,0.7364,0.633,0.7643,0.5982,0.7492,0.7329,0.6421,0.764,0.5982,0.0003206133341314,0.0004843643158471,0.0002201661482071,0.0002641981676399,158.5,30,5,158.5,r-derpp_sl8_st8_bu500_re0.5_al0.5_te0.5
smd,vlstm,strb,10,10,B2,500.0,0.2,0.9,0.5,,,,-0.0010524441517988925,-0.0004886490312998703,0.0010524441517988925,0.6969527320538492,0.6962282684104971,0.768566336962766,5,10,10,0.7494,0.7369,0.6422,0.7686,0.5877,0.7495,0.7341,0.6417,0.7682,0.5877,0.0004405825084256,0.0006656068932565,0.0003025493933987,0.0003630574998577,217.8,33,5,109.4,r-strb_sl10_st10_bu500_no0.2_re0.9_re0.5
smd,vlstm,gdumb,10,10,B2,500.0,,,0.5,,,,-0.011059126783104422,-0.008805741178332483,0.011059126783104422,0.7009258411589875,0.6929378788966569,0.7742817478481402,5,10,10,0.7494,0.727,0.6911,0.7701,0.5671,0.7441,0.7237,0.6556,0.7743,0.5671,0.0002124340524715,0.000320933234941,0.0001458790801491,0.0001750541547918,105.0,36,5,105.1,r-gdumb_sl10_st10_bu500_re0.5
smd,vlstm,derpp,10,10,B2,500.0,,,0.5,,0.5,0.5,0.0009421619807677639,4.205216967618774e-05,-0.0009421619807677639,0.6952772049940873,0.6968708119235411,0.770210313837385,5,10,10,0.7494,0.7363,0.6318,0.7644,0.5944,0.7503,0.7362,0.6333,0.7702,0.5944,0.0003106359261723,0.0004692910176853,0.0002133146744202,0.0002559763432651,153.6,33,5,153.6,r-derpp_sl10_st10_bu500_re0.5_al0.5_te0.5
smd,vlstm,strb,12,12,B2,500.0,0.2,0.9,0.5,,,,0.00023599409420966834,0.0008757550712086726,-0.00023599409420966834,0.696867456430695,0.6970257117526821,0.7675425963294692,5,10,10,0.7494,0.7349,0.6353,0.7668,0.598,0.7504,0.7349,0.6351,0.7667,0.598,0.00019989177659886567,0.0006104742467104,0.0002774890303235,0.0003329852163869,199.8,30,5,101.3,r-strb_sl12_st12_bu500_no0.2_re0.9_re0.5
smd,vlstm,gdumb,12,12,B2,500.0,,,0.5,,,,-0.009162759629034012,-0.0076853030202918005,0.009162759629034012,0.701723594152807,0.6948700774671588,0.773878658531285,5,10,10,0.7494,0.7252,0.6902,0.7701,0.5738,0.7475,0.7246,0.6545,0.7739,0.5738,0.0001936736064983,0.0002925910245228,0.0001329962798019,0.0001595947447209,95.8,32,5,95.8,r-gdumb_sl12_st12_bu500_re0.5
smd,vlstm,derpp,12,12,B2,500.0,,,0.5,,0.5,0.5,0.001076694630840369,-0.00042962917315376715,-0.001076694630840369,0.6943938303920464,0.695354828153832,0.7732684740710037,5,10,10,0.7494,0.7348,0.6318,0.7661,0.5898,0.7487,0.7356,0.6293,0.7733,0.5898,0.0002939439653279,0.0004440737564742,0.000201852201334,0.0002422215551401,145.3,30,5,145.3,r-derpp_sl12_st12_bu500_re0.5_al0.5_te0.5
smd,vlstm,strb,16,16,B2,500.0,0.2,0.9,0.5,,,,0.0007196219535759218,-0.0031351709207310674,-0.0007196219535759218,0.6951361229702002,0.6954320597296451,0.7653151625391599,5,10,10,0.7496,0.7315,0.6408,0.7617,0.5921,0.7508,0.732,0.641,0.7613,0.5921,0.0003679505340778,0.0005558786542269,0.0002526728423589,0.0003032058118678,181.9,32,5,91.7,r-strb_sl16_st16_bu500_no0.2_re0.9_re0.5
smd,vlstm,gdumb,16,16,B2,500.0,,,0.5,,,,-0.010097682271795038,-0.007379903500660856,0.010097682271795038,0.7024143978380712,0.6945623966622001,0.7736665233966644,5,10,10,0.7496,0.7268,0.6911,0.7713,0.5733,0.7468,0.7246,0.6545,0.7737,0.5733,0.0002128361141692,0.0003215406467932,0.0001461552181145,0.0001753854286787,105.2,42,5,105.2,r-gdumb_sl16_st16_bu500_re0.5
smd,vlstm,derpp,16,16,B2,500.0,,,0.5,,0.5,0.5,0.00037038259864744514,-0.0009981609626950716,-0.00037038259864744514,0.6962847577043292,0.6968489708488323,0.7678808465214435,5,10,10,0.7496,0.7352,0.6343,0.7653,0.597,0.7494,0.7347,0.6354,0.7679,0.597,1.0182395846723056e-06,0.00042833232322,0.0001946970332181,0.0002336352900019,140.2,32,5,140.2,r-derpp_sl16_st16_bu500_re0.5_al0.5_te0.5
smd,vlstm,strb,48,48,B2,500.0,0.2,0.9,0.5,,,,2.8949380069365203e-06,-0.0024672850632304288,-2.8949380069365203e-06,0.6949441248564071,0.695123545603779,0.764725664070169,5,10,10,0.7496,0.7331,0.638,0.762,0.592,0.7485,0.7336,0.6396,0.7619,0.592,0.0001722307763337825,0.0005115745130634,0.0002325344857041,0.0002790400273593,167.4,33,5,82.6,r-strb_sl48_st48_bu500_no0.2_re0.9_re0.5
smd,vlstm,gdumb,48,48,B2,500.0,,,0.5,,,,-0.006195823254380927,-0.0004630301660417113,0.006195823254380927,0.7009586725853281,0.6961740915246011,0.7765482800736825,5,10,10,0.7496,0.7353,0.6605,0.7759,0.5835,0.7477,0.7301,0.6431,0.7765,0.5835,6.845764450832351e-07,0.0002879736984872,0.0001308975103608,0.0001570761881264,94.2,37,5,94.2,r-gdumb_sl48_st48_bu500_re0.5
smd,vlstm,derpp,48,48,B2,500.0,,,0.5,,0.5,0.5,-8.501141379674282e-05,0.0010983985994086232,8.501141379674282e-05,0.6966743764672463,0.6964387712174791,0.7663445901887734,5,10,10,0.7496,0.734,0.6367,0.7636,0.5994,0.751,0.7375,0.6286,0.7657,0.5994,0.0003032168845324,0.0004580827532571,0.000208220220546,0.0002498625327111,149.9,33,5,149.9,r-derpp_sl48_st48_bu500_re0.5_al0.5_te0.5
smd,vlstm,strb,8,4,B3,500.0,0.2,0.9,0.5,,,,-0.00031508989808191055,-0.004791469881493315,0.00031508989808191055,0.6935077932683742,0.6934986995322632,0.7652713193121775,5,10,10,0.7497,0.7326,0.6404,0.7558,0.5891,0.7487,0.7323,0.641,0.7565,0.5891,0.0009544944794796001,0.0014419957510048002,0.000655474662388,0.0007865210886167,471.9,30,5,240.2,r-strb_sl8_st4_bu500_no0.2_re0.9_re0.5
smd,vlstm,strb,12,6,B3,500.0,0.2,0.9,0.5,,,,-0.0019579164168016085,0.0026875767766420975,0.0019579164168016085,0.6946895547755174,0.693959871702795,0.7646165356277996,5,10,10,0.7503,0.7276,0.6182,0.7609,0.6164,0.7457,0.7265,0.6198,0.7614,0.6164,0.00036180440074083854,0.0011361816473695,0.0005164499468117,0.0006197317005576,371.8,33,5,193.7,r-strb_sl12_st6_bu500_no0.2_re0.9_re0.5
smd,vlstm,strb,48,24,B3,500.0,0.2,0.9,0.5,,,,-0.0006290666496902464,-0.0005314149249485478,0.0006290666496902464,0.6957240490220276,0.6951393268448733,0.7688154290748764,5,10,10,0.7496,0.7322,0.6347,0.7688,0.5933,0.7476,0.7327,0.6341,0.7681,0.5933,0.0005517484284417,0.0008335500168323,0.0003788874422445,0.00045466257458779997,272.8,32,5,135.9,r-strb_sl48_st24_bu500_no0.2_re0.9_re0.5
smd,vlstm,strb,6,6,B4,100.0,0.05,0.9,0.5,,,,0.00032551541796791426,-0.008651063328522035,-0.00032551541796791426,0.6913271663903896,0.6918189310074235,0.7659926367086709,5,10,10,0.7491,0.7278,0.6465,0.7554,0.5778,0.7489,0.7284,0.6475,0.7565,0.5778,0.00023266707828952123,0.0006976204440742,0.0003171009980335,0.0003805194460405,228.3,30,5,113.7,r-strb_sl6_st6_bu100_no0.05_re0.9_re0.5
smd,vlstm,strb,8,8,B4,100.0,0.05,0.9,0.5,,,,0.0005616013715777579,-0.0012464094461837826,-0.0005616013715777579,0.6958977677843093,0.6959822922259924,0.7651996955006232,5,10,10,0.7498,0.7348,0.6392,0.7606,0.5952,0.7517,0.7349,0.6388,0.7594,0.5952,0.00041368520791389997,0.0006249719876753,0.0002840789539952,0.0003408930336799,204.5,30,5,102.4,r-strb_sl8_st8_bu100_no0.05_re0.9_re0.5
smd,vlstm,strb,10,10,B4,100.0,0.05,0.9,0.5,,,,-0.0018452659210523303,-0.0014224225479928965,0.0018452659210523303,0.6962955257566958,0.6949421787839052,0.7676338455096575,5,10,10,0.7494,0.7341,0.6442,0.7676,0.5862,0.7479,0.7309,0.6428,0.7669,0.5862,0.0004069795224092,0.0006148414209583,0.0002794740715846,0.0003353673493737,201.2,33,5,100.1,r-strb_sl10_st10_bu100_no0.05_re0.9_re0.5
smd,vlstm,strb,12,12,B4,100.0,0.05,0.9,0.5,,,,0.0009560368396396956,0.0037969887368559775,-0.0009560368396396956,0.6981390810115831,0.6986662244348659,0.7661815924510785,5,10,10,0.7494,0.7381,0.6321,0.7649,0.6062,0.7514,0.7384,0.632,0.7652,0.6062,0.00020376682184905818,0.0006042074448485,0.0002746405906845,0.0003295668541639,197.7,32,5,97.4,r-strb_sl12_st12_bu100_no0.05_re0.9_re0.5
smd,vlstm,strb,16,16,B4,100.0,0.05,0.9,0.5,,,,0.0002933971164158722,-0.004180482399879393,-0.0002933971164158722,0.6939782037223347,0.6943130502530519,0.7653151625391599,5,10,10,0.7496,0.7311,0.639,0.7625,0.5876,0.7495,0.7306,0.6408,0.763,0.5876,0.0003607922232409,0.0005450642870063001,0.0002477571708925,0.0002973071161136,178.4,32,5,88.6,r-strb_sl16_st16_bu100_no0.05_re0.9_re0.5
smd,vlstm,strb,24,24,B4,100.0,0.05,0.9,0.5,,,,-0.0021981263793053652,0.005353789496792894,0.0021981263793053652,0.6997016487535949,0.6980862134031912,0.7691425022129356,5,10,10,0.7494,0.7386,0.6319,0.7691,0.6095,0.7459,0.7391,0.628,0.7679,0.6095,0.00016790456877464885,0.0005133672124745,0.0002333493511573,0.0002800178613171,168.0,32,5,85.3,r-strb_sl24_st24_bu100_no0.05_re0.9_re0.5
smd,vlstm,strb,48,48,B4,100.0,0.05,0.9,0.5,,,,-0.000685196145705147,-0.0025550702491248687,0.000685196145705147,0.6944171787856195,0.6938518233839364,0.7665660629249089,5,10,10,0.7496,0.7333,0.6354,0.7652,0.5886,0.7468,0.7318,0.6355,0.7666,0.5886,0.00016273222884632062,0.0004955118458915,0.0002252332733225,0.0002702785725688,162.2,33,5,82.0,r-strb_sl48_st48_bu100_no0.05_re0.9_re0.5
smd,vlstm,strb,6,6,B4,100.0,0.2,0.9,0.5,,,,0.00032551541796791426,-0.008651063328522035,-0.00032551541796791426,0.6913271663903896,0.6918189310074235,0.7659926367086709,5,10,10,0.7491,0.7278,0.6465,0.7554,0.5778,0.7489,0.7284,0.6475,0.7565,0.5778,0.0004597669158324,0.0006945896003971,0.0003157234723394,0.0003788661280576,227.3,30,5,114.2,r-strb_sl6_st6_bu100_no0.2_re0.9_re0.5
smd,vlstm,strb,8,8,B4,100.0,0.2,0.9,0.5,,,,0.0005616013715777579,-0.0012464094461837826,-0.0005616013715777579,0.6958977677843093,0.6959822922259924,0.7651996955006232,5,10,10,0.7498,0.7348,0.6392,0.7606,0.5952,0.7517,0.7349,0.6388,0.7594,0.5952,0.0004159258359836,0.0006283570006067,0.00028561753102240004,0.0003427394695843,205.6,30,5,101.8,r-strb_sl8_st8_bu100_no0.2_re0.9_re0.5
smd,vlstm,strb,10,10,B4,100.0,0.2,0.9,0.5,,,,-0.0018452659210523303,-0.0014224225479928965,0.0018452659210523303,0.6962955257566958,0.6949421787839052,0.7676338455096575,5,10,10,0.7494,0.7341,0.6442,0.7676,0.5862,0.7479,0.7309,0.6428,0.7669,0.5862,0.00039900377460470003,0.0006027921166486001,0.00027399712436270004,0.0003287949922858,197.3,33,5,100.6,r-strb_sl10_st10_bu100_no0.2_re0.9_re0.5
smd,vlstm,strb,12,12,B4,100.0,0.2,0.9,0.5,,,,0.0009560368396396956,0.0037969887368559775,-0.0009560368396396956,0.6981390810115831,0.6986662244348659,0.7661815924510785,5,10,10,0.7494,0.7381,0.6321,0.7649,0.6062,0.7514,0.7384,0.632,0.7652,0.6062,0.0003984502585687,0.0006019558962312001,0.000273617091436,0.0003283388047951,197.0,32,5,96.5,r-strb_sl12_st12_bu100_no0.2_re0.9_re0.5
smd,vlstm,strb,16,16,B4,100.0,0.2,0.9,0.5,,,,0.0003108781806243077,-0.004164469646587998,-0.0003108781806243077,0.6939831212959795,0.6943307873275367,0.7653151625391599,5,10,10,0.7496,0.7311,0.639,0.7625,0.5877,0.7496,0.7306,0.6408,0.7629,0.5877,0.0003578089626501,0.0005405573472716,0.00024570858414380004,0.00029484876312770004,176.9,32,5,89.0,r-strb_sl16_st16_bu100_no0.2_re0.9_re0.5
smd,vlstm,strb,24,24,B4,100.0,0.2,0.9,0.5,,,,-0.0020008712542447737,0.0054085022069980115,0.0020008712542447737,0.6996480619407792,0.6982079101156502,0.7689462602176647,5,10,10,0.7494,0.7386,0.6316,0.7689,0.6097,0.7458,0.7385,0.6293,0.7677,0.6097,0.00034035973902040004,0.0005141960566897,0.00023372610578650002,0.0002804699509031,168.3,32,5,84.9,r-strb_sl24_st24_bu100_no0.2_re0.9_re0.5
smd,vlstm,strb,48,48,B4,100.0,0.2,0.9,0.5,,,,-0.0010431429834923845,-0.00249553145369511,0.0010431429834923845,0.694854720513927,0.6936639711245713,0.7659563184461611,5,10,10,0.7496,0.7333,0.635,0.766,0.5904,0.7475,0.7322,0.634,0.7642,0.5904,0.00033163766098370003,0.0005010192392861,0.0002277366414342,0.0002732825978518,164.0,33,5,81.6,r-strb_sl48_st48_bu100_no0.2_re0.9_re0.5
smd,vlstm,strb,6,6,B4,100.0,0.35,0.9,0.5,,,,0.00032551541796791426,-0.008651063328522035,-0.00032551541796791426,0.6913271663903896,0.6918189310074235,0.7659926367086709,5,10,10,0.7491,0.7278,0.6465,0.7554,0.5778,0.7489,0.7284,0.6475,0.7565,0.5778,0.0004611731434926,0.0006967140488403,0.000316689014815,0.00038002503402519996,228.0,30,5,115.7,r-strb_sl6_st6_bu100_no0.35_re0.9_re0.5
smd,vlstm,strb,8,8,B4,100.0,0.35,0.9,0.5,,,,0.0005616013715777579,-0.0012464094461837826,-0.0005616013715777579,0.6958977677843093,0.6959822922259924,0.7651996955006232,5,10,10,0.7498,0.7348,0.6392,0.7606,0.5952,0.7517,0.7349,0.6388,0.7594,0.5952,0.000410454730075,0.0006200915662401,0.0002818605247101,0.0003382310415299,202.9,30,5,102.8,r-strb_sl8_st8_bu100_no0.35_re0.9_re0.5
smd,vlstm,strb,10,10,B4,100.0,0.35,0.9,0.5,,,,-0.0018358110862077947,-0.0015031715555574921,0.0018358110862077947,0.6962137950247498,0.6948552848706673,0.7677747129782714,5,10,10,0.7494,0.7341,0.6439,0.7678,0.5859,0.7478,0.7311,0.6425,0.7671,0.5859,0.0004025367170115,0.00060812948428,0.0002764232196223,0.0003317062646576,199.0,33,5,99.8,r-strb_sl10_st10_bu100_no0.35_re0.9_re0.5
smd,vlstm,strb,12,12,B4,100.0,0.35,0.9,0.5,,,,0.0009560368396396956,0.0037969887368559775,-0.0009560368396396956,0.6981390810115831,0.6986662244348659,0.7661815924510785,5,10,10,0.7494,0.7381,0.6321,0.7649,0.6062,0.7514,0.7384,0.632,0.7652,0.6062,0.00040341135208410005,0.0006094508329998,0.0002770238645284,0.0003324269684714,199.5,32,5,97.6,r-strb_sl12_st12_bu100_no0.35_re0.9_re0.5
smd,vlstm,strb,16,16,B4,100.0,0.35,0.9,0.5,,,,0.0002933971164158722,-0.004180482399879393,-0.0002933971164158722,0.6939782037223347,0.6943130502530519,0.7653151625391599,5,10,10,0.7496,0.7311,0.639,0.7625,0.5876,0.7495,0.7306,0.6408,0.763,0.5876,0.0003578055397979,0.0005405521762221999,0.0002457062386564,0.0002948459375656,176.9,32,5,89.7,r-strb_sl16_st16_bu100_no0.35_re0.9_re0.5
smd,vlstm,strb,24,24,B4,100.0,0.35,0.9,0.5,,,,-0.002574919105828977,0.005958442625589621,0.002574919105828977,0.6991664774361571,0.6976269713727123,0.7670297404124474,5,10,10,0.7494,0.7386,0.6283,0.767,0.6125,0.744,0.7366,0.6279,0.767,0.6125,0.0003442433012701,0.0005200631207569,0.0002363929701968,0.0002836701505599,170.2,32,5,85.6,r-strb_sl24_st24_bu100_no0.35_re0.9_re0.5
smd,vlstm,strb,48,48,B4,100.0,0.35,0.9,0.5,,,,-0.0018640595423237705,-0.002393063329885725,0.0018640595423237705,0.6955270099332167,0.6937993948197219,0.764725664070169,5,10,10,0.7496,0.7333,0.6394,0.7642,0.5911,0.7471,0.7315,0.637,0.7623,0.5911,0.00016798728082897106,0.0005051540039007,0.00022961608084459998,0.0002755379230559,165.3,33,5,82.6,r-strb_sl48_st48_bu100_no0.35_re0.9_re0.5
smd,vlstm,strb,6,6,B4,500.0,0.05,0.9,0.5,,,,-0.0007656174766791701,-0.0071580114100987195,0.0007656174766791701,0.6929282797489692,0.6924015021100992,0.7659926367086709,5,10,10,0.7491,0.7287,0.6487,0.7585,0.5797,0.7492,0.7278,0.6467,0.7587,0.5797,0.0005545602786486,0.0008377979995477999,0.000380819239065,0.0004569787604827,274.2,30,5,139.8,r-strb_sl6_st6_bu500_no0.05_re0.9_re0.5
smd,vlstm,strb,8,8,B4,500.0,0.05,0.9,0.5,,,,0.000544114711014676,-0.00234733042094567,-0.000544114711014676,0.6951179782938777,0.6953264657453484,0.7651996955006232,5,10,10,0.7498,0.735,0.6396,0.7559,0.5954,0.7515,0.7347,0.6394,0.7557,0.5954,0.0004712977287215,0.0007120096940164,0.0003236417441557,0.0003883679498607,233.0,30,5,117.3,r-strb_sl8_st8_bu500_no0.05_re0.9_re0.5
smd,vlstm,strb,10,10,B4,500.0,0.05,0.9,0.5,,,,-0.0010872014326807843,-0.0004984704743480562,0.0010872014326807843,0.6969545846725783,0.6961877400930501,0.7687451282071178,5,10,10,0.7494,0.7369,0.6422,0.7687,0.5876,0.7495,0.7341,0.6413,0.7684,0.5876,0.000440873994763,0.0006660472541689,0.0003027496927068,0.00036329756146209996,218.0,33,5,109.5,r-strb_sl10_st10_bu500_no0.05_re0.9_re0.5
smd,vlstm,strb,12,12,B4,500.0,0.05,0.9,0.5,,,,0.00024012004141782395,0.0008577116280934161,-0.00024012004141782395,0.6968557601075759,0.6970196310245057,0.7676075586559449,5,10,10,0.7494,0.7349,0.6352,0.7669,0.5979,0.7504,0.7349,0.6351,0.7668,0.5979,0.0004083005955261,0.0006168372227804,0.000280381284028,0.00033645593875239997,201.9,30,5,101.8,r-strb_sl12_st12_bu500_no0.05_re0.9_re0.5
smd,vlstm,strb,16,16,B4,500.0,0.05,0.9,0.5,,,,0.0007364900095345849,-0.002837161299608204,-0.0007364900095345849,0.6953615903215234,0.6956820229423781,0.7653151625391599,5,10,10,0.7496,0.7315,0.6414,0.7614,0.5929,0.7511,0.7319,0.6416,0.7609,0.5929,0.0003733543666495,0.0005640424558778999,0.00025638371365479997,0.000307658742223,184.6,32,5,92.4,r-strb_sl16_st16_bu500_no0.05_re0.9_re0.5
smd,vlstm,strb,24,24,B4,500.0,0.05,0.9,0.5,,,,-0.0005341879461096544,0.002605350842822529,0.0005341879461096544,0.6968566665310634,0.6967437561938423,0.7691702543438307,5,10,10,0.7494,0.7352,0.6275,0.7682,0.6039,0.7451,0.737,0.6284,0.7692,0.6039,0.0001764243763633718,0.0005483725671540001,0.0002492611822936,0.0002991113848603,179.5,31,5,92.6,r-strb_sl24_st24_bu500_no0.05_re0.9_re0.5
smd,vlstm,strb,48,48,B4,500.0,0.05,0.9,0.5,,,,0.00045743325095850553,-0.001402242854495961,-0.00045743325095850553,0.6956039191161535,0.6959912973580752,0.7652664991814183,5,10,10,0.7496,0.7331,0.6372,0.7634,0.5948,0.7498,0.7363,0.6337,0.7653,0.5948,0.00035522921141409997,0.0005366600064268001,0.00024393702829830002,0.0002927229781285,175.6,33,5,91.9,r-strb_sl48_st48_bu500_no0.05_re0.9_re0.5
smd,vlstm,strb,6,6,B4,500.0,0.35,0.9,0.5,,,,-0.0008063436432196869,-0.007100885716744132,0.0008063436432196869,0.6930425311356784,0.6924343011637274,0.7659926367086709,5,10,10,0.7491,0.7287,0.6487,0.7585,0.5802,0.7494,0.728,0.6464,0.7582,0.5802,0.0005587858356672999,0.0008441817297816,0.000383720471175,0.00046046125860650005,276.3,30,5,142.0,r-strb_sl6_st6_bu500_no0.35_re0.9_re0.5
smd,vlstm,strb,8,8,B4,500.0,0.35,0.9,0.5,,,,0.0005391278681387446,-0.002412997167936659,-0.0005391278681387446,0.695027414116155,0.6952245180282376,0.7651996955006232,5,10,10,0.7498,0.735,0.6393,0.7557,0.5954,0.7516,0.7349,0.6387,0.7555,0.5954,0.000474164531182,0.0007163406954585,0.0003256103546881,0.0003907303407702,234.4,30,5,118.0,r-strb_sl8_st8_bu500_no0.35_re0.9_re0.5
smd,vlstm,strb,10,10,B4,500.0,0.35,0.9,0.5,,,,-0.0008728790490864724,-0.0003555204125349043,0.0008728790490864724,0.6969566680253073,0.6963668499784574,0.7682925617707205,5,10,10,0.7494,0.7369,0.6417,0.7683,0.5885,0.7497,0.7345,0.6411,0.768,0.5885,0.00047908986176400004,0.0007237816036295001,0.0003289926447375,0.00039478895889199996,236.9,33,5,128.0,r-strb_sl10_st10_bu500_no0.35_re0.9_re0.5
smd,vlstm,strb,12,12,B4,500.0,0.35,0.9,0.5,,,,0.00017963134044326478,0.000889758024139553,-0.00017963134044326478,0.6969206563649499,0.6970364619409941,0.767350741231802,5,10,10,0.7494,0.7349,0.6357,0.7666,0.598,0.7504,0.7348,0.6355,0.7665,0.598,0.0004151975020395,0.0006272566752773001,0.0002851174548611,0.00034213922041609996,205.3,30,5,105.7,r-strb_sl12_st12_bu500_no0.35_re0.9_re0.5
smd,vlstm,strb,16,16,B4,500.0,0.35,0.9,0.5,,,,0.0007234579684776588,-0.0032558112663058857,-0.0007234579684776588,0.6950309451728842,0.6953535267429849,0.7653151625391599,5,10,10,0.7496,0.7315,0.641,0.7616,0.5914,0.7509,0.7319,0.6413,0.7612,0.5914,0.00018658316247218237,0.0005775606039359,0.00026252823240730005,0.0003150323715285,189.0,32,5,97.1,r-strb_sl16_st16_bu500_no0.35_re0.9_re0.5
smd,vlstm,strb,24,24,B4,500.0,0.35,0.9,0.5,,,,-0.0004074454533399607,0.002346105608686544,0.0004074454533399607,0.696927464614941,0.6969552982090509,0.7690226387554752,5,10,10,0.7494,0.7352,0.6294,0.7685,0.6022,0.7458,0.7364,0.6313,0.769,0.6022,0.0003500331208955,0.0005288100496060001,0.0002403688047456,0.0002884412448603,173.1,31,5,85.5,r-strb_sl24_st24_bu500_no0.35_re0.9_re0.5
smd,vlstm,strb,48,48,B4,500.0,0.35,0.9,0.5,,,,-0.000369975686438484,-0.0027066296981655634,0.000369975686438484,0.6948721950995724,0.6946877540501374,0.764725664070169,5,10,10,0.7496,0.7331,0.6388,0.7621,0.5908,0.7482,0.7329,0.6399,0.7616,0.5908,0.0003520186824437,0.0005318097226031,0.0002417323803812,0.0002900773422217,174.0,33,5,89.8,r-strb_sl48_st48_bu500_no0.35_re0.9_re0.5
smd,vlstm,strb,6,6,B4,1000.0,0.05,0.9,0.5,,,,0.0010180381445954567,-0.006619988690955902,-0.0010180381445954567,0.6922665976715418,0.6931080444896845,0.7659926367086709,5,10,10,0.7491,0.7286,0.6445,0.7571,0.5821,0.7503,0.7298,0.6449,0.7585,0.5821,0.0006963320872171,0.0010519787517294,0.00047817484381170003,0.0005738039079175999,344.3,30,5,173.8,r-strb_sl6_st6_bu1000_no0.05_re0.9_re0.5
smd,vlstm,strb,8,8,B4,1000.0,0.05,0.9,0.5,,,,0.0008720634545814843,-0.003645158708611318,-0.0008720634545814843,0.6940953615561477,0.6946686724077049,0.7651996955006232,5,10,10,0.7498,0.7347,0.6382,0.7546,0.5933,0.7514,0.7343,0.6389,0.7555,0.5933,0.0005807919200857,0.0008774272654128,0.00039883174409550005,0.0004785955213172,287.2,30,5,148.1,r-strb_sl8_st8_bu1000_no0.05_re0.9_re0.5
smd,vlstm,strb,10,10,B4,1000.0,0.05,0.9,0.5,,,,-0.0006964865285824962,-0.0005001449019427673,0.0006964865285824962,0.6966445576765685,0.6961595106117016,0.7669686413257708,5,10,10,0.7494,0.7364,0.6413,0.767,0.5892,0.7498,0.7347,0.6405,0.7667,0.5892,0.0005152846841175,0.0007784626742527001,0.0003538489953659,0.0004246136788868,254.8,33,5,130.4,r-strb_sl10_st10_bu1000_no0.05_re0.9_re0.5
smd,vlstm,strb,12,12,B4,1000.0,0.05,0.9,0.5,,,,0.00034343928009029635,0.00018781829310213772,-0.00034343928009029635,0.6964150920504287,0.6963713294627041,0.7662043085749832,5,10,10,0.7494,0.7343,0.6355,0.766,0.597,0.7507,0.7343,0.6337,0.7662,0.597,0.000472601075577,0.0007139787160151999,0.0003245368146971,0.00038944190131799997,233.7,30,5,119.4,r-strb_sl12_st12_bu1000_no0.05_re0.9_re0.5
smd,vlstm,strb,16,16,B4,1000.0,0.05,0.9,0.5,,,,0.0007375658759723347,-0.0026707965490219256,-0.0007375658759723347,0.6954307447910653,0.6960200237462544,0.7653151625391599,5,10,10,0.7496,0.7334,0.6398,0.7613,0.593,0.7514,0.7339,0.6393,0.7624,0.593,0.00040433240855309997,0.0006108423125139001,0.000277656319042,0.00033318599347170004,199.9,32,5,101.4,r-strb_sl16_st16_bu1000_no0.05_re0.9_re0.5
smd,vlstm,strb,24,24,B4,1000.0,0.05,0.9,0.5,,,,0.00026642509343900446,0.0023572243214180057,-0.00026642509343900446,0.6969614874498224,0.6973624712522053,0.7684483284072872,5,10,10,0.7494,0.7357,0.6275,0.7678,0.6044,0.7471,0.7381,0.6288,0.7684,0.6044,0.0003681081877282,0.0005561168283588,0.0002527814853004,0.00030333534305819997,182.0,31,5,95.1,r-strb_sl24_st24_bu1000_no0.05_re0.9_re0.5
smd,vlstm,strb,48,48,B4,1000.0,0.05,0.9,0.5,,,,0.00019324084476849413,-0.0018981973767394967,-0.00019324084476849413,0.6952208882379324,0.6956042749564848,0.764725664070169,5,10,10,0.7496,0.7342,0.6361,0.7629,0.5932,0.7482,0.736,0.636,0.7645,0.5932,0.00018981223506615809,0.0005507480569230999,0.00025034073240750004,0.0003004073245155,180.2,33,5,86.7,r-strb_sl48_st48_bu1000_no0.05_re0.9_re0.5
smd,vlstm,strb,6,6,B4,1000.0,0.2,0.9,0.5,,,,0.0009899224866600775,-0.006638277057127084,-0.0009899224866600775,0.6922749383026521,0.6931058753018767,0.7659926367086709,5,10,10,0.7491,0.7286,0.6446,0.7572,0.5819,0.7502,0.7298,0.6451,0.7586,0.5819,0.00034574143426506054,0.0010457603104175,0.0004753482903411,0.0005704120200763,342.3,30,5,171.9,r-strb_sl6_st6_bu1000_no0.2_re0.9_re0.5
smd,vlstm,strb,8,8,B4,1000.0,0.2,0.9,0.5,,,,0.0008720634545814843,-0.003645158708611318,-0.0008720634545814843,0.6940953615561477,0.6946686724077049,0.7651996955006232,5,10,10,0.7498,0.7347,0.6382,0.7546,0.5933,0.7514,0.7343,0.6389,0.7555,0.5933,0.0002762563107706011,0.0008484770077528,0.00038567267448319997,0.00046280433326950003,277.7,30,5,141.6,r-strb_sl8_st8_bu1000_no0.2_re0.9_re0.5
smd,vlstm,strb,10,10,B4,1000.0,0.2,0.9,0.5,,,,-0.0007747239515142224,-0.0005047637697430107,0.0007747239515142224,0.69670695225719,0.696164157076408,0.766940176173132,5,10,10,0.7494,0.7364,0.6418,0.7669,0.589,0.7498,0.7344,0.641,0.7666,0.589,0.0005098567389919,0.0007702624447323,0.0003501203418909,0.0004201421028413,252.1,33,5,127.5,r-strb_sl10_st10_bu1000_no0.2_re0.9_re0.5
smd,vlstm,strb,12,12,B4,1000.0,0.2,0.9,0.5,,,,0.0003720418554993943,0.00017263048453860507,-0.0003720418554993943,0.6963805462308129,0.6963613912620314,0.7663401022586374,5,10,10,0.7494,0.7343,0.6353,0.7661,0.597,0.7507,0.7345,0.6333,0.7663,0.597,0.00047298350526429997,0.0007145564689472,0.00032479928304210003,0.000389757185905,233.9,30,5,119.2,r-strb_sl12_st12_bu1000_no0.2_re0.9_re0.5
smd,vlstm,strb,16,16,B4,1000.0,0.2,0.9,0.5,,,,0.0006589607118551056,-0.00285125743993786,-0.0006589607118551056,0.6952954568356517,0.6958179232215066,0.7653151625391599,5,10,10,0.7496,0.7334,0.6404,0.7609,0.5922,0.7514,0.7331,0.6403,0.762,0.5922,0.0003987163469035,0.0006023578872919001,0.0002737997413185,0.0003285581459733,197.1,32,5,98.9,r-strb_sl16_st16_bu1000_no0.2_re0.9_re0.5
smd,vlstm,strb,24,24,B4,1000.0,0.2,0.9,0.5,,,,-0.00030635171255786184,0.0017907741452915182,0.00030635171255786184,0.6969849060485261,0.6969276738749294,0.7680015572350553,5,10,10,0.7494,0.7357,0.63,0.7677,0.6022,0.7466,0.737,0.6308,0.768,0.6022,0.00017611407175558642,0.0005360111725428,0.0002436420821209,0.0002923690904218,175.4,31,5,88.6,r-strb_sl24_st24_bu1000_no0.2_re0.9_re0.5
smd,vlstm,strb,48,48,B4,1000.0,0.2,0.9,0.5,,,,-0.00034682165243782315,-0.002331238929249213,0.00034682165243782315,0.695136929321378,0.6949800615093937,0.764725664070169,5,10,10,0.7496,0.7342,0.6373,0.7624,0.5922,0.7482,0.7342,0.6382,0.7622,0.5922,0.00018609531818813055,0.0005437584575712,0.0002471636184038,0.0002965948391674,178.0,33,5,86.3,r-strb_sl48_st48_bu1000_no0.2_re0.9_re0.5
smd,vlstm,strb,6,6,B4,1000.0,0.35,0.9,0.5,,,,0.0007010304275580581,-0.0067366246912502255,-0.0007010304275580581,0.6924403514927912,0.6930411171715541,0.7659926367086709,5,10,10,0.7491,0.7286,0.6463,0.7568,0.5814,0.7502,0.7291,0.6466,0.7579,0.5814,0.0006995694988928,0.0010568696484091998,0.00048039751174760005,0.0005764721366615,345.9,30,5,179.2,r-strb_sl6_st6_bu1000_no0.35_re0.9_re0.5
smd,vlstm,strb,8,8,B4,1000.0,0.35,0.9,0.5,,,,0.0008737661975486754,-0.0036424677025159724,-0.0008737661975486754,0.6940962690840881,0.6946697924122478,0.7651996955006232,5,10,10,0.7498,0.7347,0.6382,0.7546,0.5933,0.7514,0.7343,0.6389,0.7555,0.5933,0.000274480780003406,0.000845737135107,0.0003844271935781,0.0004613099415289,276.8,30,5,141.6,r-strb_sl8_st8_bu1000_no0.35_re0.9_re0.5
smd,vlstm,strb,10,10,B4,1000.0,0.35,0.9,0.5,,,,-0.0007966343282621135,-0.0005295038053475531,0.0007966343282621135,0.6967375414575994,0.6961582994579476,0.7663660220587969,5,10,10,0.7494,0.7364,0.6425,0.7664,0.589,0.7499,0.7342,0.6418,0.766,0.589,0.0002495365336623537,0.0007805572032333001,0.00035479989601100003,0.00042575730722230003,255.5,33,5,132.6,r-strb_sl10_st10_bu1000_no0.35_re0.9_re0.5
smd,vlstm,strb,12,12,B4,1000.0,0.35,0.9,0.5,,,,0.00019658824511630256,1.5639519520227464e-05,-0.00019658824511630256,0.6964205027179238,0.6962828064591946,0.7659522945603005,5,10,10,0.7494,0.7343,0.6367,0.7658,0.596,0.7507,0.7336,0.6351,0.766,0.596,0.00046604290606,0.0007040710080281,0.00032003339490680003,0.0003840376131212,230.4,30,5,115.9,r-strb_sl12_st12_bu1000_no0.35_re0.9_re0.5
smd,vlstm,strb,16,16,B4,1000.0,0.35,0.9,0.5,,,,0.000687111375518068,-0.002827383286854801,-0.000687111375518068,0.6952583184276884,0.6957273817154841,0.7653151625391599,5,10,10,0.7496,0.7334,0.6404,0.7607,0.5922,0.7515,0.7331,0.6403,0.7616,0.5922,0.0001971569994305121,0.0006078848625268,0.0002763120196759,0.0003315728428509,198.9,32,5,101.8,r-strb_sl16_st16_bu1000_no0.35_re0.9_re0.5
smd,vlstm,strb,24,24,B4,1000.0,0.35,0.9,0.5,,,,-0.00020598159151529182,0.0017431351074606138,0.00020598159151529182,0.6968760100896649,0.6970016477028491,0.7683166214081457,5,10,10,0.7494,0.7357,0.63,0.7677,0.6017,0.7465,0.7368,0.6316,0.7683,0.6017,0.0003684813853256,0.0005566806339768,0.0002530373169607,0.0003036433170161,182.2,31,5,93.5,r-strb_sl24_st24_bu1000_no0.35_re0.9_re0.5
smd,vlstm,strb,48,48,B4,1000.0,0.35,0.9,0.5,,,,-0.0003186331367409201,-0.002351713223978047,0.0003186331367409201,0.6951135552539419,0.6949674824063038,0.764725664070169,5,10,10,0.7496,0.7342,0.6374,0.7623,0.592,0.7483,0.734,0.6385,0.762,0.592,0.0003609881729985,0.0005453603167099,0.0002478925717037,0.0002974677450062,178.5,33,5,87.5,r-strb_sl48_st48_bu1000_no0.35_re0.9_re0.5
smd,vlstm,strb,24,12,B6,500.0,0.01,0.3,0.5,,,,-0.0015110457296249602,-0.0009522145564942908,0.0015110457296249602,0.6964200571718179,0.6954203648126134,0.7657166381021573,5,10,10,0.7497,0.7352,0.6383,0.7638,0.5951,0.7489,0.736,0.6324,0.7648,0.5951,0.0007363350799325,0.0011124129886612,0.0005056436240763,0.0006067693645848,364.1,37,5,364.1,r-strb_sl24_st12_bu500_no0.01_re0.3_re0.5
smd,vlstm,strb,24,12,B6,500.0,0.05,0.3,0.5,,,,-0.000999218358172671,-0.0010633773060085504,0.000999218358172671,0.6963760238064912,0.6960205515705935,0.7677259102294591,5,10,10,0.7497,0.7352,0.6376,0.7653,0.5941,0.7484,0.7367,0.6332,0.7677,0.5941,0.000712967868576,0.0010771111401819,0.0004895973279541,0.0005875138122277,352.5,34,5,352.5,r-strb_sl24_st12_bu500_no0.05_re0.3_re0.5
smd,vlstm,strb,24,12,B6,500.0,0.1,0.3,0.5,,,,-0.0008946221580527602,-0.0010117395271182384,0.0008946221580527602,0.6961132938759157,0.6955848121265585,0.7657166381021573,5,10,10,0.7497,0.7352,0.6368,0.7641,0.5948,0.749,0.7359,0.6332,0.7651,0.5948,0.0005822498378744,0.0008796298043503,0.0003998330133093,0.0004797967910409,287.9,36,5,287.8,r-strb_sl24_st12_bu500_no0.1_re0.3_re0.5
smd,vlstm,strb,24,12,B6,500.0,0.35,0.3,0.5,,,,-0.000389422079232038,-0.0010611286982130318,0.000389422079232038,0.6960673692502501,0.6962754167948079,0.7671541638633481,5,10,10,0.7497,0.7352,0.6367,0.7641,0.5946,0.7489,0.7362,0.6345,0.7672,0.5946,0.0003379611914375,0.0005105724679761,0.0002320791066559,0.0002784933613201,167.1,35,5,167.1,r-strb_sl24_st12_bu500_no0.35_re0.3_re0.5
smd,vlstm,strb,24,12,B6,500.0,0.5,0.3,0.5,,,,0.0003880097117097803,-8.446336061016524e-05,-0.0003880097117097803,0.6961262367259045,0.696539843800884,0.7657166381021573,5,10,10,0.7497,0.7352,0.6336,0.762,0.6001,0.7497,0.7358,0.6352,0.7619,0.6001,0.0003333517011253,0.0005036087132479,0.0002289140133141,0.0002746946999337,164.8,33,5,164.8,r-strb_sl24_st12_bu500_no0.5_re0.3_re0.5
smd,vlstm,strb,24,12,B6,500.0,0.01,0.5,0.5,,,,-0.0011155095125744863,-0.0007425126557997319,0.0011155095125744863,0.6965297407522779,0.6956709333774368,0.7657166381021573,5,10,10,0.7497,0.7352,0.6369,0.764,0.5969,0.7493,0.737,0.6314,0.7637,0.5969,0.0005058118990964,0.0007641517316081,0.0003473429343171,0.000416808797291,250.1,36,5,250.1,r-strb_sl24_st12_bu500_no0.01_re0.5_re0.5
smd,vlstm,strb,24,12,B6,500.0,0.05,0.5,0.5,,,,-0.0007194434134450755,-0.0020881754113290405,0.0007194434134450755,0.6947283385099947,0.6948377948869167,0.7720726874638322,5,10,10,0.7497,0.7352,0.6377,0.7656,0.5855,0.7456,0.7314,0.6397,0.7721,0.5855,0.0004769160583942,0.0007204975456384,0.0003274999530688,0.0003929975925696,235.8,36,5,235.8,r-strb_sl24_st12_bu500_no0.05_re0.5_re0.5
smd,vlstm,strb,24,12,B6,500.0,0.1,0.5,0.5,,,,-0.0010225872715414308,-0.0013107094020468168,0.0010225872715414308,0.6960781394623748,0.6949917697607896,0.76653793998115,5,10,10,0.7497,0.7352,0.6359,0.7665,0.593,0.7478,0.733,0.6385,0.7625,0.593,0.0004229835324885,0.0006390193654404,0.0002904641339122,0.0003485552315282,209.1,33,5,209.1,r-strb_sl24_st12_bu500_no0.1_re0.5_re0.5
smd,vlstm,strb,24,12,B6,500.0,0.35,0.5,0.5,,,,-0.00038657599938189956,-0.0012136939041100469,0.00038657599938189956,0.6963572059053156,0.6963041727931778,0.7666250585746845,5,10,10,0.7497,0.7352,0.636,0.7666,0.5943,0.7491,0.7345,0.637,0.7666,0.5943,0.0003670301098823,0.0005544881299153,0.0002520440567168,0.0003024440731985,181.5,35,5,181.5,r-strb_sl24_st12_bu500_no0.35_re0.5_re0.5
smd,vlstm,strb,24,12,B6,500.0,0.5,0.5,0.5,,,,0.00035576135197336046,-0.0005103570825262471,-0.00035576135197336046,0.6959748728560229,0.6963698988441914,0.7657166381021573,5,10,10,0.7497,0.7352,0.6346,0.7621,0.5982,0.75,0.7355,0.6359,0.7622,0.5982,0.0003371930809636,0.0005094120505368,0.0002315517098403,0.0002778603406964,166.7,33,5,166.7,r-strb_sl24_st12_bu500_no0.5_re0.5_re0.5
smd,vlstm,strb,24,12,B6,500.0,0.01,0.7,0.5,,,,-3.5532470096699684e-05,-0.0014773128328108066,3.5532470096699684e-05,0.6950593639505377,0.6955282944864313,0.7709174783071835,5,10,10,0.7497,0.7352,0.6342,0.7669,0.5893,0.7479,0.7324,0.6372,0.7709,0.5893,0.0003632409671782,0.0005487637095056,0.0002494389153376,0.0002993247941679,179.6,33,5,179.7,r-strb_sl24_st12_bu500_no0.01_re0.7_re0.5
smd,vlstm,strb,24,12,B6,500.0,0.05,0.7,0.5,,,,6.79611602867336e-05,-0.0007099355240476002,-6.79611602867336e-05,0.6960826133795941,0.6963737881037704,0.7660363136565145,5,10,10,0.7497,0.7352,0.634,0.7651,0.5963,0.7489,0.7354,0.6352,0.766,0.5963,0.000352999823027,0.000533291973766,0.0002424062620951,0.0002908857116708,174.5,33,5,174.5,r-strb_sl24_st12_bu500_no0.05_re0.7_re0.5
smd,vlstm,strb,24,12,B6,500.0,0.1,0.7,0.5,,,,-0.00036915510434477606,-0.00030000248874292315,0.00036915510434477606,0.6962314379584054,0.6960601117069418,0.7657166381021573,5,10,10,0.7497,0.7352,0.634,0.7636,0.5987,0.7495,0.7369,0.6306,0.7646,0.5987,0.000350443375312,0.00052942983855,0.000240650767648,0.0002887790709019,173.3,33,5,173.3,r-strb_sl24_st12_bu500_no0.1_re0.7_re0.5
smd,vlstm,strb,24,12,B6,500.0,0.35,0.7,0.5,,,,9.202320118315566e-05,-0.0006086066248226718,-9.202320118315566e-05,0.6958944038554309,0.6961192091195433,0.7657166381021573,5,10,10,0.7497,0.7352,0.6337,0.7639,0.597,0.7495,0.7352,0.6351,0.7639,0.597,0.0003424434934516,0.0005173440738868,0.000235157182638,0.0002821868912487,169.3,33,5,169.3,r-strb_sl24_st12_bu500_no0.35_re0.7_re0.5
smd,vlstm,strb,24,12,B6,500.0,0.5,0.7,0.5,,,,0.0002200127973624455,-0.0006254998500891618,-0.0002200127973624455,0.6958353257559109,0.696140390116478,0.7657166381021573,5,10,10,0.7497,0.7352,0.6342,0.7623,0.5979,0.7497,0.7353,0.6355,0.7623,0.5979,0.0003364352517905,0.0005082671654996,0.0002310313631372,0.0002772358023623,166.3,33,5,166.4,r-strb_sl24_st12_bu500_no0.5_re0.7_re0.5
smd,vlstm,strb,24,12,B6,500.0,0.01,0.95,0.5,,,,0.00013800256820266642,-0.00034880492141474705,-0.00013800256820266642,0.6961365189640542,0.6963765818027647,0.7657166381021573,5,10,10,0.7497,0.7352,0.6348,0.7624,0.5986,0.7496,0.7354,0.6361,0.7623,0.5986,0.0003348741791248,0.000505908786065,0.0002299591537041,0.0002759496323609,165.6,33,5,165.5,r-strb_sl24_st12_bu500_no0.01_re0.95_re0.5
smd,vlstm,strb,24,12,B6,500.0,0.05,0.95,0.5,,,,0.00014126638002835977,-0.00034975259240074277,-0.00014126638002835977,0.6961331173857632,0.6963773621443861,0.7657166381021573,5,10,10,0.7497,0.7352,0.6348,0.7624,0.5986,0.7496,0.7354,0.6361,0.7623,0.5986,0.00033646408507,0.0005083107251717,0.0002310510123239,0.0002772597128478,166.4,33,5,166.4,r-strb_sl24_st12_bu500_no0.05_re0.95_re0.5
smd,vlstm,strb,24,12,B6,500.0,0.1,0.95,0.5,,,,0.00014126638002835977,-0.00034975259240074277,-0.00014126638002835977,0.6961331173857632,0.6963773621443861,0.7657166381021573,5,10,10,0.7497,0.7352,0.6348,0.7624,0.5986,0.7496,0.7354,0.6361,0.7623,0.5986,0.0003341137876995,0.0005047600301234,0.0002294371091469,0.0002753229209765,165.2,33,5,165.2,r-strb_sl24_st12_bu500_no0.1_re0.95_re0.5
smd,vlstm,strb,24,12,B6,500.0,0.35,0.95,0.5,,,,0.00017737368574666235,-0.00033471704568667217,-0.00017737368574666235,0.6961304080849325,0.6964079952469249,0.7657166381021573,5,10,10,0.7497,0.7352,0.6348,0.7622,0.5988,0.7496,0.7354,0.6362,0.7621,0.5988,0.0003463184626789,0.0005231981561065,0.000237818093464,0.0002853800626425,171.2,33,5,171.2,r-strb_sl24_st12_bu500_no0.35_re0.95_re0.5
smd,vlstm,strb,24,12,B6,500.0,0.5,0.95,0.5,,,,0.00017206172865696923,-0.0003760532889212742,-0.00017206172865696923,0.6960888957512461,0.6963429275027111,0.7657166381021573,5,10,10,0.7497,0.7352,0.6348,0.7621,0.5987,0.7496,0.7352,0.6363,0.7619,0.5987,1.2358369136192055e-06,0.000519866742857,0.0002363039488994,0.0002835627939575,170.1,33,5,170.2,r-strb_sl24_st12_bu500_no0.5_re0.95_re0.5
smd,vtcn,strb,24,12,B1,500.0,0.2,0.9,0.5,,,,-0.0001441010002808718,-0.0021005459212368295,0.0001441010002808718,0.6950623320122806,0.6949313949095739,0.7663179595146906,5,10,10,0.7514,0.7321,0.6418,0.7572,0.5929,0.7503,0.7337,0.6421,0.7556,0.5929,0.00042159882056089996,0.0006369274217375,0.0002895132159716,0.00034741420576570004,208.5,33,5,107.2,r-strb_sl24_st12_bu500_no0.2_re0.9_re0.5
smd,vtcn,strb,24,12,B1,100.0,0.2,0.9,0.5,,,,-0.001506464471289759,-0.002880888968660578,0.001506464471289759,0.6946719402955785,0.6939747295040444,0.7663179595146906,5,10,10,0.7514,0.7298,0.6494,0.75,0.5927,0.7489,0.7326,0.6439,0.7517,0.5927,0.0001785907487101599,0.0005690352418804,0.0002586531076405,0.0003103821342399,186.2,32,5,98.3,r-strb_sl24_st12_bu100_no0.2_re0.9_re0.5
smd,vtcn,strb,24,12,B1,250.0,0.2,0.9,0.5,,,,0.0006030054078775216,-0.0025911966213462367,-0.0006030054078775216,0.6931560778925399,0.6946626480247862,0.7663179595146906,5,10,10,0.7514,0.7341,0.6392,0.7469,0.5941,0.7488,0.7339,0.6454,0.7512,0.5941,0.00039478472903219997,0.000596418223536,0.0002710999580455,0.0003253182654904,195.2,32,5,101.4,r-strb_sl24_st12_bu250_no0.2_re0.9_re0.5
smd,vtcn,strb,24,12,B1,1000.0,0.2,0.9,0.5,,,,-0.0010059218504911648,-0.0021099457373844,0.0010059218504911648,0.6956873267724831,0.6945934518224262,0.7663179595146906,5,10,10,0.7514,0.7322,0.6446,0.7572,0.593,0.7502,0.7326,0.6424,0.7546,0.593,0.0005283323044842001,0.0007981742739887,0.0003628077523193,0.0004353665216693,261.2,39,5,133.5,r-strb_sl24_st12_bu1000_no0.2_re0.9_re0.5
smd,vtcn,strb,24,12,B1,2000.0,0.2,0.9,0.5,,,,-0.0010854558346412469,-0.0018512455671033546,0.0010854558346412469,0.6954575825586613,0.6944497768928055,0.7663179595146906,5,10,10,0.7514,0.733,0.6427,0.7597,0.5905,0.7505,0.7323,0.6418,0.7571,0.5905,0.0005895346631229999,0.0008906353023194001,0.0004048361728018,0.00048579912951740003,291.5,36,5,152.4,r-strb_sl24_st12_bu2000_no0.2_re0.9_re0.5
smd,vtcn,strb,24,12,B1,4000.0,0.2,0.9,0.5,,,,0.0003561192478172881,-0.001142954996546941,-0.0003561192478172881,0.695122756634002,0.6956723363823809,0.7663179595146906,5,10,10,0.7514,0.733,0.6393,0.7581,0.5938,0.7514,0.7334,0.6402,0.7596,0.5938,0.0008146747828671,0.0012307641380866,0.0005594416585685,0.000671322479518,402.8,41,5,220.6,r-strb_sl24_st12_bu4000_no0.2_re0.9_re0.5
smd,vtcn,strb,24,12,B1,500.0,0.01,0.9,0.5,,,,-0.00029307682891096534,-0.0020575724949328912,0.00029307682891096534,0.6949410882532536,0.6946570347008499,0.7663179595146906,5,10,10,0.7514,0.7321,0.642,0.7556,0.5937,0.7506,0.7335,0.6415,0.7539,0.5937,0.0002127734519025,0.000321445980219,0.0001461122686916,0.0001753337115274,105.2,33,5,105.2,r-strb_sl24_st12_bu500_no0.01_re0.9_re0.5
smd,vtcn,strb,24,12,B1,500.0,0.05,0.9,0.5,,,,-0.00024840060023681996,-0.002265885852335281,0.00024840060023681996,0.6949052420547432,0.6946261908978182,0.7663179595146906,5,10,10,0.7514,0.7321,0.6422,0.7566,0.5923,0.7503,0.7329,0.643,0.7546,0.5923,0.00042022383034139997,0.0006348501650355999,0.00028856910920119997,0.00034628105583439997,207.8,33,5,109.4,r-strb_sl24_st12_bu500_no0.05_re0.9_re0.5
smd,vtcn,strb,24,12,B1,500.0,0.1,0.9,0.5,,,,-0.0002175532380151668,-0.0019902907644762323,0.0002175532380151668,0.6950515979061398,0.6947856896473279,0.7663179595146906,5,10,10,0.7514,0.7321,0.6417,0.7563,0.5938,0.7506,0.7336,0.6415,0.7543,0.5938,0.0004171493736001,0.000630205451365,0.00028645783894,0.00034374761242480004,206.3,33,5,108.1,r-strb_sl24_st12_bu500_no0.1_re0.9_re0.5
smd,vtcn,strb,24,12,B1,500.0,0.35,0.9,0.5,,,,0.00037856386456435186,-0.0025548506401996906,-0.00037856386456435186,0.6937047385945674,0.694759832397277,0.7663179595146906,5,10,10,0.7514,0.7321,0.6422,0.7492,0.5936,0.7504,0.7335,0.6423,0.754,0.5936,0.0004530130219751,0.0006843862032539999,0.00031108551985029997,0.0003733006834036,224.0,35,5,110.7,r-strb_sl24_st12_bu500_no0.35_re0.9_re0.5
smd,vtcn,strb,24,12,B1,500.0,0.5,0.9,0.5,,,,0.0004748590188538238,-0.00267991711888198,-0.0004748590188538238,0.6935317316605649,0.6947052190353087,0.7663179595146906,5,10,10,0.7514,0.7321,0.6422,0.7493,0.5927,0.7502,0.733,0.6434,0.7542,0.5927,8.161308913963502e-07,0.0003433133478855,0.0001560519192729,0.0001872614286125,112.4,35,5,112.4,r-strb_sl24_st12_bu500_no0.5_re0.9_re0.5
smd,vtcn,strb,24,12,B1,500.0,0.2,0.3,0.5,,,,-0.0012599141627481103,-0.0018004886642696062,0.0012599141627481103,0.6961824817474287,0.6952707793747337,0.7663179595146906,5,10,10,0.7514,0.7321,0.6439,0.7599,0.5936,0.7503,0.7338,0.6417,0.757,0.5936,0.000220118252802,0.0003325420859765,0.0001511558781268,0.0001813862078497,108.8,32,5,108.8,r-strb_sl24_st12_bu500_no0.2_re0.3_re0.5
smd,vtcn,strb,24,12,B1,500.0,0.2,0.5,0.5,,,,-0.0011175681896500866,-0.002362471635696373,0.0011175681896500866,0.6953056089305572,0.6946327743568673,0.7663179595146906,5,10,10,0.7514,0.7321,0.6439,0.7573,0.5919,0.7494,0.734,0.641,0.7569,0.5919,0.0002314598195164,0.0003496762772824,0.0001589442052044,0.000190732072078,114.4,36,5,114.5,r-strb_sl24_st12_bu500_no0.2_re0.5_re0.5
smd,vtcn,strb,24,12,B1,500.0,0.2,0.7,0.5,,,,-0.000640898035302384,-0.001713116293881789,0.000640898035302384,0.6957128835108142,0.6952318718937691,0.7663179595146906,5,10,10,0.7514,0.7321,0.6439,0.7598,0.5915,0.7497,0.7337,0.6412,0.7601,0.5915,0.00042942604146060004,0.0006487523400812,0.0002948882103593,0.0003538641297219,212.3,32,5,105.5,r-strb_sl24_st12_bu500_no0.2_re0.7_re0.5
smd,vtcn,strb,24,12,B1,500.0,0.2,0.95,0.5,,,,0.00040311340795473605,-0.0026138659686343545,-0.00040311340795473605,0.6935742298323571,0.6946781466155169,0.7663179595146906,5,10,10,0.7514,0.7321,0.6422,0.749,0.5932,0.7504,0.7331,0.6428,0.7539,0.5932,8.077901578583102e-07,0.0003398047377043,0.0001544570961779,0.0001853476415264,111.2,35,5,111.2,r-strb_sl24_st12_bu500_no0.2_re0.95_re0.5
smd,vtcn,strb,24,12,B1,500.0,0.2,0.9,0.3,,,,-0.00018285332655985088,-6.563028191587383e-05,0.00018285332655985088,0.6957602131490227,0.695525516327105,0.7663179595146906,5,10,10,0.7514,0.7345,0.636,0.7612,0.5957,0.7503,0.7335,0.6392,0.7588,0.5957,0.0003822783470443,0.0005775242958342,0.00026251185277869997,0.0003150124430554,189.0,36,5,99.0,r-strb_sl24_st12_bu500_no0.2_re0.9_re0.3
smd,vtcn,strb,24,12,B1,500.0,0.2,0.9,0.7,,,,-0.0014400046694970302,-0.003841665654477877,0.0014400046694970302,0.6937333397203781,0.6928191670347869,0.7663179595146906,5,10,10,0.7514,0.7321,0.649,0.7458,0.5904,0.7488,0.7319,0.6458,0.7473,0.5904,0.0005860090902975,0.0008853090682305999,0.0004024143033007,0.00048289476492970003,289.7,38,5,154.1,r-strb_sl24_st12_bu500_no0.2_re0.9_re0.7
smd,vtcn,strb,24,12,B1,500.0,0.2,0.9,0.9,,,,-0.001094923953133875,-0.007151269677988259,0.001094923953133875,0.6914918222217679,0.6910953781958071,0.7663179595146906,5,10,10,0.7514,0.7304,0.6491,0.7406,0.5859,0.7479,0.7297,0.6541,0.7379,0.5859,0.0007948432600231,0.0012008038058984,0.0005458214895806,0.0006549823163178,393.0,44,5,393.0,r-strb_sl24_st12_bu500_no0.2_re0.9_re0.9
smd,vtcn,gdumb,24,12,B1,500.0,,,0.5,,,,-0.009288893747312765,-0.007034424532199546,0.009288893747312765,0.7012487638894994,0.6942831013253217,0.773093292970702,5,10,10,0.7514,0.7239,0.6863,0.7714,0.5733,0.7472,0.7247,0.6531,0.7731,0.5733,0.0002073065500265,0.0003131868970648,0.0001423580320636,0.0001708288650012,102.5,37,5,102.5,r-gdumb_sl24_st12_bu500_re0.5
smd,vtcn,gdumb,24,12,B1,100.0,,,0.5,,,,-0.011990795399393817,-0.012041043421598207,0.011990795399393817,0.6988045776726548,0.6905469670116887,0.7766179515301042,5,10,10,0.7514,0.7162,0.6976,0.7717,0.5571,0.7389,0.7206,0.6596,0.7766,0.5571,8.31670274851822e-07,0.000349850139734,0.0001590232037602,0.0001908269359737,114.5,44,5,114.5,r-gdumb_sl24_st12_bu100_re0.5
smd,vtcn,gdumb,24,12,B1,250.0,,,0.5,,,,-0.010697964298577589,-0.009710616209013733,0.010697964298577589,0.7004963589311799,0.6931300931951011,0.7739993685355703,5,10,10,0.7514,0.7231,0.6918,0.7693,0.5669,0.7452,0.7237,0.6558,0.774,0.5669,0.0002156942322766,0.0003258585284105,0.0001481180982049,0.0001777404302055,106.6,39,5,106.7,r-gdumb_sl24_st12_bu250_re0.5
smd,vtcn,gdumb,24,12,B1,1000.0,,,0.5,,,,-0.009586622409282652,-0.004665233926863766,0.009586622409282652,0.7018466305425477,0.6945841707569931,0.7748597495042522,5,10,10,0.7514,0.7267,0.6839,0.7731,0.5741,0.7469,0.7248,0.6522,0.7749,0.5741,0.0002266024589576,0.0003423380543409,0.0001556086880187,0.0001867293663222,112.0,40,5,112.1,r-gdumb_sl24_st12_bu1000_re0.5
smd,vtcn,gdumb,24,12,B1,2000.0,,,0.5,,,,-0.009887265488562858,0.0006103574435079251,0.009887265488562858,0.7028274298931877,0.6958017074078057,0.7755120205943802,5,10,10,0.7514,0.737,0.6683,0.7755,0.5819,0.7469,0.7283,0.647,0.7749,0.5819,0.0002225868816423,0.0003362715494516,0.0001528511398704,0.0001834204095811,110.1,36,5,110.1,r-gdumb_sl24_st12_bu2000_re0.5
smd,vtcn,gdumb,24,12,B1,4000.0,,,0.5,,,,-0.004862883481240254,0.00040351940515007676,0.004862883481240254,0.6998481698802382,0.6963215807021088,0.7760031773255359,5,10,10,0.7514,0.7353,0.6529,0.7751,0.5846,0.7472,0.7319,0.6419,0.776,0.5846,0.0002349301157939,0.0003549190027193,0.0001613272249407,0.0001935917777785,116.2,35,5,116.2,r-gdumb_sl24_st12_bu4000_re0.5
smd,vtcn,gdumb,24,12,B1,500.0,,,0.3,,,,-0.005062929313697262,-0.0028672531831531733,0.005062929313697262,0.6995146534594593,0.6953460638775582,0.7724933373925029,5,10,10,0.7514,0.7283,0.664,0.7724,0.5815,0.7487,0.7287,0.6453,0.7725,0.5815,0.000185464098978,0.0002801885693839,0.0001273588103584,0.0001528297590254,91.7,39,5,91.7,r-gdumb_sl24_st12_bu500_re0.3
smd,vtcn,gdumb,24,12,B1,500.0,,,0.7,,,,-0.013174591719429663,-0.012162977994333569,0.013174591719429663,0.7000103490129871,0.6915175587341371,0.7736337847198536,5,10,10,0.7514,0.7163,0.7031,0.7689,0.5604,0.744,0.7184,0.6612,0.7736,0.5604,9.698018583585918e-07,0.000407956525465,0.0001854352556725,0.0002225212697925,133.5,36,5,133.5,r-gdumb_sl24_st12_bu500_re0.7
smd,vtcn,derpp,24,12,B1,500.0,,,0.5,,0.5,0.5,0.0008642785251091634,0.00046560209800812214,-0.0008642785251091634,0.6944723421485022,0.6955069207996558,0.7742006032638723,5,10,10,0.7514,0.7317,0.6351,0.7655,0.5887,0.7492,0.7358,0.6297,0.7742,0.5887,0.0002789604748366,0.0004214375547064,0.0001915630229742,0.0002298745317322,137.9,35,5,137.9,r-derpp_sl24_st12_bu500_re0.5_al0.5_te0.5
smd,vtcn,derpp,24,12,B1,100.0,,,0.5,,0.5,0.5,0.0007787010361964941,-0.001441536692529155,-0.0007787010361964941,0.6941413247946858,0.6948726662577069,0.7726560312509819,5,10,10,0.7514,0.7359,0.6351,0.7644,0.5839,0.7518,0.7341,0.632,0.7727,0.5839,0.0002687072772525,0.0004059476093286,0.0001845220946752,0.0002214255146534,132.9,32,5,132.9,r-derpp_sl24_st12_bu100_re0.5_al0.5_te0.5
smd,vtcn,derpp,24,12,B1,250.0,,,0.5,,0.5,0.5,1.7627009045861898e-05,-0.0001092098253218654,-1.7627009045861898e-05,0.6956405705913593,0.6954212535743534,0.7689729629550515,5,10,10,0.7514,0.7345,0.6365,0.7657,0.5901,0.7498,0.7342,0.634,0.769,0.5901,0.0002670381891305,0.0004034260463111,0.0001833760000597,0.0002200500462514,132.0,32,5,132.0,r-derpp_sl24_st12_bu250_re0.5_al0.5_te0.5
smd,vtcn,derpp,24,12,B1,1000.0,,,0.5,,0.5,0.5,-0.000606506337543189,0.0011762660038642792,0.000606506337543189,0.6960738265119506,0.6964400156467676,0.7695077425416019,5,10,10,0.7514,0.7366,0.6389,0.7614,0.5921,0.75,0.7352,0.6353,0.7695,0.5921,0.0002625002476032,0.0003965703834012,0.0001802597041662,0.000216310679235,129.8,32,5,129.8,r-derpp_sl24_st12_bu1000_re0.5_al0.5_te0.5
smd,vtcn,derpp,24,12,B1,2000.0,,,0.5,,0.5,0.5,-0.001783175927852021,0.0014531897004410044,0.001783175927852021,0.696986281449376,0.6956445590684359,0.7666900722889863,5,10,10,0.7514,0.7342,0.6364,0.7657,0.5972,0.7497,0.7363,0.6282,0.7667,0.5972,0.0002878381848235,0.0004348494919727,0.0001976594015587,0.0002371900904139,142.3,34,5,142.3,r-derpp_sl24_st12_bu2000_re0.5_al0.5_te0.5
smd,vtcn,derpp,24,12,B1,4000.0,,,0.5,,0.5,0.5,-0.0016601381016443594,0.0014822384944438328,0.0016601381016443594,0.6971982871720306,0.6959216526856679,0.7688959461263444,5,10,10,0.7514,0.7367,0.6371,0.7657,0.5951,0.7506,0.736,0.6291,0.7689,0.5951,0.0002355664770389,0.0003558803809472,0.0001617642129616,0.0001941161679856,116.5,33,5,122.9,r-derpp_sl24_st12_bu4000_re0.5_al0.5_te0.5
smd,vtcn,derpp,24,12,B1,500.0,,,0.3,,0.5,0.5,0.0002604760728830757,0.0001612541843037718,-0.0002604760728830757,0.6951353419802533,0.6954841728226799,0.7728685983473231,5,10,10,0.7514,0.732,0.6345,0.7677,0.59,0.749,0.7348,0.6307,0.7729,0.59,7.750218630234021e-07,0.0003260204377558,0.0001481916233793,0.0001778288143764,106.7,38,5,106.7,r-derpp_sl24_st12_bu500_re0.3_al0.5_te0.5
smd,vtcn,derpp,24,12,B1,500.0,,,0.7,,0.5,0.5,-0.0015741277729221404,0.0006376540318576262,0.0015741277729221404,0.6959559595116911,0.6949574020533105,0.7751429532249557,5,10,10,0.7514,0.7341,0.6396,0.7678,0.5869,0.7485,0.7352,0.629,0.7751,0.5869,0.0003472555107574,0.0005246137948312,0.0002384614053835,0.0002861523894476,171.7,38,5,171.7,r-derpp_sl24_st12_bu500_re0.7_al0.5_te0.5
smd,vtcn,derpp,24,12,B1,500.0,,,0.5,,0.1,0.5,0.0001781180574564334,0.0008830962949093358,-0.0001781180574564334,0.6956548152331703,0.6955636193103112,0.7682380683538906,5,10,10,0.7514,0.7313,0.636,0.7651,0.5944,0.7491,0.7353,0.6307,0.7682,0.5944,0.0002212495621876,0.0003342512035902,0.0001519327817148,0.0001823184218754,109.4,33,5,109.4,r-derpp_sl24_st12_bu500_re0.5_al0.1_te0.5
smd,vtcn,derpp,24,12,B1,500.0,,,0.5,,1.0,0.5,-0.00033481882250598896,0.000922071665154367,0.00033481882250598896,0.6951198053164959,0.6952931101429188,0.7755939192665982,5,10,10,0.7514,0.7366,0.6336,0.7664,0.5877,0.7484,0.7354,0.6294,0.7756,0.5877,0.0002184372493965,0.0003300025220289,0.0001500015492492,0.0001800009727796,108.0,33,5,108.0,r-derpp_sl24_st12_bu500_re0.5_al1.0_te0.5
smd,vtcn,derpp,24,12,B1,500.0,,,0.5,,0.5,0.1,0.0007133816168451879,0.0004331040828474131,-0.0007133816168451879,0.6941100813492627,0.6950157212608159,0.7757222238507056,5,10,10,0.7514,0.7322,0.6342,0.7655,0.5872,0.7479,0.7349,0.6293,0.7757,0.5872,0.0002143261311098,0.0003237916792962,0.0001471784385994,0.0001766132406968,106.0,32,5,106.0,r-derpp_sl24_st12_bu500_re0.5_al0.5_te0.1
smd,vtcn,derpp,24,12,B1,500.0,,,0.5,,0.5,1.0,0.0001480182963643051,0.000744276574722702,-0.0001480182963643051,0.6952701114449368,0.6957753561403967,0.7732804257975825,5,10,10,0.7514,0.7349,0.6346,0.7658,0.5897,0.7497,0.7356,0.6306,0.7733,0.5897,0.0002530784554185,0.0003823364778216,0.0001737897685166,0.0002085467093049,125.1,40,5,125.1,r-derpp_sl24_st12_bu500_re0.5_al0.5_te1.0
smd,vtcn,strb,6,6,B2,500.0,0.2,0.9,0.5,,,,0.003045111996604255,-0.01439842795663141,-0.003045111996604255,0.6882948409111972,0.6897356760923714,0.7623929221718331,5,10,10,0.7484,0.7238,0.6572,0.7096,0.6025,0.7567,0.7297,0.6515,0.7082,0.6025,0.0002616377038488538,0.0007713824020043,0.0003506299302033,0.0004207524718009,252.5,31,5,123.6,r-strb_sl6_st6_bu500_no0.2_re0.9_re0.5
smd,vtcn,gdumb,6,6,B2,500.0,,,0.5,,,,-0.009520593356498575,-0.013804031020799402,0.009520593356498575,0.6998002973278423,0.6931635700331553,0.7733837369656873,5,10,10,0.7484,0.7208,0.6961,0.7675,0.5662,0.7446,0.724,0.6576,0.7734,0.5662,6.984445509462848e-07,0.0002938074512625,0.0001335491683444,0.0001602582829181,96.2,31,5,96.2,r-gdumb_sl6_st6_bu500_re0.5
smd,vtcn,derpp,6,6,B2,500.0,,,0.5,,0.5,0.5,-0.0006933834690247553,-0.0008433349854859218,0.0006933834690247553,0.6970198606200911,0.6962925789031731,0.7670894016789334,5,10,10,0.7484,0.7384,0.6377,0.7622,0.5984,0.7503,0.738,0.6277,0.7671,0.5984,0.0002637479404055,0.0003984553264346,0.0001811164716446,0.00021733885479,130.4,31,5,130.4,r-derpp_sl6_st6_bu500_re0.5_al0.5_te0.5
smd,vtcn,strb,8,8,B2,500.0,0.2,0.9,0.5,,,,0.0023546941624686736,-0.011104920904659399,-0.0023546941624686736,0.6885765616197508,0.6910647922978492,0.7671403405380381,5,10,10,0.7524,0.7081,0.6264,0.7671,0.5889,0.746,0.7239,0.633,0.7636,0.5889,0.00046939800125,0.0007091396942407,0.0003223374364586,0.00038680225778210003,232.1,41,5,116.8,r-strb_sl8_st8_bu500_no0.2_re0.9_re0.5
smd,vtcn,gdumb,8,8,B2,500.0,,,0.5,,,,-0.011224407336718334,-0.011272358306140628,0.011224407336718334,0.7007001038743524,0.693138303670868,0.7754345250475004,5,10,10,0.7524,0.723,0.6921,0.7692,0.5668,0.7443,0.7235,0.6558,0.7754,0.5668,0.0001785037389026,0.0002696732548694,0.0001225790353569,0.0001470942195124,88.3,32,5,88.3,r-gdumb_sl8_st8_bu500_re0.5
smd,vtcn,derpp,8,8,B2,500.0,,,0.5,,0.5,0.5,-0.00045221234203369766,-0.0015195939630490928,0.00045221234203369766,0.6973137219749572,0.6968796662418673,0.7663228170165994,5,10,10,0.7524,0.7384,0.6321,0.7663,0.5974,0.7491,0.733,0.6402,0.7647,0.5974,0.0002320614280376,0.0003505851530799,0.0001593572537046,0.0001912278993753,114.7,32,5,114.7,r-derpp_sl8_st8_bu500_re0.5_al0.5_te0.5
smd,vtcn,strb,10,10,B2,500.0,0.2,0.9,0.5,,,,-0.0015640461577230646,-0.008979416960004793,0.0015640461577230646,0.6915911605401106,0.6902973662838755,0.7639581342078079,5,10,10,0.7481,0.7261,0.6531,0.7593,0.5712,0.7473,0.7256,0.6533,0.7541,0.5712,0.00021422472620192637,0.0005925405729323,0.0002693374607078,0.00032320311222449997,193.9,33,5,88.3,r-strb_sl10_st10_bu500_no0.2_re0.9_re0.5
smd,vtcn,gdumb,10,10,B2,500.0,,,0.5,,,,-0.011791165989071905,-0.0072375259740486975,0.011791165989071905,0.7015729996322239,0.6929353066428849,0.774375100345683,5,10,10,0.7481,0.7269,0.6951,0.7719,0.5658,0.7441,0.7234,0.657,0.7744,0.5658,0.0001582131803961,0.0002390194378165,0.0001086454880223,0.0001303739497942,78.2,35,5,78.2,r-gdumb_sl10_st10_bu500_re0.5
smd,vtcn,derpp,10,10,B2,500.0,,,0.5,,0.5,0.5,0.0012531908950265235,0.0006332668807335296,-0.0012531908950265235,0.6949643367182867,0.6964579394790447,0.7698166798175619,5,10,10,0.7481,0.7344,0.632,0.7664,0.594,0.7499,0.7362,0.6325,0.7698,0.594,0.000219765497361,0.0003320091632011,0.0001509136388919,0.0001810955243092,108.7,37,5,108.7,r-derpp_sl10_st10_bu500_re0.5_al0.5_te0.5
smd,vtcn,strb,12,12,B2,500.0,0.2,0.9,0.5,,,,0.0018194325664145916,-0.006172884891160335,-0.0018194325664145916,0.6943144607948761,0.6949498997427619,0.7644948276178324,5,10,10,0.7501,0.7337,0.6473,0.7411,0.5993,0.7561,0.7332,0.6458,0.7404,0.5993,0.00018514079979936005,0.0005278146948104,0.0002399168586247,0.0002878978361856,172.7,34,5,81.5,r-strb_sl12_st12_bu500_no0.2_re0.9_re0.5
smd,vtcn,gdumb,12,12,B2,500.0,,,0.5,,,,-0.009814620848954281,-0.010100952213470215,0.009814620848954281,0.7019107396884322,0.6944451532419207,0.7742752535479412,5,10,10,0.7501,0.7244,0.691,0.7712,0.5728,0.7468,0.7238,0.6546,0.7743,0.5728,0.0001355872139195,0.0002048374197713,9.310815497883596e-05,0.0001117292647925,67.0,31,5,67.0,r-gdumb_sl12_st12_bu500_re0.5
smd,vtcn,derpp,12,12,B2,500.0,,,0.5,,0.5,0.5,0.0018059021487180193,-0.0023745173194562375,-0.0018059021487180193,0.6937458623650298,0.695603986996087,0.7728029787975937,5,10,10,0.7501,0.7331,0.6303,0.765,0.5901,0.7493,0.7358,0.63,0.7728,0.5901,6.80792017626966e-07,0.0002863817424989,0.0001301738795151,0.0001562078629837,93.7,34,5,93.7,r-derpp_sl12_st12_bu500_re0.5_al0.5_te0.5
smd,vtcn,strb,16,16,B2,500.0,0.2,0.9,0.5,,,,0.0022322614177682555,-0.001543033779202807,-0.0022322614177682555,0.694945675489726,0.6964216360048952,0.7675160699598508,5,10,10,0.7493,0.7303,0.6468,0.7506,0.5978,0.7542,0.7313,0.6476,0.7511,0.5978,0.00029203793368150004,0.00044119423271120003,0.00020054347500095157,0.0002406507577102,144.4,35,5,65.1,r-strb_sl16_st16_bu500_no0.2_re0.9_re0.5
smd,vtcn,gdumb,16,16,B2,500.0,,,0.5,,,,-0.009158102431321036,-0.008328184728402821,0.009158102431321036,0.7012942727205816,0.6944419647427975,0.7742550981234477,5,10,10,0.7493,0.7264,0.6875,0.7711,0.5721,0.7468,0.7251,0.654,0.7743,0.5721,0.0001322121865995,0.0001997386212349,9.0790537555909e-05,0.000108948083679,65.4,38,5,65.4,r-gdumb_sl16_st16_bu500_re0.5
smd,vtcn,derpp,16,16,B2,500.0,,,0.5,,0.5,0.5,7.74385488080398e-06,-0.0012102910117101184,-7.74385488080398e-06,0.6967371121995819,0.6968178293735915,0.7690582340639205,5,10,10,0.7493,0.7355,0.6354,0.7679,0.5957,0.7495,0.7346,0.6353,0.7691,0.5957,0.0001609794491683,0.0002431985587034,0.0001105451071764,0.000132653451527,79.6,35,5,79.6,r-derpp_sl16_st16_bu500_re0.5_al0.5_te0.5
smd,vtcn,strb,48,48,B2,500.0,0.2,0.9,0.5,,,,0.0009783576963919628,-0.0006947004388893396,-0.0009783576963919628,0.6952992804667023,0.6954269575290805,0.7634626938757555,5,10,10,0.7472,0.7351,0.6372,0.7634,0.5936,0.7504,0.7322,0.6393,0.7617,0.5936,0.00010964598853908354,0.00031297061606269997,0.00014225980300818468,0.00017071081305465976,102.4,34,5,48.4,r-strb_sl48_st48_bu500_no0.2_re0.9_re0.5
smd,vtcn,gdumb,48,48,B2,500.0,,,0.5,,,,-0.005688994741759668,0.0001810878994437659,0.005688994741759668,0.7010893921596133,0.6961004367673775,0.7770336860838474,5,10,10,0.7472,0.7352,0.6617,0.777,0.5843,0.7475,0.7304,0.6425,0.7758,0.5843,3.4769611971334073e-07,0.0001462617334596,6.648279901645663e-05,7.977893444321427e-05,47.9,34,5,47.9,r-gdumb_sl48_st48_bu500_re0.5
smd,vtcn,derpp,48,48,B2,500.0,,,0.5,,0.5,0.5,0.001275029631552027,0.0015056350432015476,-0.001275029631552027,0.695661898050114,0.6964744685682085,0.7673389053608893,5,10,10,0.7472,0.7329,0.6376,0.7617,0.5989,0.7509,0.7378,0.6286,0.7661,0.5989,0.0001177434356328,0.0001778800585455,8.085477083546318e-05,9.702528771013022e-05,58.2,32,5,58.2,r-derpp_sl48_st48_bu500_re0.5_al0.5_te0.5
smd,vtcn,strb,8,4,B3,500.0,0.2,0.9,0.5,,,,-0.010176004744355639,-0.013097712737338774,0.010176004744355639,0.688510069564859,0.6839387941666992,0.7654105586848248,5,10,10,0.7507,0.7139,0.6543,0.7589,0.5648,0.728,0.7145,0.6524,0.7601,0.5648,0.0009139046609250999,0.0013806749711074,0.0006275889739562,0.0007530859971511,451.9,37,5,230.2,r-strb_sl8_st4_bu500_no0.2_re0.9_re0.5
smd,vtcn,strb,12,6,B3,500.0,0.2,0.9,0.5,,,,0.0012382025519104057,-0.014475783732215785,-0.0012382025519104057,0.6883919050665026,0.6891274831155911,0.7632489892677173,5,10,10,0.7509,0.7268,0.6539,0.7249,0.5856,0.7535,0.7254,0.6539,0.7272,0.5856,0.0003116184615046137,0.0009199189577127999,0.00041814656834199997,0.0005017723893707,301.1,37,5,147.5,r-strb_sl12_st6_bu500_no0.2_re0.9_re0.5
smd,vtcn,strb,48,24,B3,500.0,0.2,0.9,0.5,,,,0.0003691405316603502,-0.003387406057798803,-0.0003691405316603502,0.6944279674167196,0.6946464558448723,0.7641610117458957,5,10,10,0.7494,0.7285,0.6448,0.7613,0.588,0.7508,0.7302,0.6427,0.7614,0.588,0.000303939641615,0.0004591746533827,0.00020871633553433291,0.00025045831784819997,150.3,32,5,68.9,r-strb_sl48_st24_bu500_no0.2_re0.9_re0.5
smd,vtcn,strb,6,6,B4,100.0,0.05,0.9,0.5,,,,0.0035516495383714707,-0.016145129131219203,-0.0035516495383714707,0.6860659691292499,0.6884263577166456,0.7623929221718331,5,10,10,0.7484,0.7231,0.6493,0.7098,0.5997,0.7547,0.7274,0.6474,0.713,0.5997,0.0004195252438129,0.0006337947804029,0.0002880892879057,0.0003457054924972,207.4,31,5,101.7,r-strb_sl6_st6_bu100_no0.05_re0.9_re0.5
smd,vtcn,strb,8,8,B4,100.0,0.05,0.9,0.5,,,,-0.003028546589714176,-0.007699106599151184,0.003028546589714176,0.6911099082009666,0.6899768643300844,0.7700189783897801,5,10,10,0.7524,0.7237,0.6275,0.7684,0.5835,0.7446,0.7225,0.6295,0.7697,0.5835,0.0004251773979595,0.0006423337321084,0.0002919706578094,0.00035036307429889995,210.2,37,5,96.5,r-strb_sl8_st8_bu100_no0.05_re0.9_re0.5
smd,vtcn,strb,10,10,B4,100.0,0.05,0.9,0.5,,,,-0.0019501596605347228,-0.007912806085886126,0.0019501596605347228,0.6916373980821591,0.6901581946913263,0.7639581342078079,5,10,10,0.7481,0.7269,0.6603,0.7508,0.5721,0.7458,0.7247,0.6572,0.751,0.5721,0.00032774108759699996,0.0004951325187363,0.0002250608604724,0.00027007165826389997,162.0,33,5,77.9,r-strb_sl10_st10_bu100_no0.05_re0.9_re0.5
smd,vtcn,strb,12,12,B4,100.0,0.05,0.9,0.5,,,,0.0023570131048134104,-0.009216541199573736,-0.0023570131048134104,0.6910826495601599,0.6927251322201272,0.7644948276178324,5,10,10,0.7501,0.7341,0.6424,0.7336,0.5951,0.7555,0.7328,0.6433,0.737,0.5951,0.0002969248920429,0.0004485771703226,0.00020389925879617815,0.0002446779115264,146.8,32,5,71.2,r-strb_sl12_st12_bu100_no0.05_re0.9_re0.5
smd,vtcn,strb,16,16,B4,100.0,0.05,0.9,0.5,,,,0.000807117859460893,-0.0010331454733845113,-0.000807117859460893,0.6980328136914815,0.6977175816212725,0.7675160699598508,5,10,10,0.7493,0.7304,0.6546,0.7534,0.6025,0.7531,0.7322,0.6508,0.75,0.6025,0.0002657700158907,0.0004015101626022,0.00018250513038106468,0.0002190050322212,131.4,38,5,65.2,r-strb_sl16_st16_bu100_no0.05_re0.9_re0.5
smd,vtcn,strb,24,24,B4,100.0,0.05,0.9,0.5,,,,0.0017417326403788014,-0.003573331056002782,-0.0017417326403788014,0.6941665823157657,0.6946474368414993,0.7681114893189023,5,10,10,0.7496,0.7358,0.6369,0.7451,0.6034,0.7545,0.7349,0.6358,0.7446,0.6034,0.0002272476574738,0.00034331278341359996,0.00015605174264961128,0.00018726104076408472,112.4,34,5,54.1,r-strb_sl24_st24_bu100_no0.05_re0.9_re0.5
smd,vtcn,strb,48,48,B4,100.0,0.05,0.9,0.5,,,,0.0005124258960610307,0.0022064124933562244,-0.0005124258960610307,0.6971790047055467,0.6968492716021218,0.7634626938757555,5,10,10,0.7472,0.7367,0.6392,0.7621,0.6008,0.7502,0.736,0.6367,0.7606,0.6008,0.000207200188575774,0.0003130262122589,0.00014228506406458716,0.00017074114819445337,102.4,35,5,48.3,r-strb_sl48_st48_bu100_no0.05_re0.9_re0.5
smd,vtcn,strb,6,6,B4,100.0,0.2,0.9,0.5,,,,0.0035516495383714707,-0.016145129131219203,-0.0035516495383714707,0.6860659691292499,0.6884263577166456,0.7623929221718331,5,10,10,0.7484,0.7231,0.6493,0.7098,0.5997,0.7547,0.7274,0.6474,0.713,0.5997,0.00041272402961499996,0.0006235198943916,0.0002834189273752,0.0003401009670163,204.1,31,5,100.4,r-strb_sl6_st6_bu100_no0.2_re0.9_re0.5
smd,vtcn,strb,8,8,B4,100.0,0.2,0.9,0.5,,,,-0.003028546589714176,-0.007699106599151184,0.003028546589714176,0.6911099082009666,0.6899768643300844,0.7700189783897801,5,10,10,0.7524,0.7237,0.6275,0.7684,0.5835,0.7446,0.7225,0.6295,0.7697,0.5835,0.00041298740466000003,0.0006239177863689,0.0002835998938676,0.0003403178925011,204.2,37,5,96.4,r-strb_sl8_st8_bu100_no0.2_re0.9_re0.5
smd,vtcn,strb,10,10,B4,100.0,0.2,0.9,0.5,,,,-0.0019501596605347228,-0.007912806085886126,0.0019501596605347228,0.6916373980821591,0.6901581946913263,0.7639581342078079,5,10,10,0.7481,0.7269,0.6603,0.7508,0.5721,0.7458,0.7247,0.6572,0.751,0.5721,0.00018117376533250133,0.000511483451114,0.00023249313021,0.0002789903209039,167.4,33,5,78.1,r-strb_sl10_st10_bu100_no0.2_re0.9_re0.5
smd,vtcn,strb,12,12,B4,100.0,0.2,0.9,0.5,,,,0.0023570131048134104,-0.009216541199573736,-0.0023570131048134104,0.6910826495601599,0.6927251322201272,0.7644948276178324,5,10,10,0.7501,0.7341,0.6424,0.7336,0.5951,0.7555,0.7328,0.6433,0.737,0.5951,0.00028953399172190004,0.00043741142019180005,0.00019882386637481747,0.0002385875538169,143.2,32,5,69.8,r-strb_sl12_st12_bu100_no0.2_re0.9_re0.5
smd,vtcn,strb,16,16,B4,100.0,0.2,0.9,0.5,,,,0.0024977403582957967,-0.001711605293348062,-0.0024977403582957967,0.6958798931168871,0.6979489111517486,0.7675160699598508,5,10,10,0.7493,0.7304,0.6528,0.7452,0.6017,0.7536,0.732,0.6514,0.7511,0.6017,0.0002741114160622,0.0004141118736267,0.00018823317702753537,0.0002258786965991,135.5,35,5,62.8,r-strb_sl16_st16_bu100_no0.2_re0.9_re0.5
smd,vtcn,strb,24,24,B4,100.0,0.2,0.9,0.5,,,,0.0014143101072668584,-0.0031938313189132208,-0.0014143101072668584,0.6950676691795827,0.6951506233245583,0.7681114893189023,5,10,10,0.7496,0.7358,0.6367,0.7464,0.6068,0.7542,0.7354,0.6359,0.7435,0.6068,0.0002342883639595,0.0003539494806964,0.00016088659166772334,0.0001930628890287981,115.8,33,5,53.3,r-strb_sl24_st24_bu100_no0.2_re0.9_re0.5
smd,vtcn,strb,48,48,B4,100.0,0.2,0.9,0.5,,,,0.0005124258960610307,0.0022064124933562244,-0.0005124258960610307,0.6971790047055467,0.6968492716021218,0.7634626938757555,5,10,10,0.7472,0.7367,0.6392,0.7621,0.6008,0.7502,0.736,0.6367,0.7606,0.6008,9.935831209336194e-05,0.0002972031608899,0.00013509279137490215,0.0001621103695151396,97.3,35,5,48.3,r-strb_sl48_st48_bu100_no0.2_re0.9_re0.5
smd,vtcn,strb,6,6,B4,100.0,0.35,0.9,0.5,,,,0.0035516495383714707,-0.016145129131219203,-0.0035516495383714707,0.6860659691292499,0.6884263577166456,0.7623929221718331,5,10,10,0.7484,0.7231,0.6493,0.7098,0.5997,0.7547,0.7274,0.6474,0.713,0.5997,0.00040536009260349996,0.0006123948788891,0.00027836199514099996,0.00033403288374799997,200.4,31,5,99.7,r-strb_sl6_st6_bu100_no0.35_re0.9_re0.5
smd,vtcn,strb,8,8,B4,100.0,0.35,0.9,0.5,,,,-0.003028546589714176,-0.007699106599151184,0.003028546589714176,0.6911099082009666,0.6899768643300844,0.7700189783897801,5,10,10,0.7524,0.7237,0.6275,0.7684,0.5835,0.7446,0.7225,0.6295,0.7697,0.5835,0.0004157432654116,0.0006280811834127,0.00028549229195590003,0.0003425888914567,205.6,37,5,96.9,r-strb_sl8_st8_bu100_no0.35_re0.9_re0.5
smd,vtcn,strb,10,10,B4,100.0,0.35,0.9,0.5,,,,-0.0019501596605347228,-0.007912806085886126,0.0019501596605347228,0.6916373980821591,0.6901581946913263,0.7639581342078079,5,10,10,0.7481,0.7269,0.6603,0.7508,0.5721,0.7458,0.7247,0.6572,0.751,0.5721,0.00034040257450969997,0.0005142607701008,0.0002337557005824,0.0002805050695182,168.3,33,5,77.8,r-strb_sl10_st10_bu100_no0.35_re0.9_re0.5
smd,vtcn,strb,12,12,B4,100.0,0.35,0.9,0.5,,,,0.0026305871247450765,-0.009463067346700571,-0.0026305871247450765,0.6908378286505028,0.6928741901237533,0.7644948276178324,5,10,10,0.7501,0.7341,0.6419,0.7347,0.5933,0.7552,0.7321,0.645,0.7388,0.5933,0.00015284027389452848,0.0004426876698424,0.00020122230324257187,0.00024146536659990002,144.9,32,5,69.6,r-strb_sl12_st12_bu100_no0.35_re0.9_re0.5
smd,vtcn,strb,16,16,B4,100.0,0.35,0.9,0.5,,,,0.0030220496341048174,-0.0022245823173336343,-0.0030220496341048174,0.6950771772077251,0.6975447029096314,0.7675160699598508,5,10,10,0.7493,0.7304,0.6512,0.7436,0.6008,0.754,0.7328,0.651,0.7492,0.6008,0.0001356557919956808,0.0004035790533351,0.00018344555416648897,0.0002201334991685,132.1,35,5,65.3,r-strb_sl16_st16_bu100_no0.35_re0.9_re0.5
smd,vtcn,strb,24,24,B4,100.0,0.35,0.9,0.5,,,,0.0015507814759978423,-0.0038098702434703814,-0.0015507814759978423,0.6939777432699846,0.6942710731039266,0.7681114893189023,5,10,10,0.7496,0.7358,0.6378,0.7379,0.6087,0.7549,0.7347,0.638,0.735,0.6087,0.00011712644682829493,0.0003393703697713,0.00015425969386770804,0.00018511067590365807,111.1,33,5,53.4,r-strb_sl24_st24_bu100_no0.35_re0.9_re0.5
smd,vtcn,strb,48,48,B4,100.0,0.35,0.9,0.5,,,,0.0005124258960610307,0.0022064124933562244,-0.0005124258960610307,0.6971790047055467,0.6968492716021218,0.7634626938757555,5,10,10,0.7472,0.7367,0.6392,0.7621,0.6008,0.7502,0.736,0.6367,0.7606,0.6008,0.00010687342041741463,0.00030671901568259997,0.00013941813373821786,0.00016730088194444152,100.4,35,5,47.7,r-strb_sl48_st48_bu100_no0.35_re0.9_re0.5
smd,vtcn,strb,6,6,B4,500.0,0.05,0.9,0.5,,,,0.003045111996604255,-0.01439842795663141,-0.003045111996604255,0.6882948409111972,0.6897356760923714,0.7623929221718331,5,10,10,0.7484,0.7238,0.6572,0.7096,0.6025,0.7567,0.7297,0.6515,0.7082,0.6025,0.0005091121477796,0.0007691375588503,0.0003496110862844,0.0004195264725658,251.7,31,5,123.9,r-strb_sl6_st6_bu500_no0.05_re0.9_re0.5
smd,vtcn,strb,8,8,B4,500.0,0.05,0.9,0.5,,,,0.0023562187219287934,-0.0111046880245247,-0.0023562187219287934,0.6885770273800201,0.6910683071770389,0.7671403405380381,5,10,10,0.7524,0.7081,0.6264,0.7671,0.5889,0.746,0.7239,0.633,0.7636,0.5889,0.0004835422543282,0.0007305080240513,0.0003320502005788,0.0003984578234725,239.1,41,5,118.0,r-strb_sl8_st8_bu500_no0.05_re0.9_re0.5
smd,vtcn,strb,10,10,B4,500.0,0.05,0.9,0.5,,,,-0.0015640461577230646,-0.008979416960004793,0.0015640461577230646,0.6915911605401106,0.6902973662838755,0.7639581342078079,5,10,10,0.7481,0.7261,0.6531,0.7593,0.5712,0.7473,0.7256,0.6533,0.7541,0.5712,0.00019168266128887868,0.0005562502262260001,0.0002528417487239,0.0003034084775019,182.0,33,5,87.6,r-strb_sl10_st10_bu500_no0.05_re0.9_re0.5
smd,vtcn,strb,12,12,B4,500.0,0.05,0.9,0.5,,,,0.0016106151526084523,-0.006144130562016292,-0.0016106151526084523,0.6944480244164266,0.6948659267695678,0.7644948276178324,5,10,10,0.7501,0.7337,0.6479,0.7412,0.5993,0.756,0.7331,0.6457,0.7402,0.5993,0.0003307302675211,0.0004996484010617,0.00022711350758450002,0.000272534893477,163.5,34,5,79.5,r-strb_sl12_st12_bu500_no0.05_re0.9_re0.5
smd,vtcn,strb,16,16,B4,500.0,0.05,0.9,0.5,,,,0.0016929536085674378,-0.0013276279613641528,-0.0016929536085674378,0.6949870978972865,0.6963911153144152,0.7675160699598508,5,10,10,0.7493,0.7303,0.6469,0.7498,0.5987,0.7542,0.7315,0.6472,0.7504,0.5987,0.00013764655124357333,0.0004121116313185,0.00018732406701375213,0.0002247875643048,134.9,35,5,67.1,r-strb_sl16_st16_bu500_no0.05_re0.9_re0.5
smd,vtcn,strb,24,24,B4,500.0,0.05,0.9,0.5,,,,0.0037610171732116115,-0.003832667057258432,-0.0037610171732116115,0.6922921449656142,0.6952478882215172,0.7681114893189023,5,10,10,0.7496,0.7335,0.6323,0.7471,0.599,0.7538,0.7346,0.6385,0.7504,0.599,0.0002534656129522,0.0003829213733139,0.0001740556424794098,0.00020886573083462573,125.3,33,5,56.5,r-strb_sl24_st24_bu500_no0.05_re0.9_re0.5
smd,vtcn,strb,48,48,B4,500.0,0.05,0.9,0.5,,,,0.0007910003172508006,-0.0011556564734098939,-0.0007910003172508006,0.695415829403587,0.6953789841972288,0.7634626938757555,5,10,10,0.7472,0.7351,0.6391,0.7634,0.5923,0.7503,0.7319,0.6405,0.7618,0.5923,0.00011199937212651588,0.0003185421656391,0.00014479230410975613,0.00017374986152940742,104.3,36,5,49.1,r-strb_sl48_st48_bu500_no0.05_re0.9_re0.5
smd,vtcn,strb,6,6,B4,500.0,0.35,0.9,0.5,,,,0.003045111996604255,-0.01439842795663141,-0.003045111996604255,0.6882948409111972,0.6897356760923714,0.7623929221718331,5,10,10,0.7484,0.7238,0.6572,0.7096,0.6025,0.7567,0.7297,0.6515,0.7082,0.6025,0.00025240942212433705,0.0007548731303103,0.0003431255932288,0.00041174753708140004,247.1,31,5,122.7,r-strb_sl6_st6_bu500_no0.35_re0.9_re0.5
smd,vtcn,strb,8,8,B4,500.0,0.35,0.9,0.5,,,,0.0023487703004000495,-0.01110499820417723,-0.0023487703004000495,0.688576407020715,0.6910527899746763,0.7671403405380381,5,10,10,0.7524,0.7081,0.6264,0.7671,0.5889,0.746,0.7239,0.633,0.7636,0.5889,0.00044658107361149996,0.0006746691829775,0.00030666909172679996,0.0003680000912506,220.8,41,5,114.8,r-strb_sl8_st8_bu500_no0.35_re0.9_re0.5
smd,vtcn,strb,10,10,B4,500.0,0.35,0.9,0.5,,,,-0.0014720264367783953,-0.009048801398560869,0.0014720264367783953,0.6914001224135038,0.6902611540882295,0.7639581342078079,5,10,10,0.7481,0.7261,0.6528,0.759,0.5709,0.7472,0.7255,0.6533,0.7544,0.5709,0.0003642055645574,0.0005502209681405999,0.0002501011263332,0.00030011984180730003,180.1,33,5,87.5,r-strb_sl10_st10_bu500_no0.35_re0.9_re0.5
smd,vtcn,strb,12,12,B4,500.0,0.35,0.9,0.5,,,,0.001630552189632295,-0.006141287356308489,-0.001630552189632295,0.6943810751256475,0.6947804880888075,0.7644948276178324,5,10,10,0.7501,0.7337,0.6475,0.7407,0.5998,0.7561,0.7335,0.6452,0.7394,0.5998,0.0001711959573932221,0.0005089296922861999,0.000231332280964,0.0002775974113222,166.6,34,5,82.2,r-strb_sl12_st12_bu500_no0.35_re0.9_re0.5
smd,vtcn,strb,16,16,B4,500.0,0.35,0.9,0.5,,,,0.0021205481689158144,-0.0015227534352257321,-0.0021205481689158144,0.6947976956044832,0.6963308697890432,0.7675160699598508,5,10,10,0.7493,0.7303,0.6467,0.7493,0.5985,0.7544,0.7314,0.6481,0.7493,0.5985,0.00013571287184669607,0.00040308677714519995,0.0001832218570026776,0.00021986492014250002,131.9,35,5,65.1,r-strb_sl16_st16_bu500_no0.35_re0.9_re0.5
smd,vtcn,strb,24,24,B4,500.0,0.35,0.9,0.5,,,,0.003308561832225376,-0.004197660914283396,-0.003308561832225376,0.6922602770858501,0.6948638517241513,0.7681114893189023,5,10,10,0.7496,0.7335,0.6352,0.7447,0.5983,0.7539,0.7334,0.6408,0.748,0.5983,0.00013259918996659726,0.00036670532333889997,0.00016668469930688538,0.0002000206240320831,120.0,33,5,54.7,r-strb_sl24_st24_bu500_no0.35_re0.9_re0.5
smd,vtcn,strb,48,48,B4,500.0,0.35,0.9,0.5,,,,0.0009936242749309931,-0.0006871470706765415,-0.0009936242749309931,0.6954110000870258,0.6954706833686713,0.7634626938757555,5,10,10,0.7472,0.7351,0.6377,0.7628,0.5943,0.7506,0.7324,0.64,0.7601,0.5943,0.00021150799156181526,0.0003195341950033,0.0001452433000008265,0.00017429089500258367,104.6,34,5,47.8,r-strb_sl48_st48_bu500_no0.35_re0.9_re0.5
smd,vtcn,strb,6,6,B4,1000.0,0.05,0.9,0.5,,,,0.0035872018687085894,-0.01263691946935024,-0.0035872018687085894,0.6893486865425901,0.6913401439138219,0.7623929221718331,5,10,10,0.7484,0.7271,0.6559,0.712,0.6034,0.7571,0.7311,0.6516,0.7136,0.6034,0.00033144703462525623,0.0009727514247575,0.0004421633175367,0.0005305881072208,318.4,31,5,155.0,r-strb_sl6_st6_bu1000_no0.05_re0.9_re0.5
smd,vtcn,strb,8,8,B4,1000.0,0.05,0.9,0.5,,,,-0.0023471412055138365,-0.006199061890586088,0.0023471412055138365,0.6921673239570036,0.6920313069061489,0.7686926369526279,5,10,10,0.7524,0.723,0.6308,0.7646,0.5901,0.7458,0.7269,0.6315,0.7658,0.5901,0.0002731015425930478,0.0007937652621987,0.00036080352997569997,0.0004329617322228,259.8,32,5,125.2,r-strb_sl8_st8_bu1000_no0.05_re0.9_re0.5
smd,vtcn,strb,10,10,B4,1000.0,0.05,0.9,0.5,,,,-0.0012016465244261588,-0.007899807632852307,0.0012016465244261588,0.6922751259003542,0.6908663855399801,0.7639581342078079,5,10,10,0.7481,0.7291,0.6519,0.7584,0.5738,0.7486,0.7266,0.6515,0.7538,0.5738,0.0002394130655433655,0.0006901214806708,0.0003136925702545,0.0003764289104161,225.9,35,5,107.9,r-strb_sl10_st10_bu1000_no0.05_re0.9_re0.5
smd,vtcn,strb,12,12,B4,1000.0,0.05,0.9,0.5,,,,0.0001630842237643093,-0.00654610082223942,-0.0001630842237643093,0.6949563593503268,0.6948710484669482,0.7644948276178324,5,10,10,0.7501,0.7336,0.6509,0.7465,0.5936,0.7554,0.7318,0.6468,0.7467,0.5936,0.00020174274322209442,0.0005897852229543,0.0002680849963565,0.0003217002265977,193.0,31,5,93.6,r-strb_sl12_st12_bu1000_no0.05_re0.9_re0.5
smd,vtcn,strb,16,16,B4,1000.0,0.05,0.9,0.5,,,,0.0011926513857034137,-0.0023435280338215845,-0.0011926513857034137,0.6958839166843486,0.6967919289523341,0.7675160699598508,5,10,10,0.7493,0.7329,0.651,0.7489,0.5974,0.7533,0.7308,0.6499,0.7526,0.5974,0.0001590328382631346,0.0004691953425464,0.0002132712442123,0.000255924098334,153.6,36,5,75.2,r-strb_sl16_st16_bu1000_no0.05_re0.9_re0.5
smd,vtcn,strb,24,24,B4,1000.0,0.05,0.9,0.5,,,,0.0038158064029301443,-0.00211336847223752,-0.0038158064029301443,0.69281497843366,0.6959348685210165,0.7681114893189023,5,10,10,0.7496,0.7355,0.6311,0.7461,0.6018,0.7539,0.7362,0.6368,0.7511,0.6018,0.00025605443375740003,0.000386832415946,0.00017583343240613528,0.0002109989835398,126.6,33,5,60.4,r-strb_sl24_st24_bu1000_no0.05_re0.9_re0.5
smd,vtcn,strb,48,48,B4,1000.0,0.05,0.9,0.5,,,,0.0009583863642074863,-0.0008766891051125714,-0.0009583863642074863,0.6957984317082573,0.6957949304791693,0.7644468372541541,5,10,10,0.7472,0.7323,0.641,0.7644,0.5941,0.7503,0.7323,0.6394,0.7629,0.5941,0.00021284194133810248,0.0003215494501471,0.0001461593027161952,0.00017539014743097746,105.2,34,5,49.1,r-strb_sl48_st48_bu1000_no0.05_re0.9_re0.5
smd,vtcn,strb,6,6,B4,1000.0,0.2,0.9,0.5,,,,0.0035676355703197827,-0.012682689740837139,-0.0035676355703197827,0.6892571459996163,0.6912094707740706,0.7623929221718331,5,10,10,0.7484,0.7271,0.6559,0.712,0.6029,0.757,0.7308,0.6517,0.7137,0.6029,0.0006504060313362,0.000982596289217,0.0004466364142892,0.0005359598749277001,321.6,31,5,157.5,r-strb_sl6_st6_bu1000_no0.2_re0.9_re0.5
smd,vtcn,strb,8,8,B4,1000.0,0.2,0.9,0.5,,,,-0.0023471412055138365,-0.006199061890586088,0.0023471412055138365,0.6921673239570036,0.6920313069061489,0.7686926369526279,5,10,10,0.7524,0.723,0.6308,0.7646,0.5901,0.7458,0.7269,0.6315,0.7658,0.5901,0.0005273237012725,0.000796650533855,0.0003621151557282,0.00043453537812680005,260.7,32,5,124.5,r-strb_sl8_st8_bu1000_no0.2_re0.9_re0.5
smd,vtcn,strb,10,10,B4,1000.0,0.2,0.9,0.5,,,,-0.0010259479629945,-0.008090265999806612,0.0010259479629945,0.691808640495265,0.6907978952946139,0.7639581342078079,5,10,10,0.7481,0.7291,0.6493,0.7586,0.5739,0.7485,0.7267,0.6511,0.7537,0.5739,0.00044007210704729996,0.0006648358080016,0.00030219927598490004,0.0003626365320166,217.6,33,5,103.8,r-strb_sl10_st10_bu1000_no0.2_re0.9_re0.5
smd,vtcn,strb,12,12,B4,1000.0,0.2,0.9,0.5,,,,0.0010529994566018442,-0.006487884998851745,-0.0010529994566018442,0.6944364541230204,0.6948572932967731,0.7644948276178324,5,10,10,0.7501,0.7336,0.6471,0.7473,0.594,0.7554,0.732,0.6464,0.7465,0.594,0.0002010294190225471,0.000579284935638,0.00026331205549899996,0.0003159728801389,189.6,31,5,90.5,r-strb_sl12_st12_bu1000_no0.2_re0.9_re0.5
smd,vtcn,strb,16,16,B4,1000.0,0.2,0.9,0.5,,,,0.0012825493442834123,-0.0028341813170420726,-0.0012825493442834123,0.69550978511755,0.6964179830687158,0.7675160699598508,5,10,10,0.7493,0.7329,0.651,0.7474,0.597,0.7537,0.7311,0.649,0.7513,0.597,0.00016716396992376659,0.0004731275178001,0.0002150586644698,0.0002580688533302,154.8,36,5,72.5,r-strb_sl16_st16_bu1000_no0.2_re0.9_re0.5
smd,vtcn,strb,24,24,B4,1000.0,0.2,0.9,0.5,,,,0.0037791846813670315,-0.0018719594709344257,-0.0037791846813670315,0.6929872435494459,0.6959461677191945,0.7681114893189023,5,10,10,0.7496,0.7355,0.631,0.7464,0.6024,0.7537,0.7359,0.637,0.7507,0.6024,0.00025951234486639997,0.0003920564305775,0.000178207936342935,0.00021384849423459522,128.3,33,5,57.6,r-strb_sl24_st24_bu1000_no0.2_re0.9_re0.5
smd,vtcn,strb,48,48,B4,1000.0,0.2,0.9,0.5,,,,0.000918273405984571,-0.0008767547952451716,-0.000918273405984571,0.6958956499315359,0.6959045172978144,0.7651373550344089,5,10,10,0.7472,0.7323,0.6407,0.7651,0.5942,0.7502,0.7323,0.6397,0.7632,0.5942,0.00010909848994415128,0.0003140817849683,0.00014276484705171445,0.00017131693791675693,102.8,34,5,49.0,r-strb_sl48_st48_bu1000_no0.2_re0.9_re0.5
smd,vtcn,strb,6,6,B4,1000.0,0.35,0.9,0.5,,,,0.0035872018687085894,-0.01263691946935024,-0.0035872018687085894,0.6893486865425901,0.6913401439138219,0.7623929221718331,5,10,10,0.7484,0.7271,0.6559,0.712,0.6034,0.7571,0.7311,0.6516,0.7136,0.6034,0.0006341789490633,0.0009580813400038,0.0004354933684057,0.000522587971598,313.6,31,5,156.2,r-strb_sl6_st6_bu1000_no0.35_re0.9_re0.5
smd,vtcn,strb,8,8,B4,1000.0,0.35,0.9,0.5,,,,-0.0023471412055138365,-0.006199061890586088,0.0023471412055138365,0.6921673239570036,0.6920313069061489,0.7686926369526279,5,10,10,0.7524,0.723,0.6308,0.7646,0.5901,0.7458,0.7269,0.6315,0.7658,0.5901,0.0002749524715379334,0.0007906239444133,0.0003593756637147,0.0004312482806985,258.8,32,5,123.3,r-strb_sl8_st8_bu1000_no0.35_re0.9_re0.5
smd,vtcn,strb,10,10,B4,1000.0,0.35,0.9,0.5,,,,-0.001089812041296334,-0.008038657329035026,0.001089812041296334,0.6919369283509698,0.6907795234027911,0.7639581342078079,5,10,10,0.7481,0.7291,0.65,0.7584,0.574,0.7486,0.7268,0.6511,0.7535,0.574,0.00021449576107604622,0.0006399089855934,0.0002908685071193,0.000349040478474,209.4,33,5,103.8,r-strb_sl10_st10_bu1000_no0.35_re0.9_re0.5
smd,vtcn,strb,12,12,B4,1000.0,0.35,0.9,0.5,,,,0.0009726986581925723,-0.00630938151350755,-0.0009726986581925723,0.6945295133102142,0.6949020317130348,0.7644948276178324,5,10,10,0.7501,0.7336,0.6489,0.7435,0.5966,0.7558,0.7324,0.6466,0.7431,0.5966,0.0003825847038476,0.0005779871221974,0.0002627222574036,0.0003152648647936,189.2,31,5,91.0,r-strb_sl12_st12_bu1000_no0.35_re0.9_re0.5
smd,vtcn,strb,16,16,B4,1000.0,0.35,0.9,0.5,,,,0.0014267285664911755,-0.0030820686593966196,-0.0014267285664911755,0.695173332673546,0.696348530738235,0.7675160699598508,5,10,10,0.7493,0.7329,0.6508,0.7471,0.5958,0.7538,0.7309,0.6498,0.7516,0.5958,0.00015668360618381207,0.00045633772197919997,0.00020742686337059998,0.00024891085860849997,149.3,36,5,72.2,r-strb_sl16_st16_bu1000_no0.35_re0.9_re0.5
smd,vtcn,strb,24,24,B4,1000.0,0.35,0.9,0.5,,,,0.0032110201437952402,-0.0024322656533520724,-0.0032110201437952402,0.6930985673186607,0.695678370399016,0.7681114893189023,5,10,10,0.7496,0.7355,0.6344,0.7455,0.6004,0.7537,0.7347,0.6401,0.7496,0.6004,0.0002391020939263,0.0003612217890314,0.00016419219895873942,0.00019702959007271317,118.2,33,5,57.5,r-strb_sl24_st24_bu1000_no0.35_re0.9_re0.5
smd,vtcn,strb,48,48,B4,1000.0,0.35,0.9,0.5,,,,0.0008477872038482271,-0.0011785216505876494,-0.0008477872038482271,0.6955569538813486,0.6954725031023362,0.7648016614749185,5,10,10,0.7472,0.7323,0.6406,0.7648,0.5929,0.7502,0.7317,0.6399,0.7626,0.5929,0.0002084890499645077,0.0003149733504417,0.0001431701168974137,0.00017180323354434223,103.1,34,5,48.9,r-strb_sl48_st48_bu1000_no0.35_re0.9_re0.5
smd,vtcn,strb,24,12,B6,500.0,0.01,0.3,0.5,,,,-0.0010457742613196209,-0.002224566722695609,0.0010457742613196209,0.6950342784651137,0.6939641672074719,0.7663179595146906,5,10,10,0.7514,0.7321,0.6425,0.7578,0.5914,0.7483,0.7333,0.6409,0.756,0.5914,0.0006433855808096,0.0009719901934802,0.0004418147943829,0.0005301753990973,318.1,37,5,318.1,r-strb_sl24_st12_bu500_no0.01_re0.3_re0.5
smd,vtcn,strb,24,12,B6,500.0,0.05,0.3,0.5,,,,-0.00019533800172477633,-0.0035058472945051155,0.00019533800172477633,0.694242876538485,0.6944131830625115,0.7663179595146906,5,10,10,0.7514,0.7321,0.6419,0.7603,0.5855,0.7479,0.7317,0.6469,0.76,0.5855,0.0005615459028399,0.0008483514816458,0.0003856152587971,0.0004627362228487,277.6,36,5,277.7,r-strb_sl24_st12_bu500_no0.05_re0.3_re0.5
smd,vtcn,strb,24,12,B6,500.0,0.1,0.3,0.5,,,,-0.0008386754934670004,-0.0025157488319004773,0.0008386754934670004,0.6949832063701188,0.6945992855124601,0.7663179595146906,5,10,10,0.7514,0.7321,0.6428,0.7576,0.5911,0.7494,0.7336,0.6409,0.7581,0.5911,0.0003759807713779,0.0005680102781549,0.0002581871383661,0.0003098231397887,185.9,36,5,185.9,r-strb_sl24_st12_bu500_no0.1_re0.3_re0.5
smd,vtcn,strb,24,12,B6,500.0,0.35,0.3,0.5,,,,-0.0010008238803424052,-0.0012384857597854348,0.0010008238803424052,0.6952111709455648,0.6946098054424482,0.7663179595146906,5,10,10,0.7514,0.7321,0.6422,0.7509,0.5995,0.751,0.7363,0.6344,0.7519,0.5995,0.0001891686845783,0.0002857852457499,0.0001299027472786,0.0001558824984713,93.5,35,5,93.5,r-strb_sl24_st12_bu500_no0.35_re0.3_re0.5
smd,vtcn,strb,24,12,B6,500.0,0.5,0.3,0.5,,,,0.0004748590188538238,-0.00267991711888198,-0.0004748590188538238,0.6935317316605649,0.6947052190353087,0.7663179595146906,5,10,10,0.7514,0.7321,0.6422,0.7493,0.5927,0.7502,0.733,0.6434,0.7542,0.5927,0.0001894137963127,0.0002861555465607,0.000130071078993,0.0001560844675676,93.7,35,5,93.7,r-strb_sl24_st12_bu500_no0.5_re0.3_re0.5
smd,vtcn,strb,24,12,B6,500.0,0.01,0.5,0.5,,,,-2.0363754657604095e-05,-0.0016480887246609344,2.0363754657604095e-05,0.6954225692558907,0.6957589990714999,0.7663179595146906,5,10,10,0.7514,0.7321,0.6419,0.7547,0.5971,0.7489,0.735,0.6418,0.7559,0.5971,0.0003170137844189,0.000478926321702,0.00021769443455,0.0002612318871519,156.7,33,5,156.8,r-strb_sl24_st12_bu500_no0.01_re0.5_re0.5
smd,vtcn,strb,24,12,B6,500.0,0.05,0.5,0.5,,,,-0.0004892519515437788,-0.0015789060599761928,0.0004892519515437788,0.6954315128231436,0.6947092099762397,0.7663179595146906,5,10,10,0.7514,0.7321,0.6412,0.7561,0.5964,0.7492,0.7341,0.6418,0.7521,0.5964,0.0002929265981512,0.0004425367762427,0.0002011536197892,0.0002413831564535,144.8,33,5,144.8,r-strb_sl24_st12_bu500_no0.05_re0.5_re0.5
smd,vtcn,strb,24,12,B6,500.0,0.1,0.5,0.5,,,,-0.0013225961177517175,-0.0024003036720734562,0.0013225961177517175,0.6955833898219437,0.6947759515024631,0.7663179595146906,5,10,10,0.7514,0.7321,0.6441,0.7592,0.5912,0.7491,0.7342,0.6406,0.7588,0.5912,0.0002469345349843,0.0003730545936923,0.000169570787789,0.0002034838059032,122.1,36,5,122.1,r-strb_sl24_st12_bu500_no0.1_re0.5_re0.5
smd,vtcn,strb,24,12,B6,500.0,0.35,0.5,0.5,,,,-0.0005194332456943229,-0.0018783876450343628,0.0005194332456943229,0.6943659315675972,0.694525990117405,0.7663179595146906,5,10,10,0.7514,0.7321,0.6422,0.7508,0.5954,0.7507,0.7356,0.6358,0.7551,0.5954,0.0001898740896003,0.0002868509313734,0.000130387156306,0.0001564637750674,93.9,35,5,93.9,r-strb_sl24_st12_bu500_no0.35_re0.5_re0.5
smd,vtcn,strb,24,12,B6,500.0,0.5,0.5,0.5,,,,0.0004748590188538238,-0.00267991711888198,-0.0004748590188538238,0.6935317316605649,0.6947052190353087,0.7663179595146906,5,10,10,0.7514,0.7321,0.6422,0.7493,0.5927,0.7502,0.733,0.6434,0.7542,0.5927,0.0001887477978407,0.0002851493941026,0.0001296137118071,0.0001555356822954,93.3,35,5,93.3,r-strb_sl24_st12_bu500_no0.5_re0.5_re0.5
smd,vtcn,strb,24,12,B6,500.0,0.01,0.7,0.5,,,,-0.0013994254060699207,-0.002303545265849216,0.0013994254060699207,0.6954436689588941,0.6942139590388946,0.7663179595146906,5,10,10,0.7514,0.7321,0.6428,0.7574,0.5936,0.7502,0.7338,0.6399,0.7536,0.5936,0.0002133250036791,0.0003222792331456,0.0001464910196754,0.0001757882134701,105.5,36,5,105.5,r-strb_sl24_st12_bu500_no0.01_re0.7_re0.5
smd,vtcn,strb,24,12,B6,500.0,0.05,0.7,0.5,,,,-0.0009216106810656432,-0.002888016022041795,0.0009216106810656432,0.6950435866671505,0.6941947264738113,0.7663179595146906,5,10,10,0.7514,0.7321,0.643,0.7589,0.5899,0.7495,0.7314,0.6452,0.7551,0.5899,0.0002133273675148,0.0003222828042935,0.0001464925962377,0.0001757902080557,105.5,36,5,105.5,r-strb_sl24_st12_bu500_no0.05_re0.7_re0.5
smd,vtcn,strb,24,12,B6,500.0,0.1,0.7,0.5,,,,-0.0011588787254586564,-0.0021505646221876896,0.0011588787254586564,0.6958094420919534,0.694776751144041,0.7663179595146906,5,10,10,0.7514,0.7321,0.6423,0.7607,0.5926,0.7497,0.7333,0.6395,0.7588,0.5926,7.139572360396201e-07,0.0003003330121869,0.0001365153598961,0.0001638176522908,98.3,33,5,98.3,r-strb_sl24_st12_bu500_no0.1_re0.7_re0.5
smd,vtcn,strb,24,12,B6,500.0,0.35,0.7,0.5,,,,-0.0004664066086974672,-0.0019525800198927023,0.0004664066086974672,0.6944162347991767,0.6945786131025864,0.7663179595146906,5,10,10,0.7514,0.7321,0.6422,0.7503,0.5961,0.7505,0.7362,0.6352,0.7549,0.5961,0.000188704478849,0.0002850839502436,0.0001295839918415,0.0001554999584021,93.3,35,5,93.3,r-strb_sl24_st12_bu500_no0.35_re0.7_re0.5
smd,vtcn,strb,24,12,B6,500.0,0.5,0.7,0.5,,,,0.0004748590188538238,-0.00267991711888198,-0.0004748590188538238,0.6935317316605649,0.6947052190353087,0.7663179595146906,5,10,10,0.7514,0.7321,0.6422,0.7493,0.5927,0.7502,0.733,0.6434,0.7542,0.5927,0.0001899271386964,0.0002869310749183,0.0001304236563071,0.0001565074186112,93.9,35,5,93.9,r-strb_sl24_st12_bu500_no0.5_re0.7_re0.5
smd,vtcn,strb,24,12,B6,500.0,0.01,0.95,0.5,,,,0.00040311340795473605,-0.0026138659686343545,-0.00040311340795473605,0.6935742298323571,0.6946781466155169,0.7663179595146906,5,10,10,0.7514,0.7321,0.6422,0.749,0.5932,0.7504,0.7331,0.6428,0.7539,0.5932,0.0001891749839685,0.000285794762509,0.0001299070568858,0.0001558877056231,93.5,35,5,93.5,r-strb_sl24_st12_bu500_no0.01_re0.95_re0.5
smd,vtcn,strb,24,12,B6,500.0,0.05,0.95,0.5,,,,0.00040311340795473605,-0.0026138659686343545,-0.00040311340795473605,0.6935742298323571,0.6946781466155169,0.7663179595146906,5,10,10,0.7514,0.7321,0.6422,0.749,0.5932,0.7504,0.7331,0.6428,0.7539,0.5932,0.0001901813643003,0.0002873151444426,0.0001305982618049,0.0001567168826377,94.0,35,5,94.0,r-strb_sl24_st12_bu500_no0.05_re0.95_re0.5
smd,vtcn,strb,24,12,B6,500.0,0.1,0.95,0.5,,,,0.00040311340795473605,-0.0026138659686343545,-0.00040311340795473605,0.6935742298323571,0.6946781466155169,0.7663179595146906,5,10,10,0.7514,0.7321,0.6422,0.749,0.5932,0.7504,0.7331,0.6428,0.7539,0.5932,0.0001890191617085,0.0002855593551371,0.0001298000861101,0.000155759269027,93.5,35,5,93.5,r-strb_sl24_st12_bu500_no0.1_re0.95_re0.5
smd,vtcn,strb,24,12,B6,500.0,0.35,0.95,0.5,,,,0.00040311340795473605,-0.0026138659686343545,-0.00040311340795473605,0.6935742298323571,0.6946781466155169,0.7663179595146906,5,10,10,0.7514,0.7321,0.6422,0.749,0.5932,0.7504,0.7331,0.6428,0.7539,0.5932,0.0001896635534567,0.0002865328653909,0.0001302425837959,0.000156290281595,93.8,35,5,93.8,r-strb_sl24_st12_bu500_no0.35_re0.95_re0.5
smd,vtcn,strb,24,12,B6,500.0,0.5,0.95,0.5,,,,0.0004748590188538238,-0.00267991711888198,-0.0004748590188538238,0.6935317316605649,0.6947052190353087,0.7663179595146906,5,10,10,0.7514,0.7321,0.6422,0.7493,0.5927,0.7502,0.733,0.6434,0.7542,0.5927,0.0001914850032303,0.0002892846076908,0.0001314933594917,0.000157791248199,94.7,35,5,94.7,r-strb_sl24_st12_bu500_no0.5_re0.95_re0.5
smd,vgru-kl,strb,24,12,B1,500.0,0.2,0.9,0.5,,,,0.025082316417560136,0.05735868617224667,-0.025082316417560136,0.7139597183974018,0.7309974482618153,0.7715998491404874,5,10,10,0.7276,0.6592,0.6801,0.7688,0.734,0.7181,0.7388,0.6925,0.7716,0.734,0.0005700763036428,0.0008612387240308,0.0003914732180554,0.0004697655059753,281.9,31,5,142.0,r-strb_sl24_st12_bu500_no0.2_re0.9_re0.5
smd,vgru-kl,strb,24,12,B1,100.0,0.2,0.9,0.5,,,,0.022374387723435363,0.04805215868136374,-0.022374387723435363,0.699721425736367,0.7160925008476533,0.7813731456858349,5,10,10,0.7276,0.6601,0.6607,0.7739,0.6762,0.7248,0.7317,0.6664,0.7814,0.6762,0.0002683196923029008,0.0008218748586224,0.0003735804964729,0.0004482943621494,269.0,32,5,136.8,r-strb_sl24_st12_bu100_no0.2_re0.9_re0.5
smd,vgru-kl,strb,24,12,B1,250.0,0.2,0.9,0.5,,,,0.02401372649537655,0.05655710200292195,-0.02401372649537655,0.7135614789574456,0.726882075660619,0.7909032588087782,5,10,10,0.7276,0.6469,0.6704,0.7909,0.732,0.6979,0.74,0.6945,0.77,0.732,0.0005609075427102999,0.000847387083617,0.0003851769552081,0.0004622101284089,277.3,30,5,135.6,r-strb_sl24_st12_bu250_no0.2_re0.9_re0.5
smd,vgru-kl,strb,24,12,B1,1000.0,0.2,0.9,0.5,,,,0.02366612332577468,0.059726575809562324,-0.02366612332577468,0.7157269144703587,0.7264702174515068,0.7970858634377599,5,10,10,0.7276,0.6506,0.6766,0.7971,0.7267,0.7009,0.7391,0.6912,0.7744,0.7267,0.000630617205662,0.0009527004614746,0.000433046907581,0.0005196535538936,311.8,30,5,153.4,r-strb_sl24_st12_bu1000_no0.2_re0.9_re0.5
smd,vgru-kl,strb,24,12,B1,2000.0,0.2,0.9,0.5,,,,0.01759968116716757,0.061770846058619024,-0.01759968116716757,0.7120502712937744,0.7199461547965064,0.799117421653998,5,10,10,0.7276,0.654,0.69,0.7991,0.6895,0.7058,0.7405,0.6748,0.7891,0.6895,0.0007371097094153001,0.0011135832546468,0.0005061761740187,0.000607407080628,364.4,31,5,184.7,r-strb_sl24_st12_bu2000_no0.2_re0.9_re0.5
smd,vgru-kl,strb,24,12,B1,4000.0,0.2,0.9,0.5,,,,0.022086502505836648,0.06494217345894807,-0.022086502505836648,0.7175170450173576,0.7339611243737981,0.806004396515241,5,10,10,0.7276,0.6468,0.6912,0.7978,0.7241,0.7403,0.7096,0.6897,0.806,0.7241,0.0004754725387559707,0.0014191578875619002,0.0006450739615182,0.0007740839260435999,464.5,30,5,230.2,r-strb_sl24_st12_bu4000_no0.2_re0.9_re0.5
smd,vgru-kl,strb,24,12,B1,500.0,0.01,0.9,0.5,,,,0.022020337710733518,0.06082742242942837,-0.022020337710733518,0.7131566287398758,0.722409712607723,0.7938914960758066,5,10,10,0.7276,0.6592,0.6761,0.7939,0.7089,0.718,0.7459,0.677,0.7622,0.7089,1.1040301694000454e-06,0.0004644209619059,0.0002111009918392,0.0002533199700666,152.0,31,5,152.0,r-strb_sl24_st12_bu500_no0.01_re0.9_re0.5
smd,vgru-kl,strb,24,12,B1,500.0,0.05,0.9,0.5,,,,0.020641751319754688,0.06374914841908043,-0.020641751319754688,0.719013185605397,0.7272233981920175,0.799428434302668,5,10,10,0.7276,0.6592,0.6777,0.7994,0.7311,0.7003,0.7371,0.6985,0.7691,0.7311,0.0005700113241448,0.0008611405567159999,0.0003914285657441,0.0004697119909718,281.8,30,5,139.6,r-strb_sl24_st12_bu500_no0.05_re0.9_re0.5
smd,vgru-kl,strb,24,12,B1,500.0,0.1,0.9,0.5,,,,0.0230194873765307,0.062185306181465394,-0.0230194873765307,0.7165707974004417,0.7270859179829959,0.7907028516949438,5,10,10,0.7276,0.6592,0.6774,0.7907,0.7279,0.7052,0.7369,0.6982,0.7672,0.7279,0.000568632937652,0.0008590581691186,0.0003904820078711,0.0004685761612475,281.1,30,5,139.0,r-strb_sl24_st12_bu500_no0.1_re0.9_re0.5
smd,vgru-kl,strb,24,12,B1,500.0,0.35,0.9,0.5,,,,0.020945530626106944,0.06369518963931792,-0.020945530626106944,0.719689231150177,0.7283879557417444,0.8002871194730778,5,10,10,0.7276,0.6592,0.6811,0.8003,0.7302,0.7015,0.7389,0.7042,0.7672,0.7302,0.0002885458434685632,0.0008593643203634,0.00039062124571379996,0.0004687430746495,281.2,30,5,139.1,r-strb_sl24_st12_bu500_no0.35_re0.9_re0.5
smd,vgru-kl,strb,24,12,B1,500.0,0.5,0.9,0.5,,,,0.019020942549911712,0.0647248007433731,-0.019020942549911712,0.7209859478471999,0.7288377216264215,0.8041366924405104,5,10,10,0.7276,0.6592,0.6811,0.8041,0.7328,0.7013,0.7372,0.7025,0.7704,0.7328,0.0002820143172229,0.0004260511253871,0.0001936601022588,0.0002323910231282,139.4,30,5,139.4,r-strb_sl24_st12_bu500_no0.5_re0.9_re0.5
smd,vgru-kl,strb,24,12,B1,500.0,0.2,0.3,0.5,,,,0.022763512386406948,0.05382701502734505,-0.022763512386406948,0.7065913704362435,0.7223553195094137,0.7890891035538106,5,10,10,0.7276,0.6592,0.6808,0.768,0.6973,0.7095,0.7447,0.6712,0.7891,0.6973,1.0591726996554814e-06,0.0004455512336821,0.000202523796182,0.0002430274375,145.8,32,5,145.8,r-strb_sl24_st12_bu500_no0.2_re0.3_re0.5
smd,vgru-kl,strb,24,12,B1,500.0,0.2,0.5,0.5,,,,0.024832183381531835,0.0563275986638919,-0.024832183381531835,0.7125967713477921,0.730004075034717,0.7794865390048451,5,10,10,0.7276,0.6592,0.68,0.7687,0.7274,0.7136,0.7392,0.6904,0.7795,0.7274,1.0320794833231291e-06,0.0004341542103589,0.0001973433364001,0.0002368108739587,142.1,31,5,142.1,r-strb_sl24_st12_bu500_no0.2_re0.5_re0.5
smd,vgru-kl,strb,24,12,B1,500.0,0.2,0.7,0.5,,,,0.01592236166533322,0.05506175626190528,-0.01592236166533322,0.7081522051813497,0.7119561893234381,0.7783329445077953,5,10,10,0.7276,0.6592,0.6808,0.7783,0.6947,0.7196,0.7181,0.6705,0.757,0.6947,0.00028559270497205755,0.0008647756234904,0.0003930808673068,0.00047169475618349997,283.0,31,5,142.3,r-strb_sl24_st12_bu500_no0.2_re0.7_re0.5
smd,vgru-kl,strb,24,12,B1,500.0,0.2,0.95,0.5,,,,0.021802677801398652,0.05528601805170893,-0.021802677801398652,0.7101161146402919,0.7226570000741536,0.7767185878266124,5,10,10,0.7276,0.6592,0.6807,0.7722,0.7108,0.7054,0.7415,0.6789,0.7767,0.7108,0.0002939325670331,0.0004440565365812,0.0002018444463009,0.0002422120902803,145.3,32,5,145.3,r-strb_sl24_st12_bu500_no0.2_re0.95_re0.5
smd,vgru-kl,strb,24,12,B1,500.0,0.2,0.9,0.3,,,,0.02347514861192528,0.058199756405747614,-0.02347514861192528,0.7127151738458455,0.7239332095904707,0.7933703180355255,5,10,10,0.7276,0.642,0.6818,0.7934,0.7188,0.7056,0.7288,0.696,0.7705,0.7188,0.0005018170311266,0.0007581165132155,0.0003445993252311,0.0004135171879842,248.1,32,5,123.3,r-strb_sl24_st12_bu500_no0.2_re0.9_re0.3
smd,vgru-kl,strb,24,12,B1,500.0,0.2,0.9,0.7,,,,0.006324358887616332,0.04048193503058992,-0.006324358887616332,0.6990873925685126,0.6984618877524991,0.7610718655669361,5,10,10,0.7276,0.7108,0.6629,0.7611,0.6331,0.7382,0.7368,0.6537,0.7306,0.6331,0.0007926804623406001,0.0011975363746713,0.0005443361182845,0.0006532002563867,391.9,31,5,198.6,r-strb_sl24_st12_bu500_no0.2_re0.9_re0.7
smd,vgru-kl,strb,24,12,B1,500.0,0.2,0.9,0.9,,,,0.011844527746702993,0.018327188034969376,-0.011844527746702993,0.6818298108325935,0.688546306781746,0.7586148167335363,5,10,10,0.7276,0.723,0.6729,0.6867,0.5989,0.7554,0.7215,0.6726,0.6944,0.5989,3.3151030039051502e-06,0.0013945301211537,0.0006338788820598,0.0007606512390938,456.4,30,5,456.4,r-strb_sl24_st12_bu500_no0.2_re0.9_re0.9
smd,vgru-kl,gdumb,24,12,B1,500.0,,,0.5,,,,0.011758445415137198,0.05077575624738771,-0.011758445415137198,0.7054736495586598,0.7157712840558326,0.8096115108990848,5,10,10,0.7276,0.644,0.7125,0.7821,0.6611,0.7129,0.7339,0.6613,0.8096,0.6611,0.00027222720978,0.0004112653223774,0.0001869392384852,0.0002243260838921,134.6,31,5,134.6,r-gdumb_sl24_st12_bu500_re0.5
smd,vgru-kl,gdumb,24,12,B1,100.0,,,0.5,,,,0.008914183318388391,0.045204487945767126,-0.008914183318388391,0.6997109895810968,0.7080510946776299,0.8110038640562205,5,10,10,0.7276,0.6486,0.7122,0.7743,0.6358,0.71,0.7169,0.6665,0.811,0.6358,0.0002677482666986,0.0004044987909503,0.0001838635438665,0.0002206352470838,132.4,31,5,132.3,r-gdumb_sl24_st12_bu100_re0.5
smd,vgru-kl,gdumb,24,12,B1,250.0,,,0.5,,,,0.012505087052277897,0.050863580143258126,-0.012505087052277897,0.7040561217492751,0.7159895293205782,0.8135658014382934,5,10,10,0.7276,0.6374,0.7067,0.7761,0.6725,0.71,0.7179,0.666,0.8136,0.6725,0.0002746950474952,0.0004149935906661,0.0001886339543419,0.0002263596363241,135.8,31,5,135.8,r-gdumb_sl24_st12_bu250_re0.5
smd,vgru-kl,gdumb,24,12,B1,1000.0,,,0.5,,,,0.02381272553163044,0.049689768403183954,-0.02381272553163044,0.6968164618691989,0.7159006423905179,0.8007094652000207,5,10,10,0.7276,0.6301,0.7061,0.7879,0.6323,0.7382,0.7284,0.6799,0.8007,0.6323,0.0002786661694282,0.0004209929349025,0.000191360920947,0.0002296320139554,137.8,31,5,137.8,r-gdumb_sl24_st12_bu1000_re0.5
smd,vgru-kl,gdumb,24,12,B1,2000.0,,,0.5,,,,0.026691558827119953,0.043190076325721284,-0.026691558827119953,0.707914072211846,0.7326974529925852,0.810366352090768,5,10,10,0.7276,0.6252,0.6867,0.7975,0.7024,0.7405,0.7257,0.6845,0.8104,0.7024,0.0002869253291778,0.0004334704017939,0.0001970325281817,0.0002364378736121,141.9,31,5,141.9,r-gdumb_sl24_st12_bu2000_re0.5
smd,vgru-kl,gdumb,24,12,B1,4000.0,,,0.5,,,,0.022127533525192332,0.05798953795754923,-0.022127533525192332,0.7091934859992207,0.7182772500398388,0.8222950974926326,5,10,10,0.7276,0.6226,0.6936,0.8049,0.6972,0.7001,0.6995,0.6723,0.8223,0.6972,0.0003038200527286,0.0004589939853225,0.0002086341761582,0.0002503598091642,150.2,31,5,150.2,r-gdumb_sl24_st12_bu4000_re0.5
smd,vgru-kl,gdumb,24,12,B1,500.0,,,0.3,,,,0.02098846297856003,0.05481322895239292,-0.02098846297856003,0.7156468665098566,0.732160718654338,0.8173412893877479,5,10,10,0.7276,0.6476,0.6991,0.789,0.7148,0.6964,0.7334,0.6988,0.8173,0.7148,0.0002306886766343,0.000348511278654,0.0001584146285862,0.0001900966500677,114.1,32,5,114.1,r-gdumb_sl24_st12_bu500_re0.3
smd,vgru-kl,gdumb,24,12,B1,500.0,,,0.7,,,,0.01798979125316432,0.03816751457279657,-0.01798979125316432,0.69483321673583,0.711347574962993,0.8088287985731192,5,10,10,0.7276,0.6194,0.6926,0.7843,0.6502,0.7089,0.7105,0.6783,0.8088,0.6502,0.0003708438526968,0.000560249714767,0.0002546596254636,0.0003055900893034,183.4,30,5,183.4,r-gdumb_sl24_st12_bu500_re0.7
smd,vgru-kl,derpp,24,12,B1,500.0,,,0.5,,0.5,0.5,0.024973471522388158,0.04357318763832511,-0.024973471522388158,0.6958467504354748,0.7125065774636725,0.8145793370620953,5,10,10,0.7276,0.6125,0.6693,0.7855,0.6842,0.7155,0.6806,0.6677,0.8146,0.6842,0.0004771821160479,0.0007208994903477,0.0003276824874997,0.000393217002848,235.9,31,5,235.9,r-derpp_sl24_st12_bu500_re0.5_al0.5_te0.5
smd,vgru-kl,derpp,24,12,B1,100.0,,,0.5,,0.5,0.5,0.028932425053340427,0.034951482547041404,-0.028932425053340427,0.6893963130120275,0.7139788657225374,0.804343117339282,5,10,10,0.7276,0.6131,0.6694,0.7566,0.6803,0.7417,0.6766,0.6669,0.8043,0.6803,0.0005061328248515,0.0007646365679117,0.0003475629937485,0.0004170735741631,250.2,33,5,250.2,r-derpp_sl24_st12_bu100_re0.5_al0.5_te0.5
smd,vgru-kl,derpp,24,12,B1,250.0,,,0.5,,0.5,0.5,0.03584886290886433,0.04829405076904253,-0.03584886290886433,0.6945293208379927,0.7238241532832592,0.8108297431679169,5,10,10,0.7276,0.6196,0.6518,0.7727,0.7009,0.7363,0.6903,0.6808,0.8108,0.7009,1.7461778078986649e-06,0.0007345465728022,0.0003338856787019,0.0004006608941002,240.4,31,5,240.4,r-derpp_sl24_st12_bu250_re0.5_al0.5_te0.5
smd,vgru-kl,derpp,24,12,B1,1000.0,,,0.5,,0.5,0.5,0.025136849873248757,0.041821388504586623,-0.025136849873248757,0.6944192768515923,0.7157406377597297,0.8127903402050992,5,10,10,0.7276,0.6092,0.6738,0.7777,0.6838,0.7273,0.6868,0.668,0.8128,0.6838,1.7606444640313106e-06,0.0007406321115337,0.0003366518486116,0.0004039802629221,242.4,31,5,242.4,r-derpp_sl24_st12_bu1000_re0.5_al0.5_te0.5
smd,vgru-kl,derpp,24,12,B1,2000.0,,,0.5,,0.5,0.5,0.03257973239578327,0.03873886317922581,-0.03257973239578327,0.6912702850228982,0.7105850673695341,0.8127218402324673,5,10,10,0.7276,0.611,0.6528,0.7837,0.6811,0.7253,0.6722,0.6617,0.8127,0.6811,0.0004949192444273,0.0007476957309841,0.0003398625711224,0.0004078331598616,244.7,31,5,244.7,r-derpp_sl24_st12_bu2000_re0.5_al0.5_te0.5
smd,vgru-kl,derpp,24,12,B1,4000.0,,,0.5,,0.5,0.5,0.02136391208399987,0.03445259883421695,-0.02136391208399987,0.6850521052953897,0.7010062311293769,0.7902024857243671,5,10,10,0.7276,0.5937,0.6732,0.7478,0.6828,0.7199,0.6532,0.6589,0.7902,0.6828,0.0005066604030891,0.0007654336029846,0.0003479252215261,0.0004175083814584,250.5,32,5,250.5,r-derpp_sl24_st12_bu4000_re0.5_al0.5_te0.5
smd,vgru-kl,derpp,24,12,B1,500.0,,,0.3,,0.5,0.5,0.024498234503991956,0.05057967437555978,-0.024498234503991956,0.7052639404177341,0.7250847510096591,0.8098221306672665,5,10,10,0.7276,0.6283,0.6796,0.7756,0.7152,0.722,0.7047,0.6736,0.8098,0.7152,0.0004157386561042,0.0006280742199343,0.000285489008965,0.0003425852109693,205.6,33,5,205.6,r-derpp_sl24_st12_bu500_re0.3_al0.5_te0.5
smd,vgru-kl,derpp,24,12,B1,500.0,,,0.7,,0.5,0.5,0.018334987653344893,0.04049152398043734,-0.018334987653344893,0.6897968806435106,0.7063909181115671,0.8088145966006671,5,10,10,0.7276,0.6062,0.6734,0.7607,0.6811,0.7173,0.6573,0.6673,0.8088,0.6811,2.420800672315942e-06,0.0010183332013747,0.0004628799208918,0.0005554532804829,333.3,30,5,333.3,r-derpp_sl24_st12_bu500_re0.7_al0.5_te0.5
smd,vgru-kl,derpp,24,12,B1,500.0,,,0.5,,0.1,0.5,0.0196822533157614,0.05314852210050043,-0.0196822533157614,0.7093214730249289,0.725285874442984,0.8207323936908797,5,10,10,0.7276,0.6236,0.6873,0.8095,0.6986,0.7371,0.6973,0.6727,0.8207,0.6986,0.0004825218702878,0.0007289664861145,0.000331349221529,0.0003976172645855,238.6,31,5,238.6,r-derpp_sl24_st12_bu500_re0.5_al0.1_te0.5
smd,vgru-kl,derpp,24,12,B1,500.0,,,0.5,,1.0,0.5,0.04065198365184221,0.047024533051749064,-0.04065198365184221,0.6881827728573885,0.712464598019099,0.8035811873321738,5,10,10,0.7276,0.5988,0.6482,0.7758,0.6904,0.7323,0.6764,0.6597,0.8036,0.6904,1.768203114254608e-06,0.0007438117308093,0.0003380971039367,0.0004057146268726,243.4,32,5,243.4,r-derpp_sl24_st12_bu500_re0.5_al1.0_te0.5
smd,vgru-kl,derpp,24,12,B1,500.0,,,0.5,,0.5,0.1,0.024116633993997404,0.04715098943217631,-0.024116633993997404,0.6944806331247307,0.7100274001141869,0.7994856559997096,5,10,10,0.7276,0.5984,0.6608,0.7805,0.705,0.7066,0.668,0.671,0.7995,0.705,1.7418656870026488e-06,0.0007327326374679,0.0003330611241321,0.0003996715133357,239.8,31,5,239.8,r-derpp_sl24_st12_bu500_re0.5_al0.5_te0.1
smd,vgru-kl,derpp,24,12,B1,500.0,,,0.5,,0.5,1.0,0.028962288929205337,0.04039361423264598,-0.028962288929205337,0.6968959461903304,0.7237948089680962,0.8157061395692176,5,10,10,0.7276,0.63,0.6757,0.7741,0.677,0.7302,0.7109,0.6851,0.8157,0.677,1.801590932356719e-06,0.0007578566392082,0.000344481180733,0.0004133754584752,248.0,33,5,248.0,r-derpp_sl24_st12_bu500_re0.5_al0.5_te1.0
smd,vgru-kl,strb,6,6,B2,500.0,0.2,0.9,0.5,,,,0.026608966927968325,0.04657870442174442,-0.026608966927968325,0.6991287329298076,0.7122839754912121,0.7723204633351455,5,10,10,0.7078,0.6295,0.6759,0.7723,0.7101,0.7102,0.729,0.6662,0.7459,0.7101,0.00028422245431333504,0.0008401927529563999,0.00038190905503639996,0.00045828369792,275.0,31,5,134.9,r-strb_sl6_st6_bu500_no0.2_re0.9_re0.5
smd,vgru-kl,gdumb,6,6,B2,500.0,,,0.5,,,,0.01991283540165332,0.0578054958449359,-0.01991283540165332,0.7098697264865896,0.7268514874059526,0.8123423979313489,5,10,10,0.7078,0.6612,0.7048,0.7758,0.6997,0.7375,0.7042,0.6805,0.8123,0.6997,0.0002156785782661,0.0003258348792253,0.0001481071441563,0.0001777277350689,106.6,30,5,106.6,r-gdumb_sl6_st6_bu500_re0.5
smd,vgru-kl,derpp,6,6,B2,500.0,,,0.5,,0.5,0.5,0.03451810779252114,0.0408215637581538,-0.03451810779252114,0.6870758046431032,0.7053264566804999,0.8051621229938198,5,10,10,0.7078,0.618,0.6562,0.7499,0.7034,0.7232,0.6637,0.6311,0.8052,0.7034,0.0003338943560288,0.0005044285252866,0.0002292862332749,0.0002751422920116,165.1,30,5,165.1,r-derpp_sl6_st6_bu500_re0.5_al0.5_te0.5
smd,vgru-kl,strb,8,8,B2,500.0,0.2,0.9,0.5,,,,0.023763900979763043,0.06145133386766546,-0.023763900979763043,0.7023008100498874,0.7147338567996602,0.7637258718256588,5,10,10,0.7209,0.639,0.6724,0.76,0.7192,0.7067,0.7274,0.6631,0.7572,0.7192,0.00024068905935181997,0.0007144108879721,0.0003247333455403,0.0003896775424317,233.8,31,5,115.2,r-strb_sl8_st8_bu500_no0.2_re0.9_re0.5
smd,vgru-kl,gdumb,8,8,B2,500.0,,,0.5,,,,0.012547226043054726,0.06449632031032536,-0.012547226043054726,0.7058668067301548,0.7183347140985494,0.7827449869863575,5,10,10,0.7209,0.6489,0.6885,0.7629,0.7082,0.7036,0.7062,0.6909,0.7827,0.7082,7.043272561801503e-07,0.0002962820680792,0.0001346740259265,0.0001616080421527,97.0,30,5,97.0,r-gdumb_sl8_st8_bu500_re0.5
smd,vgru-kl,derpp,8,8,B2,500.0,,,0.5,,0.5,0.5,0.03563816737042378,0.05600286320637743,-0.03563816737042378,0.6983527263633217,0.7298955875449068,0.7966949805837048,5,10,10,0.7209,0.6146,0.6677,0.7548,0.7338,0.738,0.6675,0.7136,0.7967,0.7338,1.1150620450710093e-06,0.0004690616270369,0.0002132103908548,0.0002558512361821,153.5,30,5,153.5,r-derpp_sl8_st8_bu500_re0.5_al0.5_te0.5
smd,vgru-kl,strb,10,10,B2,500.0,0.2,0.9,0.5,,,,0.022837034459418103,0.0627557522435241,-0.022837034459418103,0.7078736472756105,0.7222001329434692,0.780641419209904,5,10,10,0.7227,0.6501,0.6706,0.7675,0.7285,0.7062,0.7262,0.6695,0.7806,0.7285,0.00020710254396309486,0.0006250033613903,0.000284093171814,0.0003409101895762,204.5,30,5,102.5,r-strb_sl10_st10_bu500_no0.2_re0.9_re0.5
smd,vgru-kl,gdumb,10,10,B2,500.0,,,0.5,,,,0.01330992023066,0.05566802816585029,-0.01330992023066,0.6977876037291185,0.7112798956311611,0.7902451683223938,5,10,10,0.7227,0.6378,0.7032,0.7577,0.6676,0.7269,0.6992,0.6724,0.7902,0.6676,0.0001881704584493,0.0002842771827203,0.0001292172603587,0.0001550599223615,93.0,31,5,93.0,r-gdumb_sl10_st10_bu500_re0.5
smd,vgru-kl,derpp,10,10,B2,500.0,,,0.5,,0.5,0.5,0.0347747688556073,0.050873285255306766,-0.0347747688556073,0.6884007090619539,0.722995584108747,0.8062880130928989,5,10,10,0.7227,0.6029,0.655,0.7512,0.7102,0.7577,0.6538,0.687,0.8063,0.7102,1.059965768019176e-06,0.0004458848455548,0.0002026755319442,0.0002432093136105,145.9,30,5,145.9,r-derpp_sl10_st10_bu500_re0.5_al0.5_te0.5
smd,vgru-kl,strb,12,12,B2,500.0,0.2,0.9,0.5,,,,0.021272069878622856,0.061928063525337626,-0.021272069878622856,0.7126081395284515,0.7254154452784091,0.77657658703445,5,10,10,0.7244,0.6605,0.6683,0.7766,0.7333,0.7177,0.7367,0.6849,0.7544,0.7333,0.00042128603317199997,0.0006364548804128,0.0002892985121507,0.0003471563682619,208.3,30,5,101.7,r-strb_sl12_st12_bu500_no0.2_re0.9_re0.5
smd,vgru-kl,gdumb,12,12,B2,500.0,,,0.5,,,,0.022090917613048433,0.062418463889447016,-0.022090917613048433,0.7131931409302672,0.7321451493524169,0.8174015186249469,5,10,10,0.7244,0.6623,0.6885,0.7817,0.7091,0.7146,0.7286,0.691,0.8174,0.7091,0.0001793007255423,0.0002708772967709,0.0001231263432302,0.0001477509535406,88.7,30,5,88.7,r-gdumb_sl12_st12_bu500_re0.5
smd,vgru-kl,derpp,12,12,B2,500.0,,,0.5,,0.5,0.5,0.026933551437122383,0.04922859190648059,-0.026933551437122383,0.6891256114912735,0.7066597530306818,0.8303173565569815,5,10,10,0.7244,0.6052,0.6513,0.7726,0.6921,0.7292,0.6461,0.6356,0.8303,0.6921,1.029420330813946e-06,0.0004330356121535,0.0001968348906265,0.0002362007215269,141.7,30,5,141.7,r-derpp_sl12_st12_bu500_re0.5_al0.5_te0.5
smd,vgru-kl,strb,16,16,B2,500.0,0.2,0.9,0.5,,,,0.03014940957287828,0.055438606074322994,-0.03014940957287828,0.6975763369446091,0.715981609084279,0.7616921665064407,5,10,10,0.7114,0.654,0.6657,0.7525,0.7044,0.7189,0.7304,0.6777,0.7486,0.7044,0.00019745299770966234,0.0005686772644523,0.00025849039681670005,0.00031018686763549996,186.1,32,5,88.8,r-strb_sl16_st16_bu500_no0.2_re0.9_re0.5
smd,vgru-kl,gdumb,16,16,B2,500.0,,,0.5,,,,0.01885673182457529,0.05418342754636267,-0.01885673182457529,0.6965907669427583,0.7076596725046509,0.7914896401210897,5,10,10,0.7114,0.6384,0.7069,0.7541,0.6721,0.7223,0.6859,0.6664,0.7915,0.6721,6.261403513903867e-07,0.0002633919908537,0.0001197239415506,0.000143668049303,86.2,32,5,86.2,r-gdumb_sl16_st16_bu500_re0.5
smd,vgru-kl,derpp,16,16,B2,500.0,,,0.5,,0.5,0.5,0.02950820996850212,0.0562380045247141,-0.02950820996850212,0.688495967297721,0.7154166239507852,0.8103985315628327,5,10,10,0.7114,0.6386,0.6502,0.7606,0.6817,0.7334,0.6708,0.6808,0.8104,0.6817,0.0002834279125649,0.000428186704503,0.0001946308712403,0.0002335558332627,140.1,32,5,140.1,r-derpp_sl16_st16_bu500_re0.5_al0.5_te0.5
smd,vgru-kl,strb,48,48,B2,500.0,0.2,0.9,0.5,,,,0.006334555468951464,0.05164758102161129,-0.006334555468951464,0.719991275176676,0.7280166112314925,0.7880006449518265,5,10,10,0.7348,0.7303,0.6586,0.7594,0.717,0.7188,0.7501,0.6662,0.788,0.717,0.000361526241876,0.0005461732004423999,0.0002482612280109,0.0002979119724314,178.7,37,5,85.7,r-strb_sl48_st48_bu500_no0.2_re0.9_re0.5
smd,vgru-kl,gdumb,48,48,B2,500.0,,,0.5,,,,0.03214124333997824,0.038238573172684476,-0.03214124333997824,0.7098444360048318,0.7385169688450657,0.8204447492667469,5,10,10,0.7348,0.6518,0.6954,0.7755,0.6917,0.7595,0.7305,0.6904,0.8204,0.6917,6.201439261525632e-07,0.0002608695366181,0.0001185773752306,0.0001422921613875,85.4,37,5,85.4,r-gdumb_sl48_st48_bu500_re0.5
smd,vgru-kl,derpp,48,48,B2,500.0,,,0.5,,0.5,0.5,0.01979653170855834,0.026912634418399927,-0.01979653170855834,0.7055388055132796,0.7231837725410621,0.822566855637133,5,10,10,0.7348,0.646,0.6598,0.7976,0.6895,0.7397,0.7077,0.6564,0.8226,0.6895,1.0277059694573117e-06,0.0004323144494784,0.0001965070862846,0.0002358073631937,141.5,37,5,141.5,r-derpp_sl48_st48_bu500_re0.5_al0.5_te0.5
smd,vgru-kl,strb,8,4,B3,500.0,0.2,0.9,0.5,,,,0.023070014001570605,0.03856990933425736,-0.023070014001570605,0.7004007560448843,0.7140072516488913,0.7585790421067902,5,10,10,0.719,0.6338,0.6787,0.7508,0.7197,0.6998,0.7238,0.6681,0.7586,0.7197,0.0009412210164988,0.0014219429611447999,0.000646354886348,0.0007755880747967,465.4,30,5,233.8,r-strb_sl8_st4_bu500_no0.2_re0.9_re0.5
smd,vgru-kl,strb,12,6,B3,500.0,0.2,0.9,0.5,,,,0.01623457850683303,0.049554718952069865,-0.01623457850683303,0.703386883203259,0.7103159269755528,0.7599076120150481,5,10,10,0.7272,0.6746,0.6655,0.7535,0.6962,0.7171,0.7252,0.6623,0.7508,0.6962,0.00035487270175836827,0.0010780773740447,0.000490036711116,0.0005880406629285,352.8,31,5,178.0,r-strb_sl12_st6_bu500_no0.2_re0.9_re0.5
smd,vgru-kl,strb,48,24,B3,500.0,0.2,0.9,0.5,,,,0.008507019462666177,0.06630726785844862,-0.008507019462666177,0.7129266900369531,0.7104970357456761,0.7798302633296809,5,10,10,0.6993,0.7258,0.6577,0.7625,0.7194,0.7056,0.7505,0.5972,0.7798,0.7194,0.0006092512197075,0.000920421950048,0.00041837485845039996,0.0005020470915974001,301.2,36,5,141.8,r-strb_sl48_st24_bu500_no0.2_re0.9_re0.5
smd,vgru-kl,strb,6,6,B4,100.0,0.05,0.9,0.5,,,,0.028021058829774282,0.05064876987496029,-0.028021058829774282,0.7021176281012514,0.7187511767669481,0.7719659333113562,5,10,10,0.7078,0.6331,0.6616,0.772,0.7361,0.7097,0.7297,0.6679,0.7503,0.7361,0.00044504887412460004,0.0006723544234925,0.0003056164762722,0.00036673794722019996,220.0,30,5,109.4,r-strb_sl6_st6_bu100_no0.05_re0.9_re0.5
smd,vgru-kl,strb,8,8,B4,100.0,0.05,0.9,0.5,,,,-0.003180454385555187,0.05817579510846445,0.003180454385555187,0.6902322424656916,0.6977897312899627,0.7802393841851649,5,10,10,0.7209,0.6243,0.6088,0.7802,0.717,0.6702,0.7347,0.6195,0.7476,0.717,0.0004097861620984,0.0006190815319209999,0.0002814014060202,0.0003376801259008,202.6,31,5,99.7,r-strb_sl8_st8_bu100_no0.05_re0.9_re0.5
smd,vgru-kl,strb,10,10,B4,100.0,0.05,0.9,0.5,,,,0.026410610719745507,0.055935987340471324,-0.026410610719745507,0.6944070867497565,0.7118396291677428,0.7621838577655548,5,10,10,0.7227,0.6221,0.6511,0.7482,0.7279,0.6922,0.7083,0.6686,0.7622,0.7279,0.0003942701854642,0.0005956408804976,0.0002707467284149,0.00032489415208249996,194.9,30,5,94.3,r-strb_sl10_st10_bu100_no0.05_re0.9_re0.5
smd,vgru-kl,strb,12,12,B4,100.0,0.05,0.9,0.5,,,,0.01607037367920503,0.051678854810294016,-0.01607037367920503,0.6947816880280365,0.7061321495752994,0.7618961506444842,5,10,10,0.7244,0.6594,0.6398,0.7619,0.6884,0.6969,0.7216,0.6636,0.7602,0.6884,0.000371178515734,0.0005607553045719001,0.000254889476794,0.0003058658277777,183.5,32,5,92.2,r-strb_sl12_st12_bu100_no0.05_re0.9_re0.5
smd,vgru-kl,strb,16,16,B4,100.0,0.05,0.9,0.5,,,,0.03287701295712871,0.0604793339390687,-0.03287701295712871,0.6964447574617367,0.7122619262811565,0.7648291817004645,5,10,10,0.7114,0.647,0.653,0.7647,0.7061,0.7636,0.7524,0.5837,0.7554,0.7061,0.00036291289794610003,0.0005482680812447999,0.0002492135149917,0.0002990545662531,179.4,33,5,87.8,r-strb_sl16_st16_bu100_no0.05_re0.9_re0.5
smd,vgru-kl,strb,24,24,B4,100.0,0.05,0.9,0.5,,,,0.027264459382392116,0.046847377000626876,-0.027264459382392116,0.6982634378183187,0.7129805120825793,0.7706497260945008,5,10,10,0.7186,0.6558,0.6473,0.7706,0.6991,0.7047,0.7384,0.6541,0.7686,0.6991,0.00018901401737770444,0.0005416600323803001,0.0002462098614027,0.00029545017097759997,177.3,34,5,84.1,r-strb_sl24_st24_bu100_no0.05_re0.9_re0.5
smd,vgru-kl,strb,48,48,B4,100.0,0.05,0.9,0.5,,,,-2.433906811207809e-05,0.05451482583693936,2.433906811207809e-05,0.7224993179632493,0.7225078804358743,0.78386155338078,5,10,10,0.7348,0.7332,0.6674,0.7593,0.7179,0.7135,0.7469,0.6504,0.7839,0.7179,0.0003546621117335,0.0005358032646148999,0.0002435477130211,0.0002922555515937,175.4,36,5,82.5,r-strb_sl48_st48_bu100_no0.05_re0.9_re0.5
smd,vgru-kl,strb,6,6,B4,100.0,0.2,0.9,0.5,,,,0.028315523171680634,0.04818204603700978,-0.028315523171680634,0.6971092509037204,0.7125724765903335,0.7567749272189734,5,10,10,0.7078,0.6331,0.6724,0.7552,0.7171,0.712,0.7233,0.662,0.7485,0.7171,0.00046249537733689995,0.000698711604223,0.00031759716325059997,0.0003811144409724,228.7,31,5,110.7,r-strb_sl6_st6_bu100_no0.2_re0.9_re0.5
smd,vgru-kl,strb,8,8,B4,100.0,0.2,0.9,0.5,,,,-0.007976421301485969,0.061858834751700134,0.007976421301485969,0.6970154980760721,0.6978539775957906,0.7473256625661003,5,10,10,0.7209,0.6243,0.6831,0.7425,0.7143,0.6473,0.7118,0.6686,0.7473,0.7143,0.0004078563116309,0.0006161660240434,0.0002800763721033,0.00033608965194,201.7,31,5,99.4,r-strb_sl8_st8_bu100_no0.2_re0.9_re0.5
smd,vgru-kl,strb,10,10,B4,100.0,0.2,0.9,0.5,,,,0.02714920464213034,0.05677007043767055,-0.02714920464213034,0.6953182427005782,0.7141188003008041,0.7659984154858308,5,10,10,0.7227,0.6221,0.6523,0.7522,0.7273,0.7024,0.7117,0.6631,0.766,0.7273,0.000390636495423,0.0005901513090935,0.00026825183437249997,0.000321899474721,193.1,30,5,91.9,r-strb_sl10_st10_bu100_no0.2_re0.9_re0.5
smd,vgru-kl,strb,12,12,B4,100.0,0.2,0.9,0.5,,,,0.014446061968099366,0.0547832493437498,-0.014446061968099366,0.700693951933537,0.709825115453779,0.7570138662801235,5,10,10,0.7244,0.6594,0.6654,0.757,0.6973,0.7096,0.7198,0.6795,0.7429,0.6973,0.0003732594770903,0.000563899102151,0.0002563184715269,0.0003075806306239,184.5,32,5,92.5,r-strb_sl12_st12_bu100_no0.2_re0.9_re0.5
smd,vgru-kl,strb,16,16,B4,100.0,0.2,0.9,0.5,,,,0.03630136991340096,0.06256345865336202,-0.03630136991340096,0.701860051996133,0.7260561792533331,0.7567507283396814,5,10,10,0.7114,0.647,0.6651,0.7568,0.729,0.7468,0.7227,0.693,0.7388,0.729,0.00018549763623244153,0.0005369062244457001,0.0002440489503476,0.0002928572740979,175.7,31,5,84.3,r-strb_sl16_st16_bu100_no0.2_re0.9_re0.5
smd,vgru-kl,strb,24,24,B4,100.0,0.2,0.9,0.5,,,,0.031107781504320742,0.04676275945094842,-0.031107781504320742,0.7017547277240145,0.7206804146414967,0.7637332195310809,5,10,10,0.7186,0.6558,0.67,0.7559,0.7086,0.7152,0.7361,0.6827,0.7609,0.7086,0.00019327222480033972,0.0005481880424886,0.0002491770472797,0.0002990109952088,179.4,34,5,84.2,r-strb_sl24_st24_bu100_no0.2_re0.9_re0.5
smd,vgru-kl,strb,48,48,B4,100.0,0.2,0.9,0.5,,,,0.0012325509912352705,0.060868675068679934,-0.0012325509912352705,0.7280440254107379,0.7286039901996091,0.7920749343182886,5,10,10,0.7348,0.7332,0.677,0.7727,0.7225,0.7177,0.7535,0.6572,0.7921,0.7225,0.00018539961313498483,0.0005292566127777,0.00024057185972460002,0.00028868475305300005,173.2,35,5,81.9,r-strb_sl48_st48_bu100_no0.2_re0.9_re0.5
smd,vgru-kl,strb,6,6,B4,100.0,0.35,0.9,0.5,,,,0.023222041559322792,0.04995856871311022,-0.023222041559322792,0.7015261468399636,0.710483810648542,0.78061573510283,5,10,10,0.7078,0.6331,0.6768,0.7806,0.7093,0.7201,0.7198,0.668,0.7352,0.7093,0.00023909913061926532,0.0006965187458549,0.0003166006717578,0.0003799180740971,228.0,31,5,110.1,r-strb_sl6_st6_bu100_no0.35_re0.9_re0.5
smd,vgru-kl,strb,8,8,B4,100.0,0.35,0.9,0.5,,,,-0.004294365957967084,0.06375071455217797,0.004294365957967084,0.6981464878832747,0.7000109881542779,0.7406954672642858,5,10,10,0.7209,0.6243,0.6886,0.7407,0.7162,0.6629,0.7124,0.6698,0.7387,0.7162,0.00020882918530209718,0.0006188224495907999,0.0002812836357042,0.00033753881388650004,202.5,31,5,99.6,r-strb_sl8_st8_bu100_no0.35_re0.9_re0.5
smd,vgru-kl,strb,10,10,B4,100.0,0.35,0.9,0.5,,,,0.009697189717836941,0.051444016710925536,-0.009697189717836941,0.6944308607012522,0.7018511908158361,0.7805743403647968,5,10,10,0.7227,0.6221,0.678,0.7613,0.6882,0.6739,0.6961,0.6705,0.7806,0.6882,0.0003911725049551,0.0005909610816847,0.000268619391549,0.0003223416901355,193.4,30,5,92.3,r-strb_sl10_st10_bu100_no0.35_re0.9_re0.5
smd,vgru-kl,strb,12,12,B4,100.0,0.35,0.9,0.5,,,,0.015789915776838616,0.055331952469923416,-0.015789915776838616,0.7011381213100468,0.710690021608617,0.7562306833498526,5,10,10,0.7244,0.6594,0.6654,0.7562,0.7003,0.7129,0.7248,0.6805,0.7349,0.7003,0.0003777177398044,0.00057063439086,0.0002593800332196,0.0003112543576404,186.8,32,5,92.0,r-strb_sl12_st12_bu100_no0.35_re0.9_re0.5
smd,vgru-kl,strb,16,16,B4,100.0,0.35,0.9,0.5,,,,0.03630136991340096,0.06256345865336202,-0.03630136991340096,0.701860051996133,0.7260561792533331,0.7567507283396814,5,10,10,0.7114,0.647,0.6651,0.7568,0.729,0.7468,0.7227,0.693,0.7388,0.729,0.0003833748755439,0.0005791808684716,0.000263264755208,0.0003159161132636,189.6,31,5,84.4,r-strb_sl16_st16_bu100_no0.35_re0.9_re0.5
smd,vgru-kl,strb,24,24,B4,100.0,0.35,0.9,0.5,,,,0.0324266754803777,0.04615117359569979,-0.0324266754803777,0.701655024506391,0.721771329544414,0.7640292485011265,5,10,10,0.7186,0.6558,0.67,0.757,0.707,0.7169,0.7378,0.6832,0.764,0.707,0.00035603915144680003,0.0005378836175748999,0.0002444932298631,0.0002933903877118,176.0,34,5,84.4,r-strb_sl24_st24_bu100_no0.35_re0.9_re0.5
smd,vgru-kl,strb,48,48,B4,100.0,0.35,0.9,0.5,,,,-0.0003951786058202456,0.05422045684944217,0.0003951786058202456,0.7224658771459679,0.7226191712401252,0.7785251304140645,5,10,10,0.7348,0.7332,0.6696,0.7561,0.7187,0.715,0.7477,0.6533,0.7785,0.7187,0.00018451080556622297,0.000531294207362,0.0002414981048618,0.00028979610250010003,173.9,36,5,83.0,r-strb_sl48_st48_bu100_no0.35_re0.9_re0.5
smd,vgru-kl,strb,6,6,B4,500.0,0.05,0.9,0.5,,,,0.03251093335165829,0.04629373834712512,-0.03251093335165829,0.694328002634235,0.7132617561476409,0.7716878305085815,5,10,10,0.7078,0.6295,0.658,0.7717,0.7047,0.7268,0.729,0.6585,0.7473,0.7047,0.0005679377458821,0.0008580079130932,0.0003900054464174,0.0004680024666758,280.8,31,5,135.3,r-strb_sl6_st6_bu500_no0.05_re0.9_re0.5
smd,vgru-kl,strb,8,8,B4,500.0,0.05,0.9,0.5,,,,0.012294943856092344,0.06675607202040865,-0.012294943856092344,0.7058498552284953,0.707070552129294,0.7830516911714746,5,10,10,0.7209,0.639,0.6316,0.7831,0.7547,0.6898,0.7536,0.5797,0.7575,0.7547,0.0004593886408623,0.0006940181241746,0.000315464232926,0.0003785538912486,227.1,30,5,112.9,r-strb_sl8_st8_bu500_no0.05_re0.9_re0.5
smd,vgru-kl,strb,10,10,B4,500.0,0.05,0.9,0.5,,,,0.022274852155963087,0.06297189823235402,-0.022274852155963087,0.7082022783279043,0.7223665555004922,0.7803290411476133,5,10,10,0.7227,0.6501,0.6708,0.7674,0.73,0.7067,0.7275,0.6673,0.7803,0.73,0.00043762050183209996,0.000661132062847,0.00030051535590429996,0.0003606167069425,216.4,30,5,103.6,r-strb_sl10_st10_bu500_no0.05_re0.9_re0.5
smd,vgru-kl,strb,12,12,B4,500.0,0.05,0.9,0.5,,,,0.021364844776558922,0.061238081437734,-0.021364844776558922,0.7116052350393872,0.7256469281947627,0.772420418066798,5,10,10,0.7244,0.6605,0.6683,0.7724,0.7324,0.7194,0.7337,0.6859,0.7568,0.7324,0.0004129309294072,0.0006238324667821,0.00028356100601820004,0.00034027146076389997,204.2,30,5,96.1,r-strb_sl12_st12_bu500_no0.05_re0.9_re0.5
smd,vgru-kl,strb,16,16,B4,500.0,0.05,0.9,0.5,,,,0.03083437537036523,0.055363521346482744,-0.03083437537036523,0.6981790307728952,0.7184302143001223,0.7616921665064407,5,10,10,0.7114,0.654,0.6657,0.7517,0.7082,0.7212,0.7318,0.6781,0.7529,0.7082,0.0003867701621119,0.000584310273523,0.000265596382345,0.0003187138911778,191.2,32,5,89.0,r-strb_sl16_st16_bu500_no0.05_re0.9_re0.5
smd,vgru-kl,strb,24,24,B4,500.0,0.05,0.9,0.5,,,,0.025913865109645662,0.05180925397260476,-0.025913865109645662,0.7012783471873524,0.7104112666996616,0.7734010844140413,5,10,10,0.7186,0.6781,0.6328,0.7725,0.7045,0.6978,0.7529,0.6235,0.7734,0.7045,0.0003667896366731,0.0005541248367235,0.000251875585128,0.00030224925159549995,181.4,34,5,88.3,r-strb_sl24_st24_bu500_no0.05_re0.9_re0.5
smd,vgru-kl,strb,48,48,B4,500.0,0.05,0.9,0.5,,,,0.005829941474987277,0.05188888296092766,-0.005829941474987277,0.7189628663086168,0.7256327105967192,0.7822506195791981,5,10,10,0.7348,0.7303,0.6537,0.758,0.718,0.7272,0.7443,0.6563,0.7823,0.718,0.00019142948083971097,0.0005502536912604999,0.0002501159822322,0.00030013770902829996,180.1,37,5,85.8,r-strb_sl48_st48_bu500_no0.05_re0.9_re0.5
smd,vgru-kl,strb,6,6,B4,500.0,0.35,0.9,0.5,,,,0.025513434722064278,0.04739718757744875,-0.025513434722064278,0.699534136863531,0.7109928792189353,0.7737036856869114,5,10,10,0.7078,0.6295,0.6771,0.7737,0.7096,0.7076,0.7285,0.6653,0.7439,0.7096,0.0005650664035887,0.0008536700531309,0.0003880336697303,0.0004656363834005,279.4,31,5,134.3,r-strb_sl6_st6_bu500_no0.35_re0.9_re0.5
smd,vgru-kl,strb,8,8,B4,500.0,0.35,0.9,0.5,,,,0.02379735432624629,0.06072905975931492,-0.02379735432624629,0.701852736194525,0.7150721007091047,0.7634831341683921,5,10,10,0.7209,0.639,0.6758,0.7532,0.7204,0.7065,0.7248,0.67,0.7537,0.7204,0.0002309317832072376,0.0006942722237602999,0.0003155792075804,0.0003786930161799,227.2,31,5,113.5,r-strb_sl8_st8_bu500_no0.35_re0.9_re0.5
smd,vgru-kl,strb,10,10,B4,500.0,0.35,0.9,0.5,,,,0.020697482534479617,0.06199545676836943,-0.020697482534479617,0.7074267491340771,0.7196573282256243,0.7705998137679361,5,10,10,0.7227,0.6501,0.6763,0.7631,0.7249,0.7036,0.7195,0.6797,0.7706,0.7249,0.0004270488607242,0.0006451610311791,0.00029325587360830004,0.0003519051575706,211.1,30,5,103.0,r-strb_sl10_st10_bu500_no0.35_re0.9_re0.5
smd,vgru-kl,strb,12,12,B4,500.0,0.35,0.9,0.5,,,,0.02297118859930365,0.06129462484577554,-0.02297118859930365,0.711675855708929,0.7265250293277906,0.7732953201533799,5,10,10,0.7244,0.6605,0.6683,0.7733,0.7319,0.7228,0.7352,0.6865,0.7562,0.7319,0.00021350135585412132,0.0006172594922692,0.0002805733351864,0.00033668615708270003,202.0,30,5,96.8,r-strb_sl12_st12_bu500_no0.35_re0.9_re0.5
smd,vgru-kl,strb,16,16,B4,500.0,0.35,0.9,0.5,,,,0.03014940957287828,0.055438606074322994,-0.03014940957287828,0.6975763369446091,0.715981609084279,0.7616921665064407,5,10,10,0.7114,0.654,0.6657,0.7525,0.7044,0.7189,0.7304,0.6777,0.7486,0.7044,0.0001930390202825429,0.0005617957767280999,0.0002553624396425,0.0003064333370854,183.9,32,5,88.7,r-strb_sl16_st16_bu500_no0.35_re0.9_re0.5
smd,vgru-kl,strb,24,24,B4,500.0,0.35,0.9,0.5,,,,0.027098920331642174,0.05145241629081275,-0.027098920331642174,0.7058295495342926,0.723464778693242,0.7765426142719345,5,10,10,0.7186,0.6781,0.6645,0.7621,0.7059,0.7123,0.7477,0.6748,0.7765,0.7059,0.0003589918483826,0.0005423443834848001,0.0002465208798057,0.0002958235036791,177.5,34,5,87.7,r-strb_sl24_st24_bu500_no0.35_re0.9_re0.5
smd,vgru-kl,strb,48,48,B4,500.0,0.35,0.9,0.5,,,,0.007937221038147656,0.05160820739882347,-0.007937221038147656,0.71987349223377,0.7300082925815736,0.794368975679363,5,10,10,0.7348,0.7303,0.6612,0.7592,0.7139,0.7184,0.7531,0.6703,0.7944,0.7139,0.00019015290806196288,0.0005465375094069001,0.00024842682204830003,0.00029811068735849996,178.9,37,5,85.2,r-strb_sl48_st48_bu500_no0.35_re0.9_re0.5
smd,vgru-kl,strb,6,6,B4,1000.0,0.05,0.9,0.5,,,,0.027272637928012756,0.050524784334062045,-0.027272637928012756,0.7011893552760003,0.7145021596812322,0.7758283748723763,5,10,10,0.7078,0.6458,0.6714,0.7758,0.7051,0.7201,0.7356,0.6682,0.7435,0.7051,0.0006931871560393,0.0010472275693043,0.0004760152812516,0.0005712122880526999,342.7,31,5,168.3,r-strb_sl6_st6_bu1000_no0.05_re0.9_re0.5
smd,vgru-kl,strb,8,8,B4,1000.0,0.05,0.9,0.5,,,,0.02452110251085421,0.06361404062774795,-0.02452110251085421,0.6989628016549958,0.710332923053596,0.7725731886655309,5,10,10,0.7209,0.6432,0.6484,0.7726,0.7098,0.7107,0.7278,0.6526,0.7507,0.7098,0.0005593409374345,0.0008450203458309001,0.0003841014642358,0.000460918881595,276.6,31,5,137.8,r-strb_sl8_st8_bu1000_no0.05_re0.9_re0.5
smd,vgru-kl,strb,10,10,B4,1000.0,0.05,0.9,0.5,,,,0.021383021962671354,0.06473288918010925,-0.021383021962671354,0.7088422431917144,0.7219143974361515,0.7713392502864819,5,10,10,0.7227,0.6554,0.6706,0.7642,0.7314,0.7125,0.7268,0.6676,0.7713,0.7314,0.0004813350902462,0.0007271735666013,0.000330534354517,0.0003966392120843,238.0,30,5,119.7,r-strb_sl10_st10_bu1000_no0.05_re0.9_re0.5
smd,vgru-kl,strb,12,12,B4,1000.0,0.05,0.9,0.5,,,,0.021288880224420582,0.05543195363432023,-0.021288880224420582,0.6995524778088434,0.7125874356884158,0.7751350340904406,5,10,10,0.7244,0.6622,0.6527,0.7709,0.6877,0.7206,0.7399,0.6396,0.7751,0.6877,0.0004765909654052,0.0007200064137157999,0.00032727655468809996,0.0003927298590276,235.6,32,5,117.4,r-strb_sl12_st12_bu1000_no0.05_re0.9_re0.5
smd,vgru-kl,strb,16,16,B4,1000.0,0.05,0.9,0.5,,,,0.02866682737451748,0.06878860107484927,-0.02866682737451748,0.70568249790875,0.7201171382987372,0.7822732346111733,5,10,10,0.7114,0.6539,0.6621,0.7823,0.7187,0.7138,0.7464,0.6451,0.7765,0.7187,0.00021829345952011108,0.0006163990389603999,0.0002801823215312,0.00033621671742899996,201.7,31,5,94.2,r-strb_sl16_st16_bu1000_no0.05_re0.9_re0.5
smd,vgru-kl,strb,24,24,B4,1000.0,0.05,0.9,0.5,,,,0.026228825618542638,0.054597275574828394,-0.026228825618542638,0.7056862545425294,0.7214477779673902,0.7911177299593198,5,10,10,0.7186,0.687,0.6499,0.7754,0.6976,0.7124,0.7562,0.65,0.7911,0.6976,0.0003724198126414,0.0005626305850524,0.0002557420115762,0.00030688857347619997,184.1,34,5,89.3,r-strb_sl24_st24_bu1000_no0.05_re0.9_re0.5
smd,vgru-kl,strb,48,48,B4,1000.0,0.05,0.9,0.5,,,,0.008835586225059245,0.05225192080611455,-0.008835586225059245,0.7198547130048537,0.7308255950171402,0.8065569802739059,5,10,10,0.7348,0.7172,0.6656,0.7696,0.7121,0.7156,0.753,0.6668,0.8066,0.7121,0.0003586184581887,0.0005417802869034,0.0002462645221099,0.0002955157647933,177.3,37,5,86.6,r-strb_sl48_st48_bu1000_no0.05_re0.9_re0.5
smd,vgru-kl,strb,6,6,B4,1000.0,0.2,0.9,0.5,,,,0.0282557268524156,0.049464841025806214,-0.0282557268524156,0.7014924846996813,0.7172299327498186,0.7677120138793435,5,10,10,0.7078,0.6458,0.6764,0.7677,0.7097,0.7236,0.7353,0.6707,0.7468,0.7097,0.000676754005588,0.0010224013040552,0.0004647302057884,0.0005576710982666,334.6,31,5,166.3,r-strb_sl6_st6_bu1000_no0.2_re0.9_re0.5
smd,vgru-kl,strb,8,8,B4,1000.0,0.2,0.9,0.5,,,,0.02613969029905966,0.061093373098650296,-0.02613969029905966,0.6988791308155019,0.7142047251339118,0.7622601200892744,5,10,10,0.7209,0.6432,0.6658,0.7523,0.7122,0.7175,0.7248,0.6641,0.7524,0.7122,0.0005589494329374,0.0008444288831946001,0.0003838326323556,0.0004605962508388,276.4,31,5,135.8,r-strb_sl8_st8_bu1000_no0.2_re0.9_re0.5
smd,vgru-kl,strb,10,10,B4,1000.0,0.2,0.9,0.5,,,,0.021224929487060763,0.06445383060156379,-0.021224929487060763,0.7090794073934304,0.7226964087942038,0.7759438573577733,5,10,10,0.7227,0.6554,0.672,0.7674,0.728,0.7111,0.7261,0.6723,0.7759,0.728,0.0005057262033159,0.0007640222673169,0.0003472841412035,0.00041673812611329997,250.0,30,5,117.8,r-strb_sl10_st10_bu1000_no0.2_re0.9_re0.5
smd,vgru-kl,strb,12,12,B4,1000.0,0.2,0.9,0.5,,,,0.02180655476486676,0.05883522113570892,-0.02180655476486676,0.7082130451239477,0.7227637739356372,0.7648231065761829,5,10,10,0.7244,0.6622,0.6682,0.7621,0.7243,0.7047,0.7355,0.6845,0.7648,0.7243,0.00022952388911279424,0.0006904947168542999,0.00031386222129920003,0.00037663249555500004,226.0,31,5,112.9,r-strb_sl12_st12_bu1000_no0.2_re0.9_re0.5
smd,vgru-kl,strb,16,16,B4,1000.0,0.2,0.9,0.5,,,,0.027211060230558626,0.065979077191197,-0.027211060230558626,0.7010182394246318,0.7156581404788074,0.7792166572889396,5,10,10,0.7114,0.6539,0.6693,0.7792,0.6913,0.7214,0.7385,0.6525,0.7745,0.6913,0.0003990941066733,0.0006029285851791,0.0002740592241345,0.0003288693610445,197.3,32,5,96.1,r-strb_sl16_st16_bu1000_no0.2_re0.9_re0.5
smd,vgru-kl,strb,24,24,B4,1000.0,0.2,0.9,0.5,,,,0.026827129523424153,0.05823142576536833,-0.026827129523424153,0.7153194924557704,0.7342171145924967,0.7904063980288885,5,10,10,0.7186,0.687,0.672,0.7736,0.7255,0.7084,0.7431,0.7037,0.7904,0.7255,0.000374745225255,0.000566143685631,0.000257338732296,0.00030880495333490004,185.3,33,5,87.7,r-strb_sl24_st24_bu1000_no0.2_re0.9_re0.5
smd,vgru-kl,strb,48,48,B4,1000.0,0.2,0.9,0.5,,,,0.008540367397718528,0.052761236270106246,-0.008540367397718528,0.7225602565600344,0.7339596616457503,0.8061008983781277,5,10,10,0.7348,0.7172,0.6771,0.7646,0.719,0.7128,0.7479,0.6839,0.8061,0.719,0.0003624532877185,0.0005475737283601,0.0002488979043367,0.0002986758240234,179.2,37,5,87.3,r-strb_sl48_st48_bu1000_no0.2_re0.9_re0.5
smd,vgru-kl,strb,6,6,B4,1000.0,0.35,0.9,0.5,,,,0.029295537810330664,0.049332636569810864,-0.029295537810330664,0.7015244605437193,0.7184953937113117,0.7656251028601722,5,10,10,0.7078,0.6458,0.6764,0.7656,0.712,0.7337,0.7325,0.6666,0.7476,0.712,0.0006881601761488,0.001039633095163,0.00047256362141140005,0.0005670694737515999,340.2,31,5,167.3,r-strb_sl6_st6_bu1000_no0.35_re0.9_re0.5
smd,vgru-kl,strb,8,8,B4,1000.0,0.35,0.9,0.5,,,,0.02606642592943903,0.06087777783390774,-0.02606642592943903,0.6986859076655119,0.7138562083376995,0.7620831408512353,5,10,10,0.7209,0.6432,0.6657,0.7518,0.7118,0.717,0.7245,0.666,0.7499,0.7118,0.0005744765790289,0.0008678864087964,0.0003944954855321,0.0004733909232642,284.0,31,5,139.5,r-strb_sl8_st8_bu1000_no0.35_re0.9_re0.5
smd,vgru-kl,strb,10,10,B4,1000.0,0.35,0.9,0.5,,,,0.017471964637331118,0.06501686393196608,-0.017471964637331118,0.7113978906584111,0.7215349259584796,0.7748572466237112,5,10,10,0.7227,0.6554,0.6766,0.7749,0.7274,0.706,0.7232,0.6772,0.7739,0.7274,0.0005207462131552999,0.00078671364043,0.000357598291957,0.000429115348473,257.5,30,5,131.2,r-strb_sl10_st10_bu1000_no0.35_re0.9_re0.5
smd,vgru-kl,strb,12,12,B4,1000.0,0.35,0.9,0.5,,,,0.02034328763363431,0.05896404316712941,-0.02034328763363431,0.708945710285683,0.7227092060768159,0.7615055796729714,5,10,10,0.7244,0.6622,0.6711,0.7613,0.7258,0.7027,0.7347,0.6889,0.7615,0.7258,0.0004916358617387,0.0007427353839231,0.0003376093664917,0.0004051260174313,243.1,31,5,116.8,r-strb_sl12_st12_bu1000_no0.35_re0.9_re0.5
smd,vgru-kl,strb,16,16,B4,1000.0,0.35,0.9,0.5,,,,0.021923166612761447,0.06303547488884728,-0.021923166612761447,0.6986697662652049,0.7071918918781961,0.7948267457026615,5,10,10,0.7114,0.6539,0.6537,0.7948,0.6795,0.7176,0.7509,0.6182,0.7697,0.6795,0.0004070859339897,0.0006150021814972,0.0002795473873272,0.00033545479417,201.3,31,5,94.8,r-strb_sl16_st16_bu1000_no0.35_re0.9_re0.5
smd,vgru-kl,strb,24,24,B4,1000.0,0.35,0.9,0.5,,,,0.026797446131907175,0.05821931252959074,-0.026797446131907175,0.7153507223760776,0.7340455790299507,0.790481467529436,5,10,10,0.7186,0.687,0.672,0.7736,0.7256,0.7071,0.7434,0.7037,0.7905,0.7256,0.0003816810036206,0.0005766218635023001,0.0002621015946167,0.0003145202688856,188.7,33,5,88.1,r-strb_sl24_st24_bu1000_no0.35_re0.9_re0.5
smd,vgru-kl,strb,48,48,B4,1000.0,0.35,0.9,0.5,,,,0.008165453426204904,0.05271820789543621,-0.008165453426204904,0.7225252373315216,0.7337095515543344,0.8060070157273583,5,10,10,0.7348,0.7172,0.6773,0.7644,0.7189,0.7131,0.7469,0.6836,0.806,0.7189,0.0001933662431920605,0.0005536150772839,0.000251643890685,0.0003019711865988,181.2,37,5,85.9,r-strb_sl48_st48_bu1000_no0.35_re0.9_re0.5
smd,vgru-kl,strb,24,12,B6,500.0,0.01,0.3,0.5,,,,0.024370795909673126,0.06170086232444004,-0.024370795909673126,0.714527361862437,0.7255062342458446,0.7983686874997928,5,10,10,0.7276,0.6592,0.6764,0.7984,0.711,0.7232,0.7433,0.6844,0.7657,0.711,0.0009149834161237,0.0013823046928565,0.0006283218677123,0.0007539828251441,452.4,31,5,452.5,r-strb_sl24_st12_bu500_no0.01_re0.3_re0.5
smd,vgru-kl,strb,24,12,B6,500.0,0.05,0.3,0.5,,,,0.024510150502503526,0.05810438486775114,-0.024510150502503526,0.7137972876176436,0.7288651311299583,0.772897343074655,5,10,10,0.7276,0.6592,0.6758,0.7729,0.7335,0.7144,0.7308,0.6992,0.7665,0.7335,0.0002976639337932,0.0004496936723943,0.0002044067317716,0.0002452869406226,147.2,30,5,147.2,r-strb_sl24_st12_bu500_no0.05_re0.3_re0.5
smd,vgru-kl,strb,24,12,B6,500.0,0.1,0.3,0.5,,,,0.02350930331333273,0.0630267300010216,-0.02350930331333273,0.7180972814866148,0.7286046512703356,0.7959755591275445,5,10,10,0.7276,0.6592,0.6762,0.796,0.7314,0.7051,0.7372,0.6953,0.774,0.7314,0.0002809283364039,0.0004244104875831,0.0001929143652177,0.0002314961223653,138.9,30,5,138.9,r-strb_sl24_st12_bu500_no0.1_re0.3_re0.5
smd,vgru-kl,strb,24,12,B6,500.0,0.35,0.3,0.5,,,,0.019696109739242896,0.06395737989309895,-0.019696109739242896,0.7197692066684954,0.7273532613449165,0.7987796007876661,5,10,10,0.7276,0.6592,0.6811,0.7988,0.7321,0.7021,0.7359,0.7013,0.7655,0.7321,0.0002810584691023,0.0004246070846322,0.0001930037074075,0.0002316033772247,139.0,30,5,139.0,r-strb_sl24_st12_bu500_no0.35_re0.3_re0.5
smd,vgru-kl,strb,24,12,B6,500.0,0.5,0.3,0.5,,,,0.014963451982607767,0.05571970362825999,-0.014963451982607767,0.7097496004249757,0.7128790901965969,0.7856833996987278,5,10,10,0.7276,0.6592,0.6811,0.7857,0.6951,0.7182,0.7168,0.6723,0.762,0.6951,0.00028789358241,0.0004349331834828,0.0001976974006347,0.000237235782848,142.3,31,5,142.4,r-strb_sl24_st12_bu500_no0.5_re0.3_re0.5
smd,vgru-kl,strb,24,12,B6,500.0,0.01,0.5,0.5,,,,0.023970426731417093,0.0641391210253179,-0.023970426731417093,0.7193731743243541,0.7331583366178813,0.804017383430651,5,10,10,0.7276,0.6592,0.675,0.804,0.731,0.7307,0.7477,0.6856,0.7708,0.731,0.0005743717281865,0.0008677280061314,0.0003944228173065,0.0004733051888248,284.0,30,5,284.0,r-strb_sl24_st12_bu500_no0.01_re0.5_re0.5
smd,vgru-kl,strb,24,12,B6,500.0,0.05,0.5,0.5,,,,0.02602799476645652,0.0620459198144507,-0.02602799476645652,0.7147908206040469,0.7287764500325804,0.8035117272185743,5,10,10,0.7276,0.6592,0.6747,0.8035,0.7088,0.7393,0.7439,0.6826,0.7693,0.7088,1.0712156895785888e-06,0.0004506172337963,0.0002048265153936,0.0002457907184027,147.5,31,5,147.5,r-strb_sl24_st12_bu500_no0.05_re0.5_re0.5
smd,vgru-kl,strb,24,12,B6,500.0,0.1,0.5,0.5,,,,0.018844655177194303,0.06481796705475937,-0.018844655177194303,0.7205044437262236,0.7266861827942119,0.809132027318396,5,10,10,0.7276,0.6592,0.6757,0.8091,0.7308,0.7022,0.738,0.6938,0.7686,0.7308,0.0002821260479554,0.0004262199217971,0.0001937370122112,0.0002324829095858,139.5,30,5,139.5,r-strb_sl24_st12_bu500_no0.1_re0.5_re0.5
smd,vgru-kl,strb,24,12,B6,500.0,0.35,0.5,0.5,,,,0.024364678554924357,0.06062193988039499,-0.024364678554924357,0.71626943040678,0.7330122180385358,0.7775102416343769,5,10,10,0.7276,0.6592,0.6811,0.7775,0.7358,0.7247,0.7344,0.6989,0.7712,0.7358,0.0002834314585425,0.0004281920615635,0.0001946332630209,0.0002335587985425,140.1,30,5,140.2,r-strb_sl24_st12_bu500_no0.35_re0.5_re0.5
smd,vgru-kl,strb,24,12,B6,500.0,0.5,0.5,0.5,,,,0.01934572654317901,0.06553783499989309,-0.01934572654317901,0.7223861530586115,0.7293606718444526,0.8102574585819394,5,10,10,0.7276,0.6592,0.6811,0.8103,0.7337,0.7117,0.733,0.7022,0.7663,0.7337,0.0002807434803917,0.0004241312176765,0.0001927874265005,0.0002313437911759,138.8,30,5,138.8,r-strb_sl24_st12_bu500_no0.5_re0.5_re0.5
smd,vgru-kl,strb,24,12,B6,500.0,0.01,0.7,0.5,,,,0.018862140899902336,0.06124544535532091,-0.018862140899902336,0.7129681197127052,0.7213725016865247,0.8016009276898257,5,10,10,0.7276,0.6592,0.6748,0.8016,0.7015,0.7242,0.7458,0.6641,0.7713,0.7015,1.6423655690345071e-06,0.0006908769511132,0.0003140357843774,0.0003768411667357,226.1,31,5,226.1,r-strb_sl24_st12_bu500_no0.01_re0.7_re0.5
smd,vgru-kl,strb,24,12,B6,500.0,0.05,0.7,0.5,,,,0.022271192920101192,0.06084260399941839,-0.022271192920101192,0.713366354705852,0.7225524763061945,0.7961224282401054,5,10,10,0.7276,0.6592,0.6754,0.7961,0.7085,0.7188,0.7469,0.678,0.7606,0.7085,1.1261802068278168e-06,0.0004737385892439,0.0002153362912598,0.0002584022979841,155.0,31,5,155.1,r-strb_sl24_st12_bu500_no0.05_re0.7_re0.5
smd,vgru-kl,strb,24,12,B6,500.0,0.1,0.7,0.5,,,,0.01863169422282581,0.061578929539553816,-0.01863169422282581,0.7152979386683684,0.7209266492060757,0.8011529313236264,5,10,10,0.7276,0.6592,0.6759,0.8012,0.7126,0.7072,0.7388,0.6764,0.7696,0.7126,1.0306820986819716e-06,0.000433566387003,0.000197076210128,0.0002364901768749,141.9,31,5,141.9,r-strb_sl24_st12_bu500_no0.1_re0.7_re0.5
smd,vgru-kl,strb,24,12,B6,500.0,0.35,0.7,0.5,,,,0.021087624425298702,0.057398672121394566,-0.021087624425298702,0.7128003339128581,0.7248881071112325,0.7842276745331134,5,10,10,0.7276,0.6592,0.6811,0.7842,0.7118,0.7188,0.7412,0.677,0.7756,0.7118,0.0002931654486246,0.0004428976178978,0.0002013176060229,0.0002415800118749,144.9,32,5,145.0,r-strb_sl24_st12_bu500_no0.35_re0.7_re0.5
smd,vgru-kl,strb,24,12,B6,500.0,0.5,0.7,0.5,,,,0.02126475699183572,0.06061701530824746,-0.02126475699183572,0.7144306800691924,0.7277922012674918,0.7754190248562753,5,10,10,0.7276,0.6592,0.6811,0.7754,0.7287,0.6985,0.7398,0.6969,0.7751,0.7287,0.000281764649437,0.000425673941554,0.0001934886648157,0.0002321852767382,139.3,30,5,139.3,r-strb_sl24_st12_bu500_no0.5_re0.7_re0.5
smd,vgru-kl,strb,24,12,B6,500.0,0.01,0.95,0.5,,,,0.020362181606048357,0.061854051987760096,-0.020362181606048357,0.7155059879440457,0.7228236969407935,0.8025600003314786,5,10,10,0.7276,0.6592,0.6744,0.8026,0.7137,0.7146,0.7365,0.6797,0.7696,0.7137,1.049045411042321e-06,0.0004412910918403,0.0002005873751742,0.0002407037166661,144.4,31,5,144.4,r-strb_sl24_st12_bu500_no0.01_re0.95_re0.5
smd,vgru-kl,strb,24,12,B6,500.0,0.05,0.95,0.5,,,,0.024394731343949927,0.06468307639577286,-0.024394731343949927,0.720106473243501,0.7329196529829842,0.8042232944511583,5,10,10,0.7276,0.6592,0.6762,0.8042,0.7333,0.7377,0.7511,0.6727,0.7698,0.7333,0.0002825975331382,0.0004269322146859,0.0001940605873261,0.0002328716273598,139.7,30,5,139.7,r-strb_sl24_st12_bu500_no0.05_re0.95_re0.5
smd,vgru-kl,strb,24,12,B6,500.0,0.1,0.95,0.5,,,,0.0249391936139295,0.06129831439897075,-0.0249391936139295,0.7170580216412972,0.7320813412566928,0.7906785344345525,5,10,10,0.7276,0.6592,0.6785,0.7907,0.7292,0.7288,0.7317,0.7028,0.7679,0.7292,0.0002816150065451,0.0004254478696185,0.0001933858939239,0.0002320619756945,139.2,30,5,139.3,r-strb_sl24_st12_bu500_no0.1_re0.95_re0.5
smd,vgru-kl,strb,24,12,B6,500.0,0.35,0.95,0.5,,,,0.01888049824833694,0.05730926374033583,-0.01888049824833694,0.7116729966075619,0.7232206719850353,0.7646004918074633,5,10,10,0.7276,0.6592,0.6811,0.7541,0.7363,0.7231,0.7211,0.671,0.7646,0.7363,1.0288447759772714e-06,0.0004327934994483,0.0001967248291682,0.0002360686702801,141.6,31,5,141.7,r-strb_sl24_st12_bu500_no0.35_re0.95_re0.5
smd,vgru-kl,strb,24,12,B6,500.0,0.5,0.95,0.5,,,,0.02195228410696276,0.0641933644607238,-0.02195228410696276,0.7202453369717576,0.7326025609171614,0.8006654826298409,5,10,10,0.7276,0.6592,0.6811,0.8007,0.7326,0.7171,0.7389,0.7049,0.7696,0.7326,1.0163357249671324e-06,0.0004275314462331,0.0001943329740748,0.0002331984721582,139.9,30,5,139.9,r-strb_sl24_st12_bu500_no0.5_re0.95_re0.5
smd,vlstm-kl,strb,24,12,B1,500.0,0.2,0.9,0.5,,,,0.013925246505095135,0.07364566787150768,-0.013925246505095135,0.7139110578542507,0.71956659313927,0.7767607258442855,5,10,10,0.7293,0.696,0.656,0.7768,0.7114,0.7102,0.7455,0.6579,0.7729,0.7114,0.0006260969571738,0.0009458715281979,0.00042994290451610004,0.0005159286236816,309.6,33,5,149.2,r-strb_sl24_st12_bu500_no0.2_re0.9_re0.5
smd,vlstm-kl,strb,24,12,B1,100.0,0.2,0.9,0.5,,,,0.01182790954282229,0.07044085386828627,-0.01182790954282229,0.7154238817965232,0.7249664184249077,0.7926109574197386,5,10,10,0.7293,0.6926,0.6556,0.7796,0.7199,0.724,0.7486,0.6398,0.7926,0.7199,0.0006445427243869,0.0009737383399155001,0.00044260959137579995,0.0005311287485396,318.7,35,5,149.1,r-strb_sl24_st12_bu100_no0.2_re0.9_re0.5
smd,vlstm-kl,strb,24,12,B1,250.0,0.2,0.9,0.5,,,,-0.0019093803106449258,0.0746990420638036,0.0019093803106449258,0.7251599536869265,0.7203412146432329,0.7856320876017256,5,10,10,0.7293,0.7413,0.6574,0.7762,0.7215,0.6929,0.7481,0.6535,0.7856,0.7215,0.0006544726498351,0.0009887399042116,0.00044942875295389995,0.0005393111512576,323.6,36,5,155.9,r-strb_sl24_st12_bu250_no0.2_re0.9_re0.5
smd,vlstm-kl,strb,24,12,B1,1000.0,0.2,0.9,0.5,,,,0.011889844942387495,0.0763927719694952,-0.011889844942387495,0.7137647886040918,0.7186272916231129,0.7740958126672908,5,10,10,0.7293,0.6909,0.667,0.7733,0.7083,0.7079,0.7352,0.6676,0.7741,0.7083,0.0006837448042869,0.001032962603504,0.0004695298401664,0.0005634327633375,338.1,34,5,167.3,r-strb_sl24_st12_bu1000_no0.2_re0.9_re0.5
smd,vlstm-kl,strb,24,12,B1,2000.0,0.2,0.9,0.5,,,,0.007442523009601532,0.07234536817828834,-0.007442523009601532,0.7202380296892728,0.7231728248447225,0.7822785342766024,5,10,10,0.7293,0.7111,0.6773,0.7711,0.7125,0.7056,0.7484,0.6671,0.7823,0.7125,0.0008010417945963,0.0012101681979499999,0.0005500780439877,0.0006600901539623,396.1,34,5,194.9,r-strb_sl24_st12_bu2000_no0.2_re0.9_re0.5
smd,vlstm-kl,strb,24,12,B1,4000.0,0.2,0.9,0.5,,,,0.009609358010474467,0.07774565926263508,-0.009609358010474467,0.7156690761745329,0.7202799779164184,0.7788426495396702,5,10,10,0.7293,0.7007,0.6774,0.7788,0.6921,0.7143,0.7457,0.6749,0.7744,0.6921,0.0010153909764515,0.001533994700996,0.0006972727113415,0.0008367219896544,502.0,34,5,241.7,r-strb_sl24_st12_bu4000_no0.2_re0.9_re0.5
smd,vlstm-kl,strb,24,12,B1,500.0,0.01,0.9,0.5,,,,0.018404741427969683,0.07141530052569732,-0.018404741427969683,0.709965414332381,0.7202788128695498,0.7912439222332985,5,10,10,0.7293,0.696,0.637,0.7719,0.7156,0.7163,0.7573,0.6209,0.7912,0.7156,0.000331027838241,0.0005000979539118,0.0002273178484937,0.000272780105418,163.7,36,5,163.7,r-strb_sl24_st12_bu500_no0.01_re0.9_re0.5
smd,vlstm-kl,strb,24,12,B1,500.0,0.05,0.9,0.5,,,,0.01590153179796836,0.07628625620220865,-0.01590153179796836,0.7144665750770163,0.719961680853906,0.7931945283951738,5,10,10,0.7293,0.696,0.6364,0.7915,0.719,0.7092,0.7598,0.6186,0.7932,0.719,0.0006304883757124,0.0009525058325437999,0.0004329584553229,0.0005195473772209,311.7,35,5,156.7,r-strb_sl24_st12_bu500_no0.05_re0.9_re0.5
smd,vlstm-kl,strb,24,12,B1,500.0,0.1,0.9,0.5,,,,0.010936971768799254,0.08055804187536411,-0.010936971768799254,0.7209429688507599,0.7211065981319763,0.8084200462785782,5,10,10,0.7293,0.696,0.6541,0.8084,0.7168,0.7211,0.7425,0.6531,0.772,0.7168,0.00032983761192351694,0.0009525792918528,0.00043299183032350004,0.0005195874615292,311.8,33,5,149.2,r-strb_sl24_st12_bu500_no0.1_re0.9_re0.5
smd,vlstm-kl,strb,24,12,B1,500.0,0.35,0.9,0.5,,,,0.013925246505095135,0.07364566787150768,-0.013925246505095135,0.7139110578542507,0.71956659313927,0.7767607258442855,5,10,10,0.7293,0.696,0.656,0.7768,0.7114,0.7102,0.7455,0.6579,0.7729,0.7114,0.0006090152593421,0.0009200654746031,0.0004182126912022,0.0005018527834008001,301.1,33,5,150.1,r-strb_sl24_st12_bu500_no0.35_re0.9_re0.5
smd,vlstm-kl,strb,24,12,B1,500.0,0.5,0.9,0.5,,,,0.013925246505095135,0.07364566787150768,-0.013925246505095135,0.7139110578542507,0.71956659313927,0.7767607258442855,5,10,10,0.7293,0.696,0.656,0.7768,0.7114,0.7102,0.7455,0.6579,0.7729,0.7114,1.0854193324691369e-06,0.0004565921334654,0.0002075425420751,0.0002490495913902,149.4,33,5,149.4,r-strb_sl24_st12_bu500_no0.5_re0.9_re0.5
smd,vlstm-kl,strb,24,12,B1,500.0,0.2,0.3,0.5,,,,0.013925246505095135,0.07364566787150768,-0.013925246505095135,0.7139110578542507,0.71956659313927,0.7767607258442855,5,10,10,0.7293,0.696,0.656,0.7768,0.7114,0.7102,0.7455,0.6579,0.7729,0.7114,0.000306562265014,0.000463136763043,0.0002105175163771,0.0002526192466658,151.6,33,5,151.6,r-strb_sl24_st12_bu500_no0.2_re0.3_re0.5
smd,vlstm-kl,strb,24,12,B1,500.0,0.2,0.5,0.5,,,,0.013925246505095135,0.07364566787150768,-0.013925246505095135,0.7139110578542507,0.71956659313927,0.7767607258442855,5,10,10,0.7293,0.696,0.656,0.7768,0.7114,0.7102,0.7455,0.6579,0.7729,0.7114,1.081190594981867e-06,0.000454813274168,0.0002067338333329,0.000248079440835,148.8,33,5,148.9,r-strb_sl24_st12_bu500_no0.2_re0.5_re0.5
smd,vlstm-kl,strb,24,12,B1,500.0,0.2,0.7,0.5,,,,0.013925246505095135,0.07364566787150768,-0.013925246505095135,0.7139110578542507,0.71956659313927,0.7767607258442855,5,10,10,0.7293,0.696,0.656,0.7768,0.7114,0.7102,0.7455,0.6579,0.7729,0.7114,0.0006377958608945,0.0009635455638463001,0.0004379764748859,0.0005255690889603,315.3,33,5,149.7,r-strb_sl24_st12_bu500_no0.2_re0.7_re0.5
smd,vlstm-kl,strb,24,12,B1,500.0,0.2,0.95,0.5,,,,0.013925246505095135,0.07364566787150768,-0.013925246505095135,0.7139110578542507,0.71956659313927,0.7767607258442855,5,10,10,0.7293,0.696,0.656,0.7768,0.7114,0.7102,0.7455,0.6579,0.7729,0.7114,0.0003047773131601,0.0004604401597159,0.0002092915524282,0.0002511486072877,150.7,33,5,150.7,r-strb_sl24_st12_bu500_no0.2_re0.95_re0.5
smd,vlstm-kl,strb,24,12,B1,500.0,0.2,0.9,0.3,,,,0.010632188847058032,0.0788840326950909,-0.010632188847058032,0.7264386819018535,0.7284802412503859,0.799870840214276,5,10,10,0.7293,0.7028,0.6729,0.7999,0.7273,0.7145,0.7421,0.6781,0.7804,0.7273,0.0005441818537880001,0.0008221188679519999,0.0003736923355931,0.0004484265323588,269.1,35,5,132.8,r-strb_sl24_st12_bu500_no0.2_re0.9_re0.3
smd,vlstm-kl,strb,24,12,B1,500.0,0.2,0.9,0.7,,,,-0.0021126589403354214,0.07356807128783861,0.0021126589403354214,0.7221782834843022,0.7183393311851433,0.7842602300734683,5,10,10,0.7293,0.7453,0.6565,0.7715,0.7082,0.7017,0.7509,0.6467,0.7843,0.7082,0.0008306187783272,0.0012548514159094,0.0005703885631357,0.0006844628527737,410.7,32,5,201.8,r-strb_sl24_st12_bu500_no0.2_re0.9_re0.7
smd,vlstm-kl,strb,24,12,B1,500.0,0.2,0.9,0.9,,,,-0.00762629280398085,0.059736356656430976,0.00762629280398085,0.7013623280758831,0.6931469564781512,0.7592608666063604,5,10,10,0.7293,0.7374,0.6483,0.7593,0.6325,0.7448,0.7372,0.6473,0.7039,0.6325,0.0009494266341491,0.0014343395396904,0.0006519746772595,0.0007823648624308,469.4,32,5,469.4,r-strb_sl24_st12_bu500_no0.2_re0.9_re0.9
smd,vlstm-kl,gdumb,24,12,B1,500.0,,,0.5,,,,0.021670170514415787,0.056298620028653434,-0.021670170514415787,0.7011349885107678,0.7260651583470141,0.7980108199719079,5,10,10,0.7293,0.6649,0.6851,0.7522,0.6742,0.7238,0.7421,0.6923,0.798,0.6742,0.0002926383942869,0.000442101374303,0.0002009556861109,0.0002411456881921,144.7,34,5,144.7,r-gdumb_sl24_st12_bu500_re0.5
smd,vlstm-kl,gdumb,24,12,B1,100.0,,,0.5,,,,0.017733164037973103,0.05403012205154154,-0.017733164037973103,0.6980848173282151,0.7160653581451847,0.8036567463693838,5,10,10,0.7293,0.6541,0.6757,0.7715,0.6598,0.7271,0.7084,0.6814,0.8037,0.6598,1.0878366717573242e-06,0.0004576090106021,0.0002080046060171,0.0002496044045849,149.8,36,5,149.8,r-gdumb_sl24_st12_bu100_re0.5
smd,vlstm-kl,gdumb,24,12,B1,250.0,,,0.5,,,,0.018709904457631155,0.05728312485694982,-0.018709904457631155,0.7018497341789793,0.7246679934948687,0.8047364965598528,5,10,10,0.7293,0.6696,0.688,0.7525,0.6698,0.7336,0.7366,0.6786,0.8047,0.6698,0.0002942441939666,0.0004445273247562,0.0002020583779512,0.000242468946805,145.5,34,5,145.5,r-gdumb_sl24_st12_bu250_re0.5
smd,vlstm-kl,gdumb,24,12,B1,1000.0,,,0.5,,,,0.02491013715717725,0.06075169721983459,-0.02491013715717725,0.7028218612317858,0.7217973649904096,0.8013908217999082,5,10,10,0.7293,0.6472,0.7028,0.7703,0.6645,0.7371,0.7317,0.6744,0.8014,0.6645,1.084682485834422e-06,0.0004562821718064,0.0002074015017366,0.0002488806700698,149.3,34,5,149.3,r-gdumb_sl24_st12_bu1000_re0.5
smd,vlstm-kl,gdumb,24,12,B1,2000.0,,,0.5,,,,0.019323665064750816,0.05626676474286814,-0.019323665064750816,0.7062408242020329,0.7260341629744508,0.8170773290557314,5,10,10,0.7293,0.6481,0.6888,0.7768,0.6881,0.7222,0.7309,0.6719,0.8171,0.6881,0.0003084831945843,0.0004660387937388,0.0002118363667253,0.0002542024270134,152.5,34,5,152.5,r-gdumb_sl24_st12_bu2000_re0.5
smd,vlstm-kl,gdumb,24,12,B1,4000.0,,,0.5,,,,0.02423455740150149,0.06520524968566506,-0.02423455740150149,0.7029840877190973,0.724899975049234,0.8160949858425728,5,10,10,0.7293,0.6516,0.664,0.7864,0.6836,0.7251,0.7277,0.672,0.8161,0.6836,0.0003251901363482,0.0004912786872674,0.0002233090553251,0.0002679696319422,160.8,34,5,160.8,r-gdumb_sl24_st12_bu4000_re0.5
smd,vlstm-kl,gdumb,24,12,B1,500.0,,,0.3,,,,0.020147335270379575,0.0642439546048749,-0.020147335270379575,0.7136546392529309,0.727052047019735,0.8022190177615098,5,10,10,0.7293,0.6695,0.6647,0.7931,0.7116,0.714,0.725,0.6825,0.8022,0.7116,0.0002449169218037,0.0003700064989194,0.00016818523218,0.0002018212667394,121.1,34,5,121.1,r-gdumb_sl24_st12_bu500_re0.3
smd,vlstm-kl,gdumb,24,12,B1,500.0,,,0.7,,,,0.02654126782449966,0.053783962693127255,-0.02654126782449966,0.6972754845669926,0.7246349833780779,0.8161086036165769,5,10,10,0.7293,0.6552,0.6981,0.7524,0.6513,0.7433,0.7252,0.6873,0.8161,0.6513,0.000390048381429,0.0005892628200569,0.0002678474313075,0.0003214153887494,192.9,32,5,192.9,r-gdumb_sl24_st12_bu500_re0.7
smd,vlstm-kl,derpp,24,12,B1,500.0,,,0.5,,0.5,0.5,0.026574106809798215,0.05757921219789521,-0.026574106809798215,0.7025139918443164,0.7270105708804845,0.8296459773092888,5,10,10,0.7293,0.6416,0.6489,0.7968,0.6959,0.7297,0.7073,0.6725,0.8296,0.6959,1.8166586113201012e-06,0.0007641950040028,0.0003473622327566,0.0004168327712461,250.1,34,5,250.1,r-derpp_sl24_st12_bu500_re0.5_al0.5_te0.5
smd,vlstm-kl,derpp,24,12,B1,100.0,,,0.5,,0.5,0.5,0.0361168186881769,0.06177923690796738,-0.0361168186881769,0.6993323488149866,0.728538075467651,0.8162721142710339,5,10,10,0.7293,0.6421,0.6328,0.7962,0.6962,0.759,0.7079,0.6633,0.8163,0.6962,0.0005137262863341,0.0007761083358777,0.0003527773855318,0.0004233309503458,254.0,34,5,254.0,r-derpp_sl24_st12_bu100_re0.5_al0.5_te0.5
smd,vlstm-kl,derpp,24,12,B1,250.0,,,0.5,,0.5,0.5,0.02562151189150459,0.07063486552908169,-0.02562151189150459,0.7030776127402241,0.7196636623510969,0.8211676702177261,5,10,10,0.7293,0.6437,0.6636,0.7997,0.679,0.7446,0.6889,0.6647,0.8212,0.679,0.0005119068929321,0.0007733597002265,0.0003515280099501,0.0004218316902763,253.1,34,5,253.1,r-derpp_sl24_st12_bu250_re0.5_al0.5_te0.5
smd,vlstm-kl,derpp,24,12,B1,1000.0,,,0.5,,0.5,0.5,0.008765367001245417,0.06432220950839321,-0.008765367001245417,0.7093086031405382,0.7160123935395541,0.8211875924666463,5,10,10,0.7293,0.662,0.6419,0.8029,0.7105,0.7119,0.6724,0.6641,0.8212,0.7105,0.0005050890409389,0.0007630596787842,0.0003468461755223,0.0004162135032618,249.7,33,5,249.7,r-derpp_sl24_st12_bu1000_re0.5_al0.5_te0.5
smd,vlstm-kl,derpp,24,12,B1,2000.0,,,0.5,,0.5,0.5,0.01979690959956141,0.05491748848243404,-0.01979690959956141,0.6944198350361239,0.7132234443655731,0.8141713880404203,5,10,10,0.7293,0.6587,0.6235,0.7669,0.6937,0.7331,0.6878,0.6373,0.8142,0.6937,0.000533587317505,0.0008061132475609,0.000366416032003,0.0004396972155578,263.8,35,5,263.8,r-derpp_sl24_st12_bu2000_re0.5_al0.5_te0.5
smd,vlstm-kl,derpp,24,12,B1,4000.0,,,0.5,,0.5,0.5,0.021319392378823732,0.052222327954313516,-0.021319392378823732,0.6939632869528916,0.7148287247318678,0.8178157504845589,5,10,10,0.7293,0.6386,0.6427,0.7794,0.6798,0.7439,0.6818,0.6508,0.8178,0.6798,0.0005331180351877,0.0008054042826354,0.0003660937778405,0.0004393105047948,263.6,35,5,263.6,r-derpp_sl24_st12_bu4000_re0.5_al0.5_te0.5
smd,vlstm-kl,derpp,24,12,B1,500.0,,,0.3,,0.5,0.5,0.03425140833609789,0.06250482352983612,-0.03425140833609789,0.6993345551333279,0.7297399148621986,0.8437551000727345,5,10,10,0.7293,0.6486,0.6421,0.7851,0.6916,0.7407,0.7094,0.6633,0.8438,0.6916,0.0004255704547774,0.0006429275399024,0.0002922405976853,0.000350686942217,210.4,35,5,210.4,r-derpp_sl24_st12_bu500_re0.3_al0.5_te0.5
smd,vlstm-kl,derpp,24,12,B1,500.0,,,0.7,,0.5,0.5,0.017189027971183567,0.04492843680939216,-0.017189027971183567,0.6926651816566437,0.7118167263340338,0.8320956431091004,5,10,10,0.7293,0.6353,0.645,0.7793,0.6744,0.7333,0.656,0.6633,0.8321,0.6744,0.0006887981579976,0.0010405969217067,0.0004729998185777,0.0005675971031289,340.6,32,5,340.6,r-derpp_sl24_st12_bu500_re0.7_al0.5_te0.5
smd,vlstm-kl,derpp,24,12,B1,500.0,,,0.5,,0.1,0.5,0.030090531351326454,0.0533117443746151,-0.030090531351326454,0.7075542602940516,0.7363643787805607,0.8307679385422366,5,10,10,0.7293,0.6278,0.654,0.8079,0.7187,0.7423,0.7185,0.6715,0.8308,0.7187,1.7564486347663764e-06,0.0007388670953981,0.0003358495563048,0.0004030175390932,241.8,33,5,241.8,r-derpp_sl24_st12_bu500_re0.5_al0.1_te0.5
smd,vlstm-kl,derpp,24,12,B1,500.0,,,0.5,,1.0,0.5,0.03359826606755173,0.039525980600364594,-0.03359826606755173,0.6845229758786037,0.7156718049769607,0.8466032135555763,5,10,10,0.7293,0.6284,0.6085,0.7527,0.7037,0.7464,0.7112,0.5705,0.8466,0.7037,1.8649130504664704e-06,0.0007844937002393,0.000356588969617,0.0004279047306223,256.7,35,5,256.7,r-derpp_sl24_st12_bu500_re0.5_al1.0_te0.5
smd,vlstm-kl,derpp,24,12,B1,500.0,,,0.5,,0.5,0.1,0.02310470435399814,0.06700402475788722,-0.02310470435399814,0.6975913271562837,0.7245684431336246,0.8341260734977795,5,10,10,0.7293,0.635,0.6213,0.7887,0.7136,0.7255,0.6992,0.6504,0.8341,0.7136,0.000510523912228,0.000771270371957,0.0003505783631356,0.0004206920088214,252.4,34,5,252.4,r-derpp_sl24_st12_bu500_re0.5_al0.5_te0.1
smd,vlstm-kl,derpp,24,12,B1,500.0,,,0.5,,0.5,1.0,0.0285558420014288,0.04787693304116305,-0.0285558420014288,0.6944588473288238,0.7226745912339201,0.8399914773019402,5,10,10,0.7293,0.6359,0.6615,0.7828,0.6628,0.7445,0.7009,0.6652,0.84,0.6628,0.0005199567492617,0.0007855209634638,0.0003570559212401,0.0004284650422236,257.1,35,5,257.1,r-derpp_sl24_st12_bu500_re0.5_al0.5_te1.0
smd,vlstm-kl,strb,6,6,B2,500.0,0.2,0.9,0.5,,,,0.02848205473887182,0.053726152011947505,-0.02848205473887182,0.7049502318943995,0.7208577827650746,0.7761783692443275,5,10,10,0.7173,0.6403,0.6799,0.7762,0.711,0.7271,0.7328,0.6684,0.765,0.711,0.0005729010625068001,0.0008655062084083,0.00039341470104529996,0.0004720915073629,283.3,31,5,139.9,r-strb_sl6_st6_bu500_no0.2_re0.9_re0.5
smd,vlstm-kl,gdumb,6,6,B2,500.0,,,0.5,,,,0.011867206700137323,0.045882700628989706,-0.011867206700137323,0.7015449406773108,0.7144804146843027,0.8055107001436106,5,10,10,0.7173,0.6474,0.6982,0.7753,0.6694,0.7163,0.7005,0.6807,0.8055,0.6694,0.0002214766504949,0.0003345942756365,0.0001520887214716,0.0001825055541649,109.5,30,5,109.5,r-gdumb_sl6_st6_bu500_re0.5
smd,vlstm-kl,derpp,6,6,B2,500.0,,,0.5,,0.5,0.5,0.030553924629860885,0.05747067136248635,-0.030553924629860885,0.7018774312443233,0.728840228764043,0.8286642182945779,5,10,10,0.7173,0.6146,0.6682,0.7722,0.737,0.7305,0.6678,0.6802,0.8287,0.737,0.0003427078443684,0.0005177434401555,0.0002353385203673,0.0002824049197882,169.4,30,5,169.5,r-derpp_sl6_st6_bu500_re0.5_al0.5_te0.5
smd,vlstm-kl,strb,8,8,B2,500.0,0.2,0.9,0.5,,,,0.02280637519567639,0.06994759418537995,-0.02280637519567639,0.7075578672836432,0.7221454478028595,0.7744089024659975,5,10,10,0.7169,0.651,0.6642,0.7618,0.7439,0.6906,0.7182,0.6836,0.7744,0.7439,0.0004923249457477,0.0007437764126923001,0.0003380815799153,0.0004056948327769,243.4,30,5,117.9,r-strb_sl8_st8_bu500_no0.2_re0.9_re0.5
smd,vlstm-kl,gdumb,8,8,B2,500.0,,,0.5,,,,0.02334172756752615,0.057038144177752784,-0.02334172756752615,0.7076660191811956,0.7288690735809134,0.8178260983700284,5,10,10,0.7169,0.6418,0.6994,0.7524,0.728,0.7196,0.6954,0.6835,0.8178,0.728,7.424189179355009e-07,0.0003123056937765,0.0001419574821775,0.000170348211599,102.2,31,5,102.2,r-gdumb_sl8_st8_bu500_re0.5
smd,vlstm-kl,derpp,8,8,B2,500.0,,,0.5,,0.5,0.5,0.031597559461098344,0.05977428870773151,-0.031597559461098344,0.6980594928211609,0.7314365091416539,0.8089898128610608,5,10,10,0.7169,0.6115,0.6628,0.7613,0.7379,0.7404,0.6639,0.7061,0.809,0.7379,1.133327639264742e-06,0.000476745225783,0.0002167029270294,0.0002600422987535,156.0,30,5,156.0,r-derpp_sl8_st8_bu500_re0.5_al0.5_te0.5
smd,vlstm-kl,strb,10,10,B2,500.0,0.2,0.9,0.5,,,,0.011381287453321598,0.09046975936488158,-0.011381287453321598,0.7135546953611804,0.7141597946962648,0.7950171194314203,5,10,10,0.7174,0.6971,0.6576,0.795,0.7006,0.6844,0.7509,0.6452,0.7897,0.7006,0.0004602639687149,0.0006953405195064999,0.0003160647972822,0.00037927572222409996,227.6,32,5,109.9,r-strb_sl10_st10_bu500_no0.2_re0.9_re0.5
smd,vlstm-kl,gdumb,10,10,B2,500.0,,,0.5,,,,0.022864320922273564,0.07012286314869966,-0.022864320922273564,0.7028629470928152,0.7281376666453188,0.7863632612014299,5,10,10,0.7174,0.6698,0.6816,0.733,0.7125,0.7207,0.7288,0.6924,0.7864,0.7125,0.0001995306245239,0.0003014394728776,0.0001370182832204,0.0001644211896571,98.7,32,5,98.7,r-gdumb_sl10_st10_bu500_re0.5
smd,vlstm-kl,derpp,10,10,B2,500.0,,,0.5,,0.5,0.5,0.030316478738543984,0.06972258655544669,-0.030316478738543984,0.6876333561500759,0.7160519909061019,0.7975192986078168,5,10,10,0.7174,0.6273,0.6339,0.7407,0.7189,0.7342,0.6731,0.6566,0.7975,0.7189,1.133098361105483e-06,0.0004766487777092,0.0002166590799234,0.0002599896977857,156.0,32,5,156.0,r-derpp_sl10_st10_bu500_re0.5_al0.5_te0.5
smd,vlstm-kl,strb,12,12,B2,500.0,0.2,0.9,0.5,,,,0.012796799768371715,0.07274826421492996,-0.012796799768371715,0.7087525729504623,0.7149760468523739,0.7974234327742049,5,10,10,0.7106,0.6821,0.6553,0.7938,0.702,0.6907,0.7326,0.6522,0.7974,0.702,0.0002204902844523147,0.0006488489363613999,0.0002949322175382,0.0003539167188231,212.4,32,5,103.7,r-strb_sl12_st12_bu500_no0.2_re0.9_re0.5
smd,vlstm-kl,gdumb,12,12,B2,500.0,,,0.5,,,,0.021429480545006697,0.06319884784856805,-0.021429480545006697,0.7038206198174013,0.7186650009002513,0.7981801780200884,5,10,10,0.7106,0.6535,0.6923,0.7748,0.6879,0.7228,0.7095,0.675,0.7982,0.6879,0.0001926848390137,0.0002910972510729,0.0001323172789914,0.0001587799720815,95.3,33,5,95.3,r-gdumb_sl12_st12_bu500_re0.5
smd,vlstm-kl,derpp,12,12,B2,500.0,,,0.5,,0.5,0.5,0.031057966682007644,0.04509182068624008,-0.031057966682007644,0.6845221350618529,0.7089874700452142,0.8037379174981645,5,10,10,0.7106,0.6076,0.6428,0.7605,0.7011,0.7237,0.6652,0.6513,0.8037,0.7011,0.0003072633607038,0.0004641959383735,0.0002109987838575,0.000253197154516,151.9,32,5,151.9,r-derpp_sl12_st12_bu500_re0.5_al0.5_te0.5
smd,vlstm-kl,strb,16,16,B2,500.0,0.2,0.9,0.5,,,,0.020994702725399918,0.06634100605403134,-0.020994702725399918,0.6965096941963183,0.7053145374459934,0.7682100937241868,5,10,10,0.7142,0.6893,0.6572,0.7682,0.6537,0.731,0.7343,0.6697,0.7379,0.6537,0.0004030686484103,0.0006089330958602001,0.0002767885828713,0.0003321445129889,199.3,34,5,95.5,r-strb_sl16_st16_bu500_no0.2_re0.9_re0.5
smd,vlstm-kl,gdumb,16,16,B2,500.0,,,0.5,,,,0.024175658575712876,0.07079450025257714,-0.024175658575712876,0.7072062240520417,0.7265202706899128,0.8046512979300643,5,10,10,0.7142,0.6483,0.7103,0.7682,0.695,0.7322,0.7203,0.6804,0.8047,0.695,6.611505661197178e-07,0.0002781193760754,0.0001264182428816,0.0001517011331937,91.0,33,5,91.0,r-gdumb_sl16_st16_bu500_re0.5
smd,vlstm-kl,derpp,16,16,B2,500.0,,,0.5,,0.5,0.5,0.024721192737744525,0.06924785553624893,-0.024721192737744525,0.7033680345696232,0.7250388906019688,0.8058881617058326,5,10,10,0.7142,0.6423,0.6659,0.7713,0.7231,0.7428,0.6774,0.676,0.8059,0.7231,0.0003069972654451,0.0004637939368527,0.0002108159987268,0.0002529779381258,151.8,34,5,151.8,r-derpp_sl16_st16_bu500_re0.5_al0.5_te0.5
smd,vlstm-kl,strb,48,48,B2,500.0,0.2,0.9,0.5,,,,0.024695699778131443,0.05075658094557287,-0.024695699778131443,0.7168568200936793,0.7307970283137653,0.776556738067713,5,10,10,0.7079,0.7015,0.6791,0.7612,0.7345,0.7431,0.7254,0.6744,0.7766,0.7345,0.0003839497612891,0.0005800493730254,0.0002636596258697,0.0003163897471555,189.8,38,5,88.0,r-strb_sl48_st48_bu500_no0.2_re0.9_re0.5
smd,vlstm-kl,gdumb,48,48,B2,500.0,,,0.5,,,,0.029347592199344352,0.03985874116346331,-0.029347592199344352,0.707039627678623,0.72817554166632,0.8188867158317983,5,10,10,0.7079,0.6242,0.6936,0.7913,0.7182,0.7083,0.6974,0.6981,0.8189,0.7182,0.0001850623479448,0.0002795816268659,0.0001270829135998,0.0001524987132661,91.5,40,5,91.5,r-gdumb_sl48_st48_bu500_re0.5
smd,vlstm-kl,derpp,48,48,B2,500.0,,,0.5,,0.5,0.5,0.03506494925183854,0.02954667416404181,-0.03506494925183854,0.7010912806175571,0.7293670783721479,0.7859646292645975,5,10,10,0.7079,0.6259,0.6829,0.7621,0.7267,0.7618,0.6962,0.6762,0.786,0.7267,0.0002935579518343,0.0004434905893321,0.0002015871491916,0.0002419034401404,145.1,39,5,145.2,r-derpp_sl48_st48_bu500_re0.5_al0.5_te0.5
smd,vlstm-kl,strb,8,4,B3,500.0,0.2,0.9,0.5,,,,0.003266351435319492,0.06372736739238752,-0.003266351435319492,0.7121756195738682,0.714164797900588,0.8073515094527609,5,10,10,0.7202,0.6908,0.6504,0.7918,0.7077,0.6818,0.7203,0.6537,0.8074,0.7077,0.0009709055357855,0.0014667886376808,0.0006667361279515,0.0008000525097291999,480.1,30,5,238.8,r-strb_sl8_st4_bu500_no0.2_re0.9_re0.5
smd,vlstm-kl,strb,12,6,B3,500.0,0.2,0.9,0.5,,,,0.00954142666898541,0.06720863246464195,-0.00954142666898541,0.7146356830261384,0.7157402465093842,0.7859985450104917,5,10,10,0.7216,0.704,0.6555,0.7828,0.7092,0.705,0.7414,0.6372,0.786,0.7092,0.0007529026096811,0.0011374422664787,0.0005170213224508,0.0006204209440277999,372.3,31,5,181.4,r-strb_sl12_st6_bu500_no0.2_re0.9_re0.5
smd,vlstm-kl,strb,48,24,B3,500.0,0.2,0.9,0.5,,,,0.022567718294015958,0.08163492867952853,-0.022567718294015958,0.7173421031757977,0.728839174115297,0.7734454200203285,5,10,10,0.7067,0.7126,0.6665,0.7608,0.7402,0.7321,0.7271,0.6715,0.7734,0.7402,0.0006342992097423999,0.00095826302297,0.0004355751952589,0.000522687827711,313.6,37,5,149.4,r-strb_sl48_st24_bu500_no0.2_re0.9_re0.5
smd,vlstm-kl,strb,6,6,B4,100.0,0.05,0.9,0.5,,,,0.01948639507968978,0.05532633118578487,-0.01948639507968978,0.7040295213065992,0.7057157868943372,0.7877230122806033,5,10,10,0.7173,0.633,0.6559,0.7877,0.7262,0.7083,0.7293,0.6065,0.7583,0.7262,0.000261856786670838,0.0007334402165137,0.00033338351568150003,0.0004000567008321,240.0,30,5,111.0,r-strb_sl6_st6_bu100_no0.05_re0.9_re0.5
smd,vlstm-kl,strb,8,8,B4,100.0,0.05,0.9,0.5,,,,0.010402410564833976,0.066357220465766,-0.010402410564833976,0.7031577651500209,0.7104428179784309,0.7579509611597989,5,10,10,0.7169,0.6356,0.6689,0.7555,0.739,0.687,0.6948,0.6734,0.758,0.739,0.00023468996562129552,0.0006681301456876,0.0003036964823524,0.00036443366333519997,218.7,30,5,103.0,r-strb_sl8_st8_bu100_no0.05_re0.9_re0.5
smd,vlstm-kl,strb,10,10,B4,100.0,0.05,0.9,0.5,,,,-0.01232905770239634,0.08798830547529288,0.01232905770239634,0.712332538575436,0.6933412221902591,0.7932392310721657,5,10,10,0.7174,0.6891,0.6486,0.7932,0.7133,0.6009,0.7239,0.6371,0.7914,0.7133,0.0004275940994938,0.0006459847467751,0.0002936302192728,0.0003523545275022,211.4,33,5,102.3,r-strb_sl10_st10_bu100_no0.05_re0.9_re0.5
smd,vlstm-kl,strb,12,12,B4,100.0,0.05,0.9,0.5,,,,0.0064625150344825525,0.08057089644345994,-0.0064625150344825525,0.7175275207020461,0.7159853239555735,0.7884891344524992,5,10,10,0.7106,0.7091,0.6488,0.788,0.7311,0.6734,0.7461,0.6408,0.7885,0.7311,0.0004251191344757,0.0006422457109642,0.0002919306549229,0.0003503150560411,210.2,35,5,100.8,r-strb_sl12_st12_bu100_no0.05_re0.9_re0.5
smd,vlstm-kl,strb,16,16,B4,100.0,0.05,0.9,0.5,,,,0.01479307101640931,0.07814544607186094,-0.01479307101640931,0.7158887613317054,0.7236750873477096,0.8083077592023514,5,10,10,0.7142,0.7218,0.6478,0.7918,0.7039,0.7089,0.7317,0.6655,0.8083,0.7039,0.00040967899805340003,0.0006189196346019,0.0002813279873833,0.00033759164721849997,202.6,34,5,93.3,r-strb_sl16_st16_bu100_no0.05_re0.9_re0.5
smd,vlstm-kl,strb,24,24,B4,100.0,0.05,0.9,0.5,,,,0.0029679977096729203,0.07732910298317008,-0.0029679977096729203,0.721471072359463,0.7212425194048967,0.8035425761421673,5,10,10,0.7205,0.7136,0.6708,0.7792,0.7233,0.6991,0.7503,0.63,0.8035,0.7233,0.0002091714762982241,0.0005875528569500999,0.0002670701368064,0.00032048272014350003,192.3,36,5,89.2,r-strb_sl24_st24_bu100_no0.05_re0.9_re0.5
smd,vlstm-kl,strb,48,48,B4,100.0,0.05,0.9,0.5,,,,0.013393795778787021,0.04827827425906428,-0.013393795778787021,0.7214806365635855,0.7247530011209797,0.7635757126026477,5,10,10,0.7079,0.7224,0.6702,0.7609,0.7459,0.7288,0.7163,0.6692,0.7636,0.7459,0.00038907460106409996,0.0005877916882916,0.00026717874253309997,0.0003206129457583,192.4,39,5,88.2,r-strb_sl48_st48_bu100_no0.05_re0.9_re0.5
smd,vlstm-kl,strb,6,6,B4,100.0,0.2,0.9,0.5,,,,0.022119128458777136,0.05622999868896224,-0.022119128458777136,0.7070713945457365,0.7147101085049956,0.7829117864617062,5,10,10,0.7173,0.633,0.6654,0.7829,0.7368,0.6986,0.7134,0.682,0.7427,0.7368,0.00047555971932079994,0.0007184484660233,0.0003265685872697,0.0003918798787534,235.1,30,5,111.7,r-strb_sl6_st6_bu100_no0.2_re0.9_re0.5
smd,vlstm-kl,strb,8,8,B4,100.0,0.2,0.9,0.5,,,,0.004020839811077115,0.06543446465133897,-0.004020839811077115,0.7038793898029437,0.7024320981677699,0.760744022052799,5,10,10,0.7169,0.6356,0.669,0.7607,0.7372,0.6618,0.6882,0.6739,0.751,0.7372,0.0004328858454228,0.0006539792143273,0.0002972641245345,0.0003567150897928,214.0,30,5,101.2,r-strb_sl8_st8_bu100_no0.2_re0.9_re0.5
smd,vlstm-kl,strb,10,10,B4,100.0,0.2,0.9,0.5,,,,-6.713634095356636e-06,0.08642738595898203,6.713634095356636e-06,0.7101603399906745,0.7104264271011602,0.7988964752132588,5,10,10,0.7174,0.6891,0.6557,0.7871,0.7015,0.6958,0.7243,0.6316,0.7989,0.7015,0.0004395169463475,0.0006639971029202001,0.0003018176479173,0.00036217945500270003,217.3,33,5,100.5,r-strb_sl10_st10_bu100_no0.2_re0.9_re0.5
smd,vlstm-kl,strb,12,12,B4,100.0,0.2,0.9,0.5,,,,-0.0014878643714631213,0.0859638538084154,0.0014878643714631213,0.7225609271862004,0.7220885683223285,0.788707251434095,5,10,10,0.7106,0.7091,0.6816,0.7775,0.734,0.6849,0.7526,0.6503,0.7887,0.734,0.0004221381563131,0.0006377422193918,0.0002898836641804,0.00034785855521130005,208.7,33,5,96.3,r-strb_sl12_st12_bu100_no0.2_re0.9_re0.5
smd,vlstm-kl,strb,16,16,B4,100.0,0.2,0.9,0.5,,,,0.01203359136327654,0.07675262092826698,-0.01203359136327654,0.7145567176026013,0.7180593396976436,0.7919600929869228,5,10,10,0.7142,0.7218,0.6481,0.7825,0.7062,0.6992,0.7314,0.6616,0.792,0.7062,0.0004078482025681,0.0006161537733343,0.0002800707472236,0.0003360830261107,201.7,34,5,92.6,r-strb_sl16_st16_bu100_no0.2_re0.9_re0.5
smd,vlstm-kl,strb,24,24,B4,100.0,0.2,0.9,0.5,,,,0.004021447099866815,0.07609978910045284,-0.004021447099866815,0.7196229923456471,0.7218174651166344,0.8041883885938996,5,10,10,0.7205,0.7136,0.6685,0.7778,0.7179,0.7048,0.7495,0.6327,0.8042,0.7179,0.0003935539980296,0.000594558905421,0.0002702548802104,0.0003243040252104,194.6,36,5,89.1,r-strb_sl24_st24_bu100_no0.2_re0.9_re0.5
smd,vlstm-kl,strb,48,48,B4,100.0,0.2,0.9,0.5,,,,0.015708096299733198,0.04853011724014914,-0.015708096299733198,0.7218134564193746,0.7303301755054615,0.7628720337745605,5,10,10,0.7079,0.7224,0.6697,0.7585,0.7506,0.7412,0.7255,0.6732,0.7612,0.7506,0.00021509292570683937,0.0005926262526162,0.0002693763876164,0.0003232498649996,194.0,39,5,87.9,r-strb_sl48_st48_bu100_no0.2_re0.9_re0.5
smd,vlstm-kl,strb,6,6,B4,100.0,0.35,0.9,0.5,,,,0.025615020121758057,0.05525151269540137,-0.025615020121758057,0.705833552488199,0.7186390702740428,0.7864733631174652,5,10,10,0.7173,0.633,0.6654,0.7865,0.7271,0.7228,0.7248,0.6721,0.7463,0.7271,0.0002620463247604245,0.0007446375088901,0.00033847268298840003,0.0004061648259016,243.7,31,5,114.6,r-strb_sl6_st6_bu100_no0.35_re0.9_re0.5
smd,vlstm-kl,strb,8,8,B4,100.0,0.35,0.9,0.5,,,,0.00655270212091108,0.06597096815369127,-0.00655270212091108,0.7025465524682655,0.7069773672079894,0.7665748878283535,5,10,10,0.7169,0.6356,0.6672,0.7581,0.735,0.6757,0.6769,0.6808,0.7666,0.735,0.00024087137267005774,0.0006704496520428,0.0003047507171841,0.0003656989348585,219.4,30,5,100.7,r-strb_sl8_st8_bu100_no0.35_re0.9_re0.5
smd,vlstm-kl,strb,10,10,B4,100.0,0.35,0.9,0.5,,,,-0.0013793934859625324,0.0847666886734389,0.0013793934859625324,0.7077661658158619,0.7057996963743876,0.7951252767303354,5,10,10,0.7174,0.6891,0.6557,0.7889,0.6877,0.685,0.7224,0.6388,0.7951,0.6877,0.0004405221232451,0.0006655156667741,0.0003025082692723,0.00036300739750179997,217.8,33,5,100.8,r-strb_sl10_st10_bu100_no0.35_re0.9_re0.5
smd,vlstm-kl,strb,12,12,B4,100.0,0.35,0.9,0.5,,,,0.0007478224433666525,0.08085153534494635,-0.0007478224433666525,0.7174859977948571,0.7131779241474208,0.7903119850686233,5,10,10,0.7106,0.7091,0.6578,0.7822,0.7278,0.6667,0.736,0.6451,0.7903,0.7278,0.0004220611911427,0.0006376259448076999,0.0002898307610567,0.00034779518375090005,208.7,34,5,98.7,r-strb_sl12_st12_bu100_no0.35_re0.9_re0.5
smd,vlstm-kl,strb,16,16,B4,100.0,0.35,0.9,0.5,,,,0.011509909257770711,0.07720383825726676,-0.011509909257770711,0.714310017405921,0.7188029110283942,0.799549555801577,5,10,10,0.7142,0.7218,0.6458,0.7847,0.7051,0.7024,0.733,0.654,0.7995,0.7051,0.0004075932060692,0.0006157685391861,0.00027989571620250003,0.00033587282298359997,201.5,34,5,92.6,r-strb_sl16_st16_bu100_no0.35_re0.9_re0.5
smd,vlstm-kl,strb,24,24,B4,100.0,0.35,0.9,0.5,,,,0.008401672787822034,0.07696890824146077,-0.008401672787822034,0.721007250316208,0.7276771061859463,0.8068084429030429,5,10,10,0.7205,0.7136,0.6717,0.7792,0.7201,0.6895,0.7468,0.6752,0.8068,0.7201,0.00022335980963741954,0.0006087991359367999,0.0002767277873249,0.0003320713486118,199.2,36,5,89.1,r-strb_sl24_st24_bu100_no0.35_re0.9_re0.5
smd,vlstm-kl,strb,48,48,B4,100.0,0.35,0.9,0.5,,,,0.009080964585393337,0.04924502039398946,-0.009080964585393337,0.7221273431907954,0.7204308832355263,0.7633318351336975,5,10,10,0.7079,0.7224,0.6751,0.7595,0.7456,0.7258,0.7083,0.6617,0.7606,0.7456,0.0003950340137785,0.0005967948286947,0.00027127127702950005,0.0003255235516652,195.3,39,5,88.3,r-strb_sl48_st48_bu100_no0.35_re0.9_re0.5
smd,vlstm-kl,strb,6,6,B4,500.0,0.05,0.9,0.5,,,,0.030025361602398094,0.054172125649511606,-0.030025361602398094,0.7064961348406043,0.7256446043844399,0.7595654909368184,5,10,10,0.7173,0.6403,0.6968,0.7429,0.7352,0.7006,0.726,0.7069,0.7596,0.7352,0.0005867277849487,0.0008863948310668,0.0004029083120377,0.000483486519029,290.1,30,5,136.6,r-strb_sl6_st6_bu500_no0.05_re0.9_re0.5
smd,vlstm-kl,strb,8,8,B4,500.0,0.05,0.9,0.5,,,,0.024484457169462615,0.06907027901344329,-0.024484457169462615,0.706758640583668,0.7235954035582376,0.7873927210831547,5,10,10,0.7169,0.651,0.6645,0.7627,0.7387,0.6803,0.7289,0.6826,0.7874,0.7387,0.0005299140316305,0.0008005638570331,0.0003638939065424,0.0004366699504905,262.0,30,5,126.6,r-strb_sl8_st8_bu500_no0.05_re0.9_re0.5
smd,vlstm-kl,strb,10,10,B4,500.0,0.05,0.9,0.5,,,,0.01777347678431409,0.08375700442580129,-0.01777347678431409,0.7103893852943909,0.7201636990415945,0.7959038978136247,5,10,10,0.7174,0.6971,0.6538,0.7876,0.6961,0.6998,0.7586,0.6505,0.7959,0.6961,0.0004699114846586,0.0007099154356508,0.0003226898071788,0.00038722562847180004,232.3,32,5,111.7,r-strb_sl10_st10_bu500_no0.05_re0.9_re0.5
smd,vlstm-kl,strb,12,12,B4,500.0,0.05,0.9,0.5,,,,0.010115958038415317,0.07236634292090624,-0.010115958038415317,0.7059575876446629,0.7112951476212419,0.7826997873360781,5,10,10,0.7106,0.6821,0.6535,0.7802,0.7034,0.6875,0.7325,0.6504,0.7827,0.7034,0.0004444716675998,0.0006714824128375,0.00030522020318310005,0.0003662622096543,219.8,32,5,104.5,r-strb_sl12_st12_bu500_no0.05_re0.9_re0.5
smd,vlstm-kl,strb,16,16,B4,500.0,0.05,0.9,0.5,,,,0.02322405716207212,0.07370347546391108,-0.02322405716207212,0.7115135064729108,0.7257166178390424,0.7886283795780729,5,10,10,0.7142,0.6893,0.6601,0.7838,0.7102,0.7237,0.734,0.6721,0.7886,0.7102,0.00023039116191473033,0.0006406151174192,0.00029118948061290003,0.00034942563680610004,209.7,33,5,96.1,r-strb_sl16_st16_bu500_no0.05_re0.9_re0.5
smd,vlstm-kl,strb,24,24,B4,500.0,0.05,0.9,0.5,,,,0.007904788861004042,0.0770640699955299,-0.007904788861004042,0.7177071667193118,0.7204399833823201,0.7800506421079304,5,10,10,0.7205,0.6912,0.6887,0.7687,0.7194,0.7028,0.7418,0.658,0.7801,0.7194,0.0004147119114884,0.0006265230728033,0.0002847840435725,0.0003417390292308,205.0,34,5,89.8,r-strb_sl24_st24_bu500_no0.05_re0.9_re0.5
smd,vlstm-kl,strb,48,48,B4,500.0,0.05,0.9,0.5,,,,0.022273087263559345,0.05125336205538207,-0.022273087263559345,0.7161467743402761,0.7276921887654887,0.7816044115077475,5,10,10,0.7079,0.7015,0.6736,0.7644,0.7334,0.742,0.7271,0.6543,0.7816,0.7334,0.0003921999081564,0.000592513223769,0.0002693250238403,0.0003231881999285,193.9,38,5,87.5,r-strb_sl48_st48_bu500_no0.05_re0.9_re0.5
smd,vlstm-kl,strb,6,6,B4,500.0,0.35,0.9,0.5,,,,0.03098065571205575,0.054075737082644425,-0.03098065571205575,0.7075553480266056,0.7275005013954022,0.7708627692043921,5,10,10,0.7173,0.6403,0.6799,0.765,0.7352,0.7133,0.7352,0.6829,0.7709,0.7352,0.0005811218022475,0.0008779256325443,0.000399058599768,0.00047886703277619995,287.3,30,5,134.9,r-strb_sl6_st6_bu500_no0.35_re0.9_re0.5
smd,vlstm-kl,strb,8,8,B4,500.0,0.35,0.9,0.5,,,,0.02381647849601438,0.06904325575325851,-0.02381647849601438,0.7070582286230818,0.7230861179553477,0.7817245085967426,5,10,10,0.7169,0.651,0.6645,0.7676,0.7353,0.6939,0.7208,0.6838,0.7817,0.7353,0.0005021293346815,0.0007585883235914,0.000344813847686,0.00041377447590540005,248.3,30,5,115.1,r-strb_sl8_st8_bu500_no0.35_re0.9_re0.5
smd,vlstm-kl,strb,10,10,B4,500.0,0.35,0.9,0.5,,,,0.010595428547558438,0.09274082782067197,-0.010595428547558438,0.7170584746719666,0.7173440535320229,0.8077402228775187,5,10,10,0.7174,0.6971,0.6576,0.8077,0.7054,0.6845,0.7488,0.6551,0.793,0.7054,0.00047011167186239997,0.0007102178670461,0.00032282719947970004,0.0003873906675663,232.4,31,5,107.0,r-strb_sl10_st10_bu500_no0.35_re0.9_re0.5
smd,vlstm-kl,strb,12,12,B4,500.0,0.35,0.9,0.5,,,,0.0097492914860686,0.07119287971967211,-0.0097492914860686,0.7068855568417082,0.711031902484031,0.7986481263860548,5,10,10,0.7106,0.6821,0.6572,0.7906,0.6939,0.6921,0.7207,0.6498,0.7986,0.6939,0.0004643029873387,0.000701442438186,0.000318838496239,0.000382603941947,229.6,33,5,104.1,r-strb_sl12_st12_bu500_no0.35_re0.9_re0.5
smd,vlstm-kl,strb,16,16,B4,500.0,0.35,0.9,0.5,,,,0.02582076104230204,0.07009391197837697,-0.02582076104230204,0.7074909810309272,0.7236882061185519,0.78771922624935,5,10,10,0.7142,0.6893,0.6601,0.7744,0.6995,0.7222,0.7365,0.6726,0.7877,0.6995,0.0004254603812257,0.0006427612470665,0.0002921652549793,0.00035059599208720003,210.4,33,5,94.3,r-strb_sl16_st16_bu500_no0.35_re0.9_re0.5
smd,vlstm-kl,strb,24,24,B4,500.0,0.35,0.9,0.5,,,,0.004576955371170066,0.07312494059337661,-0.004576955371170066,0.7126286642840125,0.7136964031706812,0.7924311433011908,5,10,10,0.7205,0.6912,0.6914,0.7703,0.6897,0.7046,0.7148,0.667,0.7924,0.6897,0.0003962578370282,0.0005986437109711,0.0002721115695072,0.0003265321414638,195.9,34,5,88.6,r-strb_sl24_st24_bu500_no0.35_re0.9_re0.5
smd,vlstm-kl,strb,48,48,B4,500.0,0.35,0.9,0.5,,,,0.027525439769551463,0.050943466656948544,-0.027525439769551463,0.7165424756976537,0.7332442374027501,0.7727541143795542,5,10,10,0.7079,0.7015,0.679,0.7585,0.7357,0.7454,0.7265,0.6859,0.7728,0.7357,0.0003983789060301,0.0006018481008907,0.0002735681504062,0.0003282799504843,197.0,38,5,87.8,r-strb_sl48_st48_bu500_no0.35_re0.9_re0.5
smd,vlstm-kl,strb,6,6,B4,1000.0,0.05,0.9,0.5,,,,0.025233064869192225,0.05856032694339941,-0.025233064869192225,0.7088466103720317,0.7241845249846286,0.7759862193428139,5,10,10,0.7173,0.6563,0.6677,0.7694,0.7335,0.713,0.7342,0.6643,0.776,0.7335,0.000714401392631,0.0010792768264594,0.0004905838986107,0.0005886929278486001,353.2,30,5,168.5,r-strb_sl6_st6_bu1000_no0.05_re0.9_re0.5
smd,vlstm-kl,strb,8,8,B4,1000.0,0.05,0.9,0.5,,,,0.026203644805599467,0.06367845913857273,-0.026203644805599467,0.7049633121730418,0.7220386524333713,0.7910697526617907,5,10,10,0.7169,0.6451,0.6648,0.774,0.724,0.708,0.7383,0.6488,0.7911,0.724,0.0005984675274551,0.0009041305636205,0.0004109699818874,0.000493160581733,295.9,32,5,141.4,r-strb_sl8_st8_bu1000_no0.05_re0.9_re0.5
smd,vlstm-kl,strb,10,10,B4,1000.0,0.05,0.9,0.5,,,,0.011794449182450517,0.08956983033536248,-0.011794449182450517,0.7116469700232911,0.7165440966270007,0.7871472068185461,5,10,10,0.7174,0.7033,0.6587,0.7871,0.6917,0.7066,0.7432,0.656,0.7852,0.6917,0.0005562023659622,0.0008402787712859,0.0003819460248263,0.0004583327464595,275.0,32,5,135.8,r-strb_sl10_st10_bu1000_no0.05_re0.9_re0.5
smd,vlstm-kl,strb,12,12,B4,1000.0,0.05,0.9,0.5,,,,0.02027695453557853,0.06520318883110904,-0.02027695453557853,0.6981981516787275,0.7108128219790031,0.7951829100187204,5,10,10,0.7106,0.6578,0.6525,0.7813,0.6888,0.7024,0.725,0.6427,0.7952,0.6888,0.000270707028662569,0.0007799069953321,0.00035450426811190004,0.00042540272722009997,255.2,33,5,121.9,r-strb_sl12_st12_bu1000_no0.05_re0.9_re0.5
smd,vlstm-kl,strb,16,16,B4,1000.0,0.05,0.9,0.5,,,,0.01358348757294967,0.07426806778294275,-0.01358348757294967,0.7131565384246856,0.7221123622592492,0.8033289142408125,5,10,10,0.7142,0.7017,0.6687,0.7891,0.6922,0.7133,0.7308,0.671,0.8033,0.6922,0.0004612312244203,0.0006968017941889,0.0003167291495373,0.00038007264465159997,228.0,33,5,109.3,r-strb_sl16_st16_bu1000_no0.05_re0.9_re0.5
smd,vlstm-kl,strb,24,24,B4,1000.0,0.05,0.9,0.5,,,,0.013832779615541002,0.07164891539760856,-0.013832779615541002,0.7112192646273702,0.7203534698335028,0.7852940314332411,5,10,10,0.7205,0.6834,0.6678,0.7648,0.7197,0.7075,0.7429,0.6463,0.7853,0.7197,0.00042600751004580003,0.0006435878180428,0.0002925407744264,0.00035104704361629997,210.6,36,5,96.8,r-strb_sl24_st24_bu1000_no0.05_re0.9_re0.5
smd,vlstm-kl,strb,48,48,B4,1000.0,0.05,0.9,0.5,,,,0.015393418053997066,0.05395888665295865,-0.015393418053997066,0.72274856769104,0.7287568596923292,0.7894868964419185,5,10,10,0.7079,0.7094,0.6978,0.7756,0.7231,0.7262,0.7312,0.6738,0.7895,0.7231,0.0003921262485407,0.0005924019430278999,0.000269274356427,0.0003231275866009,193.9,38,5,88.1,r-strb_sl48_st48_bu1000_no0.05_re0.9_re0.5
smd,vlstm-kl,strb,6,6,B4,1000.0,0.2,0.9,0.5,,,,0.02485764475833472,0.05605483277396554,-0.02485764475833472,0.7056963957695335,0.7211467705159883,0.7661194726827913,5,10,10,0.7173,0.6563,0.674,0.7649,0.716,0.7265,0.7324,0.6648,0.7661,0.716,0.0007243236839324001,0.0010942668575223999,0.0004973959096053,0.0005968709479171001,358.1,31,5,169.8,r-strb_sl6_st6_bu1000_no0.2_re0.9_re0.5
smd,vlstm-kl,strb,8,8,B4,1000.0,0.2,0.9,0.5,,,,0.0277468559642848,0.06367726263225205,-0.0277468559642848,0.7062382773102948,0.721259366585753,0.7840995457494648,5,10,10,0.7169,0.6451,0.667,0.7841,0.7181,0.7115,0.7311,0.6626,0.783,0.7181,0.0005838402109556,0.0008820324491795001,0.0004009252499433,0.0004811071992362,288.7,32,5,139.0,r-strb_sl8_st8_bu1000_no0.2_re0.9_re0.5
smd,vlstm-kl,strb,10,10,B4,1000.0,0.2,0.9,0.5,,,,0.014431889628796912,0.09056642801428579,-0.014431889628796912,0.7112057642456019,0.720385217880458,0.8000604431989364,5,10,10,0.7174,0.7033,0.6559,0.7785,0.7009,0.6941,0.7587,0.6481,0.8001,0.7009,0.0005383335994728,0.0008132836593106,0.0003696755895228,0.00044360806978760003,266.2,32,5,123.5,r-strb_sl10_st10_bu1000_no0.2_re0.9_re0.5
smd,vlstm-kl,strb,12,12,B4,1000.0,0.2,0.9,0.5,,,,0.01727424572042501,0.06431288856816182,-0.01727424572042501,0.6999795241022366,0.708777808069518,0.7935741870660877,5,10,10,0.7106,0.6578,0.6539,0.7875,0.6901,0.6967,0.7146,0.6489,0.7936,0.6901,0.0005089252015197,0.0007688551311171,0.0003494807027822,0.0004193744283347,251.6,33,5,117.8,r-strb_sl12_st12_bu1000_no0.2_re0.9_re0.5
smd,vlstm-kl,strb,16,16,B4,1000.0,0.2,0.9,0.5,,,,0.013657810506871626,0.07444727526897552,-0.013657810506871626,0.7129193078430129,0.7212878673347414,0.7928037799817993,5,10,10,0.7142,0.7017,0.6706,0.7824,0.6958,0.7147,0.7282,0.675,0.7928,0.6958,0.0004514955821612,0.0006820937418400999,0.0003100435293395,0.0003720502125005,223.2,33,5,100.6,r-strb_sl16_st16_bu1000_no0.2_re0.9_re0.5
smd,vlstm-kl,strb,24,24,B4,1000.0,0.2,0.9,0.5,,,,0.01624950086308068,0.06873732468705884,-0.01624950086308068,0.7113073501460861,0.7219032571602979,0.7950369902286374,5,10,10,0.7205,0.6834,0.6718,0.7726,0.7083,0.7013,0.7382,0.6667,0.795,0.7083,0.0004167511264595,0.0006296038023277,0.0002861844095498,0.0003434193927778,206.1,36,5,93.8,r-strb_sl24_st24_bu1000_no0.2_re0.9_re0.5
smd,vlstm-kl,strb,48,48,B4,1000.0,0.2,0.9,0.5,,,,0.014507853697557038,0.0542195908892961,-0.014507853697557038,0.7230829886306951,0.7276937563336104,0.7810607011117157,5,10,10,0.7079,0.7094,0.6989,0.7728,0.7265,0.7175,0.7212,0.6922,0.7811,0.7265,0.0004084358158561,0.000617041505933,0.0002804743033593,0.0003365672025735,201.9,38,5,89.3,r-strb_sl48_st48_bu1000_no0.2_re0.9_re0.5
smd,vlstm-kl,strb,6,6,B4,1000.0,0.35,0.9,0.5,,,,0.02485764475833472,0.05605483277396554,-0.02485764475833472,0.7056963957695335,0.7211467705159883,0.7661194726827913,5,10,10,0.7173,0.6563,0.674,0.7649,0.716,0.7265,0.7324,0.6648,0.7661,0.716,0.0007224002382892,0.0010913610256877001,0.0004960752122128999,0.0005952858134746,357.2,31,5,169.9,r-strb_sl6_st6_bu1000_no0.35_re0.9_re0.5
smd,vlstm-kl,strb,8,8,B4,1000.0,0.35,0.9,0.5,,,,0.02718508120166313,0.06285218381050502,-0.02718508120166313,0.7068333894942,0.7229508319477926,0.7859090003706253,5,10,10,0.7169,0.6451,0.6697,0.7716,0.7309,0.7008,0.7192,0.678,0.7859,0.7309,0.00032304628283212806,0.0009075117131061,0.00041250653275620003,0.0004950051803498,297.0,31,5,137.8,r-strb_sl8_st8_bu1000_no0.35_re0.9_re0.5
smd,vlstm-kl,strb,10,10,B4,1000.0,0.35,0.9,0.5,,,,0.009381631819911451,0.0928692724052673,-0.009381631819911451,0.7170245103374739,0.7187848386759136,0.8090389897701366,5,10,10,0.7174,0.7033,0.6564,0.809,0.699,0.6927,0.7502,0.6593,0.7928,0.699,0.0005212383203327001,0.0007874570878507,0.00035793618958429997,0.00042952089826640003,257.7,31,5,122.7,r-strb_sl10_st10_bu1000_no0.35_re0.9_re0.5
smd,vlstm-kl,strb,12,12,B4,1000.0,0.35,0.9,0.5,,,,0.015256351904528287,0.06372868213390141,-0.015256351904528287,0.6989798955904518,0.7062381245628109,0.7895528083671628,5,10,10,0.7106,0.6578,0.6533,0.7856,0.6876,0.6982,0.7137,0.6421,0.7896,0.6876,0.0005004642658053,0.0007560728326209,0.0003436705438678,0.000412402288753,247.4,32,5,116.7,r-strb_sl12_st12_bu1000_no0.35_re0.9_re0.5
smd,vlstm-kl,strb,16,16,B4,1000.0,0.35,0.9,0.5,,,,0.013878236428221124,0.07442934331547688,-0.013878236428221124,0.7143817367599913,0.7227160350754711,0.7980005655802079,5,10,10,0.7142,0.7017,0.6689,0.7884,0.6988,0.7094,0.7316,0.6757,0.798,0.6988,0.0002341162246784571,0.000657231316032,0.00029874239756600004,0.000358488918466,215.1,33,5,99.7,r-strb_sl16_st16_bu1000_no0.35_re0.9_re0.5
smd,vlstm-kl,strb,24,24,B4,1000.0,0.35,0.9,0.5,,,,0.010249432597614372,0.07378264765180012,-0.010249432597614372,0.7149002954977577,0.720314202574202,0.7858744082495701,5,10,10,0.7205,0.6834,0.6926,0.7688,0.7093,0.7069,0.7371,0.6625,0.7859,0.7093,0.0004250007359318,0.0006420668412056,0.0002918494096089,0.00035021743159649996,210.1,34,5,91.5,r-strb_sl24_st24_bu1000_no0.35_re0.9_re0.5
smd,vlstm-kl,strb,48,48,B4,1000.0,0.35,0.9,0.5,,,,0.01581047740520781,0.05341488700710373,-0.01581047740520781,0.7217574895036754,0.7283983147171986,0.7807106419580107,5,10,10,0.7079,0.7094,0.6987,0.7665,0.7264,0.7203,0.7233,0.6913,0.7807,0.7264,0.0002184800604997044,0.0005981623456431,0.0002718927523127,0.0003262695933304,195.8,38,5,88.1,r-strb_sl48_st48_bu1000_no0.35_re0.9_re0.5
smd,vlstm-kl,strb,24,12,B6,500.0,0.01,0.3,0.5,,,,0.015027755853780977,0.0774876332017504,-0.015027755853780977,0.7140735649900452,0.7208474291597511,0.7964753165580715,5,10,10,0.7293,0.696,0.6376,0.7869,0.7206,0.7093,0.7553,0.6226,0.7965,0.7206,0.0007048027987897,0.0010647758190337,0.0004839902447323,0.0005807855743014,348.5,35,5,348.5,r-strb_sl24_st12_bu500_no0.01_re0.3_re0.5
smd,vlstm-kl,strb,24,12,B6,500.0,0.05,0.3,0.5,,,,0.018085598751317523,0.07543742552109489,-0.018085598751317523,0.7095101445406081,0.7269704515791435,0.8100242795579546,5,10,10,0.7293,0.696,0.6263,0.7793,0.7166,0.7178,0.7609,0.6295,0.81,0.7166,0.0003253335830376,0.000491495398334,0.0002234075854189,0.0002680878129151,160.9,33,5,160.9,r-strb_sl24_st12_bu500_no0.05_re0.3_re0.5
smd,vlstm-kl,strb,24,12,B6,500.0,0.1,0.3,0.5,,,,0.010313436055469149,0.07379080838025388,-0.010313436055469149,0.713761173004154,0.7186496811077226,0.7742012604871262,5,10,10,0.7293,0.696,0.6601,0.7717,0.7117,0.7029,0.7499,0.6545,0.7742,0.7117,0.0003088801492268,0.0004666384901436,0.0002121090062525,0.000254529483891,152.7,34,5,152.7,r-strb_sl24_st12_bu500_no0.1_re0.3_re0.5
smd,vlstm-kl,strb,24,12,B6,500.0,0.35,0.3,0.5,,,,0.013925246505095135,0.07364566787150768,-0.013925246505095135,0.7139110578542507,0.71956659313927,0.7767607258442855,5,10,10,0.7293,0.696,0.656,0.7768,0.7114,0.7102,0.7455,0.6579,0.7729,0.7114,0.0003018814251133,0.0004560652174311,0.0002073029027786,0.0002487623146525,149.3,33,5,149.3,r-strb_sl24_st12_bu500_no0.35_re0.3_re0.5
smd,vlstm-kl,strb,24,12,B6,500.0,0.5,0.3,0.5,,,,0.013925246505095135,0.07364566787150768,-0.013925246505095135,0.7139110578542507,0.71956659313927,0.7767607258442855,5,10,10,0.7293,0.696,0.656,0.7768,0.7114,0.7102,0.7455,0.6579,0.7729,0.7114,0.0003039518510117,0.000459193098642,0.0002087247230888,0.0002504683755532,150.3,33,5,150.3,r-strb_sl24_st12_bu500_no0.5_re0.3_re0.5
smd,vlstm-kl,strb,24,12,B6,500.0,0.01,0.5,0.5,,,,0.02127965343872622,0.07305765394176077,-0.02127965343872622,0.7063712471175486,0.7214911218262987,0.8025511643299549,5,10,10,0.7293,0.696,0.6278,0.7835,0.6952,0.7213,0.762,0.6264,0.8026,0.6952,0.0003903609914739,0.0005897350934605,0.0002680620701983,0.0003216730232622,193.0,34,5,193.0,r-strb_sl24_st12_bu500_no0.01_re0.5_re0.5
smd,vlstm-kl,strb,24,12,B6,500.0,0.05,0.5,0.5,,,,0.016932063941563946,0.07618537521614095,-0.016932063941563946,0.717098465607297,0.7230399943303082,0.7841188270028661,5,10,10,0.7293,0.696,0.6401,0.7841,0.7359,0.7222,0.7474,0.6499,0.7598,0.7359,0.0003172863709975,0.0004793381299383,0.0002178815208362,0.0002614566091021,156.9,34,5,156.9,r-strb_sl24_st12_bu500_no0.05_re0.5_re0.5
smd,vlstm-kl,strb,24,12,B6,500.0,0.1,0.5,0.5,,,,0.012309549807829345,0.07479438723664297,-0.012309549807829345,0.7144635134454365,0.7193528137358228,0.7776023935302793,5,10,10,0.7293,0.696,0.6562,0.7776,0.7132,0.7075,0.7483,0.653,0.7749,0.7132,0.0003012857992559,0.0004551653799004,0.0002068940352448,0.0002482713446556,149.0,33,5,149.0,r-strb_sl24_st12_bu500_no0.1_re0.5_re0.5
smd,vlstm-kl,strb,24,12,B6,500.0,0.35,0.5,0.5,,,,0.013925246505095135,0.07364566787150768,-0.013925246505095135,0.7139110578542507,0.71956659313927,0.7767607258442855,5,10,10,0.7293,0.696,0.656,0.7768,0.7114,0.7102,0.7455,0.6579,0.7729,0.7114,1.0921968078443558e-06,0.0004594431439906,0.0002088383817721,0.0002506047622184,150.4,33,5,150.4,r-strb_sl24_st12_bu500_no0.35_re0.5_re0.5
smd,vlstm-kl,strb,24,12,B6,500.0,0.5,0.5,0.5,,,,0.013925246505095135,0.07364566787150768,-0.013925246505095135,0.7139110578542507,0.71956659313927,0.7767607258442855,5,10,10,0.7293,0.696,0.656,0.7768,0.7114,0.7102,0.7455,0.6579,0.7729,0.7114,1.0879055453100004e-06,0.0004576379829277,0.0002080177846649,0.0002496201982628,149.8,33,5,149.8,r-strb_sl24_st12_bu500_no0.5_re0.5_re0.5
smd,vlstm-kl,strb,24,12,B6,500.0,0.01,0.7,0.5,,,,0.022943857443893833,0.07348592531598988,-0.022943857443893833,0.7065822851227355,0.719534233834111,0.7934487872464849,5,10,10,0.7293,0.696,0.6182,0.7842,0.7052,0.7168,0.7694,0.6128,0.7934,0.7052,0.0003756224446393,0.0005674689385812,0.0002579410914965,0.0003095278470846,185.7,34,5,185.7,r-strb_sl24_st12_bu500_no0.01_re0.7_re0.5
smd,vlstm-kl,strb,24,12,B6,500.0,0.05,0.7,0.5,,,,0.017378898793872867,0.07471871494639921,-0.017378898793872867,0.7118956985490447,0.719706157090773,0.7914750673812057,5,10,10,0.7293,0.696,0.6369,0.7839,0.7133,0.718,0.76,0.6158,0.7915,0.7133,0.0003194598952025,0.0004826217661831,0.0002193742006965,0.0002632475654866,157.9,35,5,158.0,r-strb_sl24_st12_bu500_no0.05_re0.7_re0.5
smd,vlstm-kl,strb,24,12,B6,500.0,0.1,0.7,0.5,,,,0.014880044600295761,0.07550389073481804,-0.014880044600295761,0.713127302203246,0.7221665812453147,0.7797821109639839,5,10,10,0.7293,0.696,0.6572,0.7715,0.7116,0.7149,0.751,0.6536,0.7798,0.7116,1.1112643927795124e-06,0.0004674641078938,0.0002124842796306,0.0002549798282631,153.0,34,5,153.0,r-strb_sl24_st12_bu500_no0.1_re0.7_re0.5
smd,vlstm-kl,strb,24,12,B6,500.0,0.35,0.7,0.5,,,,0.013925246505095135,0.07364566787150768,-0.013925246505095135,0.7139110578542507,0.71956659313927,0.7767607258442855,5,10,10,0.7293,0.696,0.656,0.7768,0.7114,0.7102,0.7455,0.6579,0.7729,0.7114,0.0003007788088998,0.0004543994478232,0.0002065457393518,0.0002478537084713,148.7,33,5,148.7,r-strb_sl24_st12_bu500_no0.35_re0.7_re0.5
smd,vlstm-kl,strb,24,12,B6,500.0,0.5,0.7,0.5,,,,0.013925246505095135,0.07364566787150768,-0.013925246505095135,0.7139110578542507,0.71956659313927,0.7767607258442855,5,10,10,0.7293,0.696,0.656,0.7768,0.7114,0.7102,0.7455,0.6579,0.7729,0.7114,0.0003023872933946,0.0004568294543418,0.0002076502644094,0.0002491791899323,149.5,33,5,149.5,r-strb_sl24_st12_bu500_no0.5_re0.7_re0.5
smd,vlstm-kl,strb,24,12,B6,500.0,0.01,0.95,0.5,,,,0.011497604474865152,0.07039658149923972,-0.011497604474865152,0.7152221765189829,0.7180978726649851,0.7834959335217219,5,10,10,0.7293,0.696,0.6446,0.7835,0.7227,0.7029,0.7531,0.6362,0.7756,0.7227,0.0003944171098997,0.0005958628455443,0.0002708474090853,0.000325015436459,195.0,35,5,195.0,r-strb_sl24_st12_bu500_no0.01_re0.95_re0.5
smd,vlstm-kl,strb,24,12,B6,500.0,0.05,0.95,0.5,,,,0.014321737368135334,0.07447304463743674,-0.014321737368135334,0.7146013963078668,0.7235552546275269,0.7959808737106464,5,10,10,0.7293,0.696,0.6435,0.7806,0.7236,0.7104,0.7595,0.6284,0.796,0.7236,0.0003136912190228,0.0004739067796443,0.0002154127563097,0.0002584940233345,155.1,35,5,155.1,r-strb_sl24_st12_bu500_no0.05_re0.95_re0.5
smd,vlstm-kl,strb,24,12,B6,500.0,0.1,0.95,0.5,,,,0.013997595266080898,0.07418855760766366,-0.013997595266080898,0.7160203513331573,0.7242376193448677,0.7825621139398258,5,10,10,0.7293,0.696,0.6534,0.7691,0.7322,0.6993,0.7468,0.6603,0.7826,0.7322,0.000307729469298,0.0004649001086194,0.0002113188249401,0.0002535812836792,152.1,34,5,152.2,r-strb_sl24_st12_bu500_no0.1_re0.95_re0.5
smd,vlstm-kl,strb,24,12,B6,500.0,0.35,0.95,0.5,,,,0.013925246505095135,0.07364566787150768,-0.013925246505095135,0.7139110578542507,0.71956659313927,0.7767607258442855,5,10,10,0.7293,0.696,0.656,0.7768,0.7114,0.7102,0.7455,0.6579,0.7729,0.7114,0.0003035036565701,0.0004585159920748,0.0002084168830446,0.0002500991090301,150.1,33,5,150.1,r-strb_sl24_st12_bu500_no0.35_re0.95_re0.5
smd,vlstm-kl,strb,24,12,B6,500.0,0.5,0.95,0.5,,,,0.013925246505095135,0.07364566787150768,-0.013925246505095135,0.7139110578542507,0.71956659313927,0.7767607258442855,5,10,10,0.7293,0.696,0.656,0.7768,0.7114,0.7102,0.7455,0.6579,0.7729,0.7114,0.0003011938430912,0.0004550264577781,0.0002068307173612,0.0002481957404168,148.9,33,5,148.9,r-strb_sl24_st12_bu500_no0.5_re0.95_re0.5
smd,vtcn-kl,strb,24,12,B1,500.0,0.2,0.9,0.5,,,,0.007064835317319451,0.07261551446609521,-0.007064835317319451,0.7154048155404162,0.7160718881909004,0.7688848057864985,5,10,10,0.703,0.7284,0.6741,0.7689,0.7027,0.731,0.7361,0.6615,0.7491,0.7027,0.00024528334853169293,0.0006460825234214,0.00029367479779879996,0.0003524077256225,211.4,32,5,90.5,r-strb_sl24_st12_bu500_no0.2_re0.9_re0.5
smd,vtcn-kl,strb,24,12,B1,100.0,0.2,0.9,0.5,,,,0.012911812409453693,0.07196120622724508,-0.012911812409453693,0.708744534345582,0.7163934242476442,0.7561556354862843,5,10,10,0.703,0.712,0.6792,0.7464,0.7032,0.7359,0.7311,0.6557,0.7562,0.7032,0.00023254031242520335,0.000599975798124,0.00027271721562390004,0.0003272585825001,196.4,32,5,81.7,r-strb_sl24_st12_bu100_no0.2_re0.9_re0.5
smd,vtcn-kl,strb,24,12,B1,250.0,0.2,0.9,0.5,,,,0.026508300520914397,0.06331909515409943,-0.026508300520914397,0.6970782213768898,0.7154792820767771,0.7573313087463531,5,10,10,0.703,0.6848,0.6674,0.7304,0.6997,0.7096,0.7363,0.6753,0.7565,0.6997,0.00023359288952931793,0.0006075904315435,0.0002761783714729,0.0003314120600705,198.8,31,5,83.7,r-strb_sl24_st12_bu250_no0.2_re0.9_re0.5
smd,vtcn-kl,strb,24,12,B1,1000.0,0.2,0.9,0.5,,,,0.014870415354812839,0.07038871396540167,-0.014870415354812839,0.7142030215250837,0.7221151492560235,0.7618157854931916,5,10,10,0.703,0.7067,0.6934,0.75,0.7179,0.716,0.7375,0.6774,0.7618,0.7179,0.00047370955585909996,0.0007156533447232,0.0003252980934035,0.0003903552513196,234.2,31,5,101.8,r-strb_sl24_st12_bu1000_no0.2_re0.9_re0.5
smd,vtcn-kl,strb,24,12,B1,2000.0,0.2,0.9,0.5,,,,0.012003739690400628,0.07111549305783388,-0.012003739690400628,0.7138951139978678,0.7225059289537886,0.7686472263417979,5,10,10,0.703,0.7212,0.6902,0.7453,0.7098,0.7179,0.7364,0.6797,0.7686,0.7098,0.0003265089922028493,0.0008863748384142,0.000402898914588,0.000483475923826,290.1,31,5,129.1,r-strb_sl24_st12_bu2000_no0.2_re0.9_re0.5
smd,vtcn-kl,strb,24,12,B1,4000.0,0.2,0.9,0.5,,,,0.016940699879371367,0.07493810916749018,-0.016940699879371367,0.7141297000057352,0.7269433163856325,0.8060712601912947,5,10,10,0.703,0.7081,0.6912,0.7535,0.7149,0.702,0.7283,0.6834,0.8061,0.7149,0.0007923431903301,0.0011970268433785,0.0005441049855337,0.0006529218578447,391.8,31,5,179.3,r-strb_sl24_st12_bu4000_no0.2_re0.9_re0.5
smd,vtcn-kl,strb,24,12,B1,500.0,0.01,0.9,0.5,,,,0.006911840931328806,0.0727573158589422,-0.006911840931328806,0.7159846140693766,0.7171928398155242,0.7717809209084717,5,10,10,0.703,0.7284,0.6761,0.7718,0.7007,0.7336,0.7406,0.6556,0.7555,0.7007,0.0001903513682864,0.0002875719767564,0.0001307149061331,0.0001568570706232,94.1,32,5,94.1,r-strb_sl24_st12_bu500_no0.01_re0.9_re0.5
smd,vtcn-kl,strb,24,12,B1,500.0,0.05,0.9,0.5,,,,0.008028320297129077,0.07119633332188498,-0.008028320297129077,0.7152997234868212,0.7174174022787151,0.7661608263599556,5,10,10,0.703,0.7284,0.6743,0.7662,0.7046,0.7337,0.7379,0.6586,0.7522,0.7046,0.0004107062243178,0.0006204715093798,0.0002820334832726,0.00033843802610710003,203.1,32,5,92.6,r-strb_sl24_st12_bu500_no0.05_re0.9_re0.5
smd,vtcn-kl,strb,24,12,B1,500.0,0.1,0.9,0.5,,,,0.0071869217121376065,0.07278537695240338,-0.0071869217121376065,0.7161694231294211,0.7170844806917526,0.7709288214937124,5,10,10,0.703,0.7284,0.6752,0.7709,0.7033,0.7311,0.736,0.6629,0.7521,0.7033,0.0004144909731552,0.0006261892917866,0.0002846323136595,0.000341556978127,204.9,32,5,89.6,r-strb_sl24_st12_bu500_no0.1_re0.9_re0.5
smd,vtcn-kl,strb,24,12,B1,500.0,0.35,0.9,0.5,,,,0.008636055365773465,0.07338032724510499,-0.008636055365773465,0.7198685495104341,0.7237504265805981,0.7619088434376126,5,10,10,0.703,0.7284,0.6767,0.7619,0.7293,0.7264,0.7425,0.6599,0.7606,0.7293,0.00042954868771110006,0.0006489376270325,0.0002949725110561,0.00035396511597620003,212.4,31,5,88.3,r-strb_sl24_st12_bu500_no0.35_re0.9_re0.5
smd,vtcn-kl,strb,24,12,B1,500.0,0.5,0.9,0.5,,,,0.006393420914631032,0.0735386160327168,-0.006393420914631032,0.7184722252340021,0.7194065493365889,0.7679520328934883,5,10,10,0.703,0.7284,0.6747,0.768,0.7183,0.7119,0.7348,0.6728,0.7592,0.7183,0.0001785509279857,0.0002697445454412,0.0001226115210667,0.0001471330243744,88.3,31,5,88.3,r-strb_sl24_st12_bu500_no0.5_re0.9_re0.5
smd,vtcn-kl,strb,24,12,B1,500.0,0.2,0.3,0.5,,,,0.006660570084995443,0.07405479925301064,-0.006660570084995443,0.7196239281061876,0.7233022116329796,0.7713984440209716,5,10,10,0.703,0.7284,0.679,0.7611,0.7266,0.7227,0.735,0.6608,0.7714,0.7266,0.0001795830422149,0.0002713038046774,0.0001233202307873,0.0001479835738901,88.8,31,5,88.8,r-strb_sl24_st12_bu500_no0.2_re0.3_re0.5
smd,vtcn-kl,strb,24,12,B1,500.0,0.2,0.5,0.5,,,,0.006692062819489431,0.07651505597561073,-0.006692062819489431,0.7217474079311833,0.7253302409534714,0.7712906350657426,5,10,10,0.703,0.7284,0.6781,0.7691,0.7301,0.7265,0.738,0.6608,0.7713,0.7301,0.0001797210527368,0.0002715123030926,0.0001234149758691,0.0001480973272235,88.9,31,5,88.9,r-strb_sl24_st12_bu500_no0.2_re0.5_re0.5
smd,vtcn-kl,strb,24,12,B1,500.0,0.2,0.7,0.5,,,,0.005625612703832827,0.07552303589680852,-0.005625612703832827,0.7211517051944889,0.723192422219706,0.7686846204517047,5,10,10,0.703,0.7284,0.6809,0.7667,0.7267,0.7268,0.7345,0.6592,0.7687,0.7267,0.000435579931167,0.0006580492852177,0.0002991142450792,0.0003589350401384,215.4,31,5,89.6,r-strb_sl24_st12_bu500_no0.2_re0.7_re0.5
smd,vtcn-kl,strb,24,12,B1,500.0,0.2,0.95,0.5,,,,0.006742074556384892,0.0736477727624624,-0.006742074556384892,0.7177758426602601,0.7192123899123095,0.771471506691666,5,10,10,0.703,0.7284,0.6747,0.7715,0.7114,0.7151,0.7335,0.671,0.7651,0.7114,0.0001777487139998,0.0002685326063636,0.0001220605789353,0.0001464720274282,87.9,31,5,87.9,r-strb_sl24_st12_bu500_no0.2_re0.95_re0.5
smd,vtcn-kl,strb,24,12,B1,500.0,0.2,0.9,0.3,,,,0.01099969541647322,0.06776542274154271,-0.01099969541647322,0.7117112409446545,0.7125157930271201,0.7629415872900098,5,10,10,0.703,0.694,0.7032,0.7629,0.6954,0.7116,0.7317,0.6616,0.7623,0.6954,0.0003897160341996,0.0005887607288423,0.0002676194540489,0.00032114127479330003,192.7,32,5,80.3,r-strb_sl24_st12_bu500_no0.2_re0.9_re0.3
smd,vtcn-kl,strb,24,12,B1,500.0,0.2,0.9,0.7,,,,0.008560674325264217,0.056042374157538044,-0.008560674325264217,0.7022158331437736,0.7028194118477973,0.7559893845455853,5,10,10,0.703,0.7228,0.6761,0.7364,0.6729,0.7287,0.7171,0.6709,0.7246,0.6729,0.0005278004298359001,0.000797370748144,0.0003624423877924,0.0004349283603516,261.0,31,5,113.7,r-strb_sl24_st12_bu500_no0.2_re0.9_re0.7
smd,vtcn-kl,strb,24,12,B1,500.0,0.2,0.9,0.9,,,,0.02260065755494737,0.0326806564163416,-0.02260065755494737,0.6749029609900011,0.6858983777719153,0.7587556361434852,5,10,10,0.703,0.7266,0.6587,0.6732,0.613,0.7586,0.7282,0.6586,0.671,0.613,1.7063664138721152e-06,0.0007177995251027,0.0003262735480901,0.0003915259770125,234.9,31,5,235.0,r-strb_sl24_st12_bu500_no0.2_re0.9_re0.9
smd,vtcn-kl,gdumb,24,12,B1,500.0,,,0.5,,,,0.016447262697073438,0.0624181453630395,-0.016447262697073438,0.7030839453351022,0.7185569841813753,0.8065182558471895,5,10,10,0.703,0.6605,0.706,0.7541,0.6919,0.7086,0.7074,0.6784,0.8065,0.6919,0.0001595505577624,0.0002410398711675,0.0001095638854739,0.0001314759856935,78.9,31,5,78.9,r-gdumb_sl24_st12_bu500_re0.5
smd,vtcn-kl,gdumb,24,12,B1,100.0,,,0.5,,,,0.030427974071436846,0.06774279445747385,-0.030427974071436846,0.7108544245554065,0.737019081446644,0.8241644054084725,5,10,10,0.703,0.6719,0.6961,0.783,0.7003,0.7164,0.7401,0.7042,0.8242,0.7003,0.000157529433958,0.0002379864727448,0.000108175981771,0.0001298104909737,77.9,31,5,77.9,r-gdumb_sl24_st12_bu100_re0.5
smd,vtcn-kl,gdumb,24,12,B1,250.0,,,0.5,,,,0.01719135305962346,0.0619300277907646,-0.01719135305962346,0.6972299199456364,0.7138002717726619,0.8029995853218777,5,10,10,0.703,0.6565,0.7037,0.7358,0.6872,0.7094,0.6808,0.6886,0.803,0.6872,5.881846165205621e-07,0.0002474255441146,0.0001124664645286,0.0001349590795859,81.0,31,5,81.0,r-gdumb_sl24_st12_bu250_re0.5
smd,vtcn-kl,gdumb,24,12,B1,1000.0,,,0.5,,,,0.023726667137120662,0.05671598668304283,-0.023726667137120662,0.6968442237210384,0.7173604064767034,0.8073889197904024,5,10,10,0.703,0.6526,0.7052,0.7379,0.6856,0.7148,0.6955,0.6836,0.8074,0.6856,0.0001654108852408,0.0002498933192544,0.0001135881700203,0.000136305149234,81.8,31,5,81.8,r-gdumb_sl24_st12_bu1000_re0.5
smd,vtcn-kl,gdumb,24,12,B1,2000.0,,,0.5,,,,0.027661283621690014,0.06090255197718582,-0.027661283621690014,0.7048790417194924,0.7291392801522146,0.8108130448289493,5,10,10,0.703,0.6547,0.6929,0.7671,0.7067,0.7245,0.7186,0.6851,0.8108,0.7067,0.000174705287211,0.0002639347709729,0.0001199706486122,0.0001439641223607,86.4,31,5,86.4,r-gdumb_sl24_st12_bu2000_re0.5
smd,vtcn-kl,gdumb,24,12,B1,4000.0,,,0.5,,,,0.03393693993767116,0.07098648310223625,-0.03393693993767116,0.7060503803696054,0.7344337686204094,0.8047334457457362,5,10,10,0.703,0.6366,0.6883,0.7807,0.7218,0.7221,0.7403,0.6832,0.8047,0.7218,0.0001905017633511,0.0002877991850314,0.0001308181671865,0.0001569810178449,94.2,31,5,94.2,r-gdumb_sl24_st12_bu4000_re0.5
smd,vtcn-kl,gdumb,24,12,B1,500.0,,,0.3,,,,0.02549571186919284,0.06432177338050792,-0.02549571186919284,0.7095603994145968,0.7293794880406186,0.7901354814079465,5,10,10,0.703,0.6696,0.6976,0.7692,0.7084,0.7178,0.7434,0.6872,0.7901,0.7084,0.0001431114203742,0.0002162045611959,9.827505411101609e-05,0.0001179295070849,70.8,32,5,70.8,r-gdumb_sl24_st12_bu500_re0.3
smd,vtcn-kl,gdumb,24,12,B1,500.0,,,0.7,,,,0.02541405431910142,0.05786359120562965,-0.02541405431910142,0.6983058101041639,0.7241993452335257,0.803422628841411,5,10,10,0.703,0.6537,0.7168,0.7603,0.6577,0.7322,0.7365,0.6912,0.8034,0.6577,0.0002092648056941,0.0003161453178967,0.0001437027612274,0.0001724425566693,103.5,31,5,103.5,r-gdumb_sl24_st12_bu500_re0.7
smd,vtcn-kl,derpp,24,12,B1,500.0,,,0.5,,0.5,0.5,0.032446207510625893,0.05437698168903373,-0.032446207510625893,0.6948359256472623,0.7150812425110349,0.8193701997786138,5,10,10,0.703,0.6329,0.6469,0.7808,0.7106,0.7267,0.6534,0.6653,0.8194,0.7106,0.0002141570874092,0.0003235362977269,0.0001470623419587,0.0001764739557681,105.9,31,5,105.9,r-derpp_sl24_st12_bu500_re0.5_al0.5_te0.5
smd,vtcn-kl,derpp,24,12,B1,100.0,,,0.5,,0.5,0.5,0.04115655016070846,0.054952223579939286,-0.04115655016070846,0.688279596464298,0.7171782249552633,0.800370543552354,5,10,10,0.703,0.6109,0.6651,0.764,0.6984,0.7579,0.669,0.6602,0.8004,0.6984,0.0002215369715244,0.000334685405203,0.0001521301361085,0.0001825552690944,109.5,32,5,109.5,r-derpp_sl24_st12_bu100_re0.5_al0.5_te0.5
smd,vtcn-kl,derpp,24,12,B1,250.0,,,0.5,,0.5,0.5,0.03250810115300362,0.06183720896336019,-0.03250810115300362,0.6948226725268627,0.7180283320723896,0.8160914509010387,5,10,10,0.703,0.6269,0.6582,0.7745,0.7116,0.7336,0.6533,0.6756,0.8161,0.7116,0.0002183862199308,0.0003299254296263,0.0001499664949052,0.000179958934721,108.0,31,5,108.0,r-derpp_sl24_st12_bu250_re0.5_al0.5_te0.5
smd,vtcn-kl,derpp,24,12,B1,1000.0,,,0.5,,0.5,0.5,0.019821177109418643,0.04400204844023159,-0.019821177109418643,0.6851515352790942,0.6992748914774631,0.7959244228310012,5,10,10,0.703,0.6254,0.6694,0.7471,0.681,0.7394,0.6216,0.6585,0.7959,0.681,0.0002221263726242,0.0003355758387255,0.0001525348546287,0.0001830409840967,109.8,31,5,109.8,r-derpp_sl24_st12_bu1000_re0.5_al0.5_te0.5
smd,vtcn-kl,derpp,24,12,B1,2000.0,,,0.5,,0.5,0.5,0.02940630561302644,0.054267966498556294,-0.02940630561302644,0.6846083373413435,0.7065570963104781,0.8123141021713428,5,10,10,0.703,0.6178,0.6663,0.7523,0.6837,0.7369,0.6545,0.6454,0.8123,0.6837,0.000221114350376,0.0003340469333067,0.0001518399146986,0.000182207018608,109.3,31,5,109.3,r-derpp_sl24_st12_bu2000_re0.5_al0.5_te0.5
smd,vtcn-kl,derpp,24,12,B1,4000.0,,,0.5,,0.5,0.5,0.02604609896918597,0.052814943640497304,-0.02604609896918597,0.6875662262048392,0.7045541502923172,0.8067533930178236,5,10,10,0.703,0.6165,0.6704,0.7719,0.6761,0.722,0.6532,0.6647,0.8068,0.6761,0.000221440355411,0.0003345394430964,0.0001520637842037,0.0001824756588926,109.5,31,5,109.5,r-derpp_sl24_st12_bu4000_re0.5_al0.5_te0.5
smd,vtcn-kl,derpp,24,12,B1,500.0,,,0.3,,0.5,0.5,0.03351111021743382,0.06399523677515781,-0.03351111021743382,0.6893203438527561,0.7140518564486225,0.8276333162900649,5,10,10,0.703,0.6316,0.6604,0.7545,0.6972,0.7316,0.6461,0.6677,0.8276,0.6972,6.577998280198344e-07,0.0002767098557066,0.0001257775530671,0.0001509323026395,90.6,31,5,90.6,r-derpp_sl24_st12_bu500_re0.3_al0.5_te0.5
smd,vtcn-kl,derpp,24,12,B1,500.0,,,0.7,,0.5,0.5,0.029755233086107023,0.043393378832531616,-0.029755233086107023,0.683937574109918,0.7069977661099325,0.8231901381979307,5,10,10,0.703,0.6094,0.65,0.772,0.6854,0.7272,0.6393,0.6599,0.8232,0.6854,0.0003029163427054,0.0004576287118279,0.0002080135439813,0.0002496151678465,149.8,31,5,149.8,r-derpp_sl24_st12_bu500_re0.7_al0.5_te0.5
smd,vtcn-kl,derpp,24,12,B1,500.0,,,0.5,,0.1,0.5,0.026046351674668122,0.061023295700813586,-0.026046351674668122,0.7061819524381795,0.7281821656689788,0.8261501310927795,5,10,10,0.703,0.6436,0.6604,0.7993,0.7246,0.7319,0.7005,0.6577,0.8262,0.7246,0.000222858782544,0.0003366823218064,0.000153037820834,0.0001836445009723,110.2,32,5,110.2,r-derpp_sl24_st12_bu500_re0.5_al0.1_te0.5
smd,vtcn-kl,derpp,24,12,B1,500.0,,,0.5,,1.0,0.5,0.06369981933358511,0.041684829995835705,-0.06369981933358511,0.6616478255984114,0.709472977130748,0.8556848570033929,5,10,10,0.703,0.5981,0.5984,0.7573,0.6515,0.7378,0.6789,0.6235,0.8557,0.6515,0.0002147079825246,0.0003243685586072,0.0001474406496518,0.0001769279089554,106.2,31,5,106.2,r-derpp_sl24_st12_bu500_re0.5_al1.0_te0.5
smd,vtcn-kl,derpp,24,12,B1,500.0,,,0.5,,0.5,0.1,0.04218299852488724,0.04945533607164958,-0.04218299852488724,0.6783729339856283,0.7038509482852525,0.8145880729925885,5,10,10,0.703,0.6107,0.6425,0.7516,0.684,0.7259,0.659,0.6358,0.8146,0.684,0.0002182568982218,0.0003297300577736,0.0001498777118673,0.0001798523459063,107.9,31,5,107.9,r-derpp_sl24_st12_bu500_re0.5_al0.5_te0.1
smd,vtcn-kl,derpp,24,12,B1,500.0,,,0.5,,0.5,1.0,0.037756702079416705,0.05474736923044062,-0.037756702079416705,0.6902760618964543,0.7202504451580123,0.8229988727079561,5,10,10,0.703,0.637,0.6509,0.7746,0.686,0.7396,0.6913,0.6614,0.823,0.686,7.715445348095059e-07,0.000324557666032,0.0001475266247127,0.0001770310413193,106.2,31,5,106.2,r-derpp_sl24_st12_bu500_re0.5_al0.5_te1.0
smd,vtcn-kl,strb,6,6,B2,500.0,0.2,0.9,0.5,,,,-0.0010235310869505798,0.07490066535125241,0.0010235310869505798,0.7160178312246536,0.7125206662868877,0.7757219560930836,5,10,10,0.7178,0.6948,0.6733,0.7757,0.7185,0.6761,0.731,0.6653,0.7717,0.7185,0.00032379263328929404,0.0008673627797895,0.00039426054381299996,0.0004731022359763,283.9,30,5,124.2,r-strb_sl6_st6_bu500_no0.2_re0.9_re0.5
smd,vtcn-kl,gdumb,6,6,B2,500.0,,,0.5,,,,0.02010535088471015,0.06321339801296125,-0.02010535088471015,0.7053613242762908,0.7234764498683267,0.8061625006294332,5,10,10,0.7178,0.6592,0.7003,0.7636,0.6859,0.7393,0.6991,0.6869,0.8062,0.6859,0.0001956335189995,0.0002955519484044,0.0001343422027776,0.0001612097456267,96.7,30,5,96.7,r-gdumb_sl6_st6_bu500_re0.5
smd,vtcn-kl,derpp,6,6,B2,500.0,,,0.5,,0.5,0.5,0.018210065066076066,0.05401179620258291,-0.018210065066076066,0.6926100009957995,0.7095647948383456,0.8143474454383938,5,10,10,0.7178,0.6266,0.6582,0.7582,0.7022,0.7398,0.6332,0.6583,0.8143,0.7022,0.0002673433959235,0.0004038871353044,0.0001835855425943,0.0002203015927101,132.2,30,5,132.2,r-derpp_sl6_st6_bu500_re0.5_al0.5_te0.5
smd,vtcn-kl,strb,8,8,B2,500.0,0.2,0.9,0.5,,,,0.028310113098367506,0.07226089629093929,-0.028310113098367506,0.7076244832613852,0.724526957008505,0.7692713612446439,5,10,10,0.7051,0.6614,0.6653,0.7674,0.7389,0.7165,0.7345,0.6634,0.7693,0.7389,0.0002747825940377154,0.0007297979539209,0.00033173166926899996,0.0003980662846517,238.8,30,5,103.4,r-strb_sl8_st8_bu500_no0.2_re0.9_re0.5
smd,vtcn-kl,gdumb,8,8,B2,500.0,,,0.5,,,,0.03179484178345484,0.06892932534360835,-0.03179484178345484,0.7052580679265009,0.7314304339458866,0.8233790398478894,5,10,10,0.7051,0.6465,0.6871,0.777,0.7106,0.715,0.721,0.6871,0.8234,0.7106,0.0001751130268075,0.0002645507606704,0.0001202506285878,0.0001443001320826,86.6,30,5,86.6,r-gdumb_sl8_st8_bu500_re0.5
smd,vtcn-kl,derpp,8,8,B2,500.0,,,0.5,,0.5,0.5,0.032568049068937156,0.05479330092731568,-0.032568049068937156,0.6920174172643005,0.7205507171325118,0.82001581749753,5,10,10,0.7051,0.6059,0.6512,0.788,0.7099,0.7192,0.6677,0.6859,0.82,0.7099,0.0002338786553229,0.0003533305162857,0.0001606051592007,0.000192725357085,115.6,30,5,115.6,r-derpp_sl8_st8_bu500_re0.5_al0.5_te0.5
smd,vtcn-kl,strb,10,10,B2,500.0,0.2,0.9,0.5,,,,-0.005190910232631363,0.08495205174323742,0.005190910232631363,0.7239132786400897,0.7196868060053092,0.7881962563213485,5,10,10,0.7272,0.7189,0.6718,0.7827,0.719,0.6918,0.7417,0.6578,0.7882,0.719,0.0004218953626928,0.0006373754206555,0.0002897171036455,0.0003476583170098,208.6,30,5,86.5,r-strb_sl10_st10_bu500_no0.2_re0.9_re0.5
smd,vtcn-kl,gdumb,10,10,B2,500.0,,,0.5,,,,0.006884089495493228,0.07389079569157078,-0.006884089495493228,0.7111468346807669,0.716660352878621,0.8084686072005955,5,10,10,0.7272,0.6439,0.7168,0.7609,0.707,0.7131,0.6756,0.679,0.8085,0.707,0.0001517060577839,0.0002291888485781,0.0001041769987851,0.0001250118497929,75.0,30,5,75.0,r-gdumb_sl10_st10_bu500_re0.5
smd,vtcn-kl,derpp,10,10,B2,500.0,,,0.5,,0.5,0.5,0.03158473200526387,0.06360056672420937,-0.03158473200526387,0.6940725881183775,0.7182261789869261,0.800054385459486,5,10,10,0.7272,0.6027,0.6588,0.7707,0.711,0.746,0.6523,0.6818,0.8001,0.711,0.0002016522572763,0.0003046447144791,0.0001384752331605,0.0001661694813185,99.7,30,5,99.7,r-derpp_sl10_st10_bu500_re0.5_al0.5_te0.5
smd,vtcn-kl,strb,12,12,B2,500.0,0.2,0.9,0.5,,,,0.03484570448550654,0.05049418404313177,-0.03484570448550654,0.6991280152481122,0.7211952807940077,0.7569065619971445,5,10,10,0.6991,0.6495,0.6825,0.7419,0.7225,0.7242,0.7375,0.6728,0.7489,0.7225,0.0003966569520981,0.0005992466712263,0.0002723858455997,0.0003268608256266,196.1,30,5,76.5,r-strb_sl12_st12_bu500_no0.2_re0.9_re0.5
smd,vtcn-kl,gdumb,12,12,B2,500.0,,,0.5,,,,0.024275960782602225,0.054479340344645466,-0.024275960782602225,0.6976352791304572,0.7201064576958223,0.7889886403531389,5,10,10,0.6991,0.6553,0.7093,0.7383,0.6862,0.7299,0.7272,0.6683,0.789,0.6862,0.0001385507503438,0.0002093145613616,9.514323934951486e-05,0.0001141713220121,68.5,31,5,68.5,r-gdumb_sl12_st12_bu500_re0.5
smd,vtcn-kl,derpp,12,12,B2,500.0,,,0.5,,0.5,0.5,0.031109517568175815,0.045463110323545074,-0.031109517568175815,0.6864239454687839,0.7079252095470308,0.8273023705739848,5,10,10,0.6991,0.6116,0.6639,0.7677,0.6898,0.705,0.6614,0.6561,0.8273,0.6898,0.0001800492153383,0.0002720080724103,0.0001236403202553,0.0001483677521549,89.0,30,5,89.0,r-derpp_sl12_st12_bu500_re0.5_al0.5_te0.5
smd,vtcn-kl,strb,16,16,B2,500.0,0.2,0.9,0.5,,,,0.01953997669307167,0.07207458716676647,-0.01953997669307167,0.7121778268259724,0.7229760910441836,0.7617778259902621,5,10,10,0.7033,0.6967,0.679,0.7494,0.7324,0.7222,0.7327,0.6865,0.7411,0.7324,0.0004535827742979,0.0006852469525263001,0.00031147707106872306,0.0003737698814575,224.3,31,5,63.7,r-strb_sl16_st16_bu500_no0.2_re0.9_re0.5
smd,vtcn-kl,gdumb,16,16,B2,500.0,,,0.5,,,,0.02849178828323202,0.06942268272670091,-0.02849178828323202,0.7069150405608495,0.7295204321777274,0.8272079225210632,5,10,10,0.7033,0.6607,0.6902,0.7621,0.7182,0.7092,0.7094,0.6836,0.8272,0.7182,4.4480622231585586e-07,0.0001871120367497,8.50511815418334e-05,0.0001020608552079,61.2,32,5,61.2,r-gdumb_sl16_st16_bu500_re0.5
smd,vtcn-kl,derpp,16,16,B2,500.0,,,0.5,,0.5,0.5,0.022989738272446138,0.056136606167303184,-0.022989738272446138,0.6997416507560111,0.7144861755883911,0.8210359977933703,5,10,10,0.7033,0.6215,0.6756,0.7956,0.7027,0.7286,0.6641,0.6559,0.821,0.7027,0.0001564637602026,0.0002363765136928,0.0001074441565394,0.0001289323571533,77.4,31,5,77.4,r-derpp_sl16_st16_bu500_re0.5_al0.5_te0.5
smd,vtcn-kl,strb,48,48,B2,500.0,0.2,0.9,0.5,,,,0.008959067941902998,0.03791781541342124,-0.008959067941902998,0.7060078448586401,0.7129491611651579,0.7806885899857383,5,10,10,0.7198,0.7213,0.6615,0.7565,0.671,0.7287,0.7348,0.6496,0.7807,0.671,0.00010105832231047001,0.00030121831067969997,0.00013691785179220864,0.00016430045888759197,98.6,35,5,48.8,r-strb_sl48_st48_bu500_no0.2_re0.9_re0.5
smd,vtcn-kl,gdumb,48,48,B2,500.0,,,0.5,,,,0.02473789881384004,0.03576513682439786,-0.02473789881384004,0.7016082860182793,0.7240976332751222,0.8280053051874107,5,10,10,0.7198,0.6046,0.6813,0.7861,0.7163,0.7261,0.6922,0.6579,0.828,0.7163,3.3509693224657586e-07,0.0001409617634726,6.407374097228359e-05,7.688802250040074e-05,46.1,31,5,46.1,r-gdumb_sl48_st48_bu500_re0.5
smd,vtcn-kl,derpp,48,48,B2,500.0,,,0.5,,0.5,0.5,0.023887688742557124,0.02077182431472958,-0.023887688742557124,0.6821351179994559,0.7021739166304355,0.7928468968413178,5,10,10,0.7198,0.6202,0.6511,0.7588,0.6608,0.7555,0.6581,0.6436,0.7928,0.6608,4.356539045454497e-07,0.0001832620258167,8.330113859653163e-05,9.99608872202225e-05,60.0,34,5,60.0,r-derpp_sl48_st48_bu500_re0.5_al0.5_te0.5
smd,vtcn-kl,strb,8,4,B3,500.0,0.2,0.9,0.5,,,,0.022599755123142395,0.06819176854743417,-0.022599755123142395,0.7111140920279233,0.7244848044149851,0.7670447727039896,5,10,10,0.7138,0.6677,0.6736,0.767,0.7334,0.7133,0.7385,0.6701,0.767,0.7334,0.0006140191413117114,0.0015692177750251,0.0007133229825236999,0.0008558947925012,513.6,30,5,210.7,r-strb_sl8_st4_bu500_no0.2_re0.9_re0.5
smd,vtcn-kl,strb,12,6,B3,500.0,0.2,0.9,0.5,,,,0.016053781683178014,0.06864712701258022,-0.016053781683178014,0.7162569601346946,0.7264497756082977,0.7612685727572673,5,10,10,0.7224,0.6992,0.6658,0.748,0.7459,0.7175,0.7343,0.6733,0.7613,0.7459,0.0005602554076032001,0.000846401875139,0.0003847303086827,0.00046167156645630003,277.0,30,5,134.4,r-strb_sl12_st6_bu500_no0.2_re0.9_re0.5
smd,vtcn-kl,strb,48,24,B3,500.0,0.2,0.9,0.5,,,,0.02297173412453284,0.0719335390790855,-0.02297173412453284,0.704810077407173,0.7229964516261959,0.7956404607237209,5,10,10,0.7133,0.6479,0.6694,0.7747,0.7187,0.6894,0.7369,0.6744,0.7956,0.7187,0.00022427604996888307,0.0005462491492341,0.00024829577048205386,0.0002979533787521,178.8,30,5,68.1,r-strb_sl48_st24_bu500_no0.2_re0.9_re0.5
smd,vtcn-kl,strb,6,6,B4,100.0,0.05,0.9,0.5,,,,-0.011699420844132502,0.06301143634761516,0.011699420844132502,0.7011475846378312,0.6937040393306766,0.7608457456075295,5,10,10,0.7178,0.6669,0.6518,0.7608,0.7084,0.6378,0.7018,0.6615,0.7591,0.7084,0.00040597908922719995,0.0006133300236389,0.00027878765613869997,0.00033454236750009997,200.7,30,5,98.8,r-strb_sl6_st6_bu100_no0.05_re0.9_re0.5
smd,vtcn-kl,strb,8,8,B4,100.0,0.05,0.9,0.5,,,,0.03064465850208802,0.07148250739223087,-0.03064465850208802,0.7061977897399069,0.7256631735343159,0.7666779718081733,5,10,10,0.7051,0.6619,0.6592,0.7667,0.7382,0.7362,0.7328,0.6556,0.7655,0.7382,0.0001827269847043158,0.0005432124892763,0.0002469154269117,0.0002962970623644,177.8,30,5,87.8,r-strb_sl8_st8_bu100_no0.05_re0.9_re0.5
smd,vtcn-kl,strb,10,10,B4,100.0,0.05,0.9,0.5,,,,-0.001458484693986517,0.07614667056299958,0.001458484693986517,0.7077318970783184,0.7143356346339566,0.7888837353461889,5,10,10,0.7272,0.6492,0.6869,0.7337,0.7417,0.6357,0.728,0.6775,0.7889,0.7417,0.00031554635393520004,0.00047670941152820005,0.00021668675034750001,0.0002600226611806,156.0,31,5,80.3,r-strb_sl10_st10_bu100_no0.05_re0.9_re0.5
smd,vtcn-kl,strb,12,12,B4,100.0,0.05,0.9,0.5,,,,0.04013425598660103,0.04519689077711235,-0.04013425598660103,0.6886088115025537,0.7164131362203581,0.7558929147465001,5,10,10,0.6991,0.6439,0.6541,0.7372,0.7087,0.7297,0.7404,0.6489,0.7545,0.7087,0.00027777955784380004,0.0004196534927526,0.00019075207441928799,0.00022890141833330002,137.3,30,5,68.2,r-strb_sl12_st12_bu100_no0.05_re0.9_re0.5
smd,vtcn-kl,strb,16,16,B4,100.0,0.05,0.9,0.5,,,,0.033205965690078845,0.06871440820362475,-0.033205965690078845,0.7026093589638839,0.7249884755727349,0.760963013403356,5,10,10,0.7033,0.6568,0.664,0.7493,0.7396,0.7196,0.7338,0.6741,0.7578,0.7396,0.0002446328136024,0.0003695772844736,0.00016799017794870045,0.0002015871065248,121.0,31,5,60.6,r-strb_sl16_st16_bu100_no0.05_re0.9_re0.5
smd,vtcn-kl,strb,24,24,B4,100.0,0.05,0.9,0.5,,,,0.019102814672600145,0.07025503369347932,-0.019102814672600145,0.7054478367457226,0.7166316510083643,0.7661015031712753,5,10,10,0.708,0.7123,0.6507,0.7477,0.7086,0.7196,0.7411,0.6478,0.7661,0.7086,0.0002129465792153,0.0003217075310764,0.00014623111475892884,0.00017547641631759082,105.3,30,5,52.7,r-strb_sl24_st24_bu100_no0.05_re0.9_re0.5
smd,vtcn-kl,strb,48,48,B4,100.0,0.05,0.9,0.5,,,,0.003513665967645285,0.04058483336777643,-0.003513665967645285,0.708407570784714,0.707883768264351,0.7671266378679371,5,10,10,0.7198,0.7293,0.6682,0.7555,0.6692,0.7255,0.7289,0.6487,0.7671,0.6692,0.0001898575282496391,0.00028682591143049997,0.00013037583379385374,0.0001564500776367883,93.9,32,5,47.0,r-strb_sl48_st48_bu100_no0.05_re0.9_re0.5
smd,vtcn-kl,strb,6,6,B4,100.0,0.2,0.9,0.5,,,,-0.011886559673160813,0.06390164372513887,0.011886559673160813,0.7015155868776851,0.6934071801735475,0.7614612446509126,5,10,10,0.7178,0.6669,0.6545,0.7615,0.7069,0.6406,0.7038,0.6633,0.7525,0.7069,0.0005483536220754,0.0008284213372423,0.0003765565214742,0.0004518648157679,271.1,30,5,99.4,r-strb_sl6_st6_bu100_no0.2_re0.9_re0.5
smd,vtcn-kl,strb,8,8,B4,100.0,0.2,0.9,0.5,,,,0.030427867402790333,0.07089961367170126,-0.030427867402790333,0.7055056732579663,0.7241395048871749,0.7680637581420158,5,10,10,0.7051,0.6619,0.6591,0.7681,0.7334,0.735,0.7337,0.654,0.7646,0.7334,0.0003644690984603,0.0005506191001114,0.0002502822362875,0.00030033686382380004,180.2,30,5,87.2,r-strb_sl8_st8_bu100_no0.2_re0.9_re0.5
smd,vtcn-kl,strb,10,10,B4,100.0,0.2,0.9,0.5,,,,0.0001855346846233341,0.07694541459427245,-0.0001855346846233341,0.7090276643385508,0.7171846977396801,0.7806315304034318,5,10,10,0.7272,0.6492,0.6878,0.7353,0.7456,0.657,0.7244,0.6783,0.7806,0.7456,0.00016822207493305828,0.0004902262453221,0.0002228307362257,0.00026739550909640004,160.4,31,5,77.6,r-strb_sl10_st10_bu100_no0.2_re0.9_re0.5
smd,vtcn-kl,strb,12,12,B4,100.0,0.2,0.9,0.5,,,,0.035239007306653546,0.04534884695730738,-0.035239007306653546,0.6942440044237392,0.7157891147911555,0.7532961003556744,5,10,10,0.6991,0.6439,0.6735,0.7309,0.7237,0.7191,0.74,0.6676,0.7285,0.7237,0.0002821508180486,0.00042625734303940004,0.00019375382748613548,0.00023250351555320002,139.5,30,5,68.4,r-strb_sl12_st12_bu100_no0.2_re0.9_re0.5
smd,vtcn-kl,strb,16,16,B4,100.0,0.2,0.9,0.5,,,,0.033251352697178924,0.06873038725813635,-0.033251352697178924,0.7026621404321343,0.7250098284127056,0.7609521772093677,5,10,10,0.7033,0.6568,0.6637,0.7486,0.7408,0.7199,0.734,0.6737,0.7566,0.7408,0.00012265208609697775,0.000369556253454,0.00016798059762481395,0.00020157565582919998,120.9,31,5,60.5,r-strb_sl16_st16_bu100_no0.2_re0.9_re0.5
smd,vtcn-kl,strb,24,24,B4,100.0,0.2,0.9,0.5,,,,0.018923037597974302,0.07030133724611126,-0.018923037597974302,0.7052199570010901,0.7162329625618741,0.7657591141976359,5,10,10,0.708,0.7123,0.6519,0.7479,0.7061,0.7193,0.7403,0.6497,0.7658,0.7061,0.0001078529909214941,0.0003227131034804,0.0001466881961218961,0.00017602490735861163,105.6,30,5,52.5,r-strb_sl24_st24_bu100_no0.2_re0.9_re0.5
smd,vtcn-kl,strb,48,48,B4,100.0,0.2,0.9,0.5,,,,0.002112184491644853,0.03956980960430554,-0.002112184491644853,0.709051220374403,0.7076440824581086,0.7675405137237208,5,10,10,0.7198,0.7293,0.6669,0.757,0.6722,0.725,0.7305,0.643,0.7675,0.6722,0.00019857512515653102,0.0002999959589992,0.00013636226400137985,0.00016363369499798865,98.2,33,5,47.6,r-strb_sl48_st48_bu100_no0.2_re0.9_re0.5
smd,vtcn-kl,strb,6,6,B4,100.0,0.35,0.9,0.5,,,,-0.01371559159862581,0.06529473768679245,0.01371559159862581,0.7022450415735002,0.696287659422217,0.7631999247119661,5,10,10,0.7178,0.6669,0.6534,0.7604,0.7127,0.6268,0.7211,0.6576,0.7632,0.7127,0.0005056229348709,0.0007638662552476,0.0003472129390651,0.00041665331618229997,250.0,30,5,99.0,r-strb_sl6_st6_bu100_no0.35_re0.9_re0.5
smd,vtcn-kl,strb,8,8,B4,100.0,0.35,0.9,0.5,,,,0.031009270409693545,0.07140697267365889,-0.031009270409693545,0.7065815667653211,0.7266301345340025,0.7696345622879878,5,10,10,0.7051,0.6619,0.6599,0.7673,0.7387,0.7296,0.7368,0.6584,0.7696,0.7387,0.0003525782480314,0.0005326550823377,0.00024211657164200002,0.0002905385106956,174.3,30,5,87.4,r-strb_sl8_st8_bu100_no0.35_re0.9_re0.5
smd,vtcn-kl,strb,10,10,B4,100.0,0.35,0.9,0.5,,,,-0.009145869281880081,0.07972425490020064,0.009145869281880081,0.7159067237142521,0.7150250811309478,0.7998752668428817,5,10,10,0.7272,0.6492,0.6828,0.786,0.7343,0.6396,0.7206,0.6807,0.7999,0.7343,0.0003085194411649,0.0004660935530028,0.0002118613050893,0.0002542322479133,152.5,30,5,76.8,r-strb_sl10_st10_bu100_no0.35_re0.9_re0.5
smd,vtcn-kl,strb,12,12,B4,100.0,0.35,0.9,0.5,,,,0.03459025334924739,0.043180782275632414,-0.03459025334924739,0.6902264460050132,0.7104375322403269,0.7532961003556744,5,10,10,0.6991,0.6439,0.6735,0.7303,0.7042,0.7272,0.7375,0.6616,0.7217,0.7042,0.0002793967148697,0.00042209660123599996,0.00019186264831999627,0.000230233952916,138.1,31,5,69.3,r-strb_sl12_st12_bu100_no0.35_re0.9_re0.5
smd,vtcn-kl,strb,16,16,B4,100.0,0.35,0.9,0.5,,,,0.03252696984114417,0.06867196508739873,-0.03252696984114417,0.7025624842535916,0.723996828537578,0.7609146234333948,5,10,10,0.7033,0.6568,0.6638,0.7508,0.738,0.7195,0.7338,0.6722,0.7564,0.738,0.0001226531414801667,0.0003692449753643,0.0001678391277220928,0.00020140584764220002,120.8,31,5,60.4,r-strb_sl16_st16_bu100_no0.35_re0.9_re0.5
smd,vtcn-kl,strb,24,24,B4,100.0,0.35,0.9,0.5,,,,0.01545169010373092,0.07036110139116598,-0.01545169010373092,0.7064900468272413,0.7149565709162553,0.7596910533082384,5,10,10,0.708,0.7123,0.6631,0.7448,0.7044,0.7231,0.739,0.6692,0.7391,0.7044,0.0002149370172433,0.0003247145711807,0.0001475979465299234,0.00017711662465085586,106.3,31,5,53.2,r-strb_sl24_st24_bu100_no0.35_re0.9_re0.5
smd,vtcn-kl,strb,48,48,B4,100.0,0.35,0.9,0.5,,,,0.0023761938560149186,0.040264051822168564,-0.0023761938560149186,0.7083955007145446,0.706898229946477,0.7617668095295089,5,10,10,0.7198,0.7293,0.6686,0.7546,0.6698,0.7268,0.728,0.6486,0.7614,0.6698,0.0001881801457587301,0.0002842918177541,0.00012922399247634328,0.0001550678252778016,93.0,32,5,46.1,r-strb_sl48_st48_bu100_no0.35_re0.9_re0.5
smd,vtcn-kl,strb,6,6,B4,500.0,0.05,0.9,0.5,,,,0.0012875131768567472,0.07519852980400762,-0.0012875131768567472,0.716421996479495,0.7140955782199747,0.7745485069626744,5,10,10,0.7178,0.6948,0.6715,0.7745,0.7235,0.6791,0.734,0.6628,0.771,0.7235,0.000508180460346,0.0007677300186819001,0.0003489695993058,0.0004187604193761,251.3,30,5,127.8,r-strb_sl6_st6_bu500_no0.05_re0.9_re0.5
smd,vtcn-kl,strb,8,8,B4,500.0,0.05,0.9,0.5,,,,0.029975552897229352,0.07245935662412674,-0.029975552897229352,0.7077944900336269,0.726052345473385,0.7742690545533003,5,10,10,0.7051,0.6614,0.6609,0.7706,0.7411,0.7155,0.7404,0.659,0.7743,0.7411,0.00020652639925842155,0.0006277923654449001,0.0002853610206569,0.0003424313447879,205.5,30,5,103.7,r-strb_sl8_st8_bu500_no0.05_re0.9_re0.5
smd,vtcn-kl,strb,10,10,B4,500.0,0.05,0.9,0.5,,,,-0.0022777624423030995,0.08721438279983593,0.0022777624423030995,0.7249958042392479,0.7243286269074016,0.7915034195168115,5,10,10,0.7272,0.7189,0.6702,0.7808,0.7279,0.703,0.7428,0.6565,0.7915,0.7279,0.0002542165646683493,0.0006855443376146001,0.0003116118914369,0.00037393244617770004,224.4,30,5,99.0,r-strb_sl10_st10_bu500_no0.05_re0.9_re0.5
smd,vtcn-kl,strb,12,12,B4,500.0,0.05,0.9,0.5,,,,0.03523684962363292,0.04850926287447466,-0.03523684962363292,0.6926825378415604,0.7146845990063369,0.7563914477597578,5,10,10,0.6991,0.6495,0.6786,0.7443,0.6919,0.7346,0.7414,0.6598,0.7457,0.6919,0.0004501366704347,0.0006800407756075,0.0003091102903966,0.0003709304852108,222.6,31,5,79.1,r-strb_sl12_st12_bu500_no0.05_re0.9_re0.5
smd,vtcn-kl,strb,16,16,B4,500.0,0.05,0.9,0.5,,,,0.021023107949921894,0.07299400197358555,-0.021023107949921894,0.7111303543782567,0.7229520525920542,0.7606482875622428,5,10,10,0.7033,0.6967,0.6707,0.7517,0.7332,0.7288,0.7362,0.6772,0.7393,0.7332,0.00034275525784980003,0.0005178150697357,0.0002353712843174151,0.0002824437854182,169.5,31,5,64.4,r-strb_sl16_st16_bu500_no0.05_re0.9_re0.5
smd,vtcn-kl,strb,24,24,B4,500.0,0.05,0.9,0.5,,,,0.025045426671692295,0.07553100932019122,-0.025045426671692295,0.7077908465390526,0.7298946192286658,0.7916327874390106,5,10,10,0.708,0.7151,0.6622,0.728,0.7256,0.7212,0.7454,0.6657,0.7916,0.7256,0.00022819076597846465,0.0005112719827998,0.00023239698460473049,0.00027887499819506916,167.3,30,5,54.7,r-strb_sl24_st24_bu500_no0.05_re0.9_re0.5
smd,vtcn-kl,strb,48,48,B4,500.0,0.05,0.9,0.5,,,,0.008500772641035381,0.044218375500770325,-0.008500772641035381,0.7131256122047308,0.720370323178232,0.7958795858673721,5,10,10,0.7198,0.7213,0.6584,0.7607,0.7054,0.7155,0.7318,0.6532,0.7959,0.7054,0.0001961364286239789,0.0002963117155451,0.00013468756880805207,0.0001616241467371583,97.0,34,5,48.6,r-strb_sl48_st48_bu500_no0.05_re0.9_re0.5
smd,vtcn-kl,strb,6,6,B4,500.0,0.35,0.9,0.5,,,,-0.0016759482326939024,0.07507586401193439,0.0016759482326939024,0.7166157097007385,0.7113341673247404,0.7764423376902114,5,10,10,0.7178,0.6948,0.6733,0.7764,0.7207,0.6696,0.7295,0.6674,0.7695,0.7207,0.00028990929018313396,0.0008187963479696001,0.0003721818330418,0.00044661451492760003,268.0,30,5,125.1,r-strb_sl6_st6_bu500_no0.35_re0.9_re0.5
smd,vtcn-kl,strb,8,8,B4,500.0,0.35,0.9,0.5,,,,0.0258382412317949,0.07200070905158708,-0.0258382412317949,0.7081593809419511,0.7228252461055702,0.7633669324432428,5,10,10,0.7051,0.6614,0.6701,0.7634,0.7409,0.7095,0.7332,0.6707,0.7599,0.7409,0.0004213650399196,0.0006365742392951,0.0002893530108241,0.0003472212284709,208.3,30,5,102.3,r-strb_sl8_st8_bu500_no0.35_re0.9_re0.5
smd,vtcn-kl,strb,10,10,B4,500.0,0.35,0.9,0.5,,,,-0.005747479900587493,0.08512047075898085,0.005747479900587493,0.7272399334971203,0.7243486206235114,0.7956789173205467,5,10,10,0.7272,0.7189,0.6838,0.7793,0.7271,0.6924,0.7354,0.6711,0.7957,0.7271,0.000365999098178,0.0005529305363108,0.0002513327323501,0.0003015978039606,181.0,30,5,87.0,r-strb_sl10_st10_bu500_no0.35_re0.9_re0.5
smd,vtcn-kl,strb,12,12,B4,500.0,0.35,0.9,0.5,,,,0.03450823192073134,0.05060317748886052,-0.03450823192073134,0.6998734994173414,0.7212636502235108,0.7570779889022272,5,10,10,0.6991,0.6495,0.6837,0.7416,0.7254,0.7237,0.7373,0.6755,0.7445,0.7254,0.0004271387420512,0.0006452968187551,0.000293318550002,0.0003519782687529,211.2,30,5,77.0,r-strb_sl12_st12_bu500_no0.35_re0.9_re0.5
smd,vtcn-kl,strb,16,16,B4,500.0,0.35,0.9,0.5,,,,0.019726052155383478,0.07204482633292379,-0.019726052155383478,0.7124212107413763,0.7233504272035637,0.7615112541509911,5,10,10,0.7033,0.6967,0.6802,0.7493,0.7325,0.7228,0.7326,0.6881,0.7408,0.7325,0.0002906539220096,0.0004391033469144,0.00019959301857872452,0.0002395103283357,143.7,31,5,63.7,r-strb_sl16_st16_bu500_no0.35_re0.9_re0.5
smd,vtcn-kl,strb,24,24,B4,500.0,0.35,0.9,0.5,,,,0.024287959249099534,0.07410137420390375,-0.024287959249099534,0.7084156686538192,0.7294120954555682,0.7817822685136504,5,10,10,0.708,0.7151,0.6666,0.7265,0.7259,0.7227,0.7421,0.6746,0.7818,0.7259,0.0002635163374635,0.00039810543393600003,0.00018095751643534434,0.0002171479175006057,130.3,30,5,54.3,r-strb_sl24_st24_bu500_no0.35_re0.9_re0.5
smd,vtcn-kl,strb,48,48,B4,500.0,0.35,0.9,0.5,,,,0.008988948204651815,0.038011439357419255,-0.008988948204651815,0.7071231237639942,0.7128860561496332,0.7753028756492018,5,10,10,0.7198,0.7213,0.663,0.7557,0.6758,0.7254,0.7327,0.6552,0.7753,0.6758,0.00010100610755468064,0.0003024730785055,0.00013748823836730377,0.0001649848401383497,99.0,35,5,49.2,r-strb_sl48_st48_bu500_no0.35_re0.9_re0.5
smd,vtcn-kl,strb,6,6,B4,1000.0,0.05,0.9,0.5,,,,0.014423265864803459,0.07239132893420178,-0.014423265864803459,0.7117231889742774,0.7210503813295226,0.7769678945142288,5,10,10,0.7178,0.6615,0.6812,0.777,0.7212,0.7054,0.7338,0.6689,0.7759,0.7212,0.0006536505655235,0.0009874979461806,0.00044887484583300003,0.0005386231003475001,323.2,30,5,158.6,r-strb_sl6_st6_bu1000_no0.05_re0.9_re0.5
smd,vtcn-kl,strb,8,8,B4,1000.0,0.05,0.9,0.5,,,,0.019862065175389566,0.0743644508790748,-0.019862065175389566,0.7159973594170703,0.7276567891972014,0.77429801835505,5,10,10,0.7051,0.6831,0.6803,0.7743,0.7372,0.7218,0.7335,0.6763,0.7695,0.7372,0.0005209905115134,0.0007870827124382999,0.00035776605584340003,0.0004293166565948,257.6,30,5,129.9,r-strb_sl8_st8_bu1000_no0.05_re0.9_re0.5
smd,vtcn-kl,strb,10,10,B4,1000.0,0.05,0.9,0.5,,,,-0.004296214721421521,0.08711173506276829,0.004296214721421521,0.7267469337596938,0.7239947917496172,0.7879308764689701,5,10,10,0.7272,0.7306,0.6697,0.7766,0.7297,0.701,0.7431,0.6583,0.7879,0.7297,0.00024056436447698952,0.0007173045469055,0.0003260484262776,0.00039125612062780005,234.8,30,5,116.2,r-strb_sl10_st10_bu1000_no0.05_re0.9_re0.5
smd,vtcn-kl,strb,12,12,B4,1000.0,0.05,0.9,0.5,,,,0.03359659363587607,0.05213126608506511,-0.03359659363587607,0.6981216838903253,0.7172195452223692,0.7584776241743958,5,10,10,0.6991,0.6529,0.6798,0.7585,0.7003,0.7361,0.7387,0.6627,0.7483,0.7003,0.000403544373279,0.0006096517938244,0.0002771154201427,0.0003325363736816,199.5,31,5,93.8,r-strb_sl12_st12_bu1000_no0.05_re0.9_re0.5
smd,vtcn-kl,strb,16,16,B4,1000.0,0.05,0.9,0.5,,,,0.016541063982441605,0.0756482615063101,-0.016541063982441605,0.7174475495544239,0.7237289563100604,0.7641668434882664,5,10,10,0.7033,0.7016,0.6855,0.7642,0.7326,0.717,0.7334,0.6728,0.7628,0.7326,0.00033094888819459997,0.0004999786806904,0.0002272636868027,0.00027271499388769997,163.6,31,5,72.2,r-strb_sl16_st16_bu1000_no0.05_re0.9_re0.5
smd,vtcn-kl,strb,24,24,B4,1000.0,0.05,0.9,0.5,,,,0.01842125985956682,0.07771816410969731,-0.01842125985956682,0.7115233002309727,0.7277351124638004,0.788590419858394,5,10,10,0.708,0.7331,0.6749,0.7271,0.7146,0.7187,0.7446,0.6721,0.7886,0.7146,0.0002544090764,0.00038434670401220003,0.00017470356776417856,0.00020964313624811693,125.8,30,5,57.4,r-strb_sl24_st24_bu1000_no0.05_re0.9_re0.5
smd,vtcn-kl,strb,48,48,B4,1000.0,0.05,0.9,0.5,,,,0.015872465397225633,0.03838210812250518,-0.015872465397225633,0.7085132502816416,0.7231185731195533,0.8104306711468622,5,10,10,0.7198,0.7082,0.6597,0.7574,0.6975,0.7099,0.7421,0.6555,0.8104,0.6975,0.00023824196181058448,0.0003599223505507,0.00016360155596436621,0.00019632079458639185,117.8,34,5,49.0,r-strb_sl48_st48_bu1000_no0.05_re0.9_re0.5
smd,vtcn-kl,strb,6,6,B4,1000.0,0.2,0.9,0.5,,,,0.016307473382301974,0.07247176180600817,-0.016307473382301974,0.7111506133809009,0.7216857023167437,0.7848361713089897,5,10,10,0.7178,0.6615,0.6813,0.7763,0.7188,0.6939,0.7382,0.6727,0.7848,0.7188,0.0003684114520606294,0.0010323730974388001,0.00046926260028640004,0.0005631104971522,337.9,30,5,156.3,r-strb_sl6_st6_bu1000_no0.2_re0.9_re0.5
smd,vtcn-kl,strb,8,8,B4,1000.0,0.2,0.9,0.5,,,,0.019371922063581605,0.07455894597297037,-0.019371922063581605,0.7170509481274634,0.7278577409571083,0.7778005666259749,5,10,10,0.7051,0.6831,0.6785,0.7778,0.7408,0.72,0.7318,0.6746,0.7721,0.7408,0.0003030716618495805,0.0008303568099376,0.0003774364319473,0.00045292037799010004,271.8,30,5,122.4,r-strb_sl8_st8_bu1000_no0.2_re0.9_re0.5
smd,vtcn-kl,strb,10,10,B4,1000.0,0.2,0.9,0.5,,,,-0.004440494725859057,0.08470965860824511,0.004440494725859057,0.7258527050444834,0.7250467791109434,0.7984574446725606,5,10,10,0.7272,0.7306,0.6798,0.7733,0.7184,0.705,0.7418,0.6615,0.7985,0.7184,0.0002391018904678635,0.000671884738903,0.0003054030898764,0.0003664816490264,219.9,30,5,102.1,r-strb_sl10_st10_bu1000_no0.2_re0.9_re0.5
smd,vtcn-kl,strb,12,12,B4,1000.0,0.2,0.9,0.5,,,,0.0340074371675166,0.053200497199764565,-0.0340074371675166,0.70119333110823,0.7233115645298422,0.7570953254294087,5,10,10,0.6991,0.6529,0.6834,0.7514,0.7191,0.7269,0.7417,0.6743,0.7546,0.7191,0.0003968417301633,0.0005995258233750999,0.0002725125949046,0.0003270132284703,196.2,30,5,89.8,r-strb_sl12_st12_bu1000_no0.2_re0.9_re0.5
smd,vtcn-kl,strb,16,16,B4,1000.0,0.2,0.9,0.5,,,,0.018323985293084766,0.07424526526591656,-0.018323985293084766,0.7158637671024227,0.7252087565262608,0.7655327352204401,5,10,10,0.7033,0.7016,0.6865,0.7622,0.7256,0.7233,0.7325,0.679,0.7655,0.7256,0.000324515137594,0.0004902589376969,0.00022284567158524488,0.0002674132661117,160.4,31,5,69.6,r-strb_sl16_st16_bu1000_no0.2_re0.9_re0.5
smd,vtcn-kl,strb,24,24,B4,1000.0,0.2,0.9,0.5,,,,0.01853428046364456,0.07778064600184424,-0.01853428046364456,0.7116550778295607,0.7282422356197199,0.7885614614658889,5,10,10,0.708,0.7331,0.6749,0.7266,0.7157,0.7199,0.7425,0.6744,0.7886,0.7157,0.0002759111269716,0.000416830774092,0.00018946921985019444,0.00022736155424188322,136.4,30,5,56.4,r-strb_sl24_st24_bu1000_no0.2_re0.9_re0.5
smd,vtcn-kl,strb,48,48,B4,1000.0,0.2,0.9,0.5,,,,0.012322879179513191,0.0365627816820623,-0.012322879179513191,0.704557186335746,0.7138783809099994,0.790522378003034,5,10,10,0.7198,0.7082,0.6627,0.7576,0.6745,0.7145,0.7374,0.6526,0.7905,0.6745,0.00024876836311520003,0.0003758250365074,0.0001708301212974276,0.00020499491521001773,123.0,35,5,49.6,r-strb_sl48_st48_bu1000_no0.2_re0.9_re0.5
smd,vtcn-kl,strb,6,6,B4,1000.0,0.35,0.9,0.5,,,,0.015298056863087984,0.07361554226301385,-0.015298056863087984,0.7122505340028369,0.7219021501336074,0.7853472773352905,5,10,10,0.7178,0.6615,0.6811,0.7799,0.721,0.6906,0.7369,0.6757,0.7853,0.721,0.0007213383160322,0.0010897567341852,0.0004953482328661,0.000594408501319,356.7,30,5,156.8,r-strb_sl6_st6_bu1000_no0.35_re0.9_re0.5
smd,vtcn-kl,strb,8,8,B4,1000.0,0.35,0.9,0.5,,,,0.018409072639898917,0.07401761270780187,-0.018409072639898917,0.715467173039114,0.7256230406211183,0.775192510021992,5,10,10,0.7051,0.6831,0.6773,0.7752,0.7367,0.7139,0.739,0.669,0.7696,0.7367,0.0005978813866692,0.0009032450555943,0.0004105675883688,0.0004926774672254,295.6,30,5,123.2,r-strb_sl8_st8_bu1000_no0.35_re0.9_re0.5
smd,vtcn-kl,strb,10,10,B4,1000.0,0.35,0.9,0.5,,,,-0.0036704367819217153,0.08499595740339845,0.0036704367819217153,0.7266359902575082,0.7275272471752217,0.7946928558624722,5,10,10,0.7272,0.7306,0.6826,0.7735,0.7194,0.6964,0.7395,0.6876,0.7947,0.7194,0.0006715789635978,0.0010145831461491,0.0004611763879617,0.0005534067581873,332.0,30,5,101.4,r-strb_sl10_st10_bu1000_no0.35_re0.9_re0.5
smd,vtcn-kl,strb,12,12,B4,1000.0,0.35,0.9,0.5,,,,0.03255390401334808,0.05229676122341338,-0.03255390401334808,0.7019722053506896,0.722470607292627,0.7563112658632278,5,10,10,0.6991,0.6529,0.6898,0.7446,0.7235,0.7197,0.7406,0.6844,0.744,0.7235,0.0005625623694432,0.0008498871013425001,0.00038631350613550005,0.000463573595207,278.1,30,5,89.5,r-strb_sl12_st12_bu1000_no0.35_re0.9_re0.5
smd,vtcn-kl,strb,16,16,B4,1000.0,0.35,0.9,0.5,,,,0.018896472458380564,0.07364126578672597,-0.018896472458380564,0.7156997043050456,0.7249878579717806,0.7618395885058339,5,10,10,0.7033,0.7016,0.6879,0.7599,0.7257,0.7229,0.7354,0.6795,0.7616,0.7257,0.0004732023855149,0.0007148871407301,0.00032494965468778374,0.0003899374860423,234.0,31,5,70.2,r-strb_sl16_st16_bu1000_no0.35_re0.9_re0.5
smd,vtcn-kl,strb,24,24,B4,1000.0,0.35,0.9,0.5,,,,0.019039792939865595,0.07740006199529767,-0.019039792939865595,0.7122134773130864,0.7298185830333171,0.7906654846312614,5,10,10,0.708,0.7331,0.6742,0.7276,0.7182,0.7199,0.7446,0.6758,0.7907,0.7182,0.00023229005513831515,0.00052267814554,0.00023758163964112427,0.0002850965058989632,171.1,30,5,56.4,r-strb_sl24_st24_bu1000_no0.35_re0.9_re0.5
smd,vtcn-kl,strb,48,48,B4,1000.0,0.35,0.9,0.5,,,,0.011763979472656894,0.03681939453277364,-0.011763979472656894,0.7053380646234981,0.7138937762747612,0.7885759888953143,5,10,10,0.7198,0.7082,0.6649,0.7575,0.6763,0.7138,0.7358,0.655,0.7886,0.6763,0.00022667538906870002,0.00034244823298780003,0.0001556587680559864,0.00018678946493189385,112.1,35,5,49.9,r-strb_sl48_st48_bu1000_no0.35_re0.9_re0.5
smd,vtcn-kl,strb,24,12,B6,500.0,0.01,0.3,0.5,,,,0.008092758594210835,0.07504108326011508,-0.008092758594210835,0.7200385146891712,0.7240979063423658,0.7655421169297318,5,10,10,0.703,0.7284,0.6723,0.7655,0.7309,0.733,0.7393,0.6549,0.7623,0.7309,2.225990125129843e-06,0.0009363842617341,0.000425630232986,0.000510754028748,306.5,31,5,306.5,r-strb_sl24_st12_bu500_no0.01_re0.3_re0.5
smd,vtcn-kl,strb,24,12,B6,500.0,0.05,0.3,0.5,,,,0.007522314893245796,0.07682866915445986,-0.007522314893245796,0.7226088752801113,0.72588684586066,0.7710223608609283,5,10,10,0.703,0.7284,0.6783,0.771,0.7323,0.7267,0.739,0.6634,0.7679,0.7323,1.0300533270890078e-06,0.0004333018881549,0.0001969559706585,0.0002363459174963,141.8,31,5,141.8,r-strb_sl24_st12_bu500_no0.05_re0.3_re0.5
smd,vtcn-kl,strb,24,12,B6,500.0,0.1,0.3,0.5,,,,0.010565836476285829,0.07121611701081994,-0.010565836476285829,0.7159820919536558,0.7246684789242444,0.756537176574419,5,10,10,0.703,0.7284,0.6786,0.7376,0.7322,0.7333,0.7399,0.6613,0.7565,0.7322,7.109673054969004e-07,0.0002990752690046,0.0001359437129647,0.0001631315560398,97.9,32,5,97.9,r-strb_sl24_st12_bu500_no0.1_re0.3_re0.5
smd,vtcn-kl,strb,24,12,B6,500.0,0.35,0.3,0.5,,,,0.007491712164655928,0.07330852120817925,-0.007491712164655928,0.7207328160505382,0.723170418492155,0.763226665314067,5,10,10,0.703,0.7284,0.6759,0.7632,0.7331,0.72,0.739,0.6643,0.7594,0.7331,6.430294198485799e-07,0.0002704965407441,0.0001229532962968,0.0001475432444472,88.5,31,5,88.5,r-strb_sl24_st12_bu500_no0.35_re0.3_re0.5
smd,vtcn-kl,strb,24,12,B6,500.0,0.5,0.3,0.5,,,,0.006693669744796604,0.07403690181734725,-0.006693669744796604,0.7192824815656347,0.720265113749597,0.7695243299910492,5,10,10,0.703,0.7284,0.6743,0.7695,0.7211,0.7106,0.7368,0.6722,0.7605,0.7211,6.445805640360575e-07,0.0002711490445393,0.0001232498787052,0.0001478991658341,88.7,31,5,88.7,r-strb_sl24_st12_bu500_no0.5_re0.3_re0.5
smd,vtcn-kl,strb,24,12,B6,500.0,0.01,0.5,0.5,,,,0.009921611632956073,0.07215067268366061,-0.009921611632956073,0.7165650600481825,0.7244657094459691,0.7573875477354366,5,10,10,0.703,0.7284,0.6779,0.741,0.7325,0.7318,0.7383,0.6623,0.7574,0.7325,0.0003642264778544,0.0005502525627553,0.0002501153935199,0.0003001371692353,180.1,32,5,180.1,r-strb_sl24_st12_bu500_no0.01_re0.5_re0.5
smd,vtcn-kl,strb,24,12,B6,500.0,0.05,0.5,0.5,,,,0.006350283500986253,0.0681228888122645,-0.006350283500986253,0.711789035191787,0.7134285945113417,0.7702973949287583,5,10,10,0.703,0.7284,0.673,0.7702,0.6844,0.7208,0.7282,0.6635,0.7703,0.6844,8.684779716730973e-07,0.0003653336531715,0.0001660611619202,0.0001992724912512,119.6,31,5,119.6,r-strb_sl24_st12_bu500_no0.05_re0.5_re0.5
smd,vtcn-kl,strb,24,12,B6,500.0,0.1,0.5,0.5,,,,0.0074265993373127896,0.07577347153371461,-0.0074265993373127896,0.7216892558443725,0.7258491890120549,0.7686840822318385,5,10,10,0.703,0.7284,0.6755,0.7687,0.7329,0.7299,0.7403,0.6594,0.7668,0.7329,0.0001944955844937,0.0002938328219374,0.0001335607420737,0.0001602720798637,96.2,31,5,96.2,r-strb_sl24_st12_bu500_no0.1_re0.5_re0.5
smd,vtcn-kl,strb,24,12,B6,500.0,0.35,0.5,0.5,,,,0.007342044710571249,0.07546565768720823,-0.007342044710571249,0.7211913645527683,0.7236660788793945,0.7672185582191104,5,10,10,0.703,0.7284,0.6738,0.7672,0.7336,0.7247,0.7431,0.6542,0.7628,0.7336,0.0001794580709217,0.0002711150051844,0.0001232344699066,0.0001478805352778,88.7,31,5,88.7,r-strb_sl24_st12_bu500_no0.35_re0.5_re0.5
smd,vtcn-kl,strb,24,12,B6,500.0,0.5,0.5,0.5,,,,0.0062852186718243665,0.07361786512778178,-0.0062852186718243665,0.7188661478123656,0.7193376600055521,0.767664807399211,5,10,10,0.703,0.7284,0.674,0.7677,0.7213,0.7085,0.7356,0.6704,0.761,0.7213,0.0001807962892904,0.0002731367090738,0.0001241533553234,0.0001489833537504,89.4,31,5,89.4,r-strb_sl24_st12_bu500_no0.5_re0.5_re0.5
smd,vtcn-kl,strb,24,12,B6,500.0,0.01,0.7,0.5,,,,0.007459682708982685,0.07593112524509481,-0.007459682708982685,0.7213374232629446,0.724999491492426,0.7656025868783285,5,10,10,0.703,0.7284,0.6753,0.7656,0.7343,0.7329,0.7402,0.6568,0.7609,0.7343,0.0002299608806956,0.0003474117661122,0.0001579148531257,0.0001894969129865,113.7,31,5,113.7,r-strb_sl24_st12_bu500_no0.01_re0.7_re0.5
smd,vtcn-kl,strb,24,12,B6,500.0,0.05,0.7,0.5,,,,0.008891898797152154,0.07534223599826453,-0.008891898797152154,0.7209717382590627,0.7261025780663909,0.7706733185160773,5,10,10,0.703,0.7284,0.6715,0.7707,0.7313,0.7352,0.742,0.658,0.764,0.7313,6.975691483018316e-07,0.0002934392046788,0.0001333818089139,0.0001600573957649,96.0,31,5,96.0,r-strb_sl24_st12_bu500_no0.05_re0.7_re0.5
smd,vtcn-kl,strb,24,12,B6,500.0,0.1,0.7,0.5,,,,0.010495523861168277,0.07212783469699958,-0.010495523861168277,0.7163732826792659,0.7237886273458789,0.7549073457035026,5,10,10,0.703,0.7284,0.6755,0.7423,0.7327,0.7347,0.7397,0.6587,0.7531,0.7327,0.0001891893418991,0.0002858164536506,0.0001299169571197,0.0001558994965309,93.5,32,5,93.6,r-strb_sl24_st12_bu500_no0.1_re0.7_re0.5
smd,vtcn-kl,strb,24,12,B6,500.0,0.35,0.7,0.5,,,,0.00847665783838164,0.06914526855022643,-0.00847665783838164,0.7125078041822706,0.7182944288413593,0.7782374118338385,5,10,10,0.703,0.7284,0.6747,0.7417,0.7147,0.7041,0.7267,0.6677,0.7782,0.7147,0.0001811785214235,0.0002737141635523,0.0001244159086225,0.0001492982549297,89.6,32,5,89.6,r-strb_sl24_st12_bu500_no0.35_re0.7_re0.5
smd,vtcn-kl,strb,24,12,B6,500.0,0.5,0.7,0.5,,,,0.006246567365127809,0.07380464626560666,-0.006246567365127809,0.7194551264564149,0.7196177655535199,0.7675608471217195,5,10,10,0.703,0.7284,0.6748,0.7676,0.7236,0.7074,0.7354,0.6709,0.7608,0.7236,0.0001792360080484,0.0002707795252768,0.0001230819795119,0.0001476975457649,88.6,31,5,88.6,r-strb_sl24_st12_bu500_no0.5_re0.7_re0.5
smd,vtcn-kl,strb,24,12,B6,500.0,0.01,0.95,0.5,,,,0.007223156013907039,0.07283562609091457,-0.007223156013907039,0.7159690538679706,0.7178303828637255,0.7723064317539075,5,10,10,0.703,0.7284,0.6724,0.7723,0.7037,0.724,0.7377,0.6692,0.7545,0.7037,0.0001883728686763,0.0002845829725322,0.0001293562720477,0.0001552267004844,93.1,32,5,93.2,r-strb_sl24_st12_bu500_no0.01_re0.95_re0.5
smd,vtcn-kl,strb,24,12,B6,500.0,0.05,0.95,0.5,,,,0.00632261520898938,0.073825950193646,-0.00632261520898938,0.7180201912594412,0.718587391484818,0.7722840564124307,5,10,10,0.703,0.7284,0.6742,0.7723,0.7122,0.7135,0.7327,0.6689,0.7656,0.7122,0.0001793860142332,0.0002710061460544,0.000123184919735,0.0001478212263194,88.7,31,5,88.7,r-strb_sl24_st12_bu500_no0.05_re0.95_re0.5
smd,vtcn-kl,strb,24,12,B6,500.0,0.1,0.95,0.5,,,,0.007879248883288104,0.07281043539332752,-0.007879248883288104,0.7161372355603443,0.718705337420826,0.7722675365785445,5,10,10,0.703,0.7284,0.6722,0.7723,0.7048,0.7227,0.7379,0.6707,0.7574,0.7048,0.0001828891748928,0.000276298521123,0.0001255905846638,0.0001507079364592,90.4,32,5,90.4,r-strb_sl24_st12_bu500_no0.1_re0.95_re0.5
smd,vtcn-kl,strb,24,12,B6,500.0,0.35,0.95,0.5,,,,0.006293088640417288,0.07291886760931762,-0.006293088640417288,0.7166097074901318,0.717757402174543,0.7720180189303774,5,10,10,0.703,0.7284,0.6765,0.772,0.7032,0.7232,0.7394,0.6675,0.7555,0.7032,0.0001822103806816,0.0002752730375928,0.0001251245481485,0.0001501484894442,90.1,32,5,90.1,r-strb_sl24_st12_bu500_no0.35_re0.95_re0.5
smd,vtcn-kl,strb,24,12,B6,500.0,0.5,0.95,0.5,,,,0.006469556384329301,0.07367588122599619,-0.006469556384329301,0.7186993479690864,0.7194634005081707,0.7676873828827485,5,10,10,0.703,0.7284,0.6747,0.7677,0.7198,0.713,0.7346,0.6709,0.759,0.7198,6.451642096170353e-07,0.0002713945606943,0.0001233614715268,0.0001480330891674,88.8,31,5,88.8,r-strb_sl24_st12_bu500_no0.5_re0.95_re0.5
