model,regime,run_id,n_concepts,fwt_lopez_paz
gru,cumulative,r-cumulative_sl10_st10_sp168,8,0.29476570236797744
gru,cumulative,r-cumulative_sl10_st10_sp336,4,0.23154033962304332
gru,cumulative,r-cumulative_sl12_st12_sp168,8,0.2939811702558239
gru,cumulative,r-cumulative_sl12_st12_sp336,4,0.20467634308570104
gru,cumulative,r-cumulative_sl12_st6_sp336,4,0.18582244963418282
gru,cumulative,r-cumulative_sl16_st16_sp168,8,0.3053108498560464
gru,cumulative,r-cumulative_sl16_st16_sp336,4,0.18747950840256764
gru,cumulative,r-cumulative_sl24_st12_sp336,4,0.21714294092586608
gru,cumulative,r-cumulative_sl24_st24_sp168,8,0.3058649131537408
gru,cumulative,r-cumulative_sl24_st24_sp336,4,0.23623063177954132
gru,cumulative,r-cumulative_sl6_st6_sp168,8,0.30424602472887674
gru,cumulative,r-cumulative_sl6_st6_sp336,4,0.2521706348024275
gru,cumulative,r-cumulative_sl8_st4_sp168,8,0.2964464409238203
gru,cumulative,r-cumulative_sl8_st4_sp336,4,0.20745053469363683
gru,cumulative,r-cumulative_sl8_st8_sp168,8,0.3069557068771959
gru,cumulative,r-cumulative_sl8_st8_sp336,4,0.23168684661374814
lstm,cumulative,r-cumulative_sl10_st10_sp336,4,0.19720306936147988
lstm,cumulative,r-cumulative_sl12_st12_sp168,8,0.28625326535114254
lstm,cumulative,r-cumulative_sl12_st12_sp336,4,0.19795110894808512
lstm,cumulative,r-cumulative_sl12_st6_sp336,4,0.17009418233570392
lstm,cumulative,r-cumulative_sl16_st16_sp336,4,0.19335043214756323
lstm,cumulative,r-cumulative_sl24_st12_sp336,4,0.22120284494484085
lstm,cumulative,r-cumulative_sl24_st24_sp336,4,0.23854909658584722
lstm,cumulative,r-cumulative_sl6_st6_sp336,4,0.24275711718560097
lstm,cumulative,r-cumulative_sl8_st4_sp336,4,0.201003453182196
lstm,cumulative,r-cumulative_sl8_st8_sp336,4,0.18121329711236198
tcn,cumulative,r-cumulative_sl10_st10_sp336,4,0.24855571513085786
tcn,cumulative,r-cumulative_sl12_st12_sp168,8,0.2530932607353144
tcn,cumulative,r-cumulative_sl12_st12_sp336,4,0.19879865349185946
tcn,cumulative,r-cumulative_sl12_st6_sp336,4,0.20504740766610127
tcn,cumulative,r-cumulative_sl16_st16_sp336,4,0.23955416499253634
tcn,cumulative,r-cumulative_sl24_st12_sp336,4,0.2270677109167701
tcn,cumulative,r-cumulative_sl24_st24_sp336,4,0.219318051934835
tcn,cumulative,r-cumulative_sl6_st6_sp336,4,0.2868868642669087
tcn,cumulative,r-cumulative_sl8_st4_sp336,4,0.23158198800684796
tcn,cumulative,r-cumulative_sl8_st8_sp336,4,0.18747170309836944
vgru,cumulative,r-cumulative_sl10_st10_sp336,4,0.38014985150566855
vgru,cumulative,r-cumulative_sl12_st12_sp168,8,0.45955432440251603
vgru,cumulative,r-cumulative_sl12_st12_sp336,4,0.37771104609660355
vgru,cumulative,r-cumulative_sl12_st6_sp336,4,0.3800162519580316
vgru,cumulative,r-cumulative_sl16_st16_sp336,4,0.3852770722713736
vgru,cumulative,r-cumulative_sl24_st12_sp336,4,0.3926731491136328
vgru,cumulative,r-cumulative_sl24_st24_sp336,4,0.3901693400257497
vgru,cumulative,r-cumulative_sl6_st6_sp336,4,0.381843590769869
vgru,cumulative,r-cumulative_sl8_st4_sp336,4,0.38204268265058916
vgru,cumulative,r-cumulative_sl8_st8_sp336,4,0.3828160005799431
vgru-kl,cumulative,r-cumulative_sl10_st10_sp336,4,0.38297140147247494
vgru-kl,cumulative,r-cumulative_sl12_st12_sp168,8,0.4251427328579326
vgru-kl,cumulative,r-cumulative_sl12_st12_sp336,4,0.3741361048297566
vgru-kl,cumulative,r-cumulative_sl12_st6_sp336,4,0.3597754432612514
vgru-kl,cumulative,r-cumulative_sl16_st16_sp336,4,0.3836904879359646
vgru-kl,cumulative,r-cumulative_sl24_st12_sp336,4,0.3889575324175864
vgru-kl,cumulative,r-cumulative_sl24_st24_sp336,4,0.3918725251396779
vgru-kl,cumulative,r-cumulative_sl6_st6_sp336,4,0.3587484790240449
vgru-kl,cumulative,r-cumulative_sl8_st4_sp336,4,0.36467367415900265
vgru-kl,cumulative,r-cumulative_sl8_st8_sp336,4,0.36991059935359577
vlstm,cumulative,r-cumulative_sl10_st10_sp336,4,0.38037348489273404
vlstm,cumulative,r-cumulative_sl12_st12_sp168,8,0.4626866047371944
vlstm,cumulative,r-cumulative_sl12_st12_sp336,4,0.37926186196753386
vlstm,cumulative,r-cumulative_sl12_st6_sp336,4,0.3785807722910061
vlstm,cumulative,r-cumulative_sl16_st16_sp336,4,0.38707855546440806
vlstm,cumulative,r-cumulative_sl24_st12_sp336,4,0.39352591459928526
vlstm,cumulative,r-cumulative_sl24_st24_sp336,4,0.3948247661147506
vlstm,cumulative,r-cumulative_sl6_st6_sp336,4,0.3819707008642246
vlstm,cumulative,r-cumulative_sl8_st4_sp336,4,0.38368102009380617
vlstm,cumulative,r-cumulative_sl8_st8_sp336,4,0.3829889166230271
vlstm-kl,cumulative,r-cumulative_sl10_st10_sp336,4,0.3679804118759307
vlstm-kl,cumulative,r-cumulative_sl12_st12_sp168,8,0.41736155057640106
vlstm-kl,cumulative,r-cumulative_sl12_st12_sp336,4,0.38214673754909456
vlstm-kl,cumulative,r-cumulative_sl12_st6_sp336,4,0.372384012980478
vlstm-kl,cumulative,r-cumulative_sl16_st16_sp336,4,0.38675992574463836
vlstm-kl,cumulative,r-cumulative_sl24_st12_sp336,4,0.3972579744716871
vlstm-kl,cumulative,r-cumulative_sl24_st24_sp336,4,0.38602658649432176
vlstm-kl,cumulative,r-cumulative_sl6_st6_sp336,4,0.35952329592151683
vlstm-kl,cumulative,r-cumulative_sl8_st4_sp336,4,0.3663661547576172
vlstm-kl,cumulative,r-cumulative_sl8_st8_sp336,4,0.37170119393833306
vtcn,cumulative,r-cumulative_sl10_st10_sp336,4,0.381598535317263
vtcn,cumulative,r-cumulative_sl12_st12_sp168,8,0.4598090067952807
vtcn,cumulative,r-cumulative_sl12_st12_sp336,4,0.3734776109793175
vtcn,cumulative,r-cumulative_sl12_st6_sp336,4,0.3799342210612389
vtcn,cumulative,r-cumulative_sl16_st16_sp336,4,0.38775593949262604
vtcn,cumulative,r-cumulative_sl24_st12_sp336,4,0.3918277415215323
vtcn,cumulative,r-cumulative_sl24_st24_sp336,4,0.3900162499898759
vtcn,cumulative,r-cumulative_sl6_st6_sp336,4,0.3815003938716817
vtcn,cumulative,r-cumulative_sl8_st4_sp336,4,0.38147195213234286
vtcn,cumulative,r-cumulative_sl8_st8_sp336,4,0.38341886170609935
vtcn-kl,cumulative,r-cumulative_sl10_st10_sp336,4,0.3791362857229032
vtcn-kl,cumulative,r-cumulative_sl12_st12_sp168,8,0.4078015618245807
vtcn-kl,cumulative,r-cumulative_sl12_st12_sp336,4,0.3678334640769963
vtcn-kl,cumulative,r-cumulative_sl12_st6_sp336,4,0.3717697809650102
vtcn-kl,cumulative,r-cumulative_sl16_st16_sp336,4,0.3768426268271232
vtcn-kl,cumulative,r-cumulative_sl24_st12_sp336,4,0.38391841908603314
vtcn-kl,cumulative,r-cumulative_sl24_st24_sp336,4,0.39361627971190066
vtcn-kl,cumulative,r-cumulative_sl6_st6_sp336,4,0.36909221080922644
vtcn-kl,cumulative,r-cumulative_sl8_st4_sp336,4,0.34921039011244864
vtcn-kl,cumulative,r-cumulative_sl8_st8_sp336,4,0.3267892722815698
gru,derpp,r-derpp_sl10_st10_sp168_bu50_re0.5_al0.5_te0.5,8,0.31689142045046703
gru,derpp,r-derpp_sl10_st10_sp336_bu50_re0.5_al0.5_te0.5,4,0.23748294920532662
gru,derpp,r-derpp_sl12_st12_sp168_bu1000_re0.5_al0.5_te0.5,8,0.31805809825785986
gru,derpp,r-derpp_sl12_st12_sp168_bu100_re0.5_al0.5_te0.5,8,0.3010619400294666
gru,derpp,r-derpp_sl12_st12_sp168_bu250_re0.5_al0.5_te0.5,8,0.3145738371673476
gru,derpp,r-derpp_sl12_st12_sp168_bu500_re0.5_al0.5_te0.5,8,0.3131286408159049
gru,derpp,r-derpp_sl12_st12_sp168_bu50_al0.5_te0.5,8,0.3050444411354838
gru,derpp,r-derpp_sl12_st12_sp168_bu50_re0.3_al0.5_te0.5,8,0.31138687383952135
gru,derpp,r-derpp_sl12_st12_sp168_bu50_re0.5_al0.1_te0.5,8,0.30781578769454004
gru,derpp,r-derpp_sl12_st12_sp168_bu50_re0.5_al0.5_te0.1,8,0.30939417466927416
gru,derpp,r-derpp_sl12_st12_sp168_bu50_re0.5_al0.5_te0.5,8,0.3105180752067765
gru,derpp,r-derpp_sl12_st12_sp168_bu50_re0.5_al0.5_te1.0,8,0.3143481372953391
gru,derpp,r-derpp_sl12_st12_sp168_bu50_re0.5_al1.0_te0.5,8,0.31195451603289576
gru,derpp,r-derpp_sl12_st12_sp336_bu1000_re0.5_al0.5_te0.5,4,0.2402342364217779
gru,derpp,r-derpp_sl12_st12_sp336_bu100_re0.5_al0.5_te0.5,4,0.2321113122460313
gru,derpp,r-derpp_sl12_st12_sp336_bu250_re0.5_al0.5_te0.5,4,0.2400092982449243
gru,derpp,r-derpp_sl12_st12_sp336_bu500_re0.5_al0.5_te0.5,4,0.2461661917315324
gru,derpp,r-derpp_sl12_st12_sp336_bu50_al0.5_te0.5,4,0.2340667096542195
gru,derpp,r-derpp_sl12_st12_sp336_bu50_re0.3_al0.5_te0.5,4,0.22812749966972587
gru,derpp,r-derpp_sl12_st12_sp336_bu50_re0.5_al0.1_te0.5,4,0.22157457537782313
gru,derpp,r-derpp_sl12_st12_sp336_bu50_re0.5_al0.5_te0.1,4,0.21613740434799542
gru,derpp,r-derpp_sl12_st12_sp336_bu50_re0.5_al0.5_te0.5,4,0.22320913035295062
gru,derpp,r-derpp_sl12_st12_sp336_bu50_re0.5_al0.5_te1.0,4,0.2269339343914545
gru,derpp,r-derpp_sl12_st12_sp336_bu50_re0.5_al1.0_te0.5,4,0.2088758405821012
gru,derpp,r-derpp_sl16_st16_sp168_bu50_re0.5_al0.5_te0.5,8,0.34146980727133414
gru,derpp,r-derpp_sl16_st16_sp336_bu50_re0.5_al0.5_te0.5,4,0.23572335087866614
gru,derpp,r-derpp_sl24_st24_sp168_bu50_re0.5_al0.5_te0.5,8,0.37338256720607277
gru,derpp,r-derpp_sl24_st24_sp336_bu50_re0.5_al0.5_te0.5,4,0.2626352972530132
gru,derpp,r-derpp_sl6_st6_sp168_bu50_re0.5_al0.5_te0.5,8,0.33821193846395897
gru,derpp,r-derpp_sl6_st6_sp336_bu50_re0.5_al0.5_te0.5,4,0.25603998411278256
gru,derpp,r-derpp_sl8_st8_sp168_bu50_re0.5_al0.5_te0.5,8,0.3488319238995728
gru,derpp,r-derpp_sl8_st8_sp336_bu50_re0.5_al0.5_te0.5,4,0.22687663902445357
lstm,derpp,r-derpp_sl10_st10_sp336_bu50_re0.5_al0.5_te0.5,4,0.25023020769929927
lstm,derpp,r-derpp_sl12_st12_sp168_bu50_re0.5_al0.5_te0.5,8,0.31484763541585614
lstm,derpp,r-derpp_sl12_st12_sp336_bu1000_re0.5_al0.5_te0.5,4,0.25752206958480284
lstm,derpp,r-derpp_sl12_st12_sp336_bu100_re0.5_al0.5_te0.5,4,0.22466547482358293
lstm,derpp,r-derpp_sl12_st12_sp336_bu250_re0.5_al0.5_te0.5,4,0.24266669079594472
lstm,derpp,r-derpp_sl12_st12_sp336_bu500_re0.5_al0.5_te0.5,4,0.23663512884440463
lstm,derpp,r-derpp_sl12_st12_sp336_bu50_al0.5_te0.5,4,0.24061124095904304
lstm,derpp,r-derpp_sl12_st12_sp336_bu50_re0.3_al0.5_te0.5,4,0.2393244324707597
lstm,derpp,r-derpp_sl12_st12_sp336_bu50_re0.5_al0.1_te0.5,4,0.2292271543218082
lstm,derpp,r-derpp_sl12_st12_sp336_bu50_re0.5_al0.5_te0.1,4,0.21645825105841124
lstm,derpp,r-derpp_sl12_st12_sp336_bu50_re0.5_al0.5_te0.5,4,0.225720997569531
lstm,derpp,r-derpp_sl12_st12_sp336_bu50_re0.5_al0.5_te1.0,4,0.23930875824358955
lstm,derpp,r-derpp_sl12_st12_sp336_bu50_re0.5_al1.0_te0.5,4,0.21317517497968438
lstm,derpp,r-derpp_sl16_st16_sp336_bu50_re0.5_al0.5_te0.5,4,0.2273015093335253
lstm,derpp,r-derpp_sl24_st24_sp336_bu50_re0.5_al0.5_te0.5,4,0.2845933142232216
lstm,derpp,r-derpp_sl6_st6_sp336_bu50_re0.5_al0.5_te0.5,4,0.23161321671393112
lstm,derpp,r-derpp_sl8_st8_sp336_bu50_re0.5_al0.5_te0.5,4,0.24011138479037344
tcn,derpp,r-derpp_sl10_st10_sp336_bu50_re0.5_al0.5_te0.5,4,0.24046074079416924
tcn,derpp,r-derpp_sl12_st12_sp168_bu50_re0.5_al0.5_te0.5,8,0.3083360261592382
tcn,derpp,r-derpp_sl12_st12_sp336_bu1000_re0.5_al0.5_te0.5,4,0.25472705558154474
tcn,derpp,r-derpp_sl12_st12_sp336_bu100_re0.5_al0.5_te0.5,4,0.23374659469680004
tcn,derpp,r-derpp_sl12_st12_sp336_bu250_re0.5_al0.5_te0.5,4,0.26084607648908426
tcn,derpp,r-derpp_sl12_st12_sp336_bu500_re0.5_al0.5_te0.5,4,0.25003878293115417
tcn,derpp,r-derpp_sl12_st12_sp336_bu50_al0.5_te0.5,4,0.2381549180466991
tcn,derpp,r-derpp_sl12_st12_sp336_bu50_re0.3_al0.5_te0.5,4,0.24906794658137632
tcn,derpp,r-derpp_sl12_st12_sp336_bu50_re0.5_al0.1_te0.5,4,0.21544550191303427
tcn,derpp,r-derpp_sl12_st12_sp336_bu50_re0.5_al0.5_te0.1,4,0.21332169862264708
tcn,derpp,r-derpp_sl12_st12_sp336_bu50_re0.5_al0.5_te0.5,4,0.2132986426268324
tcn,derpp,r-derpp_sl12_st12_sp336_bu50_re0.5_al0.5_te1.0,4,0.21460495819467076
tcn,derpp,r-derpp_sl12_st12_sp336_bu50_re0.5_al1.0_te0.5,4,0.22563083912049622
tcn,derpp,r-derpp_sl16_st16_sp336_bu50_re0.5_al0.5_te0.5,4,0.26802395645908056
tcn,derpp,r-derpp_sl24_st24_sp336_bu50_re0.5_al0.5_te0.5,4,0.24437054507892
tcn,derpp,r-derpp_sl6_st6_sp336_bu50_re0.5_al0.5_te0.5,4,0.27913223217365846
tcn,derpp,r-derpp_sl8_st8_sp336_bu50_re0.5_al0.5_te0.5,4,0.25739332149754596
vgru,derpp,r-derpp_sl10_st10_sp336_bu50_re0.5_al0.5_te0.5,4,0.3889229764270487
vgru,derpp,r-derpp_sl12_st12_sp168_bu50_re0.5_al0.5_te0.5,8,0.4587503105562791
vgru,derpp,r-derpp_sl12_st12_sp336_bu1000_re0.5_al0.5_te0.5,4,0.38194121586113927
vgru,derpp,r-derpp_sl12_st12_sp336_bu100_re0.5_al0.5_te0.5,4,0.3823131763303536
vgru,derpp,r-derpp_sl12_st12_sp336_bu250_re0.5_al0.5_te0.5,4,0.38008961312353495
vgru,derpp,r-derpp_sl12_st12_sp336_bu500_re0.5_al0.5_te0.5,4,0.3822171227433708
vgru,derpp,r-derpp_sl12_st12_sp336_bu50_al0.5_te0.5,4,0.3768009481544836
vgru,derpp,r-derpp_sl12_st12_sp336_bu50_re0.3_al0.5_te0.5,4,0.3790908485050166
vgru,derpp,r-derpp_sl12_st12_sp336_bu50_re0.5_al0.1_te0.5,4,0.37939731065354554
vgru,derpp,r-derpp_sl12_st12_sp336_bu50_re0.5_al0.5_te0.1,4,0.37692117398785174
vgru,derpp,r-derpp_sl12_st12_sp336_bu50_re0.5_al0.5_te0.5,4,0.37931037876230667
vgru,derpp,r-derpp_sl12_st12_sp336_bu50_re0.5_al0.5_te1.0,4,0.38164524684333934
vgru,derpp,r-derpp_sl12_st12_sp336_bu50_re0.5_al1.0_te0.5,4,0.37860109878982673
vgru,derpp,r-derpp_sl16_st16_sp336_bu50_re0.5_al0.5_te0.5,4,0.3898119837801524
vgru,derpp,r-derpp_sl24_st24_sp336_bu50_re0.5_al0.5_te0.5,4,0.397939906567035
vgru,derpp,r-derpp_sl6_st6_sp336_bu50_re0.5_al0.5_te0.5,4,0.3801772415049131
vgru,derpp,r-derpp_sl8_st8_sp336_bu50_re0.5_al0.5_te0.5,4,0.3863086555584118
vgru-kl,derpp,r-derpp_sl10_st10_sp336_bu50_re0.5_al0.5_te0.5,4,0.3624769270031914
vgru-kl,derpp,r-derpp_sl12_st12_sp168_bu50_re0.5_al0.5_te0.5,8,0.42173621334274813
vgru-kl,derpp,r-derpp_sl12_st12_sp336_bu1000_re0.5_al0.5_te0.5,4,0.37018820701598054
vgru-kl,derpp,r-derpp_sl12_st12_sp336_bu100_re0.5_al0.5_te0.5,4,0.364366964715866
vgru-kl,derpp,r-derpp_sl12_st12_sp336_bu250_re0.5_al0.5_te0.5,4,0.3713614110146504
vgru-kl,derpp,r-derpp_sl12_st12_sp336_bu500_re0.5_al0.5_te0.5,4,0.36676732433316944
vgru-kl,derpp,r-derpp_sl12_st12_sp336_bu50_al0.5_te0.5,4,0.36592455297351684
vgru-kl,derpp,r-derpp_sl12_st12_sp336_bu50_re0.3_al0.5_te0.5,4,0.3643700727669017
vgru-kl,derpp,r-derpp_sl12_st12_sp336_bu50_re0.5_al0.1_te0.5,4,0.3668707429905414
vgru-kl,derpp,r-derpp_sl12_st12_sp336_bu50_re0.5_al0.5_te0.1,4,0.36413631992035694
vgru-kl,derpp,r-derpp_sl12_st12_sp336_bu50_re0.5_al0.5_te0.5,4,0.36833770896923496
vgru-kl,derpp,r-derpp_sl12_st12_sp336_bu50_re0.5_al0.5_te1.0,4,0.3696454843294435
vgru-kl,derpp,r-derpp_sl12_st12_sp336_bu50_re0.5_al1.0_te0.5,4,0.3678221082707906
vgru-kl,derpp,r-derpp_sl16_st16_sp336_bu50_re0.5_al0.5_te0.5,4,0.38670439068699425
vgru-kl,derpp,r-derpp_sl24_st24_sp336_bu50_re0.5_al0.5_te0.5,4,0.3984080460112338
vgru-kl,derpp,r-derpp_sl6_st6_sp336_bu50_re0.5_al0.5_te0.5,4,0.35979274585954474
vgru-kl,derpp,r-derpp_sl8_st8_sp336_bu50_re0.5_al0.5_te0.5,4,0.3687376942586971
vlstm,derpp,r-derpp_sl10_st10_sp336_bu50_re0.5_al0.5_te0.5,4,0.38773193561522024
vlstm,derpp,r-derpp_sl12_st12_sp168_bu50_re0.5_al0.5_te0.5,8,0.4585998355614765
vlstm,derpp,r-derpp_sl12_st12_sp336_bu1000_re0.5_al0.5_te0.5,4,0.38148810201068684
vlstm,derpp,r-derpp_sl12_st12_sp336_bu100_re0.5_al0.5_te0.5,4,0.3824455448398549
vlstm,derpp,r-derpp_sl12_st12_sp336_bu250_re0.5_al0.5_te0.5,4,0.3779465502365404
vlstm,derpp,r-derpp_sl12_st12_sp336_bu500_re0.5_al0.5_te0.5,4,0.38120259367490705
vlstm,derpp,r-derpp_sl12_st12_sp336_bu50_al0.5_te0.5,4,0.37552687207068924
vlstm,derpp,r-derpp_sl12_st12_sp336_bu50_re0.3_al0.5_te0.5,4,0.3781638708850841
vlstm,derpp,r-derpp_sl12_st12_sp336_bu50_re0.5_al0.1_te0.5,4,0.37778522514520146
vlstm,derpp,r-derpp_sl12_st12_sp336_bu50_re0.5_al0.5_te0.1,4,0.37603315487487804
vlstm,derpp,r-derpp_sl12_st12_sp336_bu50_re0.5_al0.5_te0.5,4,0.37839887924593474
vlstm,derpp,r-derpp_sl12_st12_sp336_bu50_re0.5_al0.5_te1.0,4,0.38070887230444805
vlstm,derpp,r-derpp_sl12_st12_sp336_bu50_re0.5_al1.0_te0.5,4,0.378795097634435
vlstm,derpp,r-derpp_sl16_st16_sp336_bu50_re0.5_al0.5_te0.5,4,0.3912068962403443
vlstm,derpp,r-derpp_sl24_st24_sp336_bu50_re0.5_al0.5_te0.5,4,0.3995527283664071
vlstm,derpp,r-derpp_sl6_st6_sp336_bu50_re0.5_al0.5_te0.5,4,0.3809249631779914
vlstm,derpp,r-derpp_sl8_st8_sp336_bu50_re0.5_al0.5_te0.5,4,0.38634672980181034
vlstm-kl,derpp,r-derpp_sl10_st10_sp336_bu50_re0.5_al0.5_te0.5,4,0.3502071301589413
vlstm-kl,derpp,r-derpp_sl12_st12_sp168_bu50_re0.5_al0.5_te0.5,8,0.3955026740049013
vlstm-kl,derpp,r-derpp_sl12_st12_sp336_bu1000_re0.5_al0.5_te0.5,4,0.37706907124946976
vlstm-kl,derpp,r-derpp_sl12_st12_sp336_bu100_re0.5_al0.5_te0.5,4,0.3758936861043467
vlstm-kl,derpp,r-derpp_sl12_st12_sp336_bu250_re0.5_al0.5_te0.5,4,0.37382888934564756
vlstm-kl,derpp,r-derpp_sl12_st12_sp336_bu500_re0.5_al0.5_te0.5,4,0.377184347499725
vlstm-kl,derpp,r-derpp_sl12_st12_sp336_bu50_al0.5_te0.5,4,0.37304921849156053
vlstm-kl,derpp,r-derpp_sl12_st12_sp336_bu50_re0.3_al0.5_te0.5,4,0.37572743178993234
vlstm-kl,derpp,r-derpp_sl12_st12_sp336_bu50_re0.5_al0.1_te0.5,4,0.37688694071476975
vlstm-kl,derpp,r-derpp_sl12_st12_sp336_bu50_re0.5_al0.5_te0.1,4,0.378212734760256
vlstm-kl,derpp,r-derpp_sl12_st12_sp336_bu50_re0.5_al0.5_te0.5,4,0.3810369236142129
vlstm-kl,derpp,r-derpp_sl12_st12_sp336_bu50_re0.5_al0.5_te1.0,4,0.38270230620255535
vlstm-kl,derpp,r-derpp_sl12_st12_sp336_bu50_re0.5_al1.0_te0.5,4,0.377995759419691
vlstm-kl,derpp,r-derpp_sl16_st16_sp336_bu50_re0.5_al0.5_te0.5,4,0.378942771677291
vlstm-kl,derpp,r-derpp_sl24_st24_sp336_bu50_re0.5_al0.5_te0.5,4,0.39396734151820073
vlstm-kl,derpp,r-derpp_sl6_st6_sp336_bu50_re0.5_al0.5_te0.5,4,0.3580204718822635
vlstm-kl,derpp,r-derpp_sl8_st8_sp336_bu50_re0.5_al0.5_te0.5,4,0.3673002321249463
vtcn,derpp,r-derpp_sl10_st10_sp336_bu50_re0.5_al0.5_te0.5,4,0.38644674350773434
vtcn,derpp,r-derpp_sl12_st12_sp168_bu50_re0.5_al0.5_te0.5,8,0.45865097854554254
vtcn,derpp,r-derpp_sl12_st12_sp336_bu1000_re0.5_al0.5_te0.5,4,0.38202566392123716
vtcn,derpp,r-derpp_sl12_st12_sp336_bu100_re0.5_al0.5_te0.5,4,0.38317561639075826
vtcn,derpp,r-derpp_sl12_st12_sp336_bu250_re0.5_al0.5_te0.5,4,0.379047257540678
vtcn,derpp,r-derpp_sl12_st12_sp336_bu500_re0.5_al0.5_te0.5,4,0.38233298564217816
vtcn,derpp,r-derpp_sl12_st12_sp336_bu50_al0.5_te0.5,4,0.3813879126578123
vtcn,derpp,r-derpp_sl12_st12_sp336_bu50_re0.3_al0.5_te0.5,4,0.38028186721365015
vtcn,derpp,r-derpp_sl12_st12_sp336_bu50_re0.5_al0.1_te0.5,4,0.37713307368457505
vtcn,derpp,r-derpp_sl12_st12_sp336_bu50_re0.5_al0.5_te0.1,4,0.3716538509119183
vtcn,derpp,r-derpp_sl12_st12_sp336_bu50_re0.5_al0.5_te0.5,4,0.37614826924154077
vtcn,derpp,r-derpp_sl12_st12_sp336_bu50_re0.5_al0.5_te1.0,4,0.3794148515296407
vtcn,derpp,r-derpp_sl12_st12_sp336_bu50_re0.5_al1.0_te0.5,4,0.3762453874485749
vtcn,derpp,r-derpp_sl16_st16_sp336_bu50_re0.5_al0.5_te0.5,4,0.3896671187039444
vtcn,derpp,r-derpp_sl24_st24_sp336_bu50_re0.5_al0.5_te0.5,4,0.3970651101987121
vtcn,derpp,r-derpp_sl6_st6_sp336_bu50_re0.5_al0.5_te0.5,4,0.3801691250867898
vtcn,derpp,r-derpp_sl8_st8_sp336_bu50_re0.5_al0.5_te0.5,4,0.3853772364651949
vtcn-kl,derpp,r-derpp_sl10_st10_sp336_bu50_re0.5_al0.5_te0.5,4,0.3630487894002969
vtcn-kl,derpp,r-derpp_sl12_st12_sp168_bu50_re0.5_al0.5_te0.5,8,0.38082595460615554
vtcn-kl,derpp,r-derpp_sl12_st12_sp336_bu1000_re0.5_al0.5_te0.5,4,0.3683057628032562
vtcn-kl,derpp,r-derpp_sl12_st12_sp336_bu100_re0.5_al0.5_te0.5,4,0.36451079983801815
vtcn-kl,derpp,r-derpp_sl12_st12_sp336_bu250_re0.5_al0.5_te0.5,4,0.3662285597192243
vtcn-kl,derpp,r-derpp_sl12_st12_sp336_bu500_re0.5_al0.5_te0.5,4,0.36320377146669064
vtcn-kl,derpp,r-derpp_sl12_st12_sp336_bu50_al0.5_te0.5,4,0.3543689317311644
vtcn-kl,derpp,r-derpp_sl12_st12_sp336_bu50_re0.3_al0.5_te0.5,4,0.35545261141524004
vtcn-kl,derpp,r-derpp_sl12_st12_sp336_bu50_re0.5_al0.1_te0.5,4,0.3655214543358117
vtcn-kl,derpp,r-derpp_sl12_st12_sp336_bu50_re0.5_al0.5_te0.1,4,0.35604440530168935
vtcn-kl,derpp,r-derpp_sl12_st12_sp336_bu50_re0.5_al0.5_te0.5,4,0.36099134939088023
vtcn-kl,derpp,r-derpp_sl12_st12_sp336_bu50_re0.5_al0.5_te1.0,4,0.36705002493991223
vtcn-kl,derpp,r-derpp_sl12_st12_sp336_bu50_re0.5_al1.0_te0.5,4,0.35774693063932556
vtcn-kl,derpp,r-derpp_sl16_st16_sp336_bu50_re0.5_al0.5_te0.5,4,0.372487962197215
vtcn-kl,derpp,r-derpp_sl24_st24_sp336_bu50_re0.5_al0.5_te0.5,4,0.39186764058945056
vtcn-kl,derpp,r-derpp_sl6_st6_sp336_bu50_re0.5_al0.5_te0.5,4,0.3651016232655448
vtcn-kl,derpp,r-derpp_sl8_st8_sp336_bu50_re0.5_al0.5_te0.5,4,0.35259317616323177
gru,ewc,r-ewc_sl10_st10_sp168_la1000,8,0.2874448198971186
gru,ewc,r-ewc_sl10_st10_sp336_la1000.0,4,0.21140162294396803
gru,ewc,r-ewc_sl12_st12_sp168_la100,8,0.30201595165827466
gru,ewc,r-ewc_sl12_st12_sp168_la1000.0,8,0.3033592199770772
gru,ewc,r-ewc_sl12_st12_sp168_la10000,8,0.31093205472627716
gru,ewc,r-ewc_sl12_st12_sp168_la500,8,0.30289748698306773
gru,ewc,r-ewc_sl12_st12_sp168_la5000,8,0.3081055380985677
gru,ewc,r-ewc_sl12_st12_sp336_la100,4,0.2320040977361116
gru,ewc,r-ewc_sl12_st12_sp336_la1000.0,4,0.2379217740286286
gru,ewc,r-ewc_sl12_st12_sp336_la10000,4,0.24909120403795296
gru,ewc,r-ewc_sl12_st12_sp336_la500,4,0.2350995042643441
gru,ewc,r-ewc_sl12_st12_sp336_la5000,4,0.24567418902913626
gru,ewc,r-ewc_sl12_st6_sp336_la1000.0,4,0.2164754205118005
gru,ewc,r-ewc_sl16_st16_sp168_la1000,8,0.3180350786806139
gru,ewc,r-ewc_sl16_st16_sp336_la1000.0,4,0.23792395597087476
gru,ewc,r-ewc_sl24_st12_sp336_la1000.0,4,0.24011983365159992
gru,ewc,r-ewc_sl24_st24_sp168_la1000,8,0.33025808541077184
gru,ewc,r-ewc_sl24_st24_sp336_la1000.0,4,0.283605178291613
gru,ewc,r-ewc_sl6_st6_sp168_la1000,8,0.3330590067085866
gru,ewc,r-ewc_sl6_st6_sp336_la1000.0,4,0.25981842049989645
gru,ewc,r-ewc_sl8_st4_sp168_la1000,8,0.3126394328796353
gru,ewc,r-ewc_sl8_st4_sp336_la1000.0,4,0.24698432694429062
gru,ewc,r-ewc_sl8_st8_sp168_la1000,8,0.32596431133282877
gru,ewc,r-ewc_sl8_st8_sp336_la1000.0,4,0.2476822546782733
lstm,ewc,r-ewc_sl10_st10_sp336_la1000.0,4,0.234977783233182
lstm,ewc,r-ewc_sl12_st12_sp168_la1000.0,8,0.29222021364841994
lstm,ewc,r-ewc_sl12_st12_sp336_la100,4,0.22040386700384595
lstm,ewc,r-ewc_sl12_st12_sp336_la1000.0,4,0.22458726179452151
lstm,ewc,r-ewc_sl12_st12_sp336_la10000,4,0.2621915297540785
lstm,ewc,r-ewc_sl12_st12_sp336_la500,4,0.22404935936390546
lstm,ewc,r-ewc_sl12_st12_sp336_la5000,4,0.2546379419062999
lstm,ewc,r-ewc_sl12_st6_sp336_la1000.0,4,0.17859459811783615
lstm,ewc,r-ewc_sl16_st16_sp336_la1000.0,4,0.26072387275434233
lstm,ewc,r-ewc_sl24_st12_sp336_la1000.0,4,0.26859127235172076
lstm,ewc,r-ewc_sl24_st24_sp336_la1000.0,4,0.27319238429233417
lstm,ewc,r-ewc_sl6_st6_sp336_la1000.0,4,0.2412836850180893
lstm,ewc,r-ewc_sl8_st4_sp336_la1000.0,4,0.20449878702160537
lstm,ewc,r-ewc_sl8_st8_sp336_la1000.0,4,0.22656642685756703
tcn,ewc,r-ewc_sl10_st10_sp336_la1000.0,4,0.24339269008616513
tcn,ewc,r-ewc_sl12_st12_sp168_la1000.0,8,0.2859767577061088
tcn,ewc,r-ewc_sl12_st12_sp336_la100,4,0.18476445101866654
tcn,ewc,r-ewc_sl12_st12_sp336_la1000.0,4,0.21577109488836413
tcn,ewc,r-ewc_sl12_st12_sp336_la10000,4,0.2574523292598703
tcn,ewc,r-ewc_sl12_st12_sp336_la500,4,0.2000190550734382
tcn,ewc,r-ewc_sl12_st12_sp336_la5000,4,0.24972518383782605
tcn,ewc,r-ewc_sl12_st6_sp336_la1000.0,4,0.1938475165560545
tcn,ewc,r-ewc_sl16_st16_sp336_la1000.0,4,0.25207679347310513
tcn,ewc,r-ewc_sl24_st12_sp336_la1000.0,4,0.20940213877406164
tcn,ewc,r-ewc_sl24_st24_sp336_la1000.0,4,0.18291160359510486
tcn,ewc,r-ewc_sl6_st6_sp336_la1000.0,4,0.30933969930786903
tcn,ewc,r-ewc_sl8_st4_sp336_la1000.0,4,0.21594928662306392
tcn,ewc,r-ewc_sl8_st8_sp336_la1000.0,4,0.2004315776548813
vgru,ewc,r-ewc_sl10_st10_sp336_la1000.0,4,0.3659503695139878
vgru,ewc,r-ewc_sl12_st12_sp168_la1000.0,8,0.4530987866849272
vgru,ewc,r-ewc_sl12_st12_sp336_la100,4,0.3672746620412212
vgru,ewc,r-ewc_sl12_st12_sp336_la1000.0,4,0.36780462786169527
vgru,ewc,r-ewc_sl12_st12_sp336_la10000,4,0.36865493274193467
vgru,ewc,r-ewc_sl12_st12_sp336_la500,4,0.3676545578288361
vgru,ewc,r-ewc_sl12_st12_sp336_la5000,4,0.3685832649927769
vgru,ewc,r-ewc_sl12_st6_sp336_la1000.0,4,0.36824363174969515
vgru,ewc,r-ewc_sl16_st16_sp336_la1000.0,4,0.37526196839512843
vgru,ewc,r-ewc_sl24_st12_sp336_la1000.0,4,0.3835631713417122
vgru,ewc,r-ewc_sl24_st24_sp336_la1000.0,4,0.38594645256121723
vgru,ewc,r-ewc_sl6_st6_sp336_la1000.0,4,0.36744088155021726
vgru,ewc,r-ewc_sl8_st4_sp336_la1000.0,4,0.3719537590128457
vgru,ewc,r-ewc_sl8_st8_sp336_la1000.0,4,0.37195823933424554
vgru-kl,ewc,r-ewc_sl10_st10_sp336_la1000,4,0.2298295431643336
vgru-kl,ewc,r-ewc_sl12_st12_sp168_la1000,8,0.2956924330036238
vgru-kl,ewc,r-ewc_sl12_st12_sp336_la100,4,0.21490665244918128
vgru-kl,ewc,r-ewc_sl12_st12_sp336_la1000,4,0.2218708625862034
vgru-kl,ewc,r-ewc_sl12_st12_sp336_la10000,4,0.2507141807375039
vgru-kl,ewc,r-ewc_sl12_st12_sp336_la500,4,0.2183911407997349
vgru-kl,ewc,r-ewc_sl12_st12_sp336_la5000,4,0.23629992708853476
vgru-kl,ewc,r-ewc_sl12_st6_sp336_la1000,4,0.21655096761839587
vgru-kl,ewc,r-ewc_sl16_st16_sp336_la1000,4,0.24423876966273042
vgru-kl,ewc,r-ewc_sl24_st12_sp336_la1000,4,0.2728863967216865
vgru-kl,ewc,r-ewc_sl24_st24_sp336_la1000,4,0.31813469181930404
vgru-kl,ewc,r-ewc_sl6_st6_sp336_la1000,4,0.20584137302820363
vgru-kl,ewc,r-ewc_sl8_st4_sp336_la1000,4,0.21434190194940003
vgru-kl,ewc,r-ewc_sl8_st8_sp336_la1000,4,0.20313521783062738
vlstm,ewc,r-ewc_sl10_st10_sp336_la1000.0,4,0.36602925395857816
vlstm,ewc,r-ewc_sl12_st12_sp168_la1000.0,8,0.45416422392664646
vlstm,ewc,r-ewc_sl12_st12_sp336_la100,4,0.3630686262554484
vlstm,ewc,r-ewc_sl12_st12_sp336_la1000.0,4,0.3667007521093895
vlstm,ewc,r-ewc_sl12_st12_sp336_la10000,4,0.3675422203594351
vlstm,ewc,r-ewc_sl12_st12_sp336_la500,4,0.3664539438725202
vlstm,ewc,r-ewc_sl12_st12_sp336_la5000,4,0.36730888102933595
vlstm,ewc,r-ewc_sl12_st6_sp336_la1000.0,4,0.36755116341863286
vlstm,ewc,r-ewc_sl16_st16_sp336_la1000.0,4,0.37540343093943046
vlstm,ewc,r-ewc_sl24_st12_sp336_la1000.0,4,0.3864852329482576
vlstm,ewc,r-ewc_sl24_st24_sp336_la1000.0,4,0.38485402361513205
vlstm,ewc,r-ewc_sl6_st6_sp336_la1000.0,4,0.3697833645099851
vlstm,ewc,r-ewc_sl8_st4_sp336_la1000.0,4,0.36789571650851177
vlstm,ewc,r-ewc_sl8_st8_sp336_la1000.0,4,0.36987158582570007
vlstm-kl,ewc,r-ewc_sl10_st10_sp336_la1000,4,0.2200216455972737
vlstm-kl,ewc,r-ewc_sl12_st12_sp168_la1000,8,0.35287038863770775
vlstm-kl,ewc,r-ewc_sl12_st12_sp336_la100,4,0.18260721879246697
vlstm-kl,ewc,r-ewc_sl12_st12_sp336_la1000,4,0.18621307757573788
vlstm-kl,ewc,r-ewc_sl12_st12_sp336_la10000,4,0.21917094317967514
vlstm-kl,ewc,r-ewc_sl12_st12_sp336_la500,4,0.18387252665385767
vlstm-kl,ewc,r-ewc_sl12_st12_sp336_la5000,4,0.19896569048209592
vlstm-kl,ewc,r-ewc_sl12_st6_sp336_la1000,4,0.23863794512616854
vlstm-kl,ewc,r-ewc_sl16_st16_sp336_la1000,4,0.2537389394304526
vlstm-kl,ewc,r-ewc_sl24_st12_sp336_la1000,4,0.27499983407587236
vlstm-kl,ewc,r-ewc_sl24_st24_sp336_la1000,4,0.3047406651963667
vlstm-kl,ewc,r-ewc_sl6_st6_sp336_la1000,4,0.2268329938618641
vlstm-kl,ewc,r-ewc_sl8_st4_sp336_la1000,4,0.18228803990301792
vlstm-kl,ewc,r-ewc_sl8_st8_sp336_la1000,4,0.20577452576699803
vtcn,ewc,r-ewc_sl10_st10_sp336_la1000.0,4,0.3652465505350196
vtcn,ewc,r-ewc_sl12_st12_sp168_la1000.0,8,0.4535177367873543
vtcn,ewc,r-ewc_sl12_st12_sp336_la100,4,0.36403166074980325
vtcn,ewc,r-ewc_sl12_st12_sp336_la1000.0,4,0.3650746288078233
vtcn,ewc,r-ewc_sl12_st12_sp336_la10000,4,0.3734569712074615
vtcn,ewc,r-ewc_sl12_st12_sp336_la500,4,0.36466987085253927
vtcn,ewc,r-ewc_sl12_st12_sp336_la5000,4,0.36596314080427944
vtcn,ewc,r-ewc_sl12_st6_sp336_la1000.0,4,0.363647453282385
vtcn,ewc,r-ewc_sl16_st16_sp336_la1000.0,4,0.37827439136873986
vtcn,ewc,r-ewc_sl24_st12_sp336_la1000.0,4,0.3892679317351602
vtcn,ewc,r-ewc_sl24_st24_sp336_la1000.0,4,0.38854403962849277
vtcn,ewc,r-ewc_sl6_st6_sp336_la1000.0,4,0.3656702972454751
vtcn,ewc,r-ewc_sl8_st4_sp336_la1000.0,4,0.3680284839257397
vtcn,ewc,r-ewc_sl8_st8_sp336_la1000.0,4,0.377782715692862
vtcn-kl,ewc,r-ewc_sl10_st10_sp336_la1000,4,0.23109636412378828
vtcn-kl,ewc,r-ewc_sl12_st12_sp168_la1000,8,0.27178505035210787
vtcn-kl,ewc,r-ewc_sl12_st12_sp336_la100,4,0.15497355712157454
vtcn-kl,ewc,r-ewc_sl12_st12_sp336_la1000,4,0.1617183952459225
vtcn-kl,ewc,r-ewc_sl12_st12_sp336_la10000,4,0.19109476500057856
vtcn-kl,ewc,r-ewc_sl12_st12_sp336_la500,4,0.15769732280497062
vtcn-kl,ewc,r-ewc_sl12_st12_sp336_la5000,4,0.18075647398354078
vtcn-kl,ewc,r-ewc_sl12_st6_sp336_la1000,4,0.17454946034252294
vtcn-kl,ewc,r-ewc_sl16_st16_sp336_la1000,4,0.15980385731486163
vtcn-kl,ewc,r-ewc_sl24_st12_sp336_la1000,4,0.2164012850480317
vtcn-kl,ewc,r-ewc_sl24_st24_sp336_la1000,4,0.213271909121736
vtcn-kl,ewc,r-ewc_sl6_st6_sp336_la1000,4,0.22996083801437425
vtcn-kl,ewc,r-ewc_sl8_st4_sp336_la1000,4,0.10466520029294529
vtcn-kl,ewc,r-ewc_sl8_st8_sp336_la1000,4,0.14910004470063376
gru,experts,r-experts_sl10_st10_sp168,8,0.28956325330790594
gru,experts,r-experts_sl10_st10_sp336,4,0.1886413142910007
gru,experts,r-experts_sl12_st12_sp168,8,0.2948645440480143
gru,experts,r-experts_sl12_st12_sp336,4,0.1956690807758621
gru,experts,r-experts_sl12_st6_sp336,4,0.1959865063766276
gru,experts,r-experts_sl16_st16_sp168,8,0.31513696272017266
gru,experts,r-experts_sl16_st16_sp336,4,0.21006940926678416
gru,experts,r-experts_sl24_st12_sp336,4,0.21135969155790002
gru,experts,r-experts_sl24_st24_sp168,8,0.3093589597785219
gru,experts,r-experts_sl24_st24_sp336,4,0.2396318805547627
gru,experts,r-experts_sl6_st6_sp168,8,0.32750104386609535
gru,experts,r-experts_sl6_st6_sp336,4,0.2113720778205357
gru,experts,r-experts_sl8_st4_sp168,8,0.30914955688025997
gru,experts,r-experts_sl8_st4_sp336,4,0.2065255904888966
gru,experts,r-experts_sl8_st8_sp168,8,0.29466188086272943
gru,experts,r-experts_sl8_st8_sp336,4,0.22434357946162994
lstm,experts,r-experts_sl10_st10_sp336,4,0.18319844481224354
lstm,experts,r-experts_sl12_st12_sp168,8,0.31702210565854055
lstm,experts,r-experts_sl12_st12_sp336,4,0.1994644285861917
lstm,experts,r-experts_sl12_st6_sp336,4,0.16283686072465908
lstm,experts,r-experts_sl16_st16_sp336,4,0.2209694396026617
lstm,experts,r-experts_sl24_st12_sp336,4,0.2337699591034327
lstm,experts,r-experts_sl24_st24_sp336,4,0.23908552327316626
lstm,experts,r-experts_sl6_st6_sp336,4,0.2298230772206138
lstm,experts,r-experts_sl8_st4_sp336,4,0.16600895931534418
lstm,experts,r-experts_sl8_st8_sp336,4,0.21108402653081823
tcn,experts,r-experts_sl10_st10_sp336,4,0.2190875411127529
tcn,experts,r-experts_sl12_st12_sp168,8,0.25843859275179115
tcn,experts,r-experts_sl12_st12_sp336,4,0.18721971289577824
tcn,experts,r-experts_sl12_st6_sp336,4,0.1755403641089692
tcn,experts,r-experts_sl16_st16_sp336,4,0.17095679497255925
tcn,experts,r-experts_sl24_st12_sp336,4,0.20898478234549575
tcn,experts,r-experts_sl24_st24_sp336,4,0.09697416863908433
tcn,experts,r-experts_sl6_st6_sp336,4,0.2834125100545552
tcn,experts,r-experts_sl8_st4_sp336,4,0.2234628057656899
tcn,experts,r-experts_sl8_st8_sp336,4,0.21882622358426054
vgru,experts,r-experts_sl10_st10_sp336,4,0.3660384362407256
vgru,experts,r-experts_sl12_st12_sp168,8,0.45420122181377615
vgru,experts,r-experts_sl12_st12_sp336,4,0.3668531637290618
vgru,experts,r-experts_sl12_st6_sp336,4,0.36775715765264944
vgru,experts,r-experts_sl16_st16_sp336,4,0.3787635061165518
vgru,experts,r-experts_sl24_st12_sp336,4,0.38125475373912804
vgru,experts,r-experts_sl24_st24_sp336,4,0.3863347875462895
vgru,experts,r-experts_sl6_st6_sp336,4,0.3653238748481822
vgru,experts,r-experts_sl8_st4_sp336,4,0.3665781868703615
vgru,experts,r-experts_sl8_st8_sp336,4,0.3718938606998711
vgru-kl,experts,r-experts_sl10_st10_sp336,4,0.3560528352970467
vgru-kl,experts,r-experts_sl12_st12_sp168,8,0.41808075832502706
vgru-kl,experts,r-experts_sl12_st12_sp336,4,0.35619529216211965
vgru-kl,experts,r-experts_sl12_st6_sp336,4,0.3536558727642724
vgru-kl,experts,r-experts_sl16_st16_sp336,4,0.37974911034374426
vgru-kl,experts,r-experts_sl24_st12_sp336,4,0.38493586203060487
vgru-kl,experts,r-experts_sl24_st24_sp336,4,0.38151215234342156
vgru-kl,experts,r-experts_sl6_st6_sp336,4,0.3569655410376107
vgru-kl,experts,r-experts_sl8_st4_sp336,4,0.33551576517502024
vgru-kl,experts,r-experts_sl8_st8_sp336,4,0.35106201081939997
vlstm,experts,r-experts_sl10_st10_sp336,4,0.3662694621197831
vlstm,experts,r-experts_sl12_st12_sp168,8,0.4509184726352929
vlstm,experts,r-experts_sl12_st12_sp336,4,0.3660527336552685
vlstm,experts,r-experts_sl12_st6_sp336,4,0.3666558440695824
vlstm,experts,r-experts_sl16_st16_sp336,4,0.3746668241103541
vlstm,experts,r-experts_sl24_st12_sp336,4,0.3864132490609509
vlstm,experts,r-experts_sl24_st24_sp336,4,0.3848816261265169
vlstm,experts,r-experts_sl6_st6_sp336,4,0.36600841210668716
vlstm,experts,r-experts_sl8_st4_sp336,4,0.36753060257955283
vlstm,experts,r-experts_sl8_st8_sp336,4,0.37379061155973253
vlstm-kl,experts,r-experts_sl10_st10_sp336,4,0.3604500761322568
vlstm-kl,experts,r-experts_sl12_st12_sp168,8,0.4220248829940591
vlstm-kl,experts,r-experts_sl12_st12_sp336,4,0.3551721186642185
vlstm-kl,experts,r-experts_sl12_st6_sp336,4,0.3487170048009201
vlstm-kl,experts,r-experts_sl16_st16_sp336,4,0.37733491953596116
vlstm-kl,experts,r-experts_sl24_st12_sp336,4,0.3862129393438105
vlstm-kl,experts,r-experts_sl24_st24_sp336,4,0.38608596223405156
vlstm-kl,experts,r-experts_sl6_st6_sp336,4,0.3455650561947064
vlstm-kl,experts,r-experts_sl8_st4_sp336,4,0.33971097863161814
vlstm-kl,experts,r-experts_sl8_st8_sp336,4,0.3571092863519267
vtcn,experts,r-experts_sl10_st10_sp336,4,0.36703904239522506
vtcn,experts,r-experts_sl12_st12_sp168,8,0.4476570158048405
vtcn,experts,r-experts_sl12_st12_sp336,4,0.3657556393948623
vtcn,experts,r-experts_sl12_st6_sp336,4,0.37837980864764553
vtcn,experts,r-experts_sl16_st16_sp336,4,0.3724390158101542
vtcn,experts,r-experts_sl24_st12_sp336,4,0.38494924463381314
vtcn,experts,r-experts_sl24_st24_sp336,4,0.38947497976480605
vtcn,experts,r-experts_sl6_st6_sp336,4,0.36188593485960235
vtcn,experts,r-experts_sl8_st4_sp336,4,0.36802440678671594
vtcn,experts,r-experts_sl8_st8_sp336,4,0.37387756406126965
vtcn-kl,experts,r-experts_sl10_st10_sp336,4,0.35346050898348863
vtcn-kl,experts,r-experts_sl12_st12_sp168,8,0.4124128765927496
vtcn-kl,experts,r-experts_sl12_st12_sp336,4,0.35657796302074396
vtcn-kl,experts,r-experts_sl12_st6_sp336,4,0.3354769607174412
vtcn-kl,experts,r-experts_sl16_st16_sp336,4,0.3762050464462307
vtcn-kl,experts,r-experts_sl24_st12_sp336,4,0.38914805507675937
vtcn-kl,experts,r-experts_sl24_st24_sp336,4,0.38492216435674953
vtcn-kl,experts,r-experts_sl6_st6_sp336,4,0.3610723845093535
vtcn-kl,experts,r-experts_sl8_st4_sp336,4,0.29394561230265587
vtcn-kl,experts,r-experts_sl8_st8_sp336,4,0.3632885358901781
gru,gdumb,r-gdumb_sl10_st10_sp168_bu50_re0.5,8,0.3135114424214272
gru,gdumb,r-gdumb_sl10_st10_sp336_bu50_re0.5,4,0.22219513199683305
gru,gdumb,r-gdumb_sl12_st12_sp168_bu1000_re0.5,8,0.30629412881617357
gru,gdumb,r-gdumb_sl12_st12_sp168_bu100_re0.5,8,0.31390040285891274
gru,gdumb,r-gdumb_sl12_st12_sp168_bu250_re0.5,8,0.3076945613419318
gru,gdumb,r-gdumb_sl12_st12_sp168_bu50,8,0.3079895645424469
gru,gdumb,r-gdumb_sl12_st12_sp168_bu500_re0.5,8,0.30963543719528036
gru,gdumb,r-gdumb_sl12_st12_sp168_bu50_re0.3,8,0.3171452773909048
gru,gdumb,r-gdumb_sl12_st12_sp168_bu50_re0.5,8,0.31436161823425524
gru,gdumb,r-gdumb_sl12_st12_sp336_bu1000_re0.5,4,0.2295570878244799
gru,gdumb,r-gdumb_sl12_st12_sp336_bu100_re0.5,4,0.2216417032884137
gru,gdumb,r-gdumb_sl12_st12_sp336_bu250_re0.5,4,0.2464704514127195
gru,gdumb,r-gdumb_sl12_st12_sp336_bu50,4,0.23440597775146033
gru,gdumb,r-gdumb_sl12_st12_sp336_bu500_re0.5,4,0.23323342135067407
gru,gdumb,r-gdumb_sl12_st12_sp336_bu50_re0.3,4,0.22478292604679653
gru,gdumb,r-gdumb_sl12_st12_sp336_bu50_re0.5,4,0.2247809844807113
gru,gdumb,r-gdumb_sl16_st16_sp168_bu50_re0.5,8,0.33705472593038693
gru,gdumb,r-gdumb_sl16_st16_sp336_bu50_re0.5,4,0.2397928068423543
gru,gdumb,r-gdumb_sl24_st24_sp168_bu50_re0.5,8,0.35897076702876207
gru,gdumb,r-gdumb_sl24_st24_sp336_bu50_re0.5,4,0.25476429651573734
gru,gdumb,r-gdumb_sl6_st6_sp168_bu50_re0.5,8,0.3617637881819517
gru,gdumb,r-gdumb_sl6_st6_sp336_bu50_re0.5,4,0.26645756772850654
gru,gdumb,r-gdumb_sl8_st8_sp168_bu50_re0.5,8,0.3236590780265106
gru,gdumb,r-gdumb_sl8_st8_sp336_bu50_re0.5,4,0.23217484429128044
lstm,gdumb,r-gdumb_sl10_st10_sp336_bu50_re0.5,4,0.19111904948524513
lstm,gdumb,r-gdumb_sl12_st12_sp168_bu50_re0.5,8,0.30732126321325165
lstm,gdumb,r-gdumb_sl12_st12_sp336_bu1000_re0.5,4,0.22809770788829709
lstm,gdumb,r-gdumb_sl12_st12_sp336_bu100_re0.5,4,0.1896117167267722
lstm,gdumb,r-gdumb_sl12_st12_sp336_bu250_re0.5,4,0.23534404896261077
lstm,gdumb,r-gdumb_sl12_st12_sp336_bu50,4,0.21256224389821168
lstm,gdumb,r-gdumb_sl12_st12_sp336_bu500_re0.5,4,0.2120518770566887
lstm,gdumb,r-gdumb_sl12_st12_sp336_bu50_re0.3,4,0.22497232058471908
lstm,gdumb,r-gdumb_sl12_st12_sp336_bu50_re0.5,4,0.23874744410785276
lstm,gdumb,r-gdumb_sl16_st16_sp336_bu50_re0.5,4,0.21485666503465284
lstm,gdumb,r-gdumb_sl24_st24_sp336_bu50_re0.5,4,0.27525414110004903
lstm,gdumb,r-gdumb_sl6_st6_sp336_bu50_re0.5,4,0.24659757144272573
lstm,gdumb,r-gdumb_sl8_st8_sp336_bu50_re0.5,4,0.22366344944664443
tcn,gdumb,r-gdumb_sl10_st10_sp336_bu50_re0.5,4,0.26217812940095425
tcn,gdumb,r-gdumb_sl12_st12_sp168_bu50_re0.5,8,0.30903550282793674
tcn,gdumb,r-gdumb_sl12_st12_sp336_bu1000_re0.5,4,0.2145055864777272
tcn,gdumb,r-gdumb_sl12_st12_sp336_bu100_re0.5,4,0.20757702331084163
tcn,gdumb,r-gdumb_sl12_st12_sp336_bu250_re0.5,4,0.23713075153897037
tcn,gdumb,r-gdumb_sl12_st12_sp336_bu50,4,0.1772306490996872
tcn,gdumb,r-gdumb_sl12_st12_sp336_bu500_re0.5,4,0.23461759529672077
tcn,gdumb,r-gdumb_sl12_st12_sp336_bu50_re0.3,4,0.19846523107893996
tcn,gdumb,r-gdumb_sl12_st12_sp336_bu50_re0.5,4,0.235984102559611
tcn,gdumb,r-gdumb_sl16_st16_sp336_bu50_re0.5,4,0.2732423691307173
tcn,gdumb,r-gdumb_sl24_st24_sp336_bu50_re0.5,4,0.18804262654032633
tcn,gdumb,r-gdumb_sl6_st6_sp336_bu50_re0.5,4,0.27087478253868497
tcn,gdumb,r-gdumb_sl8_st8_sp336_bu50_re0.5,4,0.1673422937012464
vgru,gdumb,r-gdumb_sl10_st10_sp336_bu50_re0.5,4,0.37437697146073146
vgru,gdumb,r-gdumb_sl12_st12_sp168_bu50_re0.5,8,0.46053182006469445
vgru,gdumb,r-gdumb_sl12_st12_sp336_bu1000_re0.5,4,0.3789286763907885
vgru,gdumb,r-gdumb_sl12_st12_sp336_bu100_re0.5,4,0.37787862265363287
vgru,gdumb,r-gdumb_sl12_st12_sp336_bu250_re0.5,4,0.3771395424412803
vgru,gdumb,r-gdumb_sl12_st12_sp336_bu50,4,0.3684924841774622
vgru,gdumb,r-gdumb_sl12_st12_sp336_bu500_re0.5,4,0.3780878352486285
vgru,gdumb,r-gdumb_sl12_st12_sp336_bu50_re0.3,4,0.3716356713455227
vgru,gdumb,r-gdumb_sl12_st12_sp336_bu50_re0.5,4,0.3729058034685564
vgru,gdumb,r-gdumb_sl16_st16_sp336_bu50_re0.5,4,0.3796063242780649
vgru,gdumb,r-gdumb_sl24_st24_sp336_bu50_re0.5,4,0.39317464259846324
vgru,gdumb,r-gdumb_sl6_st6_sp336_bu50_re0.5,4,0.37738646622326727
vgru,gdumb,r-gdumb_sl8_st8_sp336_bu50_re0.5,4,0.3827433868579299
vgru-kl,gdumb,r-gdumb_sl10_st10_sp336_bu50_re0.5,4,0.36175785384733805
vgru-kl,gdumb,r-gdumb_sl12_st12_sp168_bu50_re0.5,8,0.4242454047220133
vgru-kl,gdumb,r-gdumb_sl12_st12_sp336_bu1000_re0.5,4,0.3705640156430923
vgru-kl,gdumb,r-gdumb_sl12_st12_sp336_bu100_re0.5,4,0.3669047231013611
vgru-kl,gdumb,r-gdumb_sl12_st12_sp336_bu250_re0.5,4,0.3615831877502595
vgru-kl,gdumb,r-gdumb_sl12_st12_sp336_bu50,4,0.3586318279494658
vgru-kl,gdumb,r-gdumb_sl12_st12_sp336_bu500_re0.5,4,0.3626406201073274
vgru-kl,gdumb,r-gdumb_sl12_st12_sp336_bu50_re0.3,4,0.36235461190683455
vgru-kl,gdumb,r-gdumb_sl12_st12_sp336_bu50_re0.5,4,0.3632529326962204
vgru-kl,gdumb,r-gdumb_sl16_st16_sp336_bu50_re0.5,4,0.3780453556169494
vgru-kl,gdumb,r-gdumb_sl24_st24_sp336_bu50_re0.5,4,0.3951183333238708
vgru-kl,gdumb,r-gdumb_sl6_st6_sp336_bu50_re0.5,4,0.3532477614642078
vgru-kl,gdumb,r-gdumb_sl8_st8_sp336_bu50_re0.5,4,0.347890244688434
vlstm,gdumb,r-gdumb_sl10_st10_sp336_bu50_re0.5,4,0.3729755759272388
vlstm,gdumb,r-gdumb_sl12_st12_sp168_bu50_re0.5,8,0.4602270360812892
vlstm,gdumb,r-gdumb_sl12_st12_sp336_bu1000_re0.5,4,0.37588233206193045
vlstm,gdumb,r-gdumb_sl12_st12_sp336_bu100_re0.5,4,0.37753887095643623
vlstm,gdumb,r-gdumb_sl12_st12_sp336_bu250_re0.5,4,0.3763453906984017
vlstm,gdumb,r-gdumb_sl12_st12_sp336_bu50,4,0.3674313911203922
vlstm,gdumb,r-gdumb_sl12_st12_sp336_bu500_re0.5,4,0.37702192603896423
vlstm,gdumb,r-gdumb_sl12_st12_sp336_bu50_re0.3,4,0.3705919655093894
vlstm,gdumb,r-gdumb_sl12_st12_sp336_bu50_re0.5,4,0.37195999335534463
vlstm,gdumb,r-gdumb_sl16_st16_sp336_bu50_re0.5,4,0.3808879967147029
vlstm,gdumb,r-gdumb_sl24_st24_sp336_bu50_re0.5,4,0.3946775999463668
vlstm,gdumb,r-gdumb_sl6_st6_sp336_bu50_re0.5,4,0.37855457241671936
vlstm,gdumb,r-gdumb_sl8_st8_sp336_bu50_re0.5,4,0.38156788198269176
vlstm-kl,gdumb,r-gdumb_sl10_st10_sp336_bu50_re0.5,4,0.3541306399642741
vlstm-kl,gdumb,r-gdumb_sl12_st12_sp168_bu50_re0.5,8,0.4150455971590223
vlstm-kl,gdumb,r-gdumb_sl12_st12_sp336_bu1000_re0.5,4,0.37181679772335713
vlstm-kl,gdumb,r-gdumb_sl12_st12_sp336_bu100_re0.5,4,0.3718251803054469
vlstm-kl,gdumb,r-gdumb_sl12_st12_sp336_bu250_re0.5,4,0.3757654671449022
vlstm-kl,gdumb,r-gdumb_sl12_st12_sp336_bu50,4,0.35682461334192944
vlstm-kl,gdumb,r-gdumb_sl12_st12_sp336_bu500_re0.5,4,0.37619734123235943
vlstm-kl,gdumb,r-gdumb_sl12_st12_sp336_bu50_re0.3,4,0.37155203479623244
vlstm-kl,gdumb,r-gdumb_sl12_st12_sp336_bu50_re0.5,4,0.3826112521572338
vlstm-kl,gdumb,r-gdumb_sl16_st16_sp336_bu50_re0.5,4,0.3728368696072633
vlstm-kl,gdumb,r-gdumb_sl24_st24_sp336_bu50_re0.5,4,0.3941785288821489
vlstm-kl,gdumb,r-gdumb_sl6_st6_sp336_bu50_re0.5,4,0.34241886432898827
vlstm-kl,gdumb,r-gdumb_sl8_st8_sp336_bu50_re0.5,4,0.359971284035336
vtcn,gdumb,r-gdumb_sl10_st10_sp336_bu50_re0.5,4,0.3729812902221195
vtcn,gdumb,r-gdumb_sl12_st12_sp168_bu50_re0.5,8,0.45898432102039666
vtcn,gdumb,r-gdumb_sl12_st12_sp336_bu1000_re0.5,4,0.3773795222784577
vtcn,gdumb,r-gdumb_sl12_st12_sp336_bu100_re0.5,4,0.37799571452615544
vtcn,gdumb,r-gdumb_sl12_st12_sp336_bu250_re0.5,4,0.3733191255456199
vtcn,gdumb,r-gdumb_sl12_st12_sp336_bu50,4,0.3640348789757164
vtcn,gdumb,r-gdumb_sl12_st12_sp336_bu500_re0.5,4,0.37344136722397553
vtcn,gdumb,r-gdumb_sl12_st12_sp336_bu50_re0.3,4,0.3711285344363155
vtcn,gdumb,r-gdumb_sl12_st12_sp336_bu50_re0.5,4,0.367877206097228
vtcn,gdumb,r-gdumb_sl16_st16_sp336_bu50_re0.5,4,0.3791837478061619
vtcn,gdumb,r-gdumb_sl24_st24_sp336_bu50_re0.5,4,0.3933831897948685
vtcn,gdumb,r-gdumb_sl6_st6_sp336_bu50_re0.5,4,0.3785777494832095
vtcn,gdumb,r-gdumb_sl8_st8_sp336_bu50_re0.5,4,0.38057654268141256
vtcn-kl,gdumb,r-gdumb_sl10_st10_sp336_bu50_re0.5,4,0.35626357604184816
vtcn-kl,gdumb,r-gdumb_sl12_st12_sp168_bu50_re0.5,8,0.41146491704063953
vtcn-kl,gdumb,r-gdumb_sl12_st12_sp336_bu1000_re0.5,4,0.3564060540553404
vtcn-kl,gdumb,r-gdumb_sl12_st12_sp336_bu100_re0.5,4,0.3578230923264232
vtcn-kl,gdumb,r-gdumb_sl12_st12_sp336_bu250_re0.5,4,0.35902720204130917
vtcn-kl,gdumb,r-gdumb_sl12_st12_sp336_bu50,4,0.3425128553892543
vtcn-kl,gdumb,r-gdumb_sl12_st12_sp336_bu500_re0.5,4,0.3675671590115595
vtcn-kl,gdumb,r-gdumb_sl12_st12_sp336_bu50_re0.3,4,0.34740880385224776
vtcn-kl,gdumb,r-gdumb_sl12_st12_sp336_bu50_re0.5,4,0.3563588052873899
vtcn-kl,gdumb,r-gdumb_sl16_st16_sp336_bu50_re0.5,4,0.36753632740175785
vtcn-kl,gdumb,r-gdumb_sl24_st24_sp336_bu50_re0.5,4,0.39074065157323723
vtcn-kl,gdumb,r-gdumb_sl6_st6_sp336_bu50_re0.5,4,0.36970616204436507
vtcn-kl,gdumb,r-gdumb_sl8_st8_sp336_bu50_re0.5,4,0.34311521540763
gru,lwf,r-lwf_sl10_st10_sp168_al1.0_te2.0,8,0.28855997083661894
gru,lwf,r-lwf_sl10_st10_sp336_al1.0_te2.0,4,0.21780701229647426
gru,lwf,r-lwf_sl12_st12_sp168_al0.1_te2.0,8,0.30195195343161135
gru,lwf,r-lwf_sl12_st12_sp168_al0.5_te2.0,8,0.2998842010654816
gru,lwf,r-lwf_sl12_st12_sp168_al1.0_te1.0,8,0.3124806806670474
gru,lwf,r-lwf_sl12_st12_sp168_al1.0_te2.0,8,0.2987618710558631
gru,lwf,r-lwf_sl12_st12_sp168_al1.0_te5.0,8,0.3020589480980251
gru,lwf,r-lwf_sl12_st12_sp168_al2.0_te2.0,8,0.306952613065759
gru,lwf,r-lwf_sl12_st12_sp336_al0.1_te2.0,4,0.23178840344418586
gru,lwf,r-lwf_sl12_st12_sp336_al0.5_te2.0,4,0.23476794660053
gru,lwf,r-lwf_sl12_st12_sp336_al1.0_te1.0,4,0.24293755953469012
gru,lwf,r-lwf_sl12_st12_sp336_al1.0_te2.0,4,0.23733061106451056
gru,lwf,r-lwf_sl12_st12_sp336_al1.0_te5.0,4,0.23228534608542895
gru,lwf,r-lwf_sl12_st12_sp336_al2.0_te2.0,4,0.24459947010830763
gru,lwf,r-lwf_sl12_st6_sp336_al1.0_te2.0,4,0.22417923335156842
gru,lwf,r-lwf_sl16_st16_sp168_al1.0_te2.0,8,0.3166681283497687
gru,lwf,r-lwf_sl16_st16_sp336_al1.0_te2.0,4,0.2500320478686682
gru,lwf,r-lwf_sl24_st12_sp336_al1.0_te2.0,4,0.2664463093216637
gru,lwf,r-lwf_sl24_st24_sp168_al1.0_te2.0,8,0.3158252239522339
gru,lwf,r-lwf_sl24_st24_sp336_al1.0_te2.0,4,0.26773454024695337
gru,lwf,r-lwf_sl6_st6_sp168_al1.0_te2.0,8,0.34141146006243966
gru,lwf,r-lwf_sl6_st6_sp336_al1.0_te2.0,4,0.2682008286644068
gru,lwf,r-lwf_sl8_st4_sp168_al1.0_te2.0,8,0.31231687936216096
gru,lwf,r-lwf_sl8_st4_sp336_al1.0_te2.0,4,0.23847489348987824
gru,lwf,r-lwf_sl8_st8_sp168_al1.0_te2.0,8,0.3281319907061925
gru,lwf,r-lwf_sl8_st8_sp336_al1.0_te2.0,4,0.24713153441203714
lstm,lwf,r-lwf_sl10_st10_sp336_al1.0_te2.0,4,0.22950799902621824
lstm,lwf,r-lwf_sl12_st12_sp168_al1.0_te2.0,8,0.2926157515857813
lstm,lwf,r-lwf_sl12_st12_sp336_al0.1_te2.0,4,0.22336993268351976
lstm,lwf,r-lwf_sl12_st12_sp336_al0.5_te2.0,4,0.23190879560038466
lstm,lwf,r-lwf_sl12_st12_sp336_al1.0_te1.0,4,0.2757391843354137
lstm,lwf,r-lwf_sl12_st12_sp336_al1.0_te2.0,4,0.24363653265977372
lstm,lwf,r-lwf_sl12_st12_sp336_al1.0_te5.0,4,0.22550684572750138
lstm,lwf,r-lwf_sl12_st12_sp336_al2.0_te2.0,4,0.2609242816671467
lstm,lwf,r-lwf_sl12_st6_sp336_al1.0_te2.0,4,0.19384818800431228
lstm,lwf,r-lwf_sl16_st16_sp336_al1.0_te2.0,4,0.2551396557583425
lstm,lwf,r-lwf_sl24_st12_sp336_al1.0_te2.0,4,0.280671652777495
lstm,lwf,r-lwf_sl24_st24_sp336_al1.0_te2.0,4,0.3011043290049535
lstm,lwf,r-lwf_sl6_st6_sp336_al1.0_te2.0,4,0.24762828510454984
lstm,lwf,r-lwf_sl8_st4_sp336_al1.0_te2.0,4,0.22484238491614247
lstm,lwf,r-lwf_sl8_st8_sp336_al1.0_te2.0,4,0.2303164043696713
tcn,lwf,r-lwf_sl10_st10_sp336_al1.0_te2.0,4,0.19858845638080047
tcn,lwf,r-lwf_sl12_st12_sp168_al1.0_te2.0,8,0.2918172380474604
tcn,lwf,r-lwf_sl12_st12_sp336_al0.1_te2.0,4,0.2030369782463238
tcn,lwf,r-lwf_sl12_st12_sp336_al0.5_te2.0,4,0.19497525887832892
tcn,lwf,r-lwf_sl12_st12_sp336_al1.0_te1.0,4,0.2594375611875311
tcn,lwf,r-lwf_sl12_st12_sp336_al1.0_te2.0,4,0.21192719581551364
tcn,lwf,r-lwf_sl12_st12_sp336_al1.0_te5.0,4,0.19068753654179518
tcn,lwf,r-lwf_sl12_st12_sp336_al2.0_te2.0,4,0.22725591506168494
tcn,lwf,r-lwf_sl12_st6_sp336_al1.0_te2.0,4,0.16485153139794753
tcn,lwf,r-lwf_sl16_st16_sp336_al1.0_te2.0,4,0.25010360558682004
tcn,lwf,r-lwf_sl24_st12_sp336_al1.0_te2.0,4,0.22032789910965975
tcn,lwf,r-lwf_sl24_st24_sp336_al1.0_te2.0,4,0.16296380281533965
tcn,lwf,r-lwf_sl6_st6_sp336_al1.0_te2.0,4,0.3131584856282689
tcn,lwf,r-lwf_sl8_st4_sp336_al1.0_te2.0,4,0.19895332037141933
tcn,lwf,r-lwf_sl8_st8_sp336_al1.0_te2.0,4,0.19351033942847998
vgru,lwf,r-lwf_sl10_st10_sp336_al1.0_te2.0,4,0.37103366558747436
vgru,lwf,r-lwf_sl12_st12_sp168_al1.0_te2.0,8,0.4534708256882096
vgru,lwf,r-lwf_sl12_st12_sp336_al0.1_te2.0,4,0.3677860989631124
vgru,lwf,r-lwf_sl12_st12_sp336_al0.5_te2.0,4,0.3692946355499977
vgru,lwf,r-lwf_sl12_st12_sp336_al1.0_te1.0,4,0.3764161664995503
vgru,lwf,r-lwf_sl12_st12_sp336_al1.0_te2.0,4,0.3711096241638489
vgru,lwf,r-lwf_sl12_st12_sp336_al1.0_te5.0,4,0.3680505220942379
vgru,lwf,r-lwf_sl12_st12_sp336_al2.0_te2.0,4,0.37243411820305433
vgru,lwf,r-lwf_sl12_st6_sp336_al1.0_te2.0,4,0.37012746360165477
vgru,lwf,r-lwf_sl16_st16_sp336_al1.0_te2.0,4,0.3774914692174854
vgru,lwf,r-lwf_sl24_st12_sp336_al1.0_te2.0,4,0.3903989486825017
vgru,lwf,r-lwf_sl24_st24_sp336_al1.0_te2.0,4,0.38631672921296784
vgru,lwf,r-lwf_sl6_st6_sp336_al1.0_te2.0,4,0.3698071484018173
vgru,lwf,r-lwf_sl8_st4_sp336_al1.0_te2.0,4,0.37210171257104846
vgru,lwf,r-lwf_sl8_st8_sp336_al1.0_te2.0,4,0.374188002000019
vgru-kl,lwf,r-lwf_sl10_st10_sp336_al1.0_te2.0,4,0.2380192877721751
vgru-kl,lwf,r-lwf_sl12_st12_sp168_al1.0_te2.0,8,0.29127730678903546
vgru-kl,lwf,r-lwf_sl12_st12_sp336_al0.1_te2.0,4,0.22499351693704828
vgru-kl,lwf,r-lwf_sl12_st12_sp336_al0.5_te2.0,4,0.23247633911989773
vgru-kl,lwf,r-lwf_sl12_st12_sp336_al1.0_te1.0,4,0.2709231753069139
vgru-kl,lwf,r-lwf_sl12_st12_sp336_al1.0_te2.0,4,0.24250394936449318
vgru-kl,lwf,r-lwf_sl12_st12_sp336_al1.0_te5.0,4,0.22678151460397866
vgru-kl,lwf,r-lwf_sl12_st12_sp336_al2.0_te2.0,4,0.25242242629212114
vgru-kl,lwf,r-lwf_sl12_st6_sp336_al1.0_te2.0,4,0.22477271064635007
vgru-kl,lwf,r-lwf_sl16_st16_sp336_al1.0_te2.0,4,0.2545233066984658
vgru-kl,lwf,r-lwf_sl24_st12_sp336_al1.0_te2.0,4,0.30029699595104015
vgru-kl,lwf,r-lwf_sl24_st24_sp336_al1.0_te2.0,4,0.3690794892994255
vgru-kl,lwf,r-lwf_sl6_st6_sp336_al1.0_te2.0,4,0.2199725831689987
vgru-kl,lwf,r-lwf_sl8_st4_sp336_al1.0_te2.0,4,0.2060211650448284
vgru-kl,lwf,r-lwf_sl8_st8_sp336_al1.0_te2.0,4,0.21830331278501822
vlstm,lwf,r-lwf_sl10_st10_sp336_al1.0_te2.0,4,0.3688510612292797
vlstm,lwf,r-lwf_sl12_st12_sp168_al1.0_te2.0,8,0.45339690189989834
vlstm,lwf,r-lwf_sl12_st12_sp336_al0.1_te2.0,4,0.3664392887961288
vlstm,lwf,r-lwf_sl12_st12_sp336_al0.5_te2.0,4,0.36790054004372147
vlstm,lwf,r-lwf_sl12_st12_sp336_al1.0_te1.0,4,0.3757783479738535
vlstm,lwf,r-lwf_sl12_st12_sp336_al1.0_te2.0,4,0.3691449630931077
vlstm,lwf,r-lwf_sl12_st12_sp336_al1.0_te5.0,4,0.36669812854265277
vlstm,lwf,r-lwf_sl12_st12_sp336_al2.0_te2.0,4,0.3717527497501143
vlstm,lwf,r-lwf_sl12_st6_sp336_al1.0_te2.0,4,0.37011026770857264
vlstm,lwf,r-lwf_sl16_st16_sp336_al1.0_te2.0,4,0.3783251797402576
vlstm,lwf,r-lwf_sl24_st12_sp336_al1.0_te2.0,4,0.3883506565585321
vlstm,lwf,r-lwf_sl24_st24_sp336_al1.0_te2.0,4,0.38690941907549714
vlstm,lwf,r-lwf_sl6_st6_sp336_al1.0_te2.0,4,0.37074085455781997
vlstm,lwf,r-lwf_sl8_st4_sp336_al1.0_te2.0,4,0.3711750760686881
vlstm,lwf,r-lwf_sl8_st8_sp336_al1.0_te2.0,4,0.37267926540993956
vlstm-kl,lwf,r-lwf_sl10_st10_sp336_al1.0_te2.0,4,0.22435548921143464
vlstm-kl,lwf,r-lwf_sl12_st12_sp168_al1.0_te2.0,8,0.34229537639460345
vlstm-kl,lwf,r-lwf_sl12_st12_sp336_al0.1_te2.0,4,0.1832376550280699
vlstm-kl,lwf,r-lwf_sl12_st12_sp336_al0.5_te2.0,4,0.19205944034717246
vlstm-kl,lwf,r-lwf_sl12_st12_sp336_al1.0_te1.0,4,0.2455704785619576
vlstm-kl,lwf,r-lwf_sl12_st12_sp336_al1.0_te2.0,4,0.2163773207067864
vlstm-kl,lwf,r-lwf_sl12_st12_sp336_al1.0_te5.0,4,0.18444278855212085
vlstm-kl,lwf,r-lwf_sl12_st12_sp336_al2.0_te2.0,4,0.23024449567377647
vlstm-kl,lwf,r-lwf_sl12_st6_sp336_al1.0_te2.0,4,0.23217141662087606
vlstm-kl,lwf,r-lwf_sl16_st16_sp336_al1.0_te2.0,4,0.23677698964029803
vlstm-kl,lwf,r-lwf_sl24_st12_sp336_al1.0_te2.0,4,0.3017946484100263
vlstm-kl,lwf,r-lwf_sl24_st24_sp336_al1.0_te2.0,4,0.3225011148259659
vlstm-kl,lwf,r-lwf_sl6_st6_sp336_al1.0_te2.0,4,0.21810506336866198
vlstm-kl,lwf,r-lwf_sl8_st4_sp336_al1.0_te2.0,4,0.20860359718747376
vlstm-kl,lwf,r-lwf_sl8_st8_sp336_al1.0_te2.0,4,0.22791540325036555
vtcn,lwf,r-lwf_sl10_st10_sp336_al1.0_te2.0,4,0.3668908638050186
vtcn,lwf,r-lwf_sl12_st12_sp168_al1.0_te2.0,8,0.4528922157905315
vtcn,lwf,r-lwf_sl12_st12_sp336_al0.1_te2.0,4,0.3646401081579098
vtcn,lwf,r-lwf_sl12_st12_sp336_al0.5_te2.0,4,0.36610071756646995
vtcn,lwf,r-lwf_sl12_st12_sp336_al1.0_te1.0,4,0.37871152125225277
vtcn,lwf,r-lwf_sl12_st12_sp336_al1.0_te2.0,4,0.368783020037859
vtcn,lwf,r-lwf_sl12_st12_sp336_al1.0_te5.0,4,0.3649502032304215
vtcn,lwf,r-lwf_sl12_st12_sp336_al2.0_te2.0,4,0.3724597230107624
vtcn,lwf,r-lwf_sl12_st6_sp336_al1.0_te2.0,4,0.36973406680913556
vtcn,lwf,r-lwf_sl16_st16_sp336_al1.0_te2.0,4,0.37588557354772795
vtcn,lwf,r-lwf_sl24_st12_sp336_al1.0_te2.0,4,0.38885319477093955
vtcn,lwf,r-lwf_sl24_st24_sp336_al1.0_te2.0,4,0.38603778136665073
vtcn,lwf,r-lwf_sl6_st6_sp336_al1.0_te2.0,4,0.36937975518149385
vtcn,lwf,r-lwf_sl8_st4_sp336_al1.0_te2.0,4,0.36995036217846505
vtcn,lwf,r-lwf_sl8_st8_sp336_al1.0_te2.0,4,0.3785604971415801
vtcn-kl,lwf,r-lwf_sl10_st10_sp336_al1.0_te2.0,4,0.21297295155230445
vtcn-kl,lwf,r-lwf_sl12_st12_sp168_al1.0_te2.0,8,0.28351753389908324
vtcn-kl,lwf,r-lwf_sl12_st12_sp336_al0.1_te2.0,4,0.19532441861651859
vtcn-kl,lwf,r-lwf_sl12_st12_sp336_al0.5_te2.0,4,0.2076741889438202
vtcn-kl,lwf,r-lwf_sl12_st12_sp336_al1.0_te1.0,4,0.2524260856941743
vtcn-kl,lwf,r-lwf_sl12_st12_sp336_al1.0_te2.0,4,0.21536413079977645
vtcn-kl,lwf,r-lwf_sl12_st12_sp336_al1.0_te5.0,4,0.19716137141967163
vtcn-kl,lwf,r-lwf_sl12_st12_sp336_al2.0_te2.0,4,0.23309028190474942
vtcn-kl,lwf,r-lwf_sl12_st6_sp336_al1.0_te2.0,4,0.20672180723608088
vtcn-kl,lwf,r-lwf_sl16_st16_sp336_al1.0_te2.0,4,0.17632003189505355
vtcn-kl,lwf,r-lwf_sl24_st12_sp336_al1.0_te2.0,4,0.2275279930473926
vtcn-kl,lwf,r-lwf_sl24_st24_sp336_al1.0_te2.0,4,0.2255929529032875
vtcn-kl,lwf,r-lwf_sl6_st6_sp336_al1.0_te2.0,4,0.21181164068784963
vtcn-kl,lwf,r-lwf_sl8_st4_sp336_al1.0_te2.0,4,0.12652395730710922
vtcn-kl,lwf,r-lwf_sl8_st8_sp336_al1.0_te2.0,4,0.13017076223994362
gru,naive,r-naive_sl10_st10_sp168,8,0.2858857357537314
gru,naive,r-naive_sl10_st10_sp336,4,0.20946005644174823
gru,naive,r-naive_sl12_st12_sp168,8,0.30057478235940893
gru,naive,r-naive_sl12_st12_sp336,4,0.2309859214948187
gru,naive,r-naive_sl12_st6_sp336,4,0.21224628510023122
gru,naive,r-naive_sl16_st16_sp168,8,0.3161056799308473
gru,naive,r-naive_sl16_st16_sp336,4,0.23407176465927418
gru,naive,r-naive_sl24_st12_sp336,4,0.22986488370998703
gru,naive,r-naive_sl24_st24_sp168,8,0.3193901817263513
gru,naive,r-naive_sl24_st24_sp336,4,0.22278993671768432
gru,naive,r-naive_sl6_st6_sp168,8,0.3296792948690805
gru,naive,r-naive_sl6_st6_sp336,4,0.253696060748222
gru,naive,r-naive_sl8_st4_sp168,8,0.31565358791415093
gru,naive,r-naive_sl8_st4_sp336,4,0.23183773977295383
gru,naive,r-naive_sl8_st8_sp168,8,0.33763971579931507
gru,naive,r-naive_sl8_st8_sp336,4,0.24364473876223547
lstm,naive,r-naive_sl10_st10_sp336,4,0.23289516296792337
lstm,naive,r-naive_sl12_st12_sp168,8,0.28162652755011025
lstm,naive,r-naive_sl12_st12_sp336,4,0.21918392404813522
lstm,naive,r-naive_sl12_st6_sp336,4,0.16763514789010894
lstm,naive,r-naive_sl16_st16_sp336,4,0.2546588932859301
lstm,naive,r-naive_sl24_st12_sp336,4,0.257399463353543
lstm,naive,r-naive_sl24_st24_sp336,4,0.269123924131806
lstm,naive,r-naive_sl6_st6_sp336,4,0.23455415937899196
lstm,naive,r-naive_sl8_st4_sp336,4,0.19835826138234539
lstm,naive,r-naive_sl8_st8_sp336,4,0.21944291154557227
tcn,naive,r-naive_sl10_st10_sp336,4,0.2061936837724486
tcn,naive,r-naive_sl12_st12_sp168,8,0.2714096614665982
tcn,naive,r-naive_sl12_st12_sp336,4,0.18089672527412404
tcn,naive,r-naive_sl12_st6_sp336,4,0.15054859870167625
tcn,naive,r-naive_sl16_st16_sp336,4,0.24725495517361107
tcn,naive,r-naive_sl24_st12_sp336,4,0.25629385313423503
tcn,naive,r-naive_sl24_st24_sp336,4,0.15548285310251336
tcn,naive,r-naive_sl6_st6_sp336,4,0.29040382260557246
tcn,naive,r-naive_sl8_st4_sp336,4,0.18805941224018274
tcn,naive,r-naive_sl8_st8_sp336,4,0.16823120329835997
vgru,naive,r-naive_sl10_st10_sp336,4,0.3654508127943676
vgru,naive,r-naive_sl12_st12_sp168,8,0.45207367320944675
vgru,naive,r-naive_sl12_st12_sp336,4,0.3670234463054913
vgru,naive,r-naive_sl12_st6_sp336,4,0.36741908553161223
vgru,naive,r-naive_sl16_st16_sp336,4,0.37367723283791726
vgru,naive,r-naive_sl24_st12_sp336,4,0.38393314508223525
vgru,naive,r-naive_sl24_st24_sp336,4,0.3838493029790518
vgru,naive,r-naive_sl6_st6_sp336,4,0.3684427414458475
vgru,naive,r-naive_sl8_st4_sp336,4,0.37095546423844583
vgru,naive,r-naive_sl8_st8_sp336,4,0.37058476691243186
vgru-kl,naive,r-naive_sl10_st10_sp336,4,0.3430241755001371
vgru-kl,naive,r-naive_sl12_st12_sp168,8,0.40338513104209006
vgru-kl,naive,r-naive_sl12_st12_sp336,4,0.35437264062898444
vgru-kl,naive,r-naive_sl12_st6_sp336,4,0.3384437865562131
vgru-kl,naive,r-naive_sl16_st16_sp336,4,0.3745978607205602
vgru-kl,naive,r-naive_sl24_st12_sp336,4,0.3876851680920854
vgru-kl,naive,r-naive_sl24_st24_sp336,4,0.38276729247476515
vgru-kl,naive,r-naive_sl6_st6_sp336,4,0.34940472861700894
vgru-kl,naive,r-naive_sl8_st4_sp336,4,0.32534402127260476
vgru-kl,naive,r-naive_sl8_st8_sp336,4,0.34188852631055905
vlstm,naive,r-naive_sl10_st10_sp336,4,0.36522551338509407
vlstm,naive,r-naive_sl12_st12_sp168,8,0.452788977201059
vlstm,naive,r-naive_sl12_st12_sp336,4,0.3635208968987111
vlstm,naive,r-naive_sl12_st6_sp336,4,0.36689386632947957
vlstm,naive,r-naive_sl16_st16_sp336,4,0.3748023997523469
vlstm,naive,r-naive_sl24_st12_sp336,4,0.38590645496804993
vlstm,naive,r-naive_sl24_st24_sp336,4,0.38442176345997153
vlstm,naive,r-naive_sl6_st6_sp336,4,0.3683744547238825
vlstm,naive,r-naive_sl8_st4_sp336,4,0.367279221190795
vlstm,naive,r-naive_sl8_st8_sp336,4,0.371168120927664
vlstm-kl,naive,r-naive_sl10_st10_sp336,4,0.3307742803434192
vlstm-kl,naive,r-naive_sl12_st12_sp168,8,0.3642306913134726
vlstm-kl,naive,r-naive_sl12_st12_sp336,4,0.34319760989675663
vlstm-kl,naive,r-naive_sl12_st6_sp336,4,0.33895771104450884
vlstm-kl,naive,r-naive_sl16_st16_sp336,4,0.35375350464481997
vlstm-kl,naive,r-naive_sl24_st12_sp336,4,0.38530699421141756
vlstm-kl,naive,r-naive_sl24_st24_sp336,4,0.37473318477775025
vlstm-kl,naive,r-naive_sl6_st6_sp336,4,0.3373109345528454
vlstm-kl,naive,r-naive_sl8_st4_sp336,4,0.323949879814588
vlstm-kl,naive,r-naive_sl8_st8_sp336,4,0.33428595140883477
vtcn,naive,r-naive_sl10_st10_sp336,4,0.3650959021758224
vtcn,naive,r-naive_sl12_st12_sp168,8,0.4504646913614953
vtcn,naive,r-naive_sl12_st12_sp336,4,0.36314746302871387
vtcn,naive,r-naive_sl12_st6_sp336,4,0.36784714460439605
vtcn,naive,r-naive_sl16_st16_sp336,4,0.3725302326015411
vtcn,naive,r-naive_sl24_st12_sp336,4,0.3858063192331163
vtcn,naive,r-naive_sl24_st24_sp336,4,0.3867463522410932
vtcn,naive,r-naive_sl6_st6_sp336,4,0.365748263287674
vtcn,naive,r-naive_sl8_st4_sp336,4,0.36753141885770857
vtcn,naive,r-naive_sl8_st8_sp336,4,0.37316044176098684
vtcn-kl,naive,r-naive_sl10_st10_sp336,4,0.3318650216187481
vtcn-kl,naive,r-naive_sl12_st12_sp168,8,0.3731249929728878
vtcn-kl,naive,r-naive_sl12_st12_sp336,4,0.3422469822138858
vtcn-kl,naive,r-naive_sl12_st6_sp336,4,0.31917398390871965
vtcn-kl,naive,r-naive_sl16_st16_sp336,4,0.35577935767354946
vtcn-kl,naive,r-naive_sl24_st12_sp336,4,0.3782239540881041
vtcn-kl,naive,r-naive_sl24_st24_sp336,4,0.3687326825115798
vtcn-kl,naive,r-naive_sl6_st6_sp336,4,0.3533060133982829
vtcn-kl,naive,r-naive_sl8_st4_sp336,4,0.3051243735576275
vtcn-kl,naive,r-naive_sl8_st8_sp336,4,0.34555377574202034
gru,random-buffer,r-random-buffer_sl10_st10_sp168_bu50_re0.5,8,0.3044260381013946
gru,random-buffer,r-random-buffer_sl10_st10_sp336_bu50_re0.5,4,0.21955894622811714
gru,random-buffer,r-random-buffer_sl12_st12_sp168_bu1000_re0.5,8,0.30579154750247667
gru,random-buffer,r-random-buffer_sl12_st12_sp168_bu100_re0.5,8,0.30823107195944194
gru,random-buffer,r-random-buffer_sl12_st12_sp168_bu250_re0.5,8,0.30672194048564133
gru,random-buffer,r-random-buffer_sl12_st12_sp168_bu50,8,0.306829636741002
gru,random-buffer,r-random-buffer_sl12_st12_sp168_bu500_re0.5,8,0.30192934560454193
gru,random-buffer,r-random-buffer_sl12_st12_sp168_bu50_re0.3,8,0.314011212880668
gru,random-buffer,r-random-buffer_sl12_st12_sp168_bu50_re0.5,8,0.30335409700534866
gru,random-buffer,r-random-buffer_sl12_st12_sp336_bu1000_re0.5,4,0.22792542752972053
gru,random-buffer,r-random-buffer_sl12_st12_sp336_bu100_re0.5,4,0.22314992417888124
gru,random-buffer,r-random-buffer_sl12_st12_sp336_bu250_re0.5,4,0.2446656282353197
gru,random-buffer,r-random-buffer_sl12_st12_sp336_bu50,4,0.2365717307926769
gru,random-buffer,r-random-buffer_sl12_st12_sp336_bu500_re0.5,4,0.23085886447205672
gru,random-buffer,r-random-buffer_sl12_st12_sp336_bu50_re0.3,4,0.2238719084714594
gru,random-buffer,r-random-buffer_sl12_st12_sp336_bu50_re0.5,4,0.22122384333731468
gru,random-buffer,r-random-buffer_sl12_st6_sp336_bu50_re0.5,4,0.18811742663563447
gru,random-buffer,r-random-buffer_sl16_st16_sp168_bu50_re0.5,8,0.3324443384820581
gru,random-buffer,r-random-buffer_sl16_st16_sp336_bu50_re0.5,4,0.24207650668288114
gru,random-buffer,r-random-buffer_sl24_st12_sp336_bu50_re0.5,4,0.2379445272298979
gru,random-buffer,r-random-buffer_sl24_st24_sp168_bu50_re0.5,8,0.35230875846094023
gru,random-buffer,r-random-buffer_sl24_st24_sp336_bu50_re0.5,4,0.2551517072214538
gru,random-buffer,r-random-buffer_sl6_st6_sp168_bu50_re0.5,8,0.3679056490499067
gru,random-buffer,r-random-buffer_sl6_st6_sp336_bu50_re0.5,4,0.26405323625327964
gru,random-buffer,r-random-buffer_sl8_st4_sp168_bu50_re0.5,8,0.3262622558542344
gru,random-buffer,r-random-buffer_sl8_st4_sp336_bu50_re0.5,4,0.21593058876469318
gru,random-buffer,r-random-buffer_sl8_st8_sp168_bu50_re0.5,8,0.3109299268204008
gru,random-buffer,r-random-buffer_sl8_st8_sp336_bu50_re0.5,4,0.23796281963111188
lstm,random-buffer,r-random-buffer_sl10_st10_sp336_bu50_re0.5,4,0.18779053395793435
lstm,random-buffer,r-random-buffer_sl12_st12_sp168_bu50_re0.5,8,0.29773810791150684
lstm,random-buffer,r-random-buffer_sl12_st12_sp336_bu1000_re0.5,4,0.2259013557834814
lstm,random-buffer,r-random-buffer_sl12_st12_sp336_bu100_re0.5,4,0.1884287847453611
lstm,random-buffer,r-random-buffer_sl12_st12_sp336_bu250_re0.5,4,0.23391649833072273
lstm,random-buffer,r-random-buffer_sl12_st12_sp336_bu50,4,0.21108444821302738
lstm,random-buffer,r-random-buffer_sl12_st12_sp336_bu500_re0.5,4,0.21379932698984017
lstm,random-buffer,r-random-buffer_sl12_st12_sp336_bu50_re0.3,4,0.21984106624912733
lstm,random-buffer,r-random-buffer_sl12_st12_sp336_bu50_re0.5,4,0.2371488168931151
lstm,random-buffer,r-random-buffer_sl12_st6_sp336_bu50_re0.5,4,0.16733385610347948
lstm,random-buffer,r-random-buffer_sl16_st16_sp336_bu50_re0.5,4,0.21201285660865796
lstm,random-buffer,r-random-buffer_sl24_st12_sp336_bu50_re0.5,4,0.2525420248226467
lstm,random-buffer,r-random-buffer_sl24_st24_sp336_bu50_re0.5,4,0.2764790204852638
lstm,random-buffer,r-random-buffer_sl6_st6_sp336_bu50_re0.5,4,0.24641920349660054
lstm,random-buffer,r-random-buffer_sl8_st4_sp336_bu50_re0.5,4,0.1749539653625097
lstm,random-buffer,r-random-buffer_sl8_st8_sp336_bu50_re0.5,4,0.23450529820515198
tcn,random-buffer,r-random-buffer_sl10_st10_sp336_bu50_re0.5,4,0.25633497656984966
tcn,random-buffer,r-random-buffer_sl12_st12_sp168_bu50_re0.5,8,0.3138421473032014
tcn,random-buffer,r-random-buffer_sl12_st12_sp336_bu1000_re0.5,4,0.21155590629009927
tcn,random-buffer,r-random-buffer_sl12_st12_sp336_bu100_re0.5,4,0.2062709996417705
tcn,random-buffer,r-random-buffer_sl12_st12_sp336_bu250_re0.5,4,0.2440096296660295
tcn,random-buffer,r-random-buffer_sl12_st12_sp336_bu50,4,0.1766583075237311
tcn,random-buffer,r-random-buffer_sl12_st12_sp336_bu500_re0.5,4,0.23770983930338999
tcn,random-buffer,r-random-buffer_sl12_st12_sp336_bu50_re0.3,4,0.2033124009263445
tcn,random-buffer,r-random-buffer_sl12_st12_sp336_bu50_re0.5,4,0.22794280773241746
tcn,random-buffer,r-random-buffer_sl12_st6_sp336_bu50_re0.5,4,0.15303321517188287
tcn,random-buffer,r-random-buffer_sl16_st16_sp336_bu50_re0.5,4,0.269925139309699
tcn,random-buffer,r-random-buffer_sl24_st12_sp336_bu50_re0.5,4,0.26399529809284583
tcn,random-buffer,r-random-buffer_sl24_st24_sp336_bu50_re0.5,4,0.18479474157474352
tcn,random-buffer,r-random-buffer_sl6_st6_sp336_bu50_re0.5,4,0.26470419263268535
tcn,random-buffer,r-random-buffer_sl8_st4_sp336_bu50_re0.5,4,0.22435990027106467
tcn,random-buffer,r-random-buffer_sl8_st8_sp336_bu50_re0.5,4,0.1705387203648965
vgru,random-buffer,r-random-buffer_sl10_st10_sp336_bu50_re0.5,4,0.3721964545211784
vgru,random-buffer,r-random-buffer_sl12_st12_sp168_bu50_re0.5,8,0.45833230989177
vgru,random-buffer,r-random-buffer_sl12_st12_sp336_bu1000_re0.5,4,0.37744636038939056
vgru,random-buffer,r-random-buffer_sl12_st12_sp336_bu100_re0.5,4,0.3734681848957793
vgru,random-buffer,r-random-buffer_sl12_st12_sp336_bu250_re0.5,4,0.37207296339920487
vgru,random-buffer,r-random-buffer_sl12_st12_sp336_bu50,4,0.3683926895041334
vgru,random-buffer,r-random-buffer_sl12_st12_sp336_bu500_re0.5,4,0.37458737191621666
vgru,random-buffer,r-random-buffer_sl12_st12_sp336_bu50_re0.3,4,0.3718578622732481
vgru,random-buffer,r-random-buffer_sl12_st12_sp336_bu50_re0.5,4,0.37269752120610344
vgru,random-buffer,r-random-buffer_sl12_st6_sp336_bu50_re0.5,4,0.3740962351580705
vgru,random-buffer,r-random-buffer_sl16_st16_sp336_bu50_re0.5,4,0.3801095785620521
vgru,random-buffer,r-random-buffer_sl24_st12_sp336_bu50_re0.5,4,0.3904744000758153
vgru,random-buffer,r-random-buffer_sl24_st24_sp336_bu50_re0.5,4,0.39258475592235936
vgru,random-buffer,r-random-buffer_sl6_st6_sp336_bu50_re0.5,4,0.3751301330918276
vgru,random-buffer,r-random-buffer_sl8_st4_sp336_bu50_re0.5,4,0.3756738491700884
vgru,random-buffer,r-random-buffer_sl8_st8_sp336_bu50_re0.5,4,0.3730661246142568
vgru-kl,random-buffer,r-random-buffer_sl10_st10_sp336_bu50_re0.5,4,0.36153535211881227
vgru-kl,random-buffer,r-random-buffer_sl12_st12_sp168_bu50_re0.5,8,0.41795359087170064
vgru-kl,random-buffer,r-random-buffer_sl12_st12_sp336_bu1000_re0.5,4,0.36974705541665925
vgru-kl,random-buffer,r-random-buffer_sl12_st12_sp336_bu100_re0.5,4,0.3657621262492398
vgru-kl,random-buffer,r-random-buffer_sl12_st12_sp336_bu250_re0.5,4,0.3607403226347568
vgru-kl,random-buffer,r-random-buffer_sl12_st12_sp336_bu50,4,0.35858419077090814
vgru-kl,random-buffer,r-random-buffer_sl12_st12_sp336_bu500_re0.5,4,0.35907582919803094
vgru-kl,random-buffer,r-random-buffer_sl12_st12_sp336_bu50_re0.3,4,0.3627263209862373
vgru-kl,random-buffer,r-random-buffer_sl12_st12_sp336_bu50_re0.5,4,0.36198620100654355
vgru-kl,random-buffer,r-random-buffer_sl12_st6_sp336_bu50_re0.5,4,0.35991024582167414
vgru-kl,random-buffer,r-random-buffer_sl16_st16_sp336_bu50_re0.5,4,0.378044106071862
vgru-kl,random-buffer,r-random-buffer_sl24_st12_sp336_bu50_re0.5,4,0.3939827112651562
vgru-kl,random-buffer,r-random-buffer_sl24_st24_sp336_bu50_re0.5,4,0.3944357286910301
vgru-kl,random-buffer,r-random-buffer_sl6_st6_sp336_bu50_re0.5,4,0.34963463426775837
vgru-kl,random-buffer,r-random-buffer_sl8_st4_sp336_bu50_re0.5,4,0.3652478521478803
vgru-kl,random-buffer,r-random-buffer_sl8_st8_sp336_bu50_re0.5,4,0.34772252851918123
vlstm,random-buffer,r-random-buffer_sl10_st10_sp336_bu50_re0.5,4,0.3715603913795242
vlstm,random-buffer,r-random-buffer_sl12_st12_sp168_bu50_re0.5,8,0.4581153379773665
vlstm,random-buffer,r-random-buffer_sl12_st12_sp336_bu1000_re0.5,4,0.3743429905329161
vlstm,random-buffer,r-random-buffer_sl12_st12_sp336_bu100_re0.5,4,0.3747032418240414
vlstm,random-buffer,r-random-buffer_sl12_st12_sp336_bu250_re0.5,4,0.37227641067298367
vlstm,random-buffer,r-random-buffer_sl12_st12_sp336_bu50,4,0.3673003019502006
vlstm,random-buffer,r-random-buffer_sl12_st12_sp336_bu500_re0.5,4,0.3756953870886164
vlstm,random-buffer,r-random-buffer_sl12_st12_sp336_bu50_re0.3,4,0.37150124450156746
vlstm,random-buffer,r-random-buffer_sl12_st12_sp336_bu50_re0.5,4,0.37306555838617844
vlstm,random-buffer,r-random-buffer_sl12_st6_sp336_bu50_re0.5,4,0.3743428801048368
vlstm,random-buffer,r-random-buffer_sl16_st16_sp336_bu50_re0.5,4,0.3806399620148358
vlstm,random-buffer,r-random-buffer_sl24_st12_sp336_bu50_re0.5,4,0.389912682634034
vlstm,random-buffer,r-random-buffer_sl24_st24_sp336_bu50_re0.5,4,0.39362011406142283
vlstm,random-buffer,r-random-buffer_sl6_st6_sp336_bu50_re0.5,4,0.376467624672967
vlstm,random-buffer,r-random-buffer_sl8_st4_sp336_bu50_re0.5,4,0.3746963897395313
vlstm,random-buffer,r-random-buffer_sl8_st8_sp336_bu50_re0.5,4,0.372995504010934
vlstm-kl,random-buffer,r-random-buffer_sl10_st10_sp336_bu50_re0.5,4,0.3515768350008306
vlstm-kl,random-buffer,r-random-buffer_sl12_st12_sp168_bu50_re0.5,8,0.4018565615403401
vlstm-kl,random-buffer,r-random-buffer_sl12_st12_sp336_bu1000_re0.5,4,0.36964356877455656
vlstm-kl,random-buffer,r-random-buffer_sl12_st12_sp336_bu100_re0.5,4,0.3714760728071116
vlstm-kl,random-buffer,r-random-buffer_sl12_st12_sp336_bu250_re0.5,4,0.3732893770097969
vlstm-kl,random-buffer,r-random-buffer_sl12_st12_sp336_bu50,4,0.3612500029149508
vlstm-kl,random-buffer,r-random-buffer_sl12_st12_sp336_bu500_re0.5,4,0.3735101871017466
vlstm-kl,random-buffer,r-random-buffer_sl12_st12_sp336_bu50_re0.3,4,0.3714598898888033
vlstm-kl,random-buffer,r-random-buffer_sl12_st12_sp336_bu50_re0.5,4,0.3797092091481636
vlstm-kl,random-buffer,r-random-buffer_sl12_st6_sp336_bu50_re0.5,4,0.3680963557843011
vlstm-kl,random-buffer,r-random-buffer_sl16_st16_sp336_bu50_re0.5,4,0.37388461316312505
vlstm-kl,random-buffer,r-random-buffer_sl24_st12_sp336_bu50_re0.5,4,0.38681203052083646
vlstm-kl,random-buffer,r-random-buffer_sl24_st24_sp336_bu50_re0.5,4,0.39301780029943306
vlstm-kl,random-buffer,r-random-buffer_sl6_st6_sp336_bu50_re0.5,4,0.33980023467388437
vlstm-kl,random-buffer,r-random-buffer_sl8_st4_sp336_bu50_re0.5,4,0.3642555711309921
vlstm-kl,random-buffer,r-random-buffer_sl8_st8_sp336_bu50_re0.5,4,0.35887307698795756
vtcn,random-buffer,r-random-buffer_sl10_st10_sp336_bu50_re0.5,4,0.37048743200536977
vtcn,random-buffer,r-random-buffer_sl12_st12_sp168_bu50_re0.5,8,0.45629984983182187
vtcn,random-buffer,r-random-buffer_sl12_st12_sp336_bu1000_re0.5,4,0.36763128650571847
vtcn,random-buffer,r-random-buffer_sl12_st12_sp336_bu100_re0.5,4,0.3705890025520116
vtcn,random-buffer,r-random-buffer_sl12_st12_sp336_bu250_re0.5,4,0.3691061908346333
vtcn,random-buffer,r-random-buffer_sl12_st12_sp336_bu50,4,0.36357797932152064
vtcn,random-buffer,r-random-buffer_sl12_st12_sp336_bu500_re0.5,4,0.37126779055854325
vtcn,random-buffer,r-random-buffer_sl12_st12_sp336_bu50_re0.3,4,0.3706354722524116
vtcn,random-buffer,r-random-buffer_sl12_st12_sp336_bu50_re0.5,4,0.3695622408949699
vtcn,random-buffer,r-random-buffer_sl12_st6_sp336_bu50_re0.5,4,0.3741175209175333
vtcn,random-buffer,r-random-buffer_sl16_st16_sp336_bu50_re0.5,4,0.3771919729367002
vtcn,random-buffer,r-random-buffer_sl24_st12_sp336_bu50_re0.5,4,0.38998309302186174
vtcn,random-buffer,r-random-buffer_sl24_st24_sp336_bu50_re0.5,4,0.39221218706019007
vtcn,random-buffer,r-random-buffer_sl6_st6_sp336_bu50_re0.5,4,0.3748435716182866
vtcn,random-buffer,r-random-buffer_sl8_st4_sp336_bu50_re0.5,4,0.37606135421101233
vtcn,random-buffer,r-random-buffer_sl8_st8_sp336_bu50_re0.5,4,0.3761597550391483
vtcn-kl,random-buffer,r-random-buffer_sl10_st10_sp336_bu50_re0.5,4,0.35745662663248917
vtcn-kl,random-buffer,r-random-buffer_sl12_st12_sp168_bu50_re0.5,8,0.3994172970426219
vtcn-kl,random-buffer,r-random-buffer_sl12_st12_sp336_bu1000_re0.5,4,0.3658420402927162
vtcn-kl,random-buffer,r-random-buffer_sl12_st12_sp336_bu100_re0.5,4,0.35557475658515214
vtcn-kl,random-buffer,r-random-buffer_sl12_st12_sp336_bu250_re0.5,4,0.35568947009258345
vtcn-kl,random-buffer,r-random-buffer_sl12_st12_sp336_bu50,4,0.3425184188553633
vtcn-kl,random-buffer,r-random-buffer_sl12_st12_sp336_bu500_re0.5,4,0.3635962350763113
vtcn-kl,random-buffer,r-random-buffer_sl12_st12_sp336_bu50_re0.3,4,0.35074201548476003
vtcn-kl,random-buffer,r-random-buffer_sl12_st12_sp336_bu50_re0.5,4,0.35740508463250037
vtcn-kl,random-buffer,r-random-buffer_sl12_st6_sp336_bu50_re0.5,4,0.3634913078757806
vtcn-kl,random-buffer,r-random-buffer_sl16_st16_sp336_bu50_re0.5,4,0.3692054072523747
vtcn-kl,random-buffer,r-random-buffer_sl24_st12_sp336_bu50_re0.5,4,0.3834020608121968
vtcn-kl,random-buffer,r-random-buffer_sl24_st24_sp336_bu50_re0.5,4,0.3909275910211443
vtcn-kl,random-buffer,r-random-buffer_sl6_st6_sp336_bu50_re0.5,4,0.3694054602071324
vtcn-kl,random-buffer,r-random-buffer_sl8_st4_sp336_bu50_re0.5,4,0.339763126189551
vtcn-kl,random-buffer,r-random-buffer_sl8_st8_sp336_bu50_re0.5,4,0.33986497816977
gru,reservoir,r-reservoir_sl10_st10_sp168_bu50_re0.5,8,0.3137609157271974
gru,reservoir,r-reservoir_sl10_st10_sp336_bu50_re0.5,4,0.21403975794220934
gru,reservoir,r-reservoir_sl12_st12_sp168_bu1000_re0.5,8,0.30797988823552463
gru,reservoir,r-reservoir_sl12_st12_sp168_bu100_re0.5,8,0.29387571659647055
gru,reservoir,r-reservoir_sl12_st12_sp168_bu250_re0.5,8,0.31033036338099046
gru,reservoir,r-reservoir_sl12_st12_sp168_bu50,8,0.30664506189217444
gru,reservoir,r-reservoir_sl12_st12_sp168_bu500_re0.5,8,0.31025270500501
gru,reservoir,r-reservoir_sl12_st12_sp168_bu50_re0.3,8,0.31295589339734303
gru,reservoir,r-reservoir_sl12_st12_sp168_bu50_re0.5,8,0.30596103211437115
gru,reservoir,r-reservoir_sl12_st12_sp336_bu1000_re0.5,4,0.22955706610119564
gru,reservoir,r-reservoir_sl12_st12_sp336_bu100_re0.5,4,0.22700138409785764
gru,reservoir,r-reservoir_sl12_st12_sp336_bu250_re0.5,4,0.2325533455144848
gru,reservoir,r-reservoir_sl12_st12_sp336_bu50,4,0.2192843332318265
gru,reservoir,r-reservoir_sl12_st12_sp336_bu500_re0.5,4,0.2352516726402599
gru,reservoir,r-reservoir_sl12_st12_sp336_bu50_re0.3,4,0.22936874470987687
gru,reservoir,r-reservoir_sl12_st12_sp336_bu50_re0.5,4,0.21955616723976068
gru,reservoir,r-reservoir_sl12_st6_sp336_bu50_re0.5,4,0.19649499633550382
gru,reservoir,r-reservoir_sl16_st16_sp168_bu50_re0.5,8,0.3349151404552796
gru,reservoir,r-reservoir_sl16_st16_sp336_bu50_re0.5,4,0.22888880782949494
gru,reservoir,r-reservoir_sl24_st12_sp336_bu50_re0.5,4,0.23951793526680865
gru,reservoir,r-reservoir_sl24_st24_sp168_bu50_re0.5,8,0.36552922221994816
gru,reservoir,r-reservoir_sl24_st24_sp336_bu50_re0.5,4,0.2503938364287914
gru,reservoir,r-reservoir_sl6_st6_sp168_bu50_re0.5,8,0.3396857542109633
gru,reservoir,r-reservoir_sl6_st6_sp336_bu50_re0.5,4,0.24283669725236523
gru,reservoir,r-reservoir_sl8_st4_sp168_bu50_re0.5,8,0.28228874114473573
gru,reservoir,r-reservoir_sl8_st4_sp336_bu50_re0.5,4,0.22546929315041186
gru,reservoir,r-reservoir_sl8_st8_sp168_bu50_re0.5,8,0.3419151997341328
gru,reservoir,r-reservoir_sl8_st8_sp336_bu50_re0.5,4,0.2311158667436084
lstm,reservoir,r-reservoir_sl10_st10_sp336_bu50_re0.5,4,0.19005352182705523
lstm,reservoir,r-reservoir_sl12_st12_sp168_bu50_re0.5,8,0.3077769309539688
lstm,reservoir,r-reservoir_sl12_st12_sp336_bu1000_re0.5,4,0.22737655698452996
lstm,reservoir,r-reservoir_sl12_st12_sp336_bu100_re0.5,4,0.1955322125864679
lstm,reservoir,r-reservoir_sl12_st12_sp336_bu250_re0.5,4,0.2257542999743024
lstm,reservoir,r-reservoir_sl12_st12_sp336_bu50,4,0.22183710552717364
lstm,reservoir,r-reservoir_sl12_st12_sp336_bu500_re0.5,4,0.2222116499696147
lstm,reservoir,r-reservoir_sl12_st12_sp336_bu50_re0.3,4,0.23177360252602885
lstm,reservoir,r-reservoir_sl12_st12_sp336_bu50_re0.5,4,0.21188973013571424
lstm,reservoir,r-reservoir_sl12_st6_sp336_bu50_re0.5,4,0.19640532581360484
lstm,reservoir,r-reservoir_sl16_st16_sp336_bu50_re0.5,4,0.21585317724192735
lstm,reservoir,r-reservoir_sl24_st12_sp336_bu50_re0.5,4,0.23816731148508918
lstm,reservoir,r-reservoir_sl24_st24_sp336_bu50_re0.5,4,0.26808028730617345
lstm,reservoir,r-reservoir_sl6_st6_sp336_bu50_re0.5,4,0.2417395173223287
lstm,reservoir,r-reservoir_sl8_st4_sp336_bu50_re0.5,4,0.2089690520345833
lstm,reservoir,r-reservoir_sl8_st8_sp336_bu50_re0.5,4,0.20602445294220517
tcn,reservoir,r-reservoir_sl10_st10_sp336_bu50_re0.5,4,0.220609281108101
tcn,reservoir,r-reservoir_sl12_st12_sp168_bu50_re0.5,8,0.2970214767206684
tcn,reservoir,r-reservoir_sl12_st12_sp336_bu1000_re0.5,4,0.16606553861439108
tcn,reservoir,r-reservoir_sl12_st12_sp336_bu100_re0.5,4,0.20882820419867854
tcn,reservoir,r-reservoir_sl12_st12_sp336_bu250_re0.5,4,0.24005939134194906
tcn,reservoir,r-reservoir_sl12_st12_sp336_bu50,4,0.17166014895179504
tcn,reservoir,r-reservoir_sl12_st12_sp336_bu500_re0.5,4,0.21482353069913476
tcn,reservoir,r-reservoir_sl12_st12_sp336_bu50_re0.3,4,0.1942306704399699
tcn,reservoir,r-reservoir_sl12_st12_sp336_bu50_re0.5,4,0.20488260241967823
tcn,reservoir,r-reservoir_sl12_st6_sp336_bu50_re0.5,4,0.16782741177527297
tcn,reservoir,r-reservoir_sl16_st16_sp336_bu50_re0.5,4,0.24904695902220994
tcn,reservoir,r-reservoir_sl24_st12_sp336_bu50_re0.5,4,0.2041160253169599
tcn,reservoir,r-reservoir_sl24_st24_sp336_bu50_re0.5,4,0.23554696803655573
tcn,reservoir,r-reservoir_sl6_st6_sp336_bu50_re0.5,4,0.2710348138315318
tcn,reservoir,r-reservoir_sl8_st4_sp336_bu50_re0.5,4,0.22780339177909556
tcn,reservoir,r-reservoir_sl8_st8_sp336_bu50_re0.5,4,0.21332994719700304
vgru,reservoir,r-reservoir_sl10_st10_sp336_bu50_re0.5,4,0.38431326730250887
vgru,reservoir,r-reservoir_sl12_st12_sp168_bu50_re0.5,8,0.45559531963645394
vgru,reservoir,r-reservoir_sl12_st12_sp336_bu1000_re0.5,4,0.37666804934246806
vgru,reservoir,r-reservoir_sl12_st12_sp336_bu100_re0.5,4,0.37742259153788793
vgru,reservoir,r-reservoir_sl12_st12_sp336_bu250_re0.5,4,0.37364830794766907
vgru,reservoir,r-reservoir_sl12_st12_sp336_bu50,4,0.36855431626846613
vgru,reservoir,r-reservoir_sl12_st12_sp336_bu500_re0.5,4,0.3766852140093225
vgru,reservoir,r-reservoir_sl12_st12_sp336_bu50_re0.3,4,0.3743979310415766
vgru,reservoir,r-reservoir_sl12_st12_sp336_bu50_re0.5,4,0.37432076574303474
vgru,reservoir,r-reservoir_sl12_st6_sp336_bu50_re0.5,4,0.37558099256416727
vgru,reservoir,r-reservoir_sl16_st16_sp336_bu50_re0.5,4,0.3875756104598144
vgru,reservoir,r-reservoir_sl24_st12_sp336_bu50_re0.5,4,0.39312815311140037
vgru,reservoir,r-reservoir_sl24_st24_sp336_bu50_re0.5,4,0.3955865191021927
vgru,reservoir,r-reservoir_sl6_st6_sp336_bu50_re0.5,4,0.3747262892766501
vgru,reservoir,r-reservoir_sl8_st4_sp336_bu50_re0.5,4,0.37852685110393897
vgru,reservoir,r-reservoir_sl8_st8_sp336_bu50_re0.5,4,0.3816775017152332
vgru-kl,reservoir,r-reservoir_sl10_st10_sp336_bu50_re0.5,4,0.35350428324849165
vgru-kl,reservoir,r-reservoir_sl12_st12_sp168_bu50_re0.5,8,0.4086581042657146
vgru-kl,reservoir,r-reservoir_sl12_st12_sp336_bu1000_re0.5,4,0.3665449202748552
vgru-kl,reservoir,r-reservoir_sl12_st12_sp336_bu100_re0.5,4,0.36147861704054973
vgru-kl,reservoir,r-reservoir_sl12_st12_sp336_bu250_re0.5,4,0.36107726079105773
vgru-kl,reservoir,r-reservoir_sl12_st12_sp336_bu50,4,0.35834885681284895
vgru-kl,reservoir,r-reservoir_sl12_st12_sp336_bu500_re0.5,4,0.35950545923482496
vgru-kl,reservoir,r-reservoir_sl12_st12_sp336_bu50_re0.3,4,0.3618256549827554
vgru-kl,reservoir,r-reservoir_sl12_st12_sp336_bu50_re0.5,4,0.36211186825019387
vgru-kl,reservoir,r-reservoir_sl12_st6_sp336_bu50_re0.5,4,0.35676927451441864
vgru-kl,reservoir,r-reservoir_sl16_st16_sp336_bu50_re0.5,4,0.3809361781768612
vgru-kl,reservoir,r-reservoir_sl24_st12_sp336_bu50_re0.5,4,0.3937164409021296
vgru-kl,reservoir,r-reservoir_sl24_st24_sp336_bu50_re0.5,4,0.39498739013950884
vgru-kl,reservoir,r-reservoir_sl6_st6_sp336_bu50_re0.5,4,0.36009674787481033
vgru-kl,reservoir,r-reservoir_sl8_st4_sp336_bu50_re0.5,4,0.3562858687277067
vgru-kl,reservoir,r-reservoir_sl8_st8_sp336_bu50_re0.5,4,0.34006643869013714
vlstm,reservoir,r-reservoir_sl10_st10_sp336_bu50_re0.5,4,0.382732318925114
vlstm,reservoir,r-reservoir_sl12_st12_sp168_bu50_re0.5,8,0.4557593036593279
vlstm,reservoir,r-reservoir_sl12_st12_sp336_bu1000_re0.5,4,0.37585290631310225
vlstm,reservoir,r-reservoir_sl12_st12_sp336_bu100_re0.5,4,0.37698884798001703
vlstm,reservoir,r-reservoir_sl12_st12_sp336_bu250_re0.5,4,0.3739031264227089
vlstm,reservoir,r-reservoir_sl12_st12_sp336_bu50,4,0.3675313724484314
vlstm,reservoir,r-reservoir_sl12_st12_sp336_bu500_re0.5,4,0.37614123552424866
vlstm,reservoir,r-reservoir_sl12_st12_sp336_bu50_re0.3,4,0.3723852529969764
vlstm,reservoir,r-reservoir_sl12_st12_sp336_bu50_re0.5,4,0.3736382312466892
vlstm,reservoir,r-reservoir_sl12_st6_sp336_bu50_re0.5,4,0.37481701705891796
vlstm,reservoir,r-reservoir_sl16_st16_sp336_bu50_re0.5,4,0.38793199475916484
vlstm,reservoir,r-reservoir_sl24_st12_sp336_bu50_re0.5,4,0.3939173779256542
vlstm,reservoir,r-reservoir_sl24_st24_sp336_bu50_re0.5,4,0.3959923892383217
vlstm,reservoir,r-reservoir_sl6_st6_sp336_bu50_re0.5,4,0.37418327467238904
vlstm,reservoir,r-reservoir_sl8_st4_sp336_bu50_re0.5,4,0.379423640862446
vlstm,reservoir,r-reservoir_sl8_st8_sp336_bu50_re0.5,4,0.38123747408911185
vlstm-kl,reservoir,r-reservoir_sl10_st10_sp336_bu50_re0.5,4,0.34690882404797296
vlstm-kl,reservoir,r-reservoir_sl12_st12_sp168_bu50_re0.5,8,0.39372295283690933
vlstm-kl,reservoir,r-reservoir_sl12_st12_sp336_bu1000_re0.5,4,0.3696923775539053
vlstm-kl,reservoir,r-reservoir_sl12_st12_sp336_bu100_re0.5,4,0.37291608983139435
vlstm-kl,reservoir,r-reservoir_sl12_st12_sp336_bu250_re0.5,4,0.3702363279156229
vlstm-kl,reservoir,r-reservoir_sl12_st12_sp336_bu50,4,0.3561746926717579
vlstm-kl,reservoir,r-reservoir_sl12_st12_sp336_bu500_re0.5,4,0.37301098585406
vlstm-kl,reservoir,r-reservoir_sl12_st12_sp336_bu50_re0.3,4,0.3634657733293512
vlstm-kl,reservoir,r-reservoir_sl12_st12_sp336_bu50_re0.5,4,0.3776721382104952
vlstm-kl,reservoir,r-reservoir_sl12_st6_sp336_bu50_re0.5,4,0.3609130723984091
vlstm-kl,reservoir,r-reservoir_sl16_st16_sp336_bu50_re0.5,4,0.3733801093340503
vlstm-kl,reservoir,r-reservoir_sl24_st12_sp336_bu50_re0.5,4,0.3921261498967213
vlstm-kl,reservoir,r-reservoir_sl24_st24_sp336_bu50_re0.5,4,0.39514625587628177
vlstm-kl,reservoir,r-reservoir_sl6_st6_sp336_bu50_re0.5,4,0.3446803173793664
vlstm-kl,reservoir,r-reservoir_sl8_st4_sp336_bu50_re0.5,4,0.35346143500737354
vlstm-kl,reservoir,r-reservoir_sl8_st8_sp336_bu50_re0.5,4,0.35116063214730264
vtcn,reservoir,r-reservoir_sl10_st10_sp336_bu50_re0.5,4,0.3816398918032438
vtcn,reservoir,r-reservoir_sl12_st12_sp168_bu50_re0.5,8,0.4548458242869958
vtcn,reservoir,r-reservoir_sl12_st12_sp336_bu1000_re0.5,4,0.3756637094038111
vtcn,reservoir,r-reservoir_sl12_st12_sp336_bu100_re0.5,4,0.3759232876862271
vtcn,reservoir,r-reservoir_sl12_st12_sp336_bu250_re0.5,4,0.37477202765303924
vtcn,reservoir,r-reservoir_sl12_st12_sp336_bu50,4,0.3634276470826136
vtcn,reservoir,r-reservoir_sl12_st12_sp336_bu500_re0.5,4,0.3704983070395584
vtcn,reservoir,r-reservoir_sl12_st12_sp336_bu50_re0.3,4,0.3705662183934611
vtcn,reservoir,r-reservoir_sl12_st12_sp336_bu50_re0.5,4,0.37212417731805747
vtcn,reservoir,r-reservoir_sl12_st6_sp336_bu50_re0.5,4,0.374425125808421
vtcn,reservoir,r-reservoir_sl16_st16_sp336_bu50_re0.5,4,0.38508534925438465
vtcn,reservoir,r-reservoir_sl24_st12_sp336_bu50_re0.5,4,0.393236622145092
vtcn,reservoir,r-reservoir_sl24_st24_sp336_bu50_re0.5,4,0.39167203576405507
vtcn,reservoir,r-reservoir_sl6_st6_sp336_bu50_re0.5,4,0.3763685020757807
vtcn,reservoir,r-reservoir_sl8_st4_sp336_bu50_re0.5,4,0.37878459639936457
vtcn,reservoir,r-reservoir_sl8_st8_sp336_bu50_re0.5,4,0.38294045237556107
vtcn-kl,reservoir,r-reservoir_sl10_st10_sp336_bu50_re0.5,4,0.3553626362491267
vtcn-kl,reservoir,r-reservoir_sl12_st12_sp168_bu50_re0.5,8,0.3844462006219573
vtcn-kl,reservoir,r-reservoir_sl12_st12_sp336_bu1000_re0.5,4,0.36623611952727336
vtcn-kl,reservoir,r-reservoir_sl12_st12_sp336_bu100_re0.5,4,0.36011791492720047
vtcn-kl,reservoir,r-reservoir_sl12_st12_sp336_bu250_re0.5,4,0.35833046670669927
vtcn-kl,reservoir,r-reservoir_sl12_st12_sp336_bu50,4,0.34322090690106904
vtcn-kl,reservoir,r-reservoir_sl12_st12_sp336_bu500_re0.5,4,0.36165572993213896
vtcn-kl,reservoir,r-reservoir_sl12_st12_sp336_bu50_re0.3,4,0.34764993008595324
vtcn-kl,reservoir,r-reservoir_sl12_st12_sp336_bu50_re0.5,4,0.3629739326754617
vtcn-kl,reservoir,r-reservoir_sl12_st6_sp336_bu50_re0.5,4,0.35940864878011225
vtcn-kl,reservoir,r-reservoir_sl16_st16_sp336_bu50_re0.5,4,0.3663308287786003
vtcn-kl,reservoir,r-reservoir_sl24_st12_sp336_bu50_re0.5,4,0.3904949142272575
vtcn-kl,reservoir,r-reservoir_sl24_st24_sp336_bu50_re0.5,4,0.3961192865937706
vtcn-kl,reservoir,r-reservoir_sl6_st6_sp336_bu50_re0.5,4,0.37006127177099507
vtcn-kl,reservoir,r-reservoir_sl8_st4_sp336_bu50_re0.5,4,0.3099119602998908
vtcn-kl,reservoir,r-reservoir_sl8_st8_sp336_bu50_re0.5,4,0.32652795515259403
gru,strb,r-strb_sl10_st10_sp168_bu50_no0.2_re0.9_re0.5,8,0.29876370439722694
gru,strb,r-strb_sl10_st10_sp336_bu1000_no0.05_re0.9_re0.5,4,0.23976011159048446
gru,strb,r-strb_sl10_st10_sp336_bu1000_no0.2_re0.9_re0.5,4,0.24026285516551718
gru,strb,r-strb_sl10_st10_sp336_bu1000_no0.35_re0.9_re0.5,4,0.24026285516551718
gru,strb,r-strb_sl10_st10_sp336_bu250_no0.05_re0.9_re0.5,4,0.2253004689051652
gru,strb,r-strb_sl10_st10_sp336_bu250_no0.2_re0.9_re0.5,4,0.2248446161902763
gru,strb,r-strb_sl10_st10_sp336_bu250_no0.35_re0.9_re0.5,4,0.2248446161902763
gru,strb,r-strb_sl10_st10_sp336_bu50_no0.05_re0.9_re0.5,4,0.23101279917221565
gru,strb,r-strb_sl10_st10_sp336_bu50_no0.2_re0.9_re0.5,4,0.22684705193417928
gru,strb,r-strb_sl10_st10_sp336_bu50_no0.35_re0.9_re0.5,4,0.22684705193417928
gru,strb,r-strb_sl12_st12_sp168_bu1000_no0.2_re0.9_re0.5,8,0.3122844495240055
gru,strb,r-strb_sl12_st12_sp168_bu100_no0.2_re0.9_re0.5,8,0.30888491189067885
gru,strb,r-strb_sl12_st12_sp168_bu2000_no0.2_re0.9_re0.5,8,0.3122844495240055
gru,strb,r-strb_sl12_st12_sp168_bu250_no0.2_re0.9_re0.5,8,0.31027737998031707
gru,strb,r-strb_sl12_st12_sp168_bu4000_no0.2_re0.9_re0.5,8,0.3122844495240055
gru,strb,r-strb_sl12_st12_sp168_bu500_no0.2_re0.9_re0.5,8,0.30753807917979176
gru,strb,r-strb_sl12_st12_sp168_bu50_no0.01_re0.9_re0.5,8,0.2953950078257225
gru,strb,r-strb_sl12_st12_sp168_bu50_no0.05_re0.9_re0.5,8,0.2970294645513994
gru,strb,r-strb_sl12_st12_sp168_bu50_no0.1_re0.9_re0.5,8,0.29610313726734444
gru,strb,r-strb_sl12_st12_sp168_bu50_no0.2_re0.3_re0.5,8,0.2968356719601068
gru,strb,r-strb_sl12_st12_sp168_bu50_no0.2_re0.5_re0.5,8,0.296830126205719
gru,strb,r-strb_sl12_st12_sp168_bu50_no0.2_re0.7_re0.5,8,0.2936966544230252
gru,strb,r-strb_sl12_st12_sp168_bu50_no0.2_re0.9,8,0.30951511933616305
gru,strb,r-strb_sl12_st12_sp168_bu50_no0.2_re0.95_re0.5,8,0.29595233101866647
gru,strb,r-strb_sl12_st12_sp168_bu50_no0.2_re0.9_re0.3,8,0.2967047804327723
gru,strb,r-strb_sl12_st12_sp168_bu50_no0.2_re0.9_re0.5,8,0.29479250290287556
gru,strb,r-strb_sl12_st12_sp168_bu50_no0.2_re0.9_re0.7,8,0.31876705057989113
gru,strb,r-strb_sl12_st12_sp168_bu50_no0.2_re0.9_re0.9,8,0.3158572286092743
gru,strb,r-strb_sl12_st12_sp168_bu50_no0.35_re0.9_re0.5,8,0.30017126207828754
gru,strb,r-strb_sl12_st12_sp168_bu50_no0.5_re0.9_re0.5,8,0.30017126207828754
gru,strb,r-strb_sl12_st12_sp336_bu1000_no0.05_re0.9_re0.5,4,0.23747951495975597
gru,strb,r-strb_sl12_st12_sp336_bu1000_no0.2_re0.9_re0.5,4,0.23793328516426548
gru,strb,r-strb_sl12_st12_sp336_bu1000_no0.35_re0.9_re0.5,4,0.23793328516426548
gru,strb,r-strb_sl12_st12_sp336_bu100_no0.2_re0.9_re0.5,4,0.2237996438916904
gru,strb,r-strb_sl12_st12_sp336_bu2000_no0.2_re0.9_re0.5,4,0.237061741220707
gru,strb,r-strb_sl12_st12_sp336_bu250_no0.05_re0.9_re0.5,4,0.2259107955532784
gru,strb,r-strb_sl12_st12_sp336_bu250_no0.2_re0.9_re0.5,4,0.22501229577668636
gru,strb,r-strb_sl12_st12_sp336_bu250_no0.35_re0.9_re0.5,4,0.22501229577668636
gru,strb,r-strb_sl12_st12_sp336_bu4000_no0.2_re0.9_re0.5,4,0.237061741220707
gru,strb,r-strb_sl12_st12_sp336_bu500_no0.2_re0.9_re0.5,4,0.22752753380335125
gru,strb,r-strb_sl12_st12_sp336_bu50_no0.01_re0.3_re0.5,4,0.22741394606758855
gru,strb,r-strb_sl12_st12_sp336_bu50_no0.01_re0.5_re0.5,4,0.2263438481331992
gru,strb,r-strb_sl12_st12_sp336_bu50_no0.01_re0.7_re0.5,4,0.22813337177879944
gru,strb,r-strb_sl12_st12_sp336_bu50_no0.01_re0.95_re0.5,4,0.22724773751758431
gru,strb,r-strb_sl12_st12_sp336_bu50_no0.01_re0.9_re0.5,4,0.22633880624203795
gru,strb,r-strb_sl12_st12_sp336_bu50_no0.05_re0.3_re0.5,4,0.22630368686222538
gru,strb,r-strb_sl12_st12_sp336_bu50_no0.05_re0.5_re0.5,4,0.22560321170744801
gru,strb,r-strb_sl12_st12_sp336_bu50_no0.05_re0.7_re0.5,4,0.22791031155949457
gru,strb,r-strb_sl12_st12_sp336_bu50_no0.05_re0.95_re0.5,4,0.22770880977136176
gru,strb,r-strb_sl12_st12_sp336_bu50_no0.05_re0.9_re0.5,4,0.22653144125605965
gru,strb,r-strb_sl12_st12_sp336_bu50_no0.1_re0.3_re0.5,4,0.22862504309617604
gru,strb,r-strb_sl12_st12_sp336_bu50_no0.1_re0.5_re0.5,4,0.22843588524847247
gru,strb,r-strb_sl12_st12_sp336_bu50_no0.1_re0.7_re0.5,4,0.22843588524847247
gru,strb,r-strb_sl12_st12_sp336_bu50_no0.1_re0.95_re0.5,4,0.2276869036235579
gru,strb,r-strb_sl12_st12_sp336_bu50_no0.1_re0.9_re0.5,4,0.22691532041757578
gru,strb,r-strb_sl12_st12_sp336_bu50_no0.2_re0.3_re0.5,4,0.22777974396425063
gru,strb,r-strb_sl12_st12_sp336_bu50_no0.2_re0.5_re0.5,4,0.22777974396425063
gru,strb,r-strb_sl12_st12_sp336_bu50_no0.2_re0.7_re0.5,4,0.22777974396425063
gru,strb,r-strb_sl12_st12_sp336_bu50_no0.2_re0.9,4,0.23857851570138236
gru,strb,r-strb_sl12_st12_sp336_bu50_no0.2_re0.95_re0.5,4,0.22803044765578426
gru,strb,r-strb_sl12_st12_sp336_bu50_no0.2_re0.9_re0.3,4,0.23124755578723777
gru,strb,r-strb_sl12_st12_sp336_bu50_no0.2_re0.9_re0.5,4,0.2273223227351071
gru,strb,r-strb_sl12_st12_sp336_bu50_no0.2_re0.9_re0.7,4,0.21781053439284107
gru,strb,r-strb_sl12_st12_sp336_bu50_no0.2_re0.9_re0.9,4,0.16877943722721636
gru,strb,r-strb_sl12_st12_sp336_bu50_no0.35_re0.3_re0.5,4,0.22786476068072772
gru,strb,r-strb_sl12_st12_sp336_bu50_no0.35_re0.5_re0.5,4,0.22786476068072772
gru,strb,r-strb_sl12_st12_sp336_bu50_no0.35_re0.7_re0.5,4,0.22786476068072772
gru,strb,r-strb_sl12_st12_sp336_bu50_no0.35_re0.95_re0.5,4,0.22786476068072772
gru,strb,r-strb_sl12_st12_sp336_bu50_no0.35_re0.9_re0.5,4,0.22786476068072772
gru,strb,r-strb_sl12_st12_sp336_bu50_no0.5_re0.3_re0.5,4,0.22786476068072772
gru,strb,r-strb_sl12_st12_sp336_bu50_no0.5_re0.5_re0.5,4,0.22786476068072772
gru,strb,r-strb_sl12_st12_sp336_bu50_no0.5_re0.7_re0.5,4,0.22786476068072772
gru,strb,r-strb_sl12_st12_sp336_bu50_no0.5_re0.95_re0.5,4,0.22786476068072772
gru,strb,r-strb_sl12_st12_sp336_bu50_no0.5_re0.9_re0.5,4,0.22786476068072772
gru,strb,r-strb_sl12_st6_sp336_bu50_no0.2_re0.9_re0.5,4,0.18431986674864795
gru,strb,r-strb_sl16_st16_sp168_bu50_no0.2_re0.9_re0.5,8,0.3199235614455581
gru,strb,r-strb_sl16_st16_sp336_bu1000_no0.05_re0.9_re0.5,4,0.24004693307452296
gru,strb,r-strb_sl16_st16_sp336_bu1000_no0.2_re0.9_re0.5,4,0.24038212354424257
gru,strb,r-strb_sl16_st16_sp336_bu1000_no0.35_re0.9_re0.5,4,0.24038212354424257
gru,strb,r-strb_sl16_st16_sp336_bu250_no0.05_re0.9_re0.5,4,0.23895217538474442
gru,strb,r-strb_sl16_st16_sp336_bu250_no0.2_re0.9_re0.5,4,0.2405173867999635
gru,strb,r-strb_sl16_st16_sp336_bu250_no0.35_re0.9_re0.5,4,0.2405173867999635
gru,strb,r-strb_sl16_st16_sp336_bu50_no0.05_re0.9_re0.5,4,0.2205377856235168
gru,strb,r-strb_sl16_st16_sp336_bu50_no0.2_re0.9_re0.5,4,0.22196008031935408
gru,strb,r-strb_sl16_st16_sp336_bu50_no0.35_re0.9_re0.5,4,0.2223479078758843
gru,strb,r-strb_sl24_st12_sp336_bu50_no0.2_re0.9_re0.5,4,0.24920701110617335
gru,strb,r-strb_sl24_st24_sp168_bu50_no0.2_re0.9_re0.5,8,0.34948567403434033
gru,strb,r-strb_sl24_st24_sp336_bu1000_no0.05_re0.9_re0.5,4,0.25077736514527127
gru,strb,r-strb_sl24_st24_sp336_bu1000_no0.2_re0.9_re0.5,4,0.2508029252306419
gru,strb,r-strb_sl24_st24_sp336_bu1000_no0.35_re0.9_re0.5,4,0.2508029252306419
gru,strb,r-strb_sl24_st24_sp336_bu250_no0.05_re0.9_re0.5,4,0.2525413241258577
gru,strb,r-strb_sl24_st24_sp336_bu250_no0.2_re0.9_re0.5,4,0.2527776296210004
gru,strb,r-strb_sl24_st24_sp336_bu250_no0.35_re0.9_re0.5,4,0.2527776296210004
gru,strb,r-strb_sl24_st24_sp336_bu50_no0.05_re0.9_re0.5,4,0.24431254551680603
gru,strb,r-strb_sl24_st24_sp336_bu50_no0.2_re0.9_re0.5,4,0.24603158655252075
gru,strb,r-strb_sl24_st24_sp336_bu50_no0.35_re0.9_re0.5,4,0.24603158655252075
gru,strb,r-strb_sl6_st6_sp168_bu50_no0.2_re0.9_re0.5,8,0.34554843561056797
gru,strb,r-strb_sl6_st6_sp336_bu1000_no0.05_re0.9_re0.5,4,0.2568549181232202
gru,strb,r-strb_sl6_st6_sp336_bu1000_no0.2_re0.9_re0.5,4,0.25758806598810885
gru,strb,r-strb_sl6_st6_sp336_bu1000_no0.35_re0.9_re0.5,4,0.25758806598810885
gru,strb,r-strb_sl6_st6_sp336_bu250_no0.05_re0.9_re0.5,4,0.2538413140771341
gru,strb,r-strb_sl6_st6_sp336_bu250_no0.2_re0.9_re0.5,4,0.2542575059514262
gru,strb,r-strb_sl6_st6_sp336_bu250_no0.35_re0.9_re0.5,4,0.2542575059514262
gru,strb,r-strb_sl6_st6_sp336_bu50_no0.05_re0.9_re0.5,4,0.2566989247629175
gru,strb,r-strb_sl6_st6_sp336_bu50_no0.2_re0.9_re0.5,4,0.25873668230570007
gru,strb,r-strb_sl6_st6_sp336_bu50_no0.35_re0.9_re0.5,4,0.25972989662441154
gru,strb,r-strb_sl8_st4_sp168_bu50_no0.2_re0.9_re0.5,8,0.3345760949031549
gru,strb,r-strb_sl8_st4_sp336_bu50_no0.2_re0.9_re0.5,4,0.18686771051355078
gru,strb,r-strb_sl8_st8_sp168_bu50_no0.2_re0.9_re0.5,8,0.3425329749873048
gru,strb,r-strb_sl8_st8_sp336_bu1000_no0.05_re0.9_re0.5,4,0.248972477509558
gru,strb,r-strb_sl8_st8_sp336_bu1000_no0.2_re0.9_re0.5,4,0.2492902348419361
gru,strb,r-strb_sl8_st8_sp336_bu1000_no0.35_re0.9_re0.5,4,0.2492902348419361
gru,strb,r-strb_sl8_st8_sp336_bu250_no0.05_re0.9_re0.5,4,0.24460235112380838
gru,strb,r-strb_sl8_st8_sp336_bu250_no0.2_re0.9_re0.5,4,0.24587180934166505
gru,strb,r-strb_sl8_st8_sp336_bu250_no0.35_re0.9_re0.5,4,0.24587180934166505
gru,strb,r-strb_sl8_st8_sp336_bu50_no0.05_re0.9_re0.5,4,0.2538068977511151
gru,strb,r-strb_sl8_st8_sp336_bu50_no0.2_re0.9_re0.5,4,0.24958453517625165
gru,strb,r-strb_sl8_st8_sp336_bu50_no0.35_re0.9_re0.5,4,0.24963323963758033
lstm,strb,r-strb_sl10_st10_sp336_bu1000_no0.05_re0.9_re0.5,4,0.244074011652774
lstm,strb,r-strb_sl10_st10_sp336_bu1000_no0.2_re0.9_re0.5,4,0.24422994674846818
lstm,strb,r-strb_sl10_st10_sp336_bu1000_no0.35_re0.9_re0.5,4,0.24422994674846818
lstm,strb,r-strb_sl10_st10_sp336_bu250_no0.05_re0.9_re0.5,4,0.20602609558694093
lstm,strb,r-strb_sl10_st10_sp336_bu250_no0.2_re0.9_re0.5,4,0.21005613515914914
lstm,strb,r-strb_sl10_st10_sp336_bu250_no0.35_re0.9_re0.5,4,0.21005613515914914
lstm,strb,r-strb_sl10_st10_sp336_bu50_no0.05_re0.9_re0.5,4,0.2021364045609927
lstm,strb,r-strb_sl10_st10_sp336_bu50_no0.2_re0.9_re0.5,4,0.2037897211239478
lstm,strb,r-strb_sl10_st10_sp336_bu50_no0.35_re0.9_re0.5,4,0.2038947198735249
lstm,strb,r-strb_sl12_st12_sp168_bu50_no0.2_re0.9_re0.5,8,0.3159198537927619
lstm,strb,r-strb_sl12_st12_sp336_bu1000_no0.05_re0.9_re0.5,4,0.24044708406884327
lstm,strb,r-strb_sl12_st12_sp336_bu1000_no0.2_re0.9_re0.5,4,0.2397151405588873
lstm,strb,r-strb_sl12_st12_sp336_bu1000_no0.35_re0.9_re0.5,4,0.2397151405588873
lstm,strb,r-strb_sl12_st12_sp336_bu100_no0.2_re0.9_re0.5,4,0.2092512116764027
lstm,strb,r-strb_sl12_st12_sp336_bu2000_no0.2_re0.9_re0.5,4,0.2251115869550743
lstm,strb,r-strb_sl12_st12_sp336_bu250_no0.05_re0.9_re0.5,4,0.2258157103200404
lstm,strb,r-strb_sl12_st12_sp336_bu250_no0.2_re0.9_re0.5,4,0.2275709838774076
lstm,strb,r-strb_sl12_st12_sp336_bu250_no0.35_re0.9_re0.5,4,0.2275709838774076
lstm,strb,r-strb_sl12_st12_sp336_bu4000_no0.2_re0.9_re0.5,4,0.2251115869550743
lstm,strb,r-strb_sl12_st12_sp336_bu500_no0.2_re0.9_re0.5,4,0.20995564032734235
lstm,strb,r-strb_sl12_st12_sp336_bu50_no0.01_re0.3_re0.5,4,0.1972768024332956
lstm,strb,r-strb_sl12_st12_sp336_bu50_no0.01_re0.5_re0.5,4,0.1972768024332956
lstm,strb,r-strb_sl12_st12_sp336_bu50_no0.01_re0.7_re0.5,4,0.1972768024332956
lstm,strb,r-strb_sl12_st12_sp336_bu50_no0.01_re0.95_re0.5,4,0.19945785500631175
lstm,strb,r-strb_sl12_st12_sp336_bu50_no0.01_re0.9_re0.5,4,0.20081047270404515
lstm,strb,r-strb_sl12_st12_sp336_bu50_no0.05_re0.3_re0.5,4,0.19981183053749232
lstm,strb,r-strb_sl12_st12_sp336_bu50_no0.05_re0.5_re0.5,4,0.19981183053749232
lstm,strb,r-strb_sl12_st12_sp336_bu50_no0.05_re0.7_re0.5,4,0.19981183053749232
lstm,strb,r-strb_sl12_st12_sp336_bu50_no0.05_re0.95_re0.5,4,0.20085358956638935
lstm,strb,r-strb_sl12_st12_sp336_bu50_no0.05_re0.9_re0.5,4,0.19904146433972156
lstm,strb,r-strb_sl12_st12_sp336_bu50_no0.1_re0.3_re0.5,4,0.2004714489880323
lstm,strb,r-strb_sl12_st12_sp336_bu50_no0.1_re0.5_re0.5,4,0.2004714489880323
lstm,strb,r-strb_sl12_st12_sp336_bu50_no0.1_re0.7_re0.5,4,0.2004714489880323
lstm,strb,r-strb_sl12_st12_sp336_bu50_no0.1_re0.95_re0.5,4,0.20029898153865544
lstm,strb,r-strb_sl12_st12_sp336_bu50_no0.1_re0.9_re0.5,4,0.200423116376211
lstm,strb,r-strb_sl12_st12_sp336_bu50_no0.2_re0.3_re0.5,4,0.19837732557296817
lstm,strb,r-strb_sl12_st12_sp336_bu50_no0.2_re0.5_re0.5,4,0.19837732557296817
lstm,strb,r-strb_sl12_st12_sp336_bu50_no0.2_re0.7_re0.5,4,0.19837732557296817
lstm,strb,r-strb_sl12_st12_sp336_bu50_no0.2_re0.9,4,0.2258384130548877
lstm,strb,r-strb_sl12_st12_sp336_bu50_no0.2_re0.95_re0.5,4,0.1975299401412519
lstm,strb,r-strb_sl12_st12_sp336_bu50_no0.2_re0.9_re0.3,4,0.2079553314055181
lstm,strb,r-strb_sl12_st12_sp336_bu50_no0.2_re0.9_re0.5,4,0.19839957943740386
lstm,strb,r-strb_sl12_st12_sp336_bu50_no0.2_re0.9_re0.7,4,0.172897286382119
lstm,strb,r-strb_sl12_st12_sp336_bu50_no0.2_re0.9_re0.9,4,0.2174843784241535
lstm,strb,r-strb_sl12_st12_sp336_bu50_no0.35_re0.3_re0.5,4,0.1993916149879523
lstm,strb,r-strb_sl12_st12_sp336_bu50_no0.35_re0.5_re0.5,4,0.1993916149879523
lstm,strb,r-strb_sl12_st12_sp336_bu50_no0.35_re0.7_re0.5,4,0.1993916149879523
lstm,strb,r-strb_sl12_st12_sp336_bu50_no0.35_re0.95_re0.5,4,0.1993916149879523
lstm,strb,r-strb_sl12_st12_sp336_bu50_no0.35_re0.9_re0.5,4,0.1993916149879523
lstm,strb,r-strb_sl12_st12_sp336_bu50_no0.5_re0.3_re0.5,4,0.1993916149879523
lstm,strb,r-strb_sl12_st12_sp336_bu50_no0.5_re0.5_re0.5,4,0.1993916149879523
lstm,strb,r-strb_sl12_st12_sp336_bu50_no0.5_re0.7_re0.5,4,0.1993916149879523
lstm,strb,r-strb_sl12_st12_sp336_bu50_no0.5_re0.95_re0.5,4,0.1993916149879523
lstm,strb,r-strb_sl12_st12_sp336_bu50_no0.5_re0.9_re0.5,4,0.1993916149879523
lstm,strb,r-strb_sl12_st6_sp336_bu50_no0.2_re0.9_re0.5,4,0.188229640722734
lstm,strb,r-strb_sl16_st16_sp336_bu1000_no0.05_re0.9_re0.5,4,0.20752089821226163
lstm,strb,r-strb_sl16_st16_sp336_bu1000_no0.2_re0.9_re0.5,4,0.20758556217053933
lstm,strb,r-strb_sl16_st16_sp336_bu1000_no0.35_re0.9_re0.5,4,0.20759618330378296
lstm,strb,r-strb_sl16_st16_sp336_bu250_no0.05_re0.9_re0.5,4,0.2105291780103976
lstm,strb,r-strb_sl16_st16_sp336_bu250_no0.2_re0.9_re0.5,4,0.20990081302452526
lstm,strb,r-strb_sl16_st16_sp336_bu250_no0.35_re0.9_re0.5,4,0.20959139442223515
lstm,strb,r-strb_sl16_st16_sp336_bu50_no0.05_re0.9_re0.5,4,0.22978357445669137
lstm,strb,r-strb_sl16_st16_sp336_bu50_no0.2_re0.9_re0.5,4,0.23351893330261153
lstm,strb,r-strb_sl16_st16_sp336_bu50_no0.35_re0.9_re0.5,4,0.23140657733220704
lstm,strb,r-strb_sl24_st12_sp336_bu50_no0.2_re0.9_re0.5,4,0.22188055105309615
lstm,strb,r-strb_sl24_st24_sp336_bu1000_no0.05_re0.9_re0.5,4,0.2877053818755283
lstm,strb,r-strb_sl24_st24_sp336_bu1000_no0.2_re0.9_re0.5,4,0.28764950051241395
lstm,strb,r-strb_sl24_st24_sp336_bu1000_no0.35_re0.9_re0.5,4,0.28764950051241395
lstm,strb,r-strb_sl24_st24_sp336_bu250_no0.05_re0.9_re0.5,4,0.2947283967513148
lstm,strb,r-strb_sl24_st24_sp336_bu250_no0.2_re0.9_re0.5,4,0.2953002410142158
lstm,strb,r-strb_sl24_st24_sp336_bu250_no0.35_re0.9_re0.5,4,0.2953002410142158
lstm,strb,r-strb_sl24_st24_sp336_bu50_no0.05_re0.9_re0.5,4,0.2698158039517659
lstm,strb,r-strb_sl24_st24_sp336_bu50_no0.2_re0.9_re0.5,4,0.27768580435521434
lstm,strb,r-strb_sl24_st24_sp336_bu50_no0.35_re0.9_re0.5,4,0.27768580435521434
lstm,strb,r-strb_sl6_st6_sp336_bu1000_no0.05_re0.9_re0.5,4,0.24808733930635243
lstm,strb,r-strb_sl6_st6_sp336_bu1000_no0.2_re0.9_re0.5,4,0.24818058681775604
lstm,strb,r-strb_sl6_st6_sp336_bu1000_no0.35_re0.9_re0.5,4,0.2482481698764797
lstm,strb,r-strb_sl6_st6_sp336_bu250_no0.05_re0.9_re0.5,4,0.2449655339073659
lstm,strb,r-strb_sl6_st6_sp336_bu250_no0.2_re0.9_re0.5,4,0.24675092433212972
lstm,strb,r-strb_sl6_st6_sp336_bu250_no0.35_re0.9_re0.5,4,0.2464532166810431
lstm,strb,r-strb_sl6_st6_sp336_bu50_no0.05_re0.9_re0.5,4,0.2532946058571876
lstm,strb,r-strb_sl6_st6_sp336_bu50_no0.2_re0.9_re0.5,4,0.2449823173750518
lstm,strb,r-strb_sl6_st6_sp336_bu50_no0.35_re0.9_re0.5,4,0.24265754570313247
lstm,strb,r-strb_sl8_st4_sp336_bu50_no0.2_re0.9_re0.5,4,0.19373418026674702
lstm,strb,r-strb_sl8_st8_sp336_bu1000_no0.05_re0.9_re0.5,4,0.2281870379117257
lstm,strb,r-strb_sl8_st8_sp336_bu1000_no0.2_re0.9_re0.5,4,0.22843527355333626
lstm,strb,r-strb_sl8_st8_sp336_bu1000_no0.35_re0.9_re0.5,4,0.22844037966621752
lstm,strb,r-strb_sl8_st8_sp336_bu250_no0.05_re0.9_re0.5,4,0.22514341442576247
lstm,strb,r-strb_sl8_st8_sp336_bu250_no0.2_re0.9_re0.5,4,0.2224956985078876
lstm,strb,r-strb_sl8_st8_sp336_bu250_no0.35_re0.9_re0.5,4,0.2223354451189998
lstm,strb,r-strb_sl8_st8_sp336_bu50_no0.05_re0.9_re0.5,4,0.20636910735736144
lstm,strb,r-strb_sl8_st8_sp336_bu50_no0.2_re0.9_re0.5,4,0.2083388885957745
lstm,strb,r-strb_sl8_st8_sp336_bu50_no0.35_re0.9_re0.5,4,0.20854588255642129
tcn,strb,r-strb_sl10_st10_sp336_bu1000_no0.05_re0.9_re0.5,4,0.2446037915999387
tcn,strb,r-strb_sl10_st10_sp336_bu1000_no0.2_re0.9_re0.5,4,0.24483291321460246
tcn,strb,r-strb_sl10_st10_sp336_bu1000_no0.35_re0.9_re0.5,4,0.24483291321460246
tcn,strb,r-strb_sl10_st10_sp336_bu250_no0.05_re0.9_re0.5,4,0.23032941541053942
tcn,strb,r-strb_sl10_st10_sp336_bu250_no0.2_re0.9_re0.5,4,0.2356025224908754
tcn,strb,r-strb_sl10_st10_sp336_bu250_no0.35_re0.9_re0.5,4,0.23527778029866334
tcn,strb,r-strb_sl10_st10_sp336_bu50_no0.05_re0.9_re0.5,4,0.2010798643474353
tcn,strb,r-strb_sl10_st10_sp336_bu50_no0.2_re0.9_re0.5,4,0.2035753775357196
tcn,strb,r-strb_sl10_st10_sp336_bu50_no0.35_re0.9_re0.5,4,0.20233414888485238
tcn,strb,r-strb_sl12_st12_sp168_bu50_no0.2_re0.9_re0.5,8,0.2892017352146553
tcn,strb,r-strb_sl12_st12_sp336_bu1000_no0.05_re0.9_re0.5,4,0.19846362059361952
tcn,strb,r-strb_sl12_st12_sp336_bu1000_no0.2_re0.9_re0.5,4,0.1982438636823168
tcn,strb,r-strb_sl12_st12_sp336_bu1000_no0.35_re0.9_re0.5,4,0.198399293016735
tcn,strb,r-strb_sl12_st12_sp336_bu100_no0.2_re0.9_re0.5,4,0.19270290710918844
tcn,strb,r-strb_sl12_st12_sp336_bu2000_no0.2_re0.9_re0.5,4,0.22015686149829472
tcn,strb,r-strb_sl12_st12_sp336_bu250_no0.05_re0.9_re0.5,4,0.19342884611870173
tcn,strb,r-strb_sl12_st12_sp336_bu250_no0.2_re0.9_re0.5,4,0.19489621030493176
tcn,strb,r-strb_sl12_st12_sp336_bu250_no0.35_re0.9_re0.5,4,0.1947171362395506
tcn,strb,r-strb_sl12_st12_sp336_bu4000_no0.2_re0.9_re0.5,4,0.22015686149829472
tcn,strb,r-strb_sl12_st12_sp336_bu500_no0.2_re0.9_re0.5,4,0.226535308897695
tcn,strb,r-strb_sl12_st12_sp336_bu50_no0.01_re0.3_re0.5,4,0.20725588560217997
tcn,strb,r-strb_sl12_st12_sp336_bu50_no0.01_re0.5_re0.5,4,0.2101554945948275
tcn,strb,r-strb_sl12_st12_sp336_bu50_no0.01_re0.7_re0.5,4,0.20430064194844313
tcn,strb,r-strb_sl12_st12_sp336_bu50_no0.01_re0.95_re0.5,4,0.20815264679561296
tcn,strb,r-strb_sl12_st12_sp336_bu50_no0.01_re0.9_re0.5,4,0.20715852494527368
tcn,strb,r-strb_sl12_st12_sp336_bu50_no0.05_re0.3_re0.5,4,0.20862832314792643
tcn,strb,r-strb_sl12_st12_sp336_bu50_no0.05_re0.5_re0.5,4,0.2067631711349079
tcn,strb,r-strb_sl12_st12_sp336_bu50_no0.05_re0.7_re0.5,4,0.2074262667517659
tcn,strb,r-strb_sl12_st12_sp336_bu50_no0.05_re0.95_re0.5,4,0.2095407315897908
tcn,strb,r-strb_sl12_st12_sp336_bu50_no0.05_re0.9_re0.5,4,0.20305616412320202
tcn,strb,r-strb_sl12_st12_sp336_bu50_no0.1_re0.3_re0.5,4,0.20729865474789233
tcn,strb,r-strb_sl12_st12_sp336_bu50_no0.1_re0.5_re0.5,4,0.2101134208823787
tcn,strb,r-strb_sl12_st12_sp336_bu50_no0.1_re0.7_re0.5,4,0.2048253463458415
tcn,strb,r-strb_sl12_st12_sp336_bu50_no0.1_re0.95_re0.5,4,0.20940894698633553
tcn,strb,r-strb_sl12_st12_sp336_bu50_no0.1_re0.9_re0.5,4,0.2040249026594193
tcn,strb,r-strb_sl12_st12_sp336_bu50_no0.2_re0.3_re0.5,4,0.21124697710207305
tcn,strb,r-strb_sl12_st12_sp336_bu50_no0.2_re0.5_re0.5,4,0.21251614280817246
tcn,strb,r-strb_sl12_st12_sp336_bu50_no0.2_re0.7_re0.5,4,0.21340977455191926
tcn,strb,r-strb_sl12_st12_sp336_bu50_no0.2_re0.9,4,0.1800257991545715
tcn,strb,r-strb_sl12_st12_sp336_bu50_no0.2_re0.95_re0.5,4,0.2122584847840027
tcn,strb,r-strb_sl12_st12_sp336_bu50_no0.2_re0.9_re0.3,4,0.21520968482766642
tcn,strb,r-strb_sl12_st12_sp336_bu50_no0.2_re0.9_re0.5,4,0.21210618489927077
tcn,strb,r-strb_sl12_st12_sp336_bu50_no0.2_re0.9_re0.7,4,0.2640955829053271
tcn,strb,r-strb_sl12_st12_sp336_bu50_no0.2_re0.9_re0.9,4,0.22043394055961563
tcn,strb,r-strb_sl12_st12_sp336_bu50_no0.35_re0.3_re0.5,4,0.21435208662411911
tcn,strb,r-strb_sl12_st12_sp336_bu50_no0.35_re0.5_re0.5,4,0.21435208662411911
tcn,strb,r-strb_sl12_st12_sp336_bu50_no0.35_re0.7_re0.5,4,0.21435208662411911
tcn,strb,r-strb_sl12_st12_sp336_bu50_no0.35_re0.95_re0.5,4,0.21435208662411911
tcn,strb,r-strb_sl12_st12_sp336_bu50_no0.35_re0.9_re0.5,4,0.21435208662411911
tcn,strb,r-strb_sl12_st12_sp336_bu50_no0.5_re0.3_re0.5,4,0.21435208662411911
tcn,strb,r-strb_sl12_st12_sp336_bu50_no0.5_re0.5_re0.5,4,0.21435208662411911
tcn,strb,r-strb_sl12_st12_sp336_bu50_no0.5_re0.7_re0.5,4,0.21435208662411911
tcn,strb,r-strb_sl12_st12_sp336_bu50_no0.5_re0.95_re0.5,4,0.21435208662411911
tcn,strb,r-strb_sl12_st12_sp336_bu50_no0.5_re0.9_re0.5,4,0.21435208662411911
tcn,strb,r-strb_sl12_st6_sp336_bu50_no0.2_re0.9_re0.5,4,0.18912045975755754
tcn,strb,r-strb_sl16_st16_sp336_bu1000_no0.05_re0.9_re0.5,4,0.26337393060911657
tcn,strb,r-strb_sl16_st16_sp336_bu1000_no0.2_re0.9_re0.5,4,0.2620631578123379
tcn,strb,r-strb_sl16_st16_sp336_bu1000_no0.35_re0.9_re0.5,4,0.2620631578123379
tcn,strb,r-strb_sl16_st16_sp336_bu250_no0.05_re0.9_re0.5,4,0.22190355966603803
tcn,strb,r-strb_sl16_st16_sp336_bu250_no0.2_re0.9_re0.5,4,0.22398795706510996
tcn,strb,r-strb_sl16_st16_sp336_bu250_no0.35_re0.9_re0.5,4,0.22398795706510996
tcn,strb,r-strb_sl16_st16_sp336_bu50_no0.05_re0.9_re0.5,4,0.2619377347241809
tcn,strb,r-strb_sl16_st16_sp336_bu50_no0.2_re0.9_re0.5,4,0.2638960842625521
tcn,strb,r-strb_sl16_st16_sp336_bu50_no0.35_re0.9_re0.5,4,0.26426798011921676
tcn,strb,r-strb_sl24_st12_sp336_bu50_no0.2_re0.9_re0.5,4,0.26314634002333576
tcn,strb,r-strb_sl24_st24_sp336_bu1000_no0.05_re0.9_re0.5,4,0.18182643022447445
tcn,strb,r-strb_sl24_st24_sp336_bu1000_no0.2_re0.9_re0.5,4,0.18131071791376005
tcn,strb,r-strb_sl24_st24_sp336_bu1000_no0.35_re0.9_re0.5,4,0.18131071791376005
tcn,strb,r-strb_sl24_st24_sp336_bu250_no0.05_re0.9_re0.5,4,0.1993868965377357
tcn,strb,r-strb_sl24_st24_sp336_bu250_no0.2_re0.9_re0.5,4,0.18806177400594407
tcn,strb,r-strb_sl24_st24_sp336_bu250_no0.35_re0.9_re0.5,4,0.19557844381750358
tcn,strb,r-strb_sl24_st24_sp336_bu50_no0.05_re0.9_re0.5,4,0.22862264112822253
tcn,strb,r-strb_sl24_st24_sp336_bu50_no0.2_re0.9_re0.5,4,0.22424961122818501
tcn,strb,r-strb_sl24_st24_sp336_bu50_no0.35_re0.9_re0.5,4,0.22424961122818501
tcn,strb,r-strb_sl6_st6_sp336_bu1000_no0.05_re0.9_re0.5,4,0.29761033926933167
tcn,strb,r-strb_sl6_st6_sp336_bu1000_no0.2_re0.9_re0.5,4,0.2818763188130519
tcn,strb,r-strb_sl6_st6_sp336_bu1000_no0.35_re0.9_re0.5,4,0.2818763188130519
tcn,strb,r-strb_sl6_st6_sp336_bu250_no0.05_re0.9_re0.5,4,0.2812129356947404
tcn,strb,r-strb_sl6_st6_sp336_bu250_no0.2_re0.9_re0.5,4,0.27052026922654543
tcn,strb,r-strb_sl6_st6_sp336_bu250_no0.35_re0.9_re0.5,4,0.27052026922654543
tcn,strb,r-strb_sl6_st6_sp336_bu50_no0.05_re0.9_re0.5,4,0.2807770186793484
tcn,strb,r-strb_sl6_st6_sp336_bu50_no0.2_re0.9_re0.5,4,0.28196998798808487
tcn,strb,r-strb_sl6_st6_sp336_bu50_no0.35_re0.9_re0.5,4,0.27980176947751284
tcn,strb,r-strb_sl8_st4_sp336_bu50_no0.2_re0.9_re0.5,4,0.177951146209366
tcn,strb,r-strb_sl8_st8_sp336_bu1000_no0.05_re0.9_re0.5,4,0.2104796848789848
tcn,strb,r-strb_sl8_st8_sp336_bu1000_no0.2_re0.9_re0.5,4,0.20985988133078623
tcn,strb,r-strb_sl8_st8_sp336_bu1000_no0.35_re0.9_re0.5,4,0.20983160132098247
tcn,strb,r-strb_sl8_st8_sp336_bu250_no0.05_re0.9_re0.5,4,0.17780527260596543
tcn,strb,r-strb_sl8_st8_sp336_bu250_no0.2_re0.9_re0.5,4,0.18540670357446146
tcn,strb,r-strb_sl8_st8_sp336_bu250_no0.35_re0.9_re0.5,4,0.18540670357446146
tcn,strb,r-strb_sl8_st8_sp336_bu50_no0.05_re0.9_re0.5,4,0.21891782874466714
tcn,strb,r-strb_sl8_st8_sp336_bu50_no0.2_re0.9_re0.5,4,0.21900168682929352
tcn,strb,r-strb_sl8_st8_sp336_bu50_no0.35_re0.9_re0.5,4,0.22447269039257475
vgru,strb,r-strb_sl10_st10_sp336_bu1000_no0.05_re0.9_re0.5,4,0.3846668264715347
vgru,strb,r-strb_sl10_st10_sp336_bu1000_no0.2_re0.9_re0.5,4,0.3850849826125824
vgru,strb,r-strb_sl10_st10_sp336_bu1000_no0.35_re0.9_re0.5,4,0.3850849826125824
vgru,strb,r-strb_sl10_st10_sp336_bu250_no0.05_re0.9_re0.5,4,0.3817584493823143
vgru,strb,r-strb_sl10_st10_sp336_bu250_no0.2_re0.9_re0.5,4,0.38158522902837105
vgru,strb,r-strb_sl10_st10_sp336_bu250_no0.35_re0.9_re0.5,4,0.38158522902837105
vgru,strb,r-strb_sl10_st10_sp336_bu50_no0.05_re0.9_re0.5,4,0.3817426644486082
vgru,strb,r-strb_sl10_st10_sp336_bu50_no0.2_re0.9_re0.5,4,0.38174928433474614
vgru,strb,r-strb_sl10_st10_sp336_bu50_no0.35_re0.9_re0.5,4,0.38127522693297794
vgru,strb,r-strb_sl12_st12_sp168_bu50_no0.2_re0.9_re0.5,8,0.4601011200412551
vgru,strb,r-strb_sl12_st12_sp336_bu1000_no0.05_re0.9_re0.5,4,0.377747793280836
vgru,strb,r-strb_sl12_st12_sp336_bu1000_no0.2_re0.9_re0.5,4,0.3801254796091397
vgru,strb,r-strb_sl12_st12_sp336_bu1000_no0.35_re0.9_re0.5,4,0.3791709974548265
vgru,strb,r-strb_sl12_st12_sp336_bu100_no0.2_re0.9_re0.5,4,0.3793367880865241
vgru,strb,r-strb_sl12_st12_sp336_bu2000_no0.2_re0.9_re0.5,4,0.3816915748679542
vgru,strb,r-strb_sl12_st12_sp336_bu250_no0.05_re0.9_re0.5,4,0.37937347465828847
vgru,strb,r-strb_sl12_st12_sp336_bu250_no0.2_re0.9_re0.5,4,0.37914989286403594
vgru,strb,r-strb_sl12_st12_sp336_bu250_no0.35_re0.9_re0.5,4,0.37905079362397065
vgru,strb,r-strb_sl12_st12_sp336_bu4000_no0.2_re0.9_re0.5,4,0.3816915748679542
vgru,strb,r-strb_sl12_st12_sp336_bu500_no0.2_re0.9_re0.5,4,0.37940123035705825
vgru,strb,r-strb_sl12_st12_sp336_bu50_no0.01_re0.3_re0.5,4,0.3824663176090843
vgru,strb,r-strb_sl12_st12_sp336_bu50_no0.01_re0.5_re0.5,4,0.381542782235002
vgru,strb,r-strb_sl12_st12_sp336_bu50_no0.01_re0.7_re0.5,4,0.38157894476471005
vgru,strb,r-strb_sl12_st12_sp336_bu50_no0.01_re0.95_re0.5,4,0.38143220834608704
vgru,strb,r-strb_sl12_st12_sp336_bu50_no0.01_re0.9_re0.5,4,0.3821412025583437
vgru,strb,r-strb_sl12_st12_sp336_bu50_no0.05_re0.3_re0.5,4,0.3819603899098036
vgru,strb,r-strb_sl12_st12_sp336_bu50_no0.05_re0.5_re0.5,4,0.38103998398540756
vgru,strb,r-strb_sl12_st12_sp336_bu50_no0.05_re0.7_re0.5,4,0.3823209720569885
vgru,strb,r-strb_sl12_st12_sp336_bu50_no0.05_re0.95_re0.5,4,0.3805556147172989
vgru,strb,r-strb_sl12_st12_sp336_bu50_no0.05_re0.9_re0.5,4,0.38220553013522823
vgru,strb,r-strb_sl12_st12_sp336_bu50_no0.1_re0.3_re0.5,4,0.3818751993350105
vgru,strb,r-strb_sl12_st12_sp336_bu50_no0.1_re0.5_re0.5,4,0.3818299961728755
vgru,strb,r-strb_sl12_st12_sp336_bu50_no0.1_re0.7_re0.5,4,0.3834646120590053
vgru,strb,r-strb_sl12_st12_sp336_bu50_no0.1_re0.95_re0.5,4,0.38143116519619163
vgru,strb,r-strb_sl12_st12_sp336_bu50_no0.1_re0.9_re0.5,4,0.3817486304810324
vgru,strb,r-strb_sl12_st12_sp336_bu50_no0.2_re0.3_re0.5,4,0.3813018146091591
vgru,strb,r-strb_sl12_st12_sp336_bu50_no0.2_re0.5_re0.5,4,0.3813018146091591
vgru,strb,r-strb_sl12_st12_sp336_bu50_no0.2_re0.7_re0.5,4,0.3813018146091591
vgru,strb,r-strb_sl12_st12_sp336_bu50_no0.2_re0.9,4,0.36804526956569594
vgru,strb,r-strb_sl12_st12_sp336_bu50_no0.2_re0.95_re0.5,4,0.38087308000213965
vgru,strb,r-strb_sl12_st12_sp336_bu50_no0.2_re0.9_re0.3,4,0.37705063567825725
vgru,strb,r-strb_sl12_st12_sp336_bu50_no0.2_re0.9_re0.5,4,0.3814283834631372
vgru,strb,r-strb_sl12_st12_sp336_bu50_no0.2_re0.9_re0.7,4,0.389041067336207
vgru,strb,r-strb_sl12_st12_sp336_bu50_no0.2_re0.9_re0.9,4,0.39175229583472154
vgru,strb,r-strb_sl12_st12_sp336_bu50_no0.35_re0.3_re0.5,4,0.38123818246553814
vgru,strb,r-strb_sl12_st12_sp336_bu50_no0.35_re0.5_re0.5,4,0.38123818246553814
vgru,strb,r-strb_sl12_st12_sp336_bu50_no0.35_re0.7_re0.5,4,0.38123818246553814
vgru,strb,r-strb_sl12_st12_sp336_bu50_no0.35_re0.95_re0.5,4,0.38123818246553814
vgru,strb,r-strb_sl12_st12_sp336_bu50_no0.35_re0.9_re0.5,4,0.38123818246553814
vgru,strb,r-strb_sl12_st12_sp336_bu50_no0.5_re0.3_re0.5,4,0.38123818246553814
vgru,strb,r-strb_sl12_st12_sp336_bu50_no0.5_re0.5_re0.5,4,0.38123818246553814
vgru,strb,r-strb_sl12_st12_sp336_bu50_no0.5_re0.7_re0.5,4,0.38123818246553814
vgru,strb,r-strb_sl12_st12_sp336_bu50_no0.5_re0.95_re0.5,4,0.38123818246553814
vgru,strb,r-strb_sl12_st12_sp336_bu50_no0.5_re0.9_re0.5,4,0.38123818246553814
vgru,strb,r-strb_sl12_st6_sp336_bu50_no0.2_re0.9_re0.5,4,0.3875075919911736
vgru,strb,r-strb_sl16_st16_sp336_bu1000_no0.05_re0.9_re0.5,4,0.3848344209241297
vgru,strb,r-strb_sl16_st16_sp336_bu1000_no0.2_re0.9_re0.5,4,0.38483473331040163
vgru,strb,r-strb_sl16_st16_sp336_bu1000_no0.35_re0.9_re0.5,4,0.38493407214485714
vgru,strb,r-strb_sl16_st16_sp336_bu250_no0.05_re0.9_re0.5,4,0.38142191329019015
vgru,strb,r-strb_sl16_st16_sp336_bu250_no0.2_re0.9_re0.5,4,0.3815137548541208
vgru,strb,r-strb_sl16_st16_sp336_bu250_no0.35_re0.9_re0.5,4,0.38239468414080235
vgru,strb,r-strb_sl16_st16_sp336_bu50_no0.05_re0.9_re0.5,4,0.3793451693547792
vgru,strb,r-strb_sl16_st16_sp336_bu50_no0.2_re0.9_re0.5,4,0.3793451693547792
vgru,strb,r-strb_sl16_st16_sp336_bu50_no0.35_re0.9_re0.5,4,0.3793451693547792
vgru,strb,r-strb_sl24_st12_sp336_bu50_no0.2_re0.9_re0.5,4,0.3975967001916814
vgru,strb,r-strb_sl24_st24_sp336_bu1000_no0.05_re0.9_re0.5,4,0.3903568250677281
vgru,strb,r-strb_sl24_st24_sp336_bu1000_no0.2_re0.9_re0.5,4,0.39101637550592067
vgru,strb,r-strb_sl24_st24_sp336_bu1000_no0.35_re0.9_re0.5,4,0.3915904750704721
vgru,strb,r-strb_sl24_st24_sp336_bu250_no0.05_re0.9_re0.5,4,0.3930168469098108
vgru,strb,r-strb_sl24_st24_sp336_bu250_no0.2_re0.9_re0.5,4,0.39334762448519617
vgru,strb,r-strb_sl24_st24_sp336_bu250_no0.35_re0.9_re0.5,4,0.3932148122768975
vgru,strb,r-strb_sl24_st24_sp336_bu50_no0.05_re0.9_re0.5,4,0.394411852674636
vgru,strb,r-strb_sl24_st24_sp336_bu50_no0.2_re0.9_re0.5,4,0.39440408441339586
vgru,strb,r-strb_sl24_st24_sp336_bu50_no0.35_re0.9_re0.5,4,0.39413019055741394
vgru,strb,r-strb_sl6_st6_sp336_bu1000_no0.05_re0.9_re0.5,4,0.3833860283385102
vgru,strb,r-strb_sl6_st6_sp336_bu1000_no0.2_re0.9_re0.5,4,0.38331630657539656
vgru,strb,r-strb_sl6_st6_sp336_bu1000_no0.35_re0.9_re0.5,4,0.3832760989328647
vgru,strb,r-strb_sl6_st6_sp336_bu250_no0.05_re0.9_re0.5,4,0.38389916999524076
vgru,strb,r-strb_sl6_st6_sp336_bu250_no0.2_re0.9_re0.5,4,0.3838722223199269
vgru,strb,r-strb_sl6_st6_sp336_bu250_no0.35_re0.9_re0.5,4,0.38387478876519493
vgru,strb,r-strb_sl6_st6_sp336_bu50_no0.05_re0.9_re0.5,4,0.38734503546038085
vgru,strb,r-strb_sl6_st6_sp336_bu50_no0.2_re0.9_re0.5,4,0.38734503546038085
vgru,strb,r-strb_sl6_st6_sp336_bu50_no0.35_re0.9_re0.5,4,0.38734503546038085
vgru,strb,r-strb_sl8_st4_sp336_bu50_no0.2_re0.9_re0.5,4,0.37516901750382603
vgru,strb,r-strb_sl8_st8_sp336_bu1000_no0.05_re0.9_re0.5,4,0.3800800857270567
vgru,strb,r-strb_sl8_st8_sp336_bu1000_no0.2_re0.9_re0.5,4,0.3801613907552424
vgru,strb,r-strb_sl8_st8_sp336_bu1000_no0.35_re0.9_re0.5,4,0.38026272745703915
vgru,strb,r-strb_sl8_st8_sp336_bu250_no0.05_re0.9_re0.5,4,0.3797661269908432
vgru,strb,r-strb_sl8_st8_sp336_bu250_no0.2_re0.9_re0.5,4,0.37968560751848535
vgru,strb,r-strb_sl8_st8_sp336_bu250_no0.35_re0.9_re0.5,4,0.37968560751848535
vgru,strb,r-strb_sl8_st8_sp336_bu50_no0.05_re0.9_re0.5,4,0.379107234017749
vgru,strb,r-strb_sl8_st8_sp336_bu50_no0.2_re0.9_re0.5,4,0.38065399344284784
vgru,strb,r-strb_sl8_st8_sp336_bu50_no0.35_re0.9_re0.5,4,0.38065399344284784
vgru-kl,strb,r-strb_sl10_st10_sp336_bu1000_no0.05_re0.9_re0.5,4,0.3716205718843851
vgru-kl,strb,r-strb_sl10_st10_sp336_bu1000_no0.2_re0.9_re0.5,4,0.3714208719858901
vgru-kl,strb,r-strb_sl10_st10_sp336_bu1000_no0.35_re0.9_re0.5,4,0.3714208719858901
vgru-kl,strb,r-strb_sl10_st10_sp336_bu250_no0.05_re0.9_re0.5,4,0.3563729799586463
vgru-kl,strb,r-strb_sl10_st10_sp336_bu250_no0.2_re0.9_re0.5,4,0.3566716103777586
vgru-kl,strb,r-strb_sl10_st10_sp336_bu250_no0.35_re0.9_re0.5,4,0.3566716103777586
vgru-kl,strb,r-strb_sl10_st10_sp336_bu50_no0.05_re0.9_re0.5,4,0.35519047103585516
vgru-kl,strb,r-strb_sl10_st10_sp336_bu50_no0.2_re0.9_re0.5,4,0.35458990025456155
vgru-kl,strb,r-strb_sl10_st10_sp336_bu50_no0.35_re0.9_re0.5,4,0.35458990025456155
vgru-kl,strb,r-strb_sl12_st12_sp168_bu50_no0.2_re0.9_re0.5,8,0.4201969176719743
vgru-kl,strb,r-strb_sl12_st12_sp336_bu1000_no0.05_re0.9_re0.5,4,0.36922925401705187
vgru-kl,strb,r-strb_sl12_st12_sp336_bu1000_no0.2_re0.9_re0.5,4,0.36920247983640264
vgru-kl,strb,r-strb_sl12_st12_sp336_bu1000_no0.35_re0.9_re0.5,4,0.36920247983640264
vgru-kl,strb,r-strb_sl12_st12_sp336_bu100_no0.2_re0.9_re0.5,4,0.3608436071930364
vgru-kl,strb,r-strb_sl12_st12_sp336_bu2000_no0.2_re0.9_re0.5,4,0.3680625440962612
vgru-kl,strb,r-strb_sl12_st12_sp336_bu250_no0.05_re0.9_re0.5,4,0.37184856368438785
vgru-kl,strb,r-strb_sl12_st12_sp336_bu250_no0.2_re0.9_re0.5,4,0.3717762386249717
vgru-kl,strb,r-strb_sl12_st12_sp336_bu250_no0.35_re0.9_re0.5,4,0.3717762386249717
vgru-kl,strb,r-strb_sl12_st12_sp336_bu4000_no0.2_re0.9_re0.5,4,0.3680625440962612
vgru-kl,strb,r-strb_sl12_st12_sp336_bu500_no0.2_re0.9_re0.5,4,0.3626336673717602
vgru-kl,strb,r-strb_sl12_st12_sp336_bu50_no0.01_re0.3_re0.5,4,0.3626038569649186
vgru-kl,strb,r-strb_sl12_st12_sp336_bu50_no0.01_re0.5_re0.5,4,0.36247415866125415
vgru-kl,strb,r-strb_sl12_st12_sp336_bu50_no0.01_re0.7_re0.5,4,0.36223319103541113
vgru-kl,strb,r-strb_sl12_st12_sp336_bu50_no0.01_re0.95_re0.5,4,0.3611302338793159
vgru-kl,strb,r-strb_sl12_st12_sp336_bu50_no0.01_re0.9_re0.5,4,0.3620482057872892
vgru-kl,strb,r-strb_sl12_st12_sp336_bu50_no0.05_re0.3_re0.5,4,0.3622731784480691
vgru-kl,strb,r-strb_sl12_st12_sp336_bu50_no0.05_re0.5_re0.5,4,0.36154436438779936
vgru-kl,strb,r-strb_sl12_st12_sp336_bu50_no0.05_re0.7_re0.5,4,0.36233541972516276
vgru-kl,strb,r-strb_sl12_st12_sp336_bu50_no0.05_re0.95_re0.5,4,0.3610864215837082
vgru-kl,strb,r-strb_sl12_st12_sp336_bu50_no0.05_re0.9_re0.5,4,0.3705380550695152
vgru-kl,strb,r-strb_sl12_st12_sp336_bu50_no0.1_re0.3_re0.5,4,0.37046538229346737
vgru-kl,strb,r-strb_sl12_st12_sp336_bu50_no0.1_re0.5_re0.5,4,0.36153880092169044
vgru-kl,strb,r-strb_sl12_st12_sp336_bu50_no0.1_re0.7_re0.5,4,0.3713165926081335
vgru-kl,strb,r-strb_sl12_st12_sp336_bu50_no0.1_re0.95_re0.5,4,0.36112884301278875
vgru-kl,strb,r-strb_sl12_st12_sp336_bu50_no0.1_re0.9_re0.5,4,0.36277076094818644
vgru-kl,strb,r-strb_sl12_st12_sp336_bu50_no0.2_re0.3_re0.5,4,0.3611330156123704
vgru-kl,strb,r-strb_sl12_st12_sp336_bu50_no0.2_re0.5_re0.5,4,0.3611330156123704
vgru-kl,strb,r-strb_sl12_st12_sp336_bu50_no0.2_re0.7_re0.5,4,0.3611330156123704
vgru-kl,strb,r-strb_sl12_st12_sp336_bu50_no0.2_re0.9,4,0.35762685814271716
vgru-kl,strb,r-strb_sl12_st12_sp336_bu50_no0.2_re0.95_re0.5,4,0.3611330156123704
vgru-kl,strb,r-strb_sl12_st12_sp336_bu50_no0.2_re0.9_re0.3,4,0.3601827727598487
vgru-kl,strb,r-strb_sl12_st12_sp336_bu50_no0.2_re0.9_re0.5,4,0.3611330156123704
vgru-kl,strb,r-strb_sl12_st12_sp336_bu50_no0.2_re0.9_re0.7,4,0.3684423250279096
vgru-kl,strb,r-strb_sl12_st12_sp336_bu50_no0.2_re0.9_re0.9,4,0.3840714514289383
vgru-kl,strb,r-strb_sl12_st12_sp336_bu50_no0.35_re0.3_re0.5,4,0.3611330156123704
vgru-kl,strb,r-strb_sl12_st12_sp336_bu50_no0.35_re0.5_re0.5,4,0.3611330156123704
vgru-kl,strb,r-strb_sl12_st12_sp336_bu50_no0.35_re0.7_re0.5,4,0.3611330156123704
vgru-kl,strb,r-strb_sl12_st12_sp336_bu50_no0.35_re0.95_re0.5,4,0.3611330156123704
vgru-kl,strb,r-strb_sl12_st12_sp336_bu50_no0.35_re0.9_re0.5,4,0.3611330156123704
vgru-kl,strb,r-strb_sl12_st12_sp336_bu50_no0.5_re0.3_re0.5,4,0.3611330156123704
vgru-kl,strb,r-strb_sl12_st12_sp336_bu50_no0.5_re0.5_re0.5,4,0.3611330156123704
vgru-kl,strb,r-strb_sl12_st12_sp336_bu50_no0.5_re0.7_re0.5,4,0.3611330156123704
vgru-kl,strb,r-strb_sl12_st12_sp336_bu50_no0.5_re0.95_re0.5,4,0.3611330156123704
vgru-kl,strb,r-strb_sl12_st12_sp336_bu50_no0.5_re0.9_re0.5,4,0.3611330156123704
vgru-kl,strb,r-strb_sl12_st6_sp336_bu50_no0.2_re0.9_re0.5,4,0.3513315529666561
vgru-kl,strb,r-strb_sl16_st16_sp336_bu1000_no0.05_re0.9_re0.5,4,0.3848513153222443
vgru-kl,strb,r-strb_sl16_st16_sp336_bu1000_no0.2_re0.9_re0.5,4,0.38478446466006355
vgru-kl,strb,r-strb_sl16_st16_sp336_bu1000_no0.35_re0.9_re0.5,4,0.38479664772466654
vgru-kl,strb,r-strb_sl16_st16_sp336_bu250_no0.05_re0.9_re0.5,4,0.38387948163044766
vgru-kl,strb,r-strb_sl16_st16_sp336_bu250_no0.2_re0.9_re0.5,4,0.384704493774464
vgru-kl,strb,r-strb_sl16_st16_sp336_bu250_no0.35_re0.9_re0.5,4,0.384704493774464
vgru-kl,strb,r-strb_sl16_st16_sp336_bu50_no0.05_re0.9_re0.5,4,0.3655386588362462
vgru-kl,strb,r-strb_sl16_st16_sp336_bu50_no0.2_re0.9_re0.5,4,0.3798228335039062
vgru-kl,strb,r-strb_sl16_st16_sp336_bu50_no0.35_re0.9_re0.5,4,0.3798228335039062
vgru-kl,strb,r-strb_sl24_st12_sp336_bu50_no0.2_re0.9_re0.5,4,0.3821259547140878
vgru-kl,strb,r-strb_sl24_st24_sp336_bu1000_no0.05_re0.9_re0.5,4,0.39364656226729444
vgru-kl,strb,r-strb_sl24_st24_sp336_bu1000_no0.2_re0.9_re0.5,4,0.39401342466908557
vgru-kl,strb,r-strb_sl24_st24_sp336_bu1000_no0.35_re0.9_re0.5,4,0.39414748982274544
vgru-kl,strb,r-strb_sl24_st24_sp336_bu250_no0.05_re0.9_re0.5,4,0.3932000473476844
vgru-kl,strb,r-strb_sl24_st24_sp336_bu250_no0.2_re0.9_re0.5,4,0.3932113238559361
vgru-kl,strb,r-strb_sl24_st24_sp336_bu250_no0.35_re0.9_re0.5,4,0.3932113238559361
vgru-kl,strb,r-strb_sl24_st24_sp336_bu50_no0.05_re0.9_re0.5,4,0.3946518364022163
vgru-kl,strb,r-strb_sl24_st24_sp336_bu50_no0.2_re0.9_re0.5,4,0.39433283651322726
vgru-kl,strb,r-strb_sl24_st24_sp336_bu50_no0.35_re0.9_re0.5,4,0.39536325877836703
vgru-kl,strb,r-strb_sl6_st6_sp336_bu1000_no0.05_re0.9_re0.5,4,0.356058842989736
vgru-kl,strb,r-strb_sl6_st6_sp336_bu1000_no0.2_re0.9_re0.5,4,0.3562017084429874
vgru-kl,strb,r-strb_sl6_st6_sp336_bu1000_no0.35_re0.9_re0.5,4,0.3562017084429874
vgru-kl,strb,r-strb_sl6_st6_sp336_bu250_no0.05_re0.9_re0.5,4,0.3321290373980403
vgru-kl,strb,r-strb_sl6_st6_sp336_bu250_no0.2_re0.9_re0.5,4,0.3328082899123012
vgru-kl,strb,r-strb_sl6_st6_sp336_bu250_no0.35_re0.9_re0.5,4,0.3328082899123012
vgru-kl,strb,r-strb_sl6_st6_sp336_bu50_no0.05_re0.9_re0.5,4,0.3391477833191973
vgru-kl,strb,r-strb_sl6_st6_sp336_bu50_no0.2_re0.9_re0.5,4,0.3403351919965199
vgru-kl,strb,r-strb_sl6_st6_sp336_bu50_no0.35_re0.9_re0.5,4,0.3403351919965199
vgru-kl,strb,r-strb_sl8_st4_sp336_bu50_no0.2_re0.9_re0.5,4,0.3274911500848429
vgru-kl,strb,r-strb_sl8_st8_sp336_bu1000_no0.05_re0.9_re0.5,4,0.3580435755265503
vgru-kl,strb,r-strb_sl8_st8_sp336_bu1000_no0.2_re0.9_re0.5,4,0.3593754854327235
vgru-kl,strb,r-strb_sl8_st8_sp336_bu1000_no0.35_re0.9_re0.5,4,0.359571874389694
vgru-kl,strb,r-strb_sl8_st8_sp336_bu250_no0.05_re0.9_re0.5,4,0.3490239727166558
vgru-kl,strb,r-strb_sl8_st8_sp336_bu250_no0.2_re0.9_re0.5,4,0.3492329305668724
vgru-kl,strb,r-strb_sl8_st8_sp336_bu250_no0.35_re0.9_re0.5,4,0.3486960031585153
vgru-kl,strb,r-strb_sl8_st8_sp336_bu50_no0.05_re0.9_re0.5,4,0.3244767762441964
vgru-kl,strb,r-strb_sl8_st8_sp336_bu50_no0.2_re0.9_re0.5,4,0.3245572957165543
vgru-kl,strb,r-strb_sl8_st8_sp336_bu50_no0.35_re0.9_re0.5,4,0.32481495802809945
vlstm,strb,r-strb_sl10_st10_sp336_bu1000_no0.05_re0.9_re0.5,4,0.3813026197079741
vlstm,strb,r-strb_sl10_st10_sp336_bu1000_no0.2_re0.9_re0.5,4,0.38129563205038397
vlstm,strb,r-strb_sl10_st10_sp336_bu1000_no0.35_re0.9_re0.5,4,0.3812897477071502
vlstm,strb,r-strb_sl10_st10_sp336_bu250_no0.05_re0.9_re0.5,4,0.38083881100343575
vlstm,strb,r-strb_sl10_st10_sp336_bu250_no0.2_re0.9_re0.5,4,0.38011283015697295
vlstm,strb,r-strb_sl10_st10_sp336_bu250_no0.35_re0.9_re0.5,4,0.3800451602097848
vlstm,strb,r-strb_sl10_st10_sp336_bu50_no0.05_re0.9_re0.5,4,0.3791379278897636
vlstm,strb,r-strb_sl10_st10_sp336_bu50_no0.2_re0.9_re0.5,4,0.379230238524243
vlstm,strb,r-strb_sl10_st10_sp336_bu50_no0.35_re0.9_re0.5,4,0.379230238524243
vlstm,strb,r-strb_sl12_st12_sp168_bu50_no0.2_re0.9_re0.5,8,0.4602527923083047
vlstm,strb,r-strb_sl12_st12_sp336_bu1000_no0.05_re0.9_re0.5,4,0.37730325332217324
vlstm,strb,r-strb_sl12_st12_sp336_bu1000_no0.2_re0.9_re0.5,4,0.3773408067184085
vlstm,strb,r-strb_sl12_st12_sp336_bu1000_no0.35_re0.9_re0.5,4,0.3772660476425698
vlstm,strb,r-strb_sl12_st12_sp336_bu100_no0.2_re0.9_re0.5,4,0.3672223701143243
vlstm,strb,r-strb_sl12_st12_sp336_bu2000_no0.2_re0.9_re0.5,4,0.38053164841254933
vlstm,strb,r-strb_sl12_st12_sp336_bu250_no0.05_re0.9_re0.5,4,0.3710019954962627
vlstm,strb,r-strb_sl12_st12_sp336_bu250_no0.2_re0.9_re0.5,4,0.3710506758247159
vlstm,strb,r-strb_sl12_st12_sp336_bu250_no0.35_re0.9_re0.5,4,0.3710259879438575
vlstm,strb,r-strb_sl12_st12_sp336_bu4000_no0.2_re0.9_re0.5,4,0.38053164841254933
vlstm,strb,r-strb_sl12_st12_sp336_bu500_no0.2_re0.9_re0.5,4,0.3753498245496208
vlstm,strb,r-strb_sl12_st12_sp336_bu50_no0.01_re0.3_re0.5,4,0.38028551559963936
vlstm,strb,r-strb_sl12_st12_sp336_bu50_no0.01_re0.5_re0.5,4,0.3803119420636567
vlstm,strb,r-strb_sl12_st12_sp336_bu50_no0.01_re0.7_re0.5,4,0.37514835008130687
vlstm,strb,r-strb_sl12_st12_sp336_bu50_no0.01_re0.95_re0.5,4,0.3702705811703031
vlstm,strb,r-strb_sl12_st12_sp336_bu50_no0.01_re0.9_re0.5,4,0.3702705811703031
vlstm,strb,r-strb_sl12_st12_sp336_bu50_no0.05_re0.3_re0.5,4,0.3797117831571561
vlstm,strb,r-strb_sl12_st12_sp336_bu50_no0.05_re0.5_re0.5,4,0.37801249197750986
vlstm,strb,r-strb_sl12_st12_sp336_bu50_no0.05_re0.7_re0.5,4,0.37532394698036997
vlstm,strb,r-strb_sl12_st12_sp336_bu50_no0.05_re0.95_re0.5,4,0.3702705811703031
vlstm,strb,r-strb_sl12_st12_sp336_bu50_no0.05_re0.9_re0.5,4,0.3702705811703031
vlstm,strb,r-strb_sl12_st12_sp336_bu50_no0.1_re0.3_re0.5,4,0.381003550444323
vlstm,strb,r-strb_sl12_st12_sp336_bu50_no0.1_re0.5_re0.5,4,0.37824615755408497
vlstm,strb,r-strb_sl12_st12_sp336_bu50_no0.1_re0.7_re0.5,4,0.3733134494152556
vlstm,strb,r-strb_sl12_st12_sp336_bu50_no0.1_re0.95_re0.5,4,0.3702705811703031
vlstm,strb,r-strb_sl12_st12_sp336_bu50_no0.1_re0.9_re0.5,4,0.3702705811703031
vlstm,strb,r-strb_sl12_st12_sp336_bu50_no0.2_re0.3_re0.5,4,0.37979558286542175
vlstm,strb,r-strb_sl12_st12_sp336_bu50_no0.2_re0.5_re0.5,4,0.3786940165758537
vlstm,strb,r-strb_sl12_st12_sp336_bu50_no0.2_re0.7_re0.5,4,0.37575581103707556
vlstm,strb,r-strb_sl12_st12_sp336_bu50_no0.2_re0.9,4,0.3670104001974397
vlstm,strb,r-strb_sl12_st12_sp336_bu50_no0.2_re0.95_re0.5,4,0.3702705811703031
vlstm,strb,r-strb_sl12_st12_sp336_bu50_no0.2_re0.9_re0.3,4,0.3682124881399133
vlstm,strb,r-strb_sl12_st12_sp336_bu50_no0.2_re0.9_re0.5,4,0.3702705811703031
vlstm,strb,r-strb_sl12_st12_sp336_bu50_no0.2_re0.9_re0.7,4,0.36880959379733264
vlstm,strb,r-strb_sl12_st12_sp336_bu50_no0.2_re0.9_re0.9,4,0.36882362176583844
vlstm,strb,r-strb_sl12_st12_sp336_bu50_no0.35_re0.3_re0.5,4,0.3784061072047167
vlstm,strb,r-strb_sl12_st12_sp336_bu50_no0.35_re0.5_re0.5,4,0.37863838191476445
vlstm,strb,r-strb_sl12_st12_sp336_bu50_no0.35_re0.7_re0.5,4,0.3746851915277385
vlstm,strb,r-strb_sl12_st12_sp336_bu50_no0.35_re0.95_re0.5,4,0.3702705811703031
vlstm,strb,r-strb_sl12_st12_sp336_bu50_no0.35_re0.9_re0.5,4,0.3702705811703031
vlstm,strb,r-strb_sl12_st12_sp336_bu50_no0.5_re0.3_re0.5,4,0.3805570822890815
vlstm,strb,r-strb_sl12_st12_sp336_bu50_no0.5_re0.5_re0.5,4,0.3780663880554402
vlstm,strb,r-strb_sl12_st12_sp336_bu50_no0.5_re0.7_re0.5,4,0.3745168966779433
vlstm,strb,r-strb_sl12_st12_sp336_bu50_no0.5_re0.95_re0.5,4,0.3702705811703031
vlstm,strb,r-strb_sl12_st12_sp336_bu50_no0.5_re0.9_re0.5,4,0.3702705811703031
vlstm,strb,r-strb_sl12_st6_sp336_bu50_no0.2_re0.9_re0.5,4,0.3712848089341329
vlstm,strb,r-strb_sl16_st16_sp336_bu1000_no0.05_re0.9_re0.5,4,0.3868409857046487
vlstm,strb,r-strb_sl16_st16_sp336_bu1000_no0.2_re0.9_re0.5,4,0.38676398248863214
vlstm,strb,r-strb_sl16_st16_sp336_bu1000_no0.35_re0.9_re0.5,4,0.38676398248863214
vlstm,strb,r-strb_sl16_st16_sp336_bu250_no0.05_re0.9_re0.5,4,0.38779267048190946
vlstm,strb,r-strb_sl16_st16_sp336_bu250_no0.2_re0.9_re0.5,4,0.3874296776339932
vlstm,strb,r-strb_sl16_st16_sp336_bu250_no0.35_re0.9_re0.5,4,0.3874296776339932
vlstm,strb,r-strb_sl16_st16_sp336_bu50_no0.05_re0.9_re0.5,4,0.3903604856367047
vlstm,strb,r-strb_sl16_st16_sp336_bu50_no0.2_re0.9_re0.5,4,0.390404219714767
vlstm,strb,r-strb_sl16_st16_sp336_bu50_no0.35_re0.9_re0.5,4,0.39094839660036956
vlstm,strb,r-strb_sl24_st12_sp336_bu50_no0.2_re0.9_re0.5,4,0.3935172099347848
vlstm,strb,r-strb_sl24_st24_sp336_bu1000_no0.05_re0.9_re0.5,4,0.39408225225838267
vlstm,strb,r-strb_sl24_st24_sp336_bu1000_no0.2_re0.9_re0.5,4,0.3940772404769375
vlstm,strb,r-strb_sl24_st24_sp336_bu1000_no0.35_re0.9_re0.5,4,0.39409453112292353
vlstm,strb,r-strb_sl24_st24_sp336_bu250_no0.05_re0.9_re0.5,4,0.39131870955084774
vlstm,strb,r-strb_sl24_st24_sp336_bu250_no0.2_re0.9_re0.5,4,0.3913618108712767
vlstm,strb,r-strb_sl24_st24_sp336_bu250_no0.35_re0.9_re0.5,4,0.3913693285434446
vlstm,strb,r-strb_sl24_st24_sp336_bu50_no0.05_re0.9_re0.5,4,0.39272103663266167
vlstm,strb,r-strb_sl24_st24_sp336_bu50_no0.2_re0.9_re0.5,4,0.3925574019684748
vlstm,strb,r-strb_sl24_st24_sp336_bu50_no0.35_re0.9_re0.5,4,0.39358506775381974
vlstm,strb,r-strb_sl6_st6_sp336_bu1000_no0.05_re0.9_re0.5,4,0.36892855749128356
vlstm,strb,r-strb_sl6_st6_sp336_bu1000_no0.2_re0.9_re0.5,4,0.3689431006811356
vlstm,strb,r-strb_sl6_st6_sp336_bu1000_no0.35_re0.9_re0.5,4,0.3689306961956736
vlstm,strb,r-strb_sl6_st6_sp336_bu250_no0.05_re0.9_re0.5,4,0.3632228353692435
vlstm,strb,r-strb_sl6_st6_sp336_bu250_no0.2_re0.9_re0.5,4,0.3629589192475187
vlstm,strb,r-strb_sl6_st6_sp336_bu250_no0.35_re0.9_re0.5,4,0.36304446742311836
vlstm,strb,r-strb_sl6_st6_sp336_bu50_no0.05_re0.9_re0.5,4,0.3638241442513827
vlstm,strb,r-strb_sl6_st6_sp336_bu50_no0.2_re0.9_re0.5,4,0.3638241442513827
vlstm,strb,r-strb_sl6_st6_sp336_bu50_no0.35_re0.9_re0.5,4,0.36529514513081796
vlstm,strb,r-strb_sl8_st4_sp336_bu50_no0.2_re0.9_re0.5,4,0.3926236436441946
vlstm,strb,r-strb_sl8_st8_sp336_bu1000_no0.05_re0.9_re0.5,4,0.381688531277887
vlstm,strb,r-strb_sl8_st8_sp336_bu1000_no0.2_re0.9_re0.5,4,0.3844422972325258
vlstm,strb,r-strb_sl8_st8_sp336_bu1000_no0.35_re0.9_re0.5,4,0.3848462693170139
vlstm,strb,r-strb_sl8_st8_sp336_bu250_no0.05_re0.9_re0.5,4,0.3822333956680583
vlstm,strb,r-strb_sl8_st8_sp336_bu250_no0.2_re0.9_re0.5,4,0.3846297337210111
vlstm,strb,r-strb_sl8_st8_sp336_bu250_no0.35_re0.9_re0.5,4,0.38502801052574703
vlstm,strb,r-strb_sl8_st8_sp336_bu50_no0.05_re0.9_re0.5,4,0.38722192163391905
vlstm,strb,r-strb_sl8_st8_sp336_bu50_no0.2_re0.9_re0.5,4,0.38722192163391905
vlstm,strb,r-strb_sl8_st8_sp336_bu50_no0.35_re0.9_re0.5,4,0.38722192163391905
vlstm-kl,strb,r-strb_sl10_st10_sp336_bu1000_no0.05_re0.9_re0.5,4,0.35848388184145225
vlstm-kl,strb,r-strb_sl10_st10_sp336_bu1000_no0.2_re0.9_re0.5,4,0.35736144336961617
vlstm-kl,strb,r-strb_sl10_st10_sp336_bu1000_no0.35_re0.9_re0.5,4,0.35735519125493037
vlstm-kl,strb,r-strb_sl10_st10_sp336_bu250_no0.05_re0.9_re0.5,4,0.339484475567245
vlstm-kl,strb,r-strb_sl10_st10_sp336_bu250_no0.2_re0.9_re0.5,4,0.339217841264466
vlstm-kl,strb,r-strb_sl10_st10_sp336_bu250_no0.35_re0.9_re0.5,4,0.33918437406232416
vlstm-kl,strb,r-strb_sl10_st10_sp336_bu50_no0.05_re0.9_re0.5,4,0.3380810153604448
vlstm-kl,strb,r-strb_sl10_st10_sp336_bu50_no0.2_re0.9_re0.5,4,0.34035384293447724
vlstm-kl,strb,r-strb_sl10_st10_sp336_bu50_no0.35_re0.9_re0.5,4,0.34035384293447724
vlstm-kl,strb,r-strb_sl12_st12_sp168_bu50_no0.2_re0.9_re0.5,8,0.3672037354633358
vlstm-kl,strb,r-strb_sl12_st12_sp336_bu1000_no0.05_re0.9_re0.5,4,0.3722692496262616
vlstm-kl,strb,r-strb_sl12_st12_sp336_bu1000_no0.2_re0.9_re0.5,4,0.3723419224023095
vlstm-kl,strb,r-strb_sl12_st12_sp336_bu1000_no0.35_re0.9_re0.5,4,0.3723419224023095
vlstm-kl,strb,r-strb_sl12_st12_sp336_bu100_no0.2_re0.9_re0.5,4,0.36957896637059634
vlstm-kl,strb,r-strb_sl12_st12_sp336_bu2000_no0.2_re0.9_re0.5,4,0.36841894120742397
vlstm-kl,strb,r-strb_sl12_st12_sp336_bu250_no0.05_re0.9_re0.5,4,0.36774313565123035
vlstm-kl,strb,r-strb_sl12_st12_sp336_bu250_no0.2_re0.9_re0.5,4,0.36895006008023623
vlstm-kl,strb,r-strb_sl12_st12_sp336_bu250_no0.35_re0.9_re0.5,4,0.36895006008023623
vlstm-kl,strb,r-strb_sl12_st12_sp336_bu4000_no0.2_re0.9_re0.5,4,0.36841894120742397
vlstm-kl,strb,r-strb_sl12_st12_sp336_bu500_no0.2_re0.9_re0.5,4,0.3703057535165137
vlstm-kl,strb,r-strb_sl12_st12_sp336_bu50_no0.01_re0.3_re0.5,4,0.36958968529834796
vlstm-kl,strb,r-strb_sl12_st12_sp336_bu50_no0.01_re0.5_re0.5,4,0.36987794238611693
vlstm-kl,strb,r-strb_sl12_st12_sp336_bu50_no0.01_re0.7_re0.5,4,0.3694123498161259
vlstm-kl,strb,r-strb_sl12_st12_sp336_bu50_no0.01_re0.95_re0.5,4,0.36822315893534235
vlstm-kl,strb,r-strb_sl12_st12_sp336_bu50_no0.01_re0.9_re0.5,4,0.369542743553054
vlstm-kl,strb,r-strb_sl12_st12_sp336_bu50_no0.05_re0.3_re0.5,4,0.36998747312513647
vlstm-kl,strb,r-strb_sl12_st12_sp336_bu50_no0.05_re0.5_re0.5,4,0.3700698819668749
vlstm-kl,strb,r-strb_sl12_st12_sp336_bu50_no0.05_re0.7_re0.5,4,0.36899335127479715
vlstm-kl,strb,r-strb_sl12_st12_sp336_bu50_no0.05_re0.95_re0.5,4,0.3682009050709065
vlstm-kl,strb,r-strb_sl12_st12_sp336_bu50_no0.05_re0.9_re0.5,4,0.36987481293643065
vlstm-kl,strb,r-strb_sl12_st12_sp336_bu50_no0.1_re0.3_re0.5,4,0.3695583908014853
vlstm-kl,strb,r-strb_sl12_st12_sp336_bu50_no0.1_re0.5_re0.5,4,0.36936853752051807
vlstm-kl,strb,r-strb_sl12_st12_sp336_bu50_no0.1_re0.7_re0.5,4,0.369486413458701
vlstm-kl,strb,r-strb_sl12_st12_sp336_bu50_no0.1_re0.95_re0.5,4,0.3681358820607585
vlstm-kl,strb,r-strb_sl12_st12_sp336_bu50_no0.1_re0.9_re0.5,4,0.3699766939095504
vlstm-kl,strb,r-strb_sl12_st12_sp336_bu50_no0.2_re0.3_re0.5,4,0.3689940467080608
vlstm-kl,strb,r-strb_sl12_st12_sp336_bu50_no0.2_re0.5_re0.5,4,0.3689940467080608
vlstm-kl,strb,r-strb_sl12_st12_sp336_bu50_no0.2_re0.7_re0.5,4,0.3689940467080608
vlstm-kl,strb,r-strb_sl12_st12_sp336_bu50_no0.2_re0.9,4,0.3609769769881976
vlstm-kl,strb,r-strb_sl12_st12_sp336_bu50_no0.2_re0.95_re0.5,4,0.3689940467080608
vlstm-kl,strb,r-strb_sl12_st12_sp336_bu50_no0.2_re0.9_re0.3,4,0.35807293026821735
vlstm-kl,strb,r-strb_sl12_st12_sp336_bu50_no0.2_re0.9_re0.5,4,0.3689940467080608
vlstm-kl,strb,r-strb_sl12_st12_sp336_bu50_no0.2_re0.9_re0.7,4,0.37175328451293027
vlstm-kl,strb,r-strb_sl12_st12_sp336_bu50_no0.2_re0.9_re0.9,4,0.38769013242019906
vlstm-kl,strb,r-strb_sl12_st12_sp336_bu50_no0.35_re0.3_re0.5,4,0.3689940467080608
vlstm-kl,strb,r-strb_sl12_st12_sp336_bu50_no0.35_re0.5_re0.5,4,0.3689940467080608
vlstm-kl,strb,r-strb_sl12_st12_sp336_bu50_no0.35_re0.7_re0.5,4,0.3689940467080608
vlstm-kl,strb,r-strb_sl12_st12_sp336_bu50_no0.35_re0.95_re0.5,4,0.3689940467080608
vlstm-kl,strb,r-strb_sl12_st12_sp336_bu50_no0.35_re0.9_re0.5,4,0.3689940467080608
vlstm-kl,strb,r-strb_sl12_st12_sp336_bu50_no0.5_re0.3_re0.5,4,0.3689940467080608
vlstm-kl,strb,r-strb_sl12_st12_sp336_bu50_no0.5_re0.5_re0.5,4,0.3689940467080608
vlstm-kl,strb,r-strb_sl12_st12_sp336_bu50_no0.5_re0.7_re0.5,4,0.3689940467080608
vlstm-kl,strb,r-strb_sl12_st12_sp336_bu50_no0.5_re0.95_re0.5,4,0.3689940467080608
vlstm-kl,strb,r-strb_sl12_st12_sp336_bu50_no0.5_re0.9_re0.5,4,0.3689940467080608
vlstm-kl,strb,r-strb_sl12_st6_sp336_bu50_no0.2_re0.9_re0.5,4,0.36962022446181314
vlstm-kl,strb,r-strb_sl16_st16_sp336_bu1000_no0.05_re0.9_re0.5,4,0.3821456681228037
vlstm-kl,strb,r-strb_sl16_st16_sp336_bu1000_no0.2_re0.9_re0.5,4,0.38457509615915925
vlstm-kl,strb,r-strb_sl16_st16_sp336_bu1000_no0.35_re0.9_re0.5,4,0.38507710089805897
vlstm-kl,strb,r-strb_sl16_st16_sp336_bu250_no0.05_re0.9_re0.5,4,0.3682301092559537
vlstm-kl,strb,r-strb_sl16_st16_sp336_bu250_no0.2_re0.9_re0.5,4,0.36828633878489075
vlstm-kl,strb,r-strb_sl16_st16_sp336_bu250_no0.35_re0.9_re0.5,4,0.3683603743313247
vlstm-kl,strb,r-strb_sl16_st16_sp336_bu50_no0.05_re0.9_re0.5,4,0.38126161497340344
vlstm-kl,strb,r-strb_sl16_st16_sp336_bu50_no0.2_re0.9_re0.5,4,0.3813397115413717
vlstm-kl,strb,r-strb_sl16_st16_sp336_bu50_no0.35_re0.9_re0.5,4,0.380638404361017
vlstm-kl,strb,r-strb_sl24_st12_sp336_bu50_no0.2_re0.9_re0.5,4,0.38828486045990235
vlstm-kl,strb,r-strb_sl24_st24_sp336_bu1000_no0.05_re0.9_re0.5,4,0.38938019123572953
vlstm-kl,strb,r-strb_sl24_st24_sp336_bu1000_no0.2_re0.9_re0.5,4,0.3828733953853843
vlstm-kl,strb,r-strb_sl24_st24_sp336_bu1000_no0.35_re0.9_re0.5,4,0.3828733953853843
vlstm-kl,strb,r-strb_sl24_st24_sp336_bu250_no0.05_re0.9_re0.5,4,0.3885733031282448
vlstm-kl,strb,r-strb_sl24_st24_sp336_bu250_no0.2_re0.9_re0.5,4,0.39008260111047655
vlstm-kl,strb,r-strb_sl24_st24_sp336_bu250_no0.35_re0.9_re0.5,4,0.390069570478719
vlstm-kl,strb,r-strb_sl24_st24_sp336_bu50_no0.05_re0.9_re0.5,4,0.39179721974102105
vlstm-kl,strb,r-strb_sl24_st24_sp336_bu50_no0.2_re0.9_re0.5,4,0.39068285013667364
vlstm-kl,strb,r-strb_sl24_st24_sp336_bu50_no0.35_re0.9_re0.5,4,0.389980198378052
vlstm-kl,strb,r-strb_sl6_st6_sp336_bu1000_no0.05_re0.9_re0.5,4,0.33221720450280673
vlstm-kl,strb,r-strb_sl6_st6_sp336_bu1000_no0.2_re0.9_re0.5,4,0.3320918764255534
vlstm-kl,strb,r-strb_sl6_st6_sp336_bu1000_no0.35_re0.9_re0.5,4,0.3320443971880956
vlstm-kl,strb,r-strb_sl6_st6_sp336_bu250_no0.05_re0.9_re0.5,4,0.32894196545306215
vlstm-kl,strb,r-strb_sl6_st6_sp336_bu250_no0.2_re0.9_re0.5,4,0.32916011330084116
vlstm-kl,strb,r-strb_sl6_st6_sp336_bu250_no0.35_re0.9_re0.5,4,0.32916011330084116
vlstm-kl,strb,r-strb_sl6_st6_sp336_bu50_no0.05_re0.9_re0.5,4,0.3339403644466898
vlstm-kl,strb,r-strb_sl6_st6_sp336_bu50_no0.2_re0.9_re0.5,4,0.3358352565362211
vlstm-kl,strb,r-strb_sl6_st6_sp336_bu50_no0.35_re0.9_re0.5,4,0.3364918387839481
vlstm-kl,strb,r-strb_sl8_st4_sp336_bu50_no0.2_re0.9_re0.5,4,0.33762722674276624
vlstm-kl,strb,r-strb_sl8_st8_sp336_bu1000_no0.05_re0.9_re0.5,4,0.3531629591165231
vlstm-kl,strb,r-strb_sl8_st8_sp336_bu1000_no0.2_re0.9_re0.5,4,0.35198266148513113
vlstm-kl,strb,r-strb_sl8_st8_sp336_bu1000_no0.35_re0.9_re0.5,4,0.35198266148513113
vlstm-kl,strb,r-strb_sl8_st8_sp336_bu250_no0.05_re0.9_re0.5,4,0.3521910764758642
vlstm-kl,strb,r-strb_sl8_st8_sp336_bu250_no0.2_re0.9_re0.5,4,0.3485024990860463
vlstm-kl,strb,r-strb_sl8_st8_sp336_bu250_no0.35_re0.9_re0.5,4,0.3485024990860463
vlstm-kl,strb,r-strb_sl8_st8_sp336_bu50_no0.05_re0.9_re0.5,4,0.3288888249795715
vlstm-kl,strb,r-strb_sl8_st8_sp336_bu50_no0.2_re0.9_re0.5,4,0.32861388043981293
vlstm-kl,strb,r-strb_sl8_st8_sp336_bu50_no0.35_re0.9_re0.5,4,0.32861388043981293
vtcn,strb,r-strb_sl10_st10_sp336_bu1000_no0.05_re0.9_re0.5,4,0.38200902880174487
vtcn,strb,r-strb_sl10_st10_sp336_bu1000_no0.2_re0.9_re0.5,4,0.38203183063177565
vtcn,strb,r-strb_sl10_st10_sp336_bu1000_no0.35_re0.9_re0.5,4,0.38195790856990186
vtcn,strb,r-strb_sl10_st10_sp336_bu250_no0.05_re0.9_re0.5,4,0.3778882491458911
vtcn,strb,r-strb_sl10_st10_sp336_bu250_no0.2_re0.9_re0.5,4,0.3777308429643886
vtcn,strb,r-strb_sl10_st10_sp336_bu250_no0.35_re0.9_re0.5,4,0.3777308429643886
vtcn,strb,r-strb_sl10_st10_sp336_bu50_no0.05_re0.9_re0.5,4,0.3711576585847043
vtcn,strb,r-strb_sl10_st10_sp336_bu50_no0.2_re0.9_re0.5,4,0.3711576585847043
vtcn,strb,r-strb_sl10_st10_sp336_bu50_no0.35_re0.9_re0.5,4,0.3711576585847043
vtcn,strb,r-strb_sl12_st12_sp168_bu50_no0.2_re0.9_re0.5,8,0.4612053447993065
vtcn,strb,r-strb_sl12_st12_sp336_bu1000_no0.05_re0.9_re0.5,4,0.37268973044060516
vtcn,strb,r-strb_sl12_st12_sp336_bu1000_no0.2_re0.9_re0.5,4,0.37282881709332844
vtcn,strb,r-strb_sl12_st12_sp336_bu1000_no0.35_re0.9_re0.5,4,0.3727279792701041
vtcn,strb,r-strb_sl12_st12_sp336_bu100_no0.2_re0.9_re0.5,4,0.38188769045776744
vtcn,strb,r-strb_sl12_st12_sp336_bu2000_no0.2_re0.9_re0.5,4,0.3802249110954308
vtcn,strb,r-strb_sl12_st12_sp336_bu250_no0.05_re0.9_re0.5,4,0.3802105990613754
vtcn,strb,r-strb_sl12_st12_sp336_bu250_no0.2_re0.9_re0.5,4,0.38026936317215093
vtcn,strb,r-strb_sl12_st12_sp336_bu250_no0.35_re0.9_re0.5,4,0.37992199425697465
vtcn,strb,r-strb_sl12_st12_sp336_bu4000_no0.2_re0.9_re0.5,4,0.3802249110954308
vtcn,strb,r-strb_sl12_st12_sp336_bu500_no0.2_re0.9_re0.5,4,0.377790775837185
vtcn,strb,r-strb_sl12_st12_sp336_bu50_no0.01_re0.3_re0.5,4,0.3848140008323198
vtcn,strb,r-strb_sl12_st12_sp336_bu50_no0.01_re0.5_re0.5,4,0.38421488507571455
vtcn,strb,r-strb_sl12_st12_sp336_bu50_no0.01_re0.7_re0.5,4,0.3846853456785509
vtcn,strb,r-strb_sl12_st12_sp336_bu50_no0.01_re0.95_re0.5,4,0.3822826237527572
vtcn,strb,r-strb_sl12_st12_sp336_bu50_no0.01_re0.9_re0.5,4,0.3822826237527572
vtcn,strb,r-strb_sl12_st12_sp336_bu50_no0.05_re0.3_re0.5,4,0.3842343572070958
vtcn,strb,r-strb_sl12_st12_sp336_bu50_no0.05_re0.5_re0.5,4,0.3848525973784505
vtcn,strb,r-strb_sl12_st12_sp336_bu50_no0.05_re0.7_re0.5,4,0.3844186470219541
vtcn,strb,r-strb_sl12_st12_sp336_bu50_no0.05_re0.95_re0.5,4,0.3822826237527572
vtcn,strb,r-strb_sl12_st12_sp336_bu50_no0.05_re0.9_re0.5,4,0.3822826237527572
vtcn,strb,r-strb_sl12_st12_sp336_bu50_no0.1_re0.3_re0.5,4,0.38414638489924835
vtcn,strb,r-strb_sl12_st12_sp336_bu50_no0.1_re0.5_re0.5,4,0.3845643402906817
vtcn,strb,r-strb_sl12_st12_sp336_bu50_no0.1_re0.7_re0.5,4,0.3844742816830434
vtcn,strb,r-strb_sl12_st12_sp336_bu50_no0.1_re0.95_re0.5,4,0.3822826237527572
vtcn,strb,r-strb_sl12_st12_sp336_bu50_no0.1_re0.9_re0.5,4,0.3822826237527572
vtcn,strb,r-strb_sl12_st12_sp336_bu50_no0.2_re0.3_re0.5,4,0.3841710727801067
vtcn,strb,r-strb_sl12_st12_sp336_bu50_no0.2_re0.5_re0.5,4,0.3845201802784421
vtcn,strb,r-strb_sl12_st12_sp336_bu50_no0.2_re0.7_re0.5,4,0.3843800504758234
vtcn,strb,r-strb_sl12_st12_sp336_bu50_no0.2_re0.9,4,0.364138398939532
vtcn,strb,r-strb_sl12_st12_sp336_bu50_no0.2_re0.95_re0.5,4,0.3822826237527572
vtcn,strb,r-strb_sl12_st12_sp336_bu50_no0.2_re0.9_re0.3,4,0.37515839452281385
vtcn,strb,r-strb_sl12_st12_sp336_bu50_no0.2_re0.9_re0.5,4,0.3822826237527572
vtcn,strb,r-strb_sl12_st12_sp336_bu50_no0.2_re0.9_re0.7,4,0.3835954851652115
vtcn,strb,r-strb_sl12_st12_sp336_bu50_no0.2_re0.9_re0.9,4,0.387365122370875
vtcn,strb,r-strb_sl12_st12_sp336_bu50_no0.35_re0.3_re0.5,4,0.382467609000879
vtcn,strb,r-strb_sl12_st12_sp336_bu50_no0.35_re0.5_re0.5,4,0.38254202036008583
vtcn,strb,r-strb_sl12_st12_sp336_bu50_no0.35_re0.7_re0.5,4,0.38263729471720137
vtcn,strb,r-strb_sl12_st12_sp336_bu50_no0.35_re0.95_re0.5,4,0.3822826237527572
vtcn,strb,r-strb_sl12_st12_sp336_bu50_no0.35_re0.9_re0.5,4,0.3822826237527572
vtcn,strb,r-strb_sl12_st12_sp336_bu50_no0.5_re0.3_re0.5,4,0.3822826237527572
vtcn,strb,r-strb_sl12_st12_sp336_bu50_no0.5_re0.5_re0.5,4,0.3822826237527572
vtcn,strb,r-strb_sl12_st12_sp336_bu50_no0.5_re0.7_re0.5,4,0.3822826237527572
vtcn,strb,r-strb_sl12_st12_sp336_bu50_no0.5_re0.95_re0.5,4,0.3822826237527572
vtcn,strb,r-strb_sl12_st12_sp336_bu50_no0.5_re0.9_re0.5,4,0.3822826237527572
vtcn,strb,r-strb_sl12_st6_sp336_bu50_no0.2_re0.9_re0.5,4,0.37539438741279363
vtcn,strb,r-strb_sl16_st16_sp336_bu1000_no0.05_re0.9_re0.5,4,0.3865563762086341
vtcn,strb,r-strb_sl16_st16_sp336_bu1000_no0.2_re0.9_re0.5,4,0.3866001102866963
vtcn,strb,r-strb_sl16_st16_sp336_bu1000_no0.35_re0.9_re0.5,4,0.3866001102866963
vtcn,strb,r-strb_sl16_st16_sp336_bu250_no0.05_re0.9_re0.5,4,0.3882217074239885
vtcn,strb,r-strb_sl16_st16_sp336_bu250_no0.2_re0.9_re0.5,4,0.38821233583583226
vtcn,strb,r-strb_sl16_st16_sp336_bu250_no0.35_re0.9_re0.5,4,0.38815923016961396
vtcn,strb,r-strb_sl16_st16_sp336_bu50_no0.05_re0.9_re0.5,4,0.38662635073353363
vtcn,strb,r-strb_sl16_st16_sp336_bu50_no0.2_re0.9_re0.5,4,0.3866907023055394
vtcn,strb,r-strb_sl16_st16_sp336_bu50_no0.35_re0.9_re0.5,4,0.3873588965410755
vtcn,strb,r-strb_sl24_st12_sp336_bu50_no0.2_re0.9_re0.5,4,0.39420561741799753
vtcn,strb,r-strb_sl24_st24_sp336_bu1000_no0.05_re0.9_re0.5,4,0.3899383046644982
vtcn,strb,r-strb_sl24_st24_sp336_bu1000_no0.2_re0.9_re0.5,4,0.39152202760119165
vtcn,strb,r-strb_sl24_st24_sp336_bu1000_no0.35_re0.9_re0.5,4,0.3915711430593549
vtcn,strb,r-strb_sl24_st24_sp336_bu250_no0.05_re0.9_re0.5,4,0.39340552398826095
vtcn,strb,r-strb_sl24_st24_sp336_bu250_no0.2_re0.9_re0.5,4,0.39266904270488406
vtcn,strb,r-strb_sl24_st24_sp336_bu250_no0.35_re0.9_re0.5,4,0.39269059336509854
vtcn,strb,r-strb_sl24_st24_sp336_bu50_no0.05_re0.9_re0.5,4,0.38958180184144725
vtcn,strb,r-strb_sl24_st24_sp336_bu50_no0.2_re0.9_re0.5,4,0.39271842525894596
vtcn,strb,r-strb_sl24_st24_sp336_bu50_no0.35_re0.9_re0.5,4,0.39271842525894596
vtcn,strb,r-strb_sl6_st6_sp336_bu1000_no0.05_re0.9_re0.5,4,0.3775849872087597
vtcn,strb,r-strb_sl6_st6_sp336_bu1000_no0.2_re0.9_re0.5,4,0.3775807097999797
vtcn,strb,r-strb_sl6_st6_sp336_bu1000_no0.35_re0.9_re0.5,4,0.3776910669465033
vtcn,strb,r-strb_sl6_st6_sp336_bu250_no0.05_re0.9_re0.5,4,0.3765148099024398
vtcn,strb,r-strb_sl6_st6_sp336_bu250_no0.2_re0.9_re0.5,4,0.37662217286281735
vtcn,strb,r-strb_sl6_st6_sp336_bu250_no0.35_re0.9_re0.5,4,0.37474995103981995
vtcn,strb,r-strb_sl6_st6_sp336_bu50_no0.05_re0.9_re0.5,4,0.3773916544341456
vtcn,strb,r-strb_sl6_st6_sp336_bu50_no0.2_re0.9_re0.5,4,0.3773916544341456
vtcn,strb,r-strb_sl6_st6_sp336_bu50_no0.35_re0.9_re0.5,4,0.3773916544341456
vtcn,strb,r-strb_sl8_st4_sp336_bu50_no0.2_re0.9_re0.5,4,0.37646087375621545
vtcn,strb,r-strb_sl8_st8_sp336_bu1000_no0.05_re0.9_re0.5,4,0.3807614626961264
vtcn,strb,r-strb_sl8_st8_sp336_bu1000_no0.2_re0.9_re0.5,4,0.3780611145377834
vtcn,strb,r-strb_sl8_st8_sp336_bu1000_no0.35_re0.9_re0.5,4,0.3802850230865162
vtcn,strb,r-strb_sl8_st8_sp336_bu250_no0.05_re0.9_re0.5,4,0.3803014361471599
vtcn,strb,r-strb_sl8_st8_sp336_bu250_no0.2_re0.9_re0.5,4,0.38044283619617864
vtcn,strb,r-strb_sl8_st8_sp336_bu250_no0.35_re0.9_re0.5,4,0.38044283619617864
vtcn,strb,r-strb_sl8_st8_sp336_bu50_no0.05_re0.9_re0.5,4,0.3823152031636286
vtcn,strb,r-strb_sl8_st8_sp336_bu50_no0.2_re0.9_re0.5,4,0.3825932899266986
vtcn,strb,r-strb_sl8_st8_sp336_bu50_no0.35_re0.9_re0.5,4,0.38194756303618
vtcn-kl,strb,r-strb_sl10_st10_sp336_bu1000_no0.05_re0.9_re0.5,4,0.3697773828700914
vtcn-kl,strb,r-strb_sl10_st10_sp336_bu1000_no0.2_re0.9_re0.5,4,0.3698579248181031
vtcn-kl,strb,r-strb_sl10_st10_sp336_bu1000_no0.35_re0.9_re0.5,4,0.3698579248181031
vtcn-kl,strb,r-strb_sl10_st10_sp336_bu250_no0.05_re0.9_re0.5,4,0.369014070367359
vtcn-kl,strb,r-strb_sl10_st10_sp336_bu250_no0.2_re0.9_re0.5,4,0.369416412335966
vtcn-kl,strb,r-strb_sl10_st10_sp336_bu250_no0.35_re0.9_re0.5,4,0.369416412335966
vtcn-kl,strb,r-strb_sl10_st10_sp336_bu50_no0.05_re0.9_re0.5,4,0.3623905270461538
vtcn-kl,strb,r-strb_sl10_st10_sp336_bu50_no0.2_re0.9_re0.5,4,0.3616079093960664
vtcn-kl,strb,r-strb_sl10_st10_sp336_bu50_no0.35_re0.9_re0.5,4,0.36156230573600484
vtcn-kl,strb,r-strb_sl12_st12_sp168_bu50_no0.2_re0.9_re0.5,8,0.40567968796082543
vtcn-kl,strb,r-strb_sl12_st12_sp336_bu1000_no0.05_re0.9_re0.5,4,0.3641641689910899
vtcn-kl,strb,r-strb_sl12_st12_sp336_bu1000_no0.2_re0.9_re0.5,4,0.3644875454586714
vtcn-kl,strb,r-strb_sl12_st12_sp336_bu1000_no0.35_re0.9_re0.5,4,0.3644875454586714
vtcn-kl,strb,r-strb_sl12_st12_sp336_bu100_no0.2_re0.9_re0.5,4,0.3658280968608933
vtcn-kl,strb,r-strb_sl12_st12_sp336_bu2000_no0.2_re0.9_re0.5,4,0.3519512252168601
vtcn-kl,strb,r-strb_sl12_st12_sp336_bu250_no0.05_re0.9_re0.5,4,0.36153027017088046
vtcn-kl,strb,r-strb_sl12_st12_sp336_bu250_no0.2_re0.9_re0.5,4,0.3614791558260048
vtcn-kl,strb,r-strb_sl12_st12_sp336_bu250_no0.35_re0.9_re0.5,4,0.3614791558260048
vtcn-kl,strb,r-strb_sl12_st12_sp336_bu4000_no0.2_re0.9_re0.5,4,0.3519512252168601
vtcn-kl,strb,r-strb_sl12_st12_sp336_bu500_no0.2_re0.9_re0.5,4,0.36299858279656116
vtcn-kl,strb,r-strb_sl12_st12_sp336_bu50_no0.01_re0.3_re0.5,4,0.35861742969630583
vtcn-kl,strb,r-strb_sl12_st12_sp336_bu50_no0.01_re0.5_re0.5,4,0.3585617950352165
vtcn-kl,strb,r-strb_sl12_st12_sp336_bu50_no0.01_re0.7_re0.5,4,0.35875895036545175
vtcn-kl,strb,r-strb_sl12_st12_sp336_bu50_no0.01_re0.95_re0.5,4,0.36859029041319324
vtcn-kl,strb,r-strb_sl12_st12_sp336_bu50_no0.01_re0.9_re0.5,4,0.3585684016512209
vtcn-kl,strb,r-strb_sl12_st12_sp336_bu50_no0.05_re0.3_re0.5,4,0.3585579701522667
vtcn-kl,strb,r-strb_sl12_st12_sp336_bu50_no0.05_re0.5_re0.5,4,0.35861742969630583
vtcn-kl,strb,r-strb_sl12_st12_sp336_bu50_no0.05_re0.7_re0.5,4,0.3586108230803015
vtcn-kl,strb,r-strb_sl12_st12_sp336_bu50_no0.05_re0.95_re0.5,4,0.36859029041319324
vtcn-kl,strb,r-strb_sl12_st12_sp336_bu50_no0.05_re0.9_re0.5,4,0.3586108230803015
vtcn-kl,strb,r-strb_sl12_st12_sp336_bu50_no0.1_re0.3_re0.5,4,0.3585617950352165
vtcn-kl,strb,r-strb_sl12_st12_sp336_bu50_no0.1_re0.5_re0.5,4,0.3585579701522667
vtcn-kl,strb,r-strb_sl12_st12_sp336_bu50_no0.1_re0.7_re0.5,4,0.35841575404985715
vtcn-kl,strb,r-strb_sl12_st12_sp336_bu50_no0.1_re0.95_re0.5,4,0.36860871939467904
vtcn-kl,strb,r-strb_sl12_st12_sp336_bu50_no0.1_re0.9_re0.5,4,0.35861742969630583
vtcn-kl,strb,r-strb_sl12_st12_sp336_bu50_no0.2_re0.3_re0.5,4,0.36882152197334567
vtcn-kl,strb,r-strb_sl12_st12_sp336_bu50_no0.2_re0.5_re0.5,4,0.36882152197334567
vtcn-kl,strb,r-strb_sl12_st12_sp336_bu50_no0.2_re0.7_re0.5,4,0.36882152197334567
vtcn-kl,strb,r-strb_sl12_st12_sp336_bu50_no0.2_re0.9,4,0.34205333538855925
vtcn-kl,strb,r-strb_sl12_st12_sp336_bu50_no0.2_re0.95_re0.5,4,0.36882152197334567
vtcn-kl,strb,r-strb_sl12_st12_sp336_bu50_no0.2_re0.9_re0.3,4,0.3490247503910391
vtcn-kl,strb,r-strb_sl12_st12_sp336_bu50_no0.2_re0.9_re0.5,4,0.36882152197334567
vtcn-kl,strb,r-strb_sl12_st12_sp336_bu50_no0.2_re0.9_re0.7,4,0.3652693972968947
vtcn-kl,strb,r-strb_sl12_st12_sp336_bu50_no0.2_re0.9_re0.9,4,0.38614223370693807
vtcn-kl,strb,r-strb_sl12_st12_sp336_bu50_no0.35_re0.3_re0.5,4,0.36882152197334567
vtcn-kl,strb,r-strb_sl12_st12_sp336_bu50_no0.35_re0.5_re0.5,4,0.36882152197334567
vtcn-kl,strb,r-strb_sl12_st12_sp336_bu50_no0.35_re0.7_re0.5,4,0.36882152197334567
vtcn-kl,strb,r-strb_sl12_st12_sp336_bu50_no0.35_re0.95_re0.5,4,0.36882152197334567
vtcn-kl,strb,r-strb_sl12_st12_sp336_bu50_no0.35_re0.9_re0.5,4,0.36882152197334567
vtcn-kl,strb,r-strb_sl12_st12_sp336_bu50_no0.5_re0.3_re0.5,4,0.36882152197334567
vtcn-kl,strb,r-strb_sl12_st12_sp336_bu50_no0.5_re0.5_re0.5,4,0.36882152197334567
vtcn-kl,strb,r-strb_sl12_st12_sp336_bu50_no0.5_re0.7_re0.5,4,0.36882152197334567
vtcn-kl,strb,r-strb_sl12_st12_sp336_bu50_no0.5_re0.95_re0.5,4,0.36882152197334567
vtcn-kl,strb,r-strb_sl12_st12_sp336_bu50_no0.5_re0.9_re0.5,4,0.36882152197334567
vtcn-kl,strb,r-strb_sl12_st6_sp336_bu50_no0.2_re0.9_re0.5,4,0.3644432106374911
vtcn-kl,strb,r-strb_sl16_st16_sp336_bu1000_no0.05_re0.9_re0.5,4,0.373385135570034
vtcn-kl,strb,r-strb_sl16_st16_sp336_bu1000_no0.2_re0.9_re0.5,4,0.3728956262820092
vtcn-kl,strb,r-strb_sl16_st16_sp336_bu1000_no0.35_re0.9_re0.5,4,0.37285345413530635
vtcn-kl,strb,r-strb_sl16_st16_sp336_bu250_no0.05_re0.9_re0.5,4,0.3800736380371046
vtcn-kl,strb,r-strb_sl16_st16_sp336_bu250_no0.2_re0.9_re0.5,4,0.37865571674907356
vtcn-kl,strb,r-strb_sl16_st16_sp336_bu250_no0.35_re0.9_re0.5,4,0.37932141189443463
vtcn-kl,strb,r-strb_sl16_st16_sp336_bu50_no0.05_re0.9_re0.5,4,0.3682551282133373
vtcn-kl,strb,r-strb_sl16_st16_sp336_bu50_no0.2_re0.9_re0.5,4,0.3678752665067398
vtcn-kl,strb,r-strb_sl16_st16_sp336_bu50_no0.35_re0.9_re0.5,4,0.36775156154307814
vtcn-kl,strb,r-strb_sl24_st12_sp336_bu50_no0.2_re0.9_re0.5,4,0.3903320258618579
vtcn-kl,strb,r-strb_sl24_st24_sp336_bu1000_no0.05_re0.9_re0.5,4,0.37698792752845556
vtcn-kl,strb,r-strb_sl24_st24_sp336_bu1000_no0.2_re0.9_re0.5,4,0.37710946322850253
vtcn-kl,strb,r-strb_sl24_st24_sp336_bu1000_no0.35_re0.9_re0.5,4,0.37696988511525276
vtcn-kl,strb,r-strb_sl24_st24_sp336_bu250_no0.05_re0.9_re0.5,4,0.38764342400379287
vtcn-kl,strb,r-strb_sl24_st24_sp336_bu250_no0.2_re0.9_re0.5,4,0.387697300654329
vtcn-kl,strb,r-strb_sl24_st24_sp336_bu250_no0.35_re0.9_re0.5,4,0.387697300654329
vtcn-kl,strb,r-strb_sl24_st24_sp336_bu50_no0.05_re0.9_re0.5,4,0.4004487817554012
vtcn-kl,strb,r-strb_sl24_st24_sp336_bu50_no0.2_re0.9_re0.5,4,0.4002422963598577
vtcn-kl,strb,r-strb_sl24_st24_sp336_bu50_no0.35_re0.9_re0.5,4,0.4002422963598577
vtcn-kl,strb,r-strb_sl6_st6_sp336_bu1000_no0.05_re0.9_re0.5,4,0.36793711558210046
vtcn-kl,strb,r-strb_sl6_st6_sp336_bu1000_no0.2_re0.9_re0.5,4,0.36785670029703676
vtcn-kl,strb,r-strb_sl6_st6_sp336_bu1000_no0.35_re0.9_re0.5,4,0.36794524265878237
vtcn-kl,strb,r-strb_sl6_st6_sp336_bu250_no0.05_re0.9_re0.5,4,0.3481354426023355
vtcn-kl,strb,r-strb_sl6_st6_sp336_bu250_no0.2_re0.9_re0.5,4,0.34778597830501107
vtcn-kl,strb,r-strb_sl6_st6_sp336_bu250_no0.35_re0.9_re0.5,4,0.348012253229472
vtcn-kl,strb,r-strb_sl6_st6_sp336_bu50_no0.05_re0.9_re0.5,4,0.3644011684287071
vtcn-kl,strb,r-strb_sl6_st6_sp336_bu50_no0.2_re0.9_re0.5,4,0.36385579880925967
vtcn-kl,strb,r-strb_sl6_st6_sp336_bu50_no0.35_re0.9_re0.5,4,0.36385579880925967
vtcn-kl,strb,r-strb_sl8_st4_sp336_bu50_no0.2_re0.9_re0.5,4,0.3209042876335041
vtcn-kl,strb,r-strb_sl8_st8_sp336_bu1000_no0.05_re0.9_re0.5,4,0.3482132445952697
vtcn-kl,strb,r-strb_sl8_st8_sp336_bu1000_no0.2_re0.9_re0.5,4,0.3474595037784174
vtcn-kl,strb,r-strb_sl8_st8_sp336_bu1000_no0.35_re0.9_re0.5,4,0.3474595037784174
vtcn-kl,strb,r-strb_sl8_st8_sp336_bu250_no0.05_re0.9_re0.5,4,0.34815169508638655
vtcn-kl,strb,r-strb_sl8_st8_sp336_bu250_no0.2_re0.9_re0.5,4,0.36510909596495217
vtcn-kl,strb,r-strb_sl8_st8_sp336_bu250_no0.35_re0.9_re0.5,4,0.36510909596495217
vtcn-kl,strb,r-strb_sl8_st8_sp336_bu50_no0.05_re0.9_re0.5,4,0.31195342509201035
vtcn-kl,strb,r-strb_sl8_st8_sp336_bu50_no0.2_re0.9_re0.5,4,0.3126753508978335
vtcn-kl,strb,r-strb_sl8_st8_sp336_bu50_no0.35_re0.9_re0.5,4,0.31378691239428597
