dataset,model,regime,seq_len,stride,split_size,block,buffer_size,novelty_threshold,retention_threshold,replay_ratio,lambda_ewc,alpha,temperature,bwt,fwt,af,avg_diagonal_auc,final_avg_auc,peak_auc,n_valid_diag,n_valid_bwt_pairs,n_valid_af_pairs,diag_c0,diag_c1,diag_c2,diag_c3,final_c0,final_c1,final_c2,final_c3,co2_kg,energy_kwh,cpu_energy_kwh,ram_energy_kwh,cc_duration_s,total_epochs,n_concepts,elapsed_s,run_id,diag_c4,diag_c5,diag_c6,diag_c7,final_c4,final_c5,final_c6,final_c7
yahoo-a1,gru,cumulative,12,12,336,B1,,,,,,,,-0.1740244914872163,-0.0835140501772603,0.1740244914872163,0.7044610579851767,0.6015128332017162,0.8359490769167792,4,6,6,0.7548,0.8359,0.5815,0.6456,0.3698,0.8218,0.5688,0.6456,0.0002476972372307,0.0003742068406903,0.0001700944934648,0.0002041123472255,122.5,121,4,122.5,r-cumulative_sl12_st12_sp336,,,,,,,,
yahoo-a1,gru,random-buffer,12,12,336,B1,100.0,,,0.5,,,,-0.1221577074831475,-0.0634824486686907,0.1221577074831475,0.7206200240252294,0.6482588522310508,0.8297406088392211,4,6,6,0.7548,0.829,0.6566,0.6421,0.471,0.8284,0.6516,0.6421,0.0001264305174114,0.0001910040056009,8.682026053106205e-05,0.0001041837450698,62.5,83,4,62.5,r-random-buffer_sl12_st12_sp336_bu100_re0.5,,,,,,,,
yahoo-a1,gru,random-buffer,12,12,336,B1,500.0,,,0.5,,,,-0.1091788320863589,-0.0571715858340255,0.1091788320863589,0.7234114159593885,0.6465963455925585,0.832753421479935,4,6,6,0.7548,0.8239,0.6821,0.6328,0.4692,0.8328,0.6516,0.6328,0.0001168983239566,0.0001766033120872,8.02744399329337e-05,9.632887215431158e-05,57.8,75,4,57.8,r-random-buffer_sl12_st12_sp336_bu500_re0.5,,,,,,,,
yahoo-a1,gru,random-buffer,12,12,336,B1,50.0,,,,,,,-0.1215491436249807,-0.056972138205974,0.1215491436249807,0.7239782438046318,0.632304358806199,0.8322458280459017,4,6,6,0.7548,0.8322,0.6699,0.6389,0.4432,0.8229,0.6241,0.6389,2.835093845938703e-07,0.0001192609629263,5.420969265008656e-05,6.505127027630806e-05,39.0,64,4,39.0,r-random-buffer_sl12_st12_sp336_bu50,,,,,,,,
yahoo-a1,gru,reservoir,12,12,336,B1,100.0,,,0.5,,,,-0.0992811138433134,-0.0602792311575413,0.0992811138433134,0.726379089173727,0.6702512637797652,0.8360937137555092,4,6,6,0.7548,0.8361,0.6846,0.63,0.5306,0.8308,0.6896,0.63,0.0001217439445343,0.0001839237989357,8.360199351833823e-05,0.0001003218054173,60.2,80,4,60.2,r-reservoir_sl12_st12_sp336_bu100_re0.5,,,,,,,,
yahoo-a1,gru,reservoir,12,12,336,B1,250.0,,,0.5,,,,-0.1158526869348477,-0.0540687162868629,0.1158526869348477,0.7286138521284573,0.6491745769813212,0.8311214812995484,4,6,6,0.7548,0.8311,0.6854,0.6431,0.4741,0.8239,0.6556,0.6431,0.0001024819479876,0.0001548238745534,7.037469566114143e-05,8.4449178892343e-05,50.7,69,4,50.7,r-reservoir_sl12_st12_sp336_bu250_re0.5,,,,,,,,
yahoo-a1,gru,reservoir,12,12,336,B1,1000.0,,,0.5,,,,-0.1189386067780513,-0.0573077273600276,0.1189386067780513,0.7260767391149893,0.6500088637816391,0.8334083807496555,4,6,6,0.7548,0.8334,0.6779,0.6382,0.4788,0.8268,0.6561,0.6382,0.0001030666906234,0.0001557072703345,7.077625700104465e-05,8.493101333345598e-05,51.0,72,4,51.0,r-reservoir_sl12_st12_sp336_bu1000_re0.5,,,,,,,,
yahoo-a1,gru,reservoir,12,12,336,B1,50.0,,,,,,,-0.1352892016496397,-0.0650979208542712,0.1352892016496397,0.7214715429195024,0.6277544917495158,0.8297324218483497,4,6,6,0.7548,0.8244,0.6705,0.6362,0.4341,0.8227,0.618,0.6362,8.283893954282805e-05,0.0001251483391539,5.6885782002549e-05,6.826255715141694e-05,41.0,69,4,41.0,r-reservoir_sl12_st12_sp336_bu50,,,,,,,,
yahoo-a1,gru,reservoir,12,12,336,B1,50.0,,,0.3,,,,-0.1051487922003733,-0.0612657905177875,0.1051487922003733,0.722194804692468,0.6588482965121858,0.831410754977008,4,6,6,0.7548,0.8301,0.6727,0.6312,0.501,0.8314,0.6718,0.6312,3.177774467437325e-07,0.0001336761544921,6.076206053193244e-05,7.291409396023181e-05,43.7,67,4,43.8,r-reservoir_sl12_st12_sp336_bu50_re0.3,,,,,,,,
yahoo-a1,gru,lwf,12,12,336,B1,,,,,,0.1,2.0,-0.1327082993739035,-0.060708115752997,0.1327082993739035,0.7185523679560084,0.6291142242815726,0.8344262966146794,4,6,6,0.7548,0.8344,0.6486,0.6364,0.4359,0.8185,0.6257,0.6364,2.862865372327519e-07,0.0001204291990268,5.474070173545947e-05,6.56884972914122e-05,39.4,63,4,39.4,r-lwf_sl12_st12_sp336_al0.1_te2.0,,,,,,,,
yahoo-a1,gru,lwf,12,12,336,B1,,,,,,2.0,2.0,-0.1075998522911849,-0.0466437450349387,0.1075998522911849,0.7277998076658966,0.6438011634250137,0.8290146956486144,4,6,6,0.7548,0.8246,0.6905,0.6413,0.4662,0.8198,0.6479,0.6413,2.845910364979282e-07,0.0001197159702546,5.441651886471341e-05,6.529945138997088e-05,39.2,63,4,39.2,r-lwf_sl12_st12_sp336_al2.0_te2.0,,,,,,,,
yahoo-a1,gru,lwf,12,12,336,B1,,,,,,1.0,1.0,-0.0936621522220543,-0.048252073549002,0.0936621522220543,0.7280886811416576,0.6606168226826954,0.8289498983613401,4,6,6,0.7548,0.8155,0.7029,0.6391,0.5048,0.8232,0.6753,0.6391,3.101462757303345e-07,0.0001304660286452,5.930290642362606e-05,7.11631222216723e-05,42.7,70,4,42.7,r-lwf_sl12_st12_sp336_al1.0_te1.0,,,,,,,,
yahoo-a1,gru,lwf,12,12,336,B1,,,,,,1.0,5.0,-0.1323780733682177,-0.0601270979249536,0.1323780733682177,0.7189998125847917,0.6285262137319314,0.8340606110224188,4,6,6,0.7548,0.8341,0.6506,0.6366,0.4347,0.8181,0.6247,0.6366,7.943744975619909e-05,0.0001200095626341,5.454995520671623e-05,6.545960742747412e-05,39.3,63,4,39.3,r-lwf_sl12_st12_sp336_al1.0_te5.0,,,,,,,,
yahoo-a1,gru,naive,12,6,336,B3,,,,,,,,-0.1543427957588453,-0.0709720552059827,0.1543427957588453,0.6776495646939078,0.589978938614564,0.8290447146151432,4,6,6,0.7165,0.829,0.5347,0.6304,0.3564,0.8261,0.547,0.6304,0.0001330381914022,0.0002009865021199,9.13576949665892e-05,0.0001096288071533,65.8,65,4,65.8,r-naive_sl12_st6_sp336,,,,,,,,
yahoo-a1,gru,experts,12,6,336,B3,,,,,,,,-0.1699640216320781,-0.0755190540921904,0.1699640216320781,0.6763062758682408,0.5847308162857121,0.8261738098162021,4,6,6,0.7165,0.8262,0.5272,0.6353,0.3442,0.8207,0.5387,0.6353,0.0002309629470853,0.0003489256307886,0.000158602826274,0.0001903228045146,114.2,126,4,114.3,r-experts_sl12_st6_sp336,,,,,,,,
yahoo-a1,gru,ewc,12,6,336,B3,,,,,1000.0,,,-0.13732202209899,-0.0601991351865459,0.13732202209899,0.6906736034107259,0.6094952259162689,0.8356761772210624,4,6,6,0.7165,0.8357,0.5832,0.6273,0.4018,0.8294,0.5794,0.6273,0.0001419848286004,0.0002145025706807,9.7501372974754e-05,0.0001170011977059,70.2,63,4,70.2,r-ewc_sl12_st6_sp336_la1000.0,,,,,,,,
yahoo-a1,gru,lwf,12,6,336,B3,,,,,,1.0,2.0,-0.1484829092302734,-0.0540702372712273,0.1484829092302734,0.6944760992650802,0.5791828068223875,0.8264548965027905,4,6,6,0.7165,0.8265,0.6061,0.6288,0.3381,0.8229,0.5269,0.6288,0.00013256200645,0.0002002671090878,9.103070144774394e-05,0.00010923640764,65.5,60,4,65.6,r-lwf_sl12_st6_sp336_al1.0_te2.0,,,,,,,,
yahoo-a1,gru,random-buffer,12,12,168,B5,50.0,,,0.5,,,,-0.0075955727323745,-0.0807723450481321,0.0075955727323745,0.8282378875524163,0.8245065525793052,0.9949688667496884,8,28,28,0.9893,0.9723,0.9931,0.9408,0.9732,0.9706,0.9882,0.9324,0.0001047682363129,0.0001582778683915,7.194457818340095e-05,8.633329020813107e-05,51.8,82,8,51.8,r-random-buffer_sl12_st12_sp168_bu50_re0.5,0.6536,0.6308,0.881,0.5649,0.6436,0.6398,0.8832,0.5649
yahoo-a1,gru,lwf,12,12,168,B5,,,,,,1.0,2.0,-0.0109682907670547,-0.0867415944621703,0.0109682907670547,0.8305336356825935,0.817161661835408,0.9945205479452056,8,28,28,0.9893,0.9762,0.991,0.9424,0.9681,0.9677,0.9856,0.8942,8.114394561457245e-05,0.0001225876391236,5.572174467767279e-05,6.686589444599426e-05,40.1,73,8,40.1,r-lwf_sl12_st12_sp168_al1.0_te2.0,0.6568,0.6469,0.8699,0.5718,0.6605,0.615,0.8745,0.5718
yahoo-a1,lstm,naive,12,12,336,B1,,,,,,,,-0.1583660913713441,-0.1277808483338272,0.1583660913713442,0.7081847399291099,0.683694856540354,0.8834677033775704,4,6,6,0.8527,0.8252,0.5283,0.6266,0.562,0.8254,0.7208,0.6266,2.5093382911141845e-07,0.0001055577406494,4.798091099494033e-05,5.757682965447505e-05,34.5,54,4,34.6,r-naive_sl12_st12_sp336,,,,,,,,
yahoo-a1,lstm,random-buffer,12,12,336,B1,50.0,,,0.5,,,,-0.1855214383739297,-0.0951258530673254,0.1855214383739297,0.7438875890756765,0.6188030841472157,0.8834677033775704,4,6,6,0.8527,0.8426,0.6508,0.6294,0.4139,0.8372,0.5947,0.6294,0.0001725925703783,0.0002607429990336,0.000118519754517,0.0001422232445166,85.3,108,4,85.3,r-random-buffer_sl12_st12_sp336_bu50_re0.5,,,,,,,,
yahoo-a1,lstm,random-buffer,12,12,336,B1,100.0,,,0.5,,,,-0.2317116645254812,-0.1356019491127296,0.2317116645254812,0.7200374975546521,0.5999910731694941,0.8834677033775704,4,6,6,0.8527,0.8369,0.5624,0.6282,0.3656,0.8307,0.5754,0.6282,4.14158438575379e-07,0.0001742197502892,7.91909669571194e-05,9.50287833320908e-05,57.0,71,4,57.0,r-random-buffer_sl12_st12_sp336_bu100_re0.5,,,,,,,,
yahoo-a1,lstm,random-buffer,12,12,336,B1,500.0,,,0.5,,,,-0.2165408821199877,-0.1239995619325391,0.2165408821199877,0.7165029033955828,0.5948176688549256,0.8834677033775704,4,6,6,0.8527,0.8285,0.5364,0.6485,0.3477,0.8369,0.5462,0.6485,0.0001085005977514,0.0001639165069077,7.450766788097098e-05,8.940883902677645e-05,53.6,64,4,53.7,r-random-buffer_sl12_st12_sp336_bu500_re0.5,,,,,,,,
yahoo-a1,lstm,reservoir,12,12,336,B1,250.0,,,0.5,,,,-0.193456841460244,-0.1186016907815524,0.193456841460244,0.7203093997899552,0.6123374603438038,0.8834677033775704,4,6,6,0.8527,0.8355,0.5545,0.6385,0.404,0.8309,0.576,0.6385,0.0001016334218906,0.000153541969783,6.979192297634048e-05,8.37500468067204e-05,50.3,63,4,50.3,r-reservoir_sl12_st12_sp336_bu250_re0.5,,,,,,,,
yahoo-a1,lstm,reservoir,12,12,336,B1,500.0,,,0.5,,,,-0.2054074890903594,-0.1207905912591266,0.2054074890903594,0.7141969808833369,0.6034734190268352,0.8834677033775704,4,6,6,0.8527,0.8265,0.5347,0.6429,0.3841,0.8267,0.5602,0.6429,9.102497857025288e-05,0.000137515339434,6.25070663776973e-05,7.500827305639783e-05,45.0,54,4,45.0,r-reservoir_sl12_st12_sp336_bu500_re0.5,,,,,,,,
yahoo-a1,lstm,reservoir,12,12,336,B1,1000.0,,,0.5,,,,-0.2119469215573972,-0.1164860119327999,0.2119469215573972,0.7187689348872668,0.5877516706060489,0.8834677033775704,4,6,6,0.8527,0.8232,0.55,0.6492,0.3456,0.8272,0.529,0.6492,8.520914873438194e-05,0.0001287291158443,5.851334334454603e-05,7.0215772499796e-05,42.1,55,4,42.1,r-reservoir_sl12_st12_sp336_bu1000_re0.5,,,,,,,,
yahoo-a1,lstm,reservoir,12,12,336,B1,50.0,,,,,,,-0.2288677897302754,-0.1180638798432966,0.2288677897302754,0.7227366441085017,0.5732777139731648,0.8834677033775704,4,6,6,0.8527,0.8231,0.5667,0.6485,0.2947,0.8293,0.5206,0.6485,2.540972034519321e-07,0.0001068884446417,4.858573547486837e-05,5.8302709166891875e-05,35.0,55,4,35.0,r-reservoir_sl12_st12_sp336_bu50,,,,,,,,
yahoo-a1,lstm,reservoir,12,12,336,B1,50.0,,,0.3,,,,-0.1731191574258574,-0.1075247863138668,0.1731191574258574,0.7289998313883364,0.6436142110375137,0.8834677033775704,4,6,6,0.8527,0.8271,0.5912,0.645,0.4679,0.8245,0.637,0.645,2.95952009277729e-07,0.0001244950732654,5.658877847211745e-05,6.790629479335621e-05,40.7,59,4,40.8,r-reservoir_sl12_st12_sp336_bu50_re0.3,,,,,,,,
yahoo-a1,lstm,ewc,12,12,336,B1,,,,,5000.0,,,-0.1995939298656091,-0.0986699644013591,0.1995939298656091,0.7220267877583735,0.5819917814959066,0.8834677033775704,4,6,6,0.8527,0.8316,0.5577,0.6462,0.3268,0.8277,0.5272,0.6462,7.360049608115394e-05,0.0001111914263545,5.054165989665004e-05,6.064976645788798e-05,36.4,53,4,36.4,r-ewc_sl12_st12_sp336_la5000,,,,,,,,
yahoo-a1,lstm,ewc,12,12,336,B1,,,,,10000.0,,,-0.1544091271041062,-0.0843069663006346,0.1544091271041062,0.7370600994584373,0.6427579086652947,0.8834677033775704,4,6,6,0.8527,0.834,0.6076,0.6539,0.4547,0.8314,0.631,0.6539,7.264275089359131e-05,0.0001097445196194,4.988396406341861e-05,5.98605555559819e-05,35.9,52,4,35.9,r-ewc_sl12_st12_sp336_la10000,,,,,,,,
yahoo-a1,lstm,lwf,12,12,336,B1,,,,,,1.0,2.0,-0.1456749190010765,-0.111336727873798,0.1456749190010765,0.711929407381776,0.6754015723569208,0.8834677033775704,4,6,6,0.8527,0.8292,0.5326,0.6333,0.5328,0.8268,0.7087,0.6333,7.393829224833263e-05,0.0001117017495132,5.0773615278821026e-05,6.09281342344669e-05,36.6,56,4,36.6,r-lwf_sl12_st12_sp336_al1.0_te2.0,,,,,,,,
yahoo-a1,lstm,lwf,12,12,336,B1,,,,,,0.5,2.0,-0.1490005548149774,-0.1188892507833773,0.1490005548149774,0.710153491848553,0.6823174349474956,0.8834677033775704,4,6,6,0.8527,0.8275,0.5276,0.6329,0.5504,0.8282,0.7178,0.6329,2.655147233610974e-07,0.000111691334749,5.0768867941547395e-05,6.0922466807533055e-05,36.6,56,4,36.6,r-lwf_sl12_st12_sp336_al0.5_te2.0,,,,,,,,
yahoo-a1,lstm,lwf,12,12,336,B1,,,,,,1.0,1.0,-0.1779312366378383,-0.0703690259880742,0.1779312366378383,0.7481857147657369,0.5922714219175169,0.8834677033775704,4,6,6,0.8527,0.8402,0.6593,0.6406,0.3606,0.8269,0.541,0.6406,7.39395461167923e-05,0.0001117036437861,5.077450538261069e-05,6.09291384035411e-05,36.6,56,4,36.6,r-lwf_sl12_st12_sp336_al1.0_te1.0,,,,,,,,
yahoo-a1,lstm,lwf,12,12,336,B1,,,,,,1.0,5.0,-0.1573932811619079,-0.1244119408880857,0.1573932811619079,0.7081120306766815,0.6805147608579653,0.8834677033775704,4,6,6,0.8527,0.825,0.5281,0.6266,0.5509,0.8254,0.7192,0.6266,7.203545899285879e-05,0.0001088270576965,4.946693547535688e-05,5.936012222121159e-05,35.6,54,4,35.6,r-lwf_sl12_st12_sp336_al1.0_te5.0,,,,,,,,
yahoo-a1,lstm,cumulative,12,6,336,B3,,,,,,,,-0.1256914648399193,-0.0901410948484231,0.1256914648399193,0.6784509734230115,0.6604252463154243,0.8255679724917107,4,6,6,0.7144,0.8187,0.5328,0.6478,0.5101,0.8256,0.6582,0.6478,0.0003075089597565,0.0004645669753968,0.0002111671334507,0.000253399841946,152.0,75,4,152.0,r-cumulative_sl12_st6_sp336,,,,,,,,
yahoo-a1,lstm,ewc,12,6,336,B3,,,,,1000.0,,,-0.1794861231000469,-0.0863688315324487,0.1794861231000469,0.6739577235452014,0.5688682575216597,0.8199762577264726,4,6,6,0.7144,0.82,0.5347,0.6267,0.2985,0.8156,0.5346,0.6267,0.00012697041851,0.0001918196573484,8.719087193215576e-05,0.0001046287854163,62.8,55,4,62.8,r-ewc_sl12_st6_sp336_la1000.0,,,,,,,,
yahoo-a1,lstm,naive,12,12,168,B5,,,,,,,,0.0019437332043177,-0.1394080125216253,-0.0019437332043177,0.8074765351483352,0.8158553871902279,0.9918306351183064,8,28,28,0.9764,0.9711,0.9856,0.8758,0.9415,0.9625,0.9792,0.864,2.84964831074704e-07,0.0001198732105563,5.44879111118563e-05,6.538529944450905e-05,39.2,80,8,39.2,r-naive_sl12_st12_sp168,0.5997,0.6351,0.8806,0.5356,0.7426,0.6168,0.8846,0.5356
yahoo-a1,lstm,experts,12,12,168,B5,,,,,,,,-0.006928855433901,-0.1114321974356636,0.006928855433901,0.822371206839744,0.8096496000506757,0.992079701120797,8,28,28,0.9764,0.9721,0.9848,0.9318,0.9481,0.9693,0.98,0.8404,0.0001218721784919,0.0001841175274757,8.36899091424938e-05,0.0001004276183332,60.3,191,8,60.3,r-experts_sl12_st12_sp168,0.6481,0.6465,0.8665,0.5527,0.6281,0.6633,0.8953,0.5527
yahoo-a1,lstm,random-buffer,12,12,168,B5,50.0,,,0.5,,,,-0.0069544169559726,-0.1208029523166625,0.0069544169559726,0.8222583113845491,0.8174770865240218,0.9899377334993772,8,28,28,0.9764,0.9769,0.9815,0.8843,0.9578,0.9743,0.9825,0.8923,0.0001180419561363,0.0001783310462746,8.10597050922095e-05,9.727134118244673e-05,58.4,101,8,58.4,r-random-buffer_sl12_st12_sp168_bu50_re0.5,0.6529,0.642,0.9118,0.5521,0.627,0.6415,0.9122,0.5521
yahoo-a1,lstm,reservoir,12,12,168,B5,50.0,,,0.5,,,,-0.0120067324231616,-0.1157081373926601,0.0120067324231616,0.8259155093807115,0.8154408817971774,0.9899377334993772,8,28,28,0.9764,0.976,0.9828,0.877,0.9585,0.968,0.9806,0.8528,0.0001039707033877,0.000157073001193,7.139690931782954e-05,8.567609187526008e-05,51.4,83,8,51.4,r-reservoir_sl12_st12_sp168_bu50_re0.5,0.6976,0.6339,0.8884,0.5751,0.6556,0.6449,0.8881,0.5751
yahoo-a1,tcn,naive,12,12,336,B1,,,,,,,,-0.2630383906874379,-0.1187760401046545,0.2630383906874379,0.7053127053653442,0.5225030459421303,0.879670337167574,4,6,6,0.7988,0.8396,0.5807,0.6022,0.2595,0.7815,0.4468,0.6022,1.5699650426323603e-05,2.3718135299600868e-05,1.0780996064163952e-05,1.2937139235436916e-05,7.8,32,4,7.8,r-naive_sl12_st12_sp336,,,,,,,,
yahoo-a1,tcn,cumulative,12,12,336,B1,,,,,,,,-0.2462653434054823,-0.1297393066741615,0.2462653434054823,0.6868951451995401,0.5172267064090302,0.879670337167574,4,6,6,0.7988,0.8297,0.525,0.5941,0.2499,0.7811,0.4439,0.5941,1.6539819130080817e-07,6.957634784850396e-05,3.162566805517094e-05,3.7950679793333015e-05,22.8,70,4,22.8,r-cumulative_sl12_st12_sp336,,,,,,,,
yahoo-a1,tcn,experts,12,12,336,B1,,,,,,,,-0.2510994544268827,-0.1379441182502157,0.2510994544268827,0.6815282474448443,0.5572821366121623,0.879670337167574,4,6,6,0.7988,0.8286,0.4767,0.622,0.2949,0.8229,0.4894,0.622,2.567653249001991e-05,3.879063896873655e-05,1.7632149941831205e-05,2.115848902690535e-05,12.7,83,4,12.7,r-experts_sl12_st12_sp336,,,,,,,,
yahoo-a1,tcn,random-buffer,12,12,336,B1,50.0,,,0.5,,,,-0.2260746074135378,-0.0949834615120943,0.2260746074135378,0.7149204621503185,0.5333000969239535,0.879670337167574,4,6,6,0.7988,0.8509,0.6125,0.5975,0.2807,0.7977,0.4573,0.5975,3.203019214940169e-05,4.838938514184621e-05,2.1995239237892543e-05,2.6394145903953655e-05,15.8,69,4,15.8,r-random-buffer_sl12_st12_sp336_bu50_re0.5,,,,,,,,
yahoo-a1,tcn,random-buffer,12,12,336,B1,100.0,,,0.5,,,,-0.2343085139647123,-0.1208126841221617,0.2343085139647123,0.6907098085507004,0.5423776779323628,0.879670337167574,4,6,6,0.7988,0.8514,0.509,0.6036,0.2824,0.8076,0.476,0.6036,3.1706242529108387e-05,4.789998055539197e-05,2.177279722204225e-05,2.6127183333349725e-05,15.7,64,4,15.7,r-random-buffer_sl12_st12_sp336_bu100_re0.5,,,,,,,,
yahoo-a1,tcn,random-buffer,12,12,336,B1,250.0,,,0.5,,,,-0.1977592929201684,-0.1015844012900387,0.1977592929201684,0.6929879735187844,0.5710869849046458,0.879670337167574,4,6,6,0.7988,0.8473,0.5117,0.6142,0.3298,0.8104,0.53,0.6142,2.404933409201231e-05,3.6332360553917374e-05,1.651472986106657e-05,1.98176306928508e-05,11.9,43,4,11.9,r-random-buffer_sl12_st12_sp336_bu250_re0.5,,,,,,,,
yahoo-a1,tcn,random-buffer,12,12,336,B1,500.0,,,0.5,,,,-0.2022636724019439,-0.1041424564272801,0.2022636724019439,0.6950469301299895,0.5539859842644417,0.879670337167574,4,6,6,0.7988,0.8396,0.5419,0.5999,0.3093,0.7984,0.5083,0.5999,2.5267698394157858e-05,3.817299576411541e-05,1.7351391666387725e-05,2.082160409772769e-05,12.5,44,4,12.5,r-random-buffer_sl12_st12_sp336_bu500_re0.5,,,,,,,,
yahoo-a1,tcn,random-buffer,12,12,336,B1,50.0,,,,,,,-0.2691505584604742,-0.1440234570300761,0.2691505584604742,0.6732548683509005,0.5256640619875647,0.879670337167574,4,6,6,0.7988,0.8281,0.4646,0.6015,0.2563,0.7868,0.458,0.6015,2.007452449621416e-05,3.032744520718956e-05,1.3785229166064203e-05,1.6542216041125356e-05,9.9,48,4,9.9,r-random-buffer_sl12_st12_sp336_bu50,,,,,,,,
yahoo-a1,tcn,reservoir,12,12,336,B1,50.0,,,,,,,-0.2748679334374956,-0.1472973843332762,0.2748679334374956,0.6736833999155742,0.5178711122461572,0.879670337167574,4,6,6,0.7988,0.8276,0.4656,0.6027,0.2444,0.7798,0.4445,0.6027,1.8327261579360863e-05,2.7687780173857593e-05,1.258538871512024e-05,1.5102391458737354e-05,9.1,41,4,9.1,r-reservoir_sl12_st12_sp336_bu50,,,,,,,,
yahoo-a1,tcn,reservoir,12,12,336,B1,50.0,,,0.3,,,,-0.2265845358643348,-0.1281818561843586,0.2265845358643348,0.6916730962968289,0.5671656417370208,0.879670337167574,4,6,6,0.7988,0.8308,0.513,0.6241,0.3084,0.8181,0.518,0.6241,8.858415152738959e-08,3.7263779561682086e-05,1.693811088011393e-05,2.032566868156815e-05,12.2,55,4,12.2,r-reservoir_sl12_st12_sp336_bu50_re0.3,,,,,,,,
yahoo-a1,tcn,ewc,12,12,336,B1,,,,,5000.0,,,-0.1906287355279424,-0.0312057695003233,0.1906287355279424,0.7833795530287028,0.5551043681822024,0.879670337167574,4,6,6,0.7988,0.842,0.802,0.6907,0.2473,0.8101,0.4724,0.6907,1.9042434752645574e-05,2.8768222962454373e-05,1.3076498032185352e-05,1.569172493026902e-05,9.4,34,4,9.4,r-ewc_sl12_st12_sp336_la5000,,,,,,,,
yahoo-a1,tcn,lwf,12,12,336,B1,,,,,,2.0,2.0,-0.2346270583606404,-0.1101642496262286,0.2346270583606404,0.6951900457727254,0.5168304899141001,0.879670337167574,4,6,6,0.7988,0.8587,0.545,0.5782,0.2564,0.7911,0.4416,0.5782,1.7921107830303023e-05,2.707418628412092e-05,1.230648906267662e-05,1.4767697221444298e-05,8.9,36,4,8.9,r-lwf_sl12_st12_sp336_al2.0_te2.0,,,,,,,,
yahoo-a1,tcn,lwf,12,12,336,B1,,,,,,1.0,1.0,-0.1750760234567352,-0.0932824435888855,0.1750760234567352,0.6959722996498785,0.5859365345385208,0.879670337167574,4,6,6,0.7988,0.8558,0.5211,0.6082,0.3652,0.8318,0.5386,0.6082,1.975294486397187e-05,2.9841621063339213e-05,1.3564413425046953e-05,1.627720763829226e-05,9.8,41,4,9.8,r-lwf_sl12_st12_sp336_al1.0_te1.0,,,,,,,,
yahoo-a1,tcn,experts,12,6,336,B3,,,,,,,,-0.2025944679080873,-0.1131612237665149,0.2025944679080873,0.658566957743013,0.5223775433749249,0.8447664660853902,4,6,6,0.6841,0.8419,0.4902,0.618,0.2471,0.7822,0.4422,0.618,1.4342075978543448e-07,6.033132885582745e-05,2.7423382465106747e-05,3.29079463907207e-05,19.7,82,4,19.8,r-experts_sl12_st6_sp336,,,,,,,,
yahoo-a1,tcn,ewc,12,6,336,B3,,,,,1000.0,,,-0.1759453486735642,-0.0908053856404306,0.1759453486735642,0.6764606039257774,0.5479361548512016,0.8447664660853902,4,6,6,0.6841,0.8309,0.562,0.6288,0.2731,0.7867,0.5032,0.6288,3.132920863642545e-05,4.733037928171042e-05,2.151386747654114e-05,2.5816511805169285e-05,15.5,42,4,15.5,r-ewc_sl12_st6_sp336_la1000.0,,,,,,,,
yahoo-a1,tcn,lwf,12,6,336,B3,,,,,,1.0,2.0,-0.2021939870716489,-0.1244458570135514,0.2021939870716489,0.6419481458597501,0.5395972187190008,0.8447664660853902,4,6,6,0.6841,0.8169,0.4548,0.612,0.2744,0.8067,0.4654,0.612,1.18766192452891e-07,4.99601468054526e-05,2.270921527783179e-05,2.72509315276208e-05,16.4,52,4,16.4,r-lwf_sl12_st6_sp336_al1.0_te2.0,,,,,,,,
yahoo-a1,tcn,experts,12,12,168,B5,,,,,,,,0.0174749176180063,-0.1035178831536754,-0.0174749176180063,0.7923225115165058,0.8231149535157041,0.9910834371108344,8,28,28,0.9823,0.9726,0.9879,0.8962,0.9764,0.974,0.9869,0.9244,3.443313056088203e-05,5.201960726861014e-05,2.364533344969257e-05,2.8374273818917572e-05,17.0,153,8,17.0,r-experts_sl12_st12_sp168,0.5179,0.6057,0.7936,0.5823,0.6709,0.6478,0.8223,0.5823
yahoo-a1,tcn,reservoir,12,12,168,B5,50.0,,,0.5,,,,-0.0118961022454506,-0.0565040192433618,0.0118961022454506,0.8204520392539215,0.8066382587099822,0.9888916562889164,8,28,28,0.9823,0.9797,0.9879,0.8999,0.9719,0.9752,0.9867,0.8666,1.242248560017703e-07,5.225638638871411e-05,2.3752949305344374e-05,2.8503437083369743e-05,17.1,84,8,17.1,r-reservoir_sl12_st12_sp168_bu50_re0.5,0.7187,0.6173,0.8052,0.5727,0.6557,0.6149,0.8096,0.5727
yahoo-a1,tcn,lwf,12,12,168,B5,,,,,,1.0,2.0,0.0012106916042922,-0.0822672035826075,-0.0012106916042922,0.789707049776877,0.7831862250806365,0.9891905354919052,8,28,28,0.9823,0.971,0.9882,0.9303,0.9639,0.9738,0.984,0.8283,9.68208000924048e-08,4.072860539295814e-05,1.851303414312295e-05,2.2215571249835195e-05,13.3,65,8,13.3,r-lwf_sl12_st12_sp168_al1.0_te2.0,0.5388,0.5912,0.7357,0.5802,0.581,0.576,0.7784,0.5802
yahoo-a1,vgru,naive,12,12,336,B1,,,,,,,,-0.0376297524581962,-0.0310117625486466,0.0376297524581962,0.8873309019605937,0.8540492812597874,0.9840241527633574,4,6,6,0.984,0.9121,0.9305,0.7227,0.887,0.8868,0.9197,0.7227,6.609017854281074e-05,9.984526751149033e-05,4.538430306646559e-05,5.4460964445024735e-05,32.7,45,4,32.7,r-naive_sl12_st12_sp336,,,,,,,,
yahoo-a1,vgru,experts,12,12,336,B1,,,,,,,,-0.0418191927833056,-0.0306595956476378,0.0418191927833056,0.887263700579426,0.8487829699449518,0.9840241527633574,4,6,6,0.984,0.9143,0.9313,0.7194,0.8746,0.8867,0.9145,0.7194,7.609000467162023e-05,0.0001149524337639,5.2251164873208224e-05,6.270126889071739e-05,37.6,56,4,37.6,r-experts_sl12_st12_sp336,,,,,,,,
yahoo-a1,vgru,random-buffer,12,12,336,B1,50.0,,,0.5,,,,-0.0281839832678825,-0.024695308411594,0.0281839832678825,0.8918651990843675,0.8628255946798109,0.9840241527633574,4,6,6,0.984,0.9127,0.9419,0.7288,0.9038,0.8911,0.9276,0.7288,8.678653606027587e-05,0.0001311121425359,5.959651822858076e-05,7.151562430740644e-05,42.9,41,4,42.9,r-random-buffer_sl12_st12_sp336_bu50_re0.5,,,,,,,,
yahoo-a1,vgru,random-buffer,12,12,336,B1,100.0,,,0.5,,,,-0.0301015100366284,-0.0211870073857112,0.0301015100366284,0.893694290804685,0.8615387643583867,0.9840241527633574,4,6,6,0.984,0.9169,0.9429,0.7309,0.8978,0.8895,0.9279,0.7309,8.736941184508409e-05,0.0001319927179852,5.999678993054355e-05,7.199592805467547e-05,43.2,41,4,43.2,r-random-buffer_sl12_st12_sp336_bu100_re0.5,,,,,,,,
yahoo-a1,vgru,random-buffer,12,12,336,B1,250.0,,,0.5,,,,-0.0303732160635861,-0.0231082958914849,0.0303732160635861,0.892255692703664,0.8594532250214153,0.9840241527633574,4,6,6,0.984,0.9168,0.9415,0.7267,0.8966,0.8899,0.9246,0.7267,2.602060446602043e-07,0.0001094581877418,4.9753790103649305e-05,5.970439763817315e-05,35.8,33,4,35.8,r-random-buffer_sl12_st12_sp336_bu250_re0.5,,,,,,,,
yahoo-a1,vgru,random-buffer,12,12,336,B1,500.0,,,0.5,,,,-0.0221591025668894,-0.0194152612881055,0.0221591025668894,0.8962385520129805,0.8741163803817038,0.9840241527633574,4,6,6,0.984,0.9172,0.9426,0.7412,0.9218,0.8996,0.9339,0.7412,7.80662033903405e-05,0.0001179379619328,5.3608254919527096e-05,6.43297070132879e-05,38.6,34,4,38.6,r-random-buffer_sl12_st12_sp336_bu500_re0.5,,,,,,,,
yahoo-a1,vgru,random-buffer,12,12,336,B1,50.0,,,0.3,,,,-0.0308927777984418,-0.0248845645749025,0.0308927777984418,0.8917630261589615,0.8605925322606632,0.9840241527633574,4,6,6,0.984,0.9145,0.9396,0.7289,0.8982,0.8901,0.9251,0.7289,2.8748427039212565e-07,0.0001209330370572,5.496965879574419e-05,6.596337826146434e-05,39.6,47,4,39.6,r-random-buffer_sl12_st12_sp336_bu50_re0.3,,,,,,,,
yahoo-a1,vgru,reservoir,12,12,336,B1,50.0,,,0.5,,,,-0.0201793767089379,-0.0204804373271306,0.0201793767089379,0.896841504083753,0.8777233635690367,0.9840241527633574,4,6,6,0.984,0.9152,0.942,0.7461,0.9289,0.901,0.9348,0.7461,2.852581890618364e-07,0.0001199966144291,5.454400561219599e-05,6.545260881694655e-05,39.3,37,4,39.3,r-reservoir_sl12_st12_sp336_bu50_re0.5,,,,,,,,
yahoo-a1,vgru,reservoir,12,12,336,B1,1000.0,,,0.5,,,,-0.0193669046894531,-0.0177174824909027,0.0193669046894531,0.8968820373984492,0.8768505246110696,0.9840241527633574,4,6,6,0.984,0.9163,0.9444,0.7428,0.9274,0.9004,0.9367,0.7428,8.937644548701493e-05,0.0001350248297951,6.137500625142517e-05,7.364982354377086e-05,44.2,46,4,44.2,r-reservoir_sl12_st12_sp336_bu1000_re0.5,,,,,,,,
yahoo-a1,vgru,reservoir,12,12,336,B1,50.0,,,,,,,-0.03521719794684,-0.0279325196030437,0.03521719794684,0.8900870562284013,0.8598213936150285,0.9840241527633574,4,6,6,0.984,0.9158,0.932,0.7285,0.8959,0.8908,0.9242,0.7285,6.861822028015172e-05,0.0001036644885986,4.712029207213264e-05,5.654419652651995e-05,33.9,47,4,33.9,r-reservoir_sl12_st12_sp336_bu50,,,,,,,,
yahoo-a1,vgru,reservoir,12,12,336,B1,50.0,,,0.3,,,,-0.0272802957185157,-0.0207006858867021,0.0272802957185157,0.8957882492121565,0.8692079882149286,0.9840241527633574,4,6,6,0.984,0.9147,0.9422,0.7422,0.91,0.8947,0.9299,0.7422,2.869292545881977e-07,0.0001206995642947,5.486351464189486e-05,6.583604965281362e-05,39.5,47,4,39.5,r-reservoir_sl12_st12_sp336_bu50_re0.3,,,,,,,,
yahoo-a1,vgru,ewc,12,12,336,B1,,,,,1000.0,,,-0.0368369314595251,-0.0301178398266557,0.0368369314595251,0.8880924195632733,0.8557399152999006,0.9840241527633574,4,6,6,0.984,0.9121,0.9314,0.7247,0.8902,0.887,0.921,0.7247,7.28182618349326e-05,0.0001100096715266,5.000448888879166e-05,6.000518263783305e-05,36.0,45,4,36.0,r-ewc_sl12_st12_sp336_la1000.0,,,,,,,,
yahoo-a1,vgru,ewc,12,12,336,B1,,,,,500.0,,,-0.0373174546767335,-0.0303030635439183,0.0373174546767335,0.8879482602974063,0.8550851311884216,0.9840241527633574,4,6,6,0.984,0.9121,0.9312,0.7245,0.8883,0.887,0.9206,0.7245,7.270026684489692e-05,0.000109831411434,4.992347858755643e-05,5.990793284649651e-05,35.9,45,4,36.0,r-ewc_sl12_st12_sp336_la500,,,,,,,,
yahoo-a1,vgru,ewc,12,12,336,B1,,,,,10000.0,,,-0.0325483299307676,-0.0280109888661627,0.0325483299307676,0.8904425868236145,0.8627866449066297,0.9840241527633574,4,6,6,0.984,0.9125,0.9356,0.7297,0.9058,0.8883,0.9273,0.7297,6.888269488900835e-05,0.0001040640417342,4.730190972137886e-05,5.676213201290618e-05,34.1,41,4,34.1,r-ewc_sl12_st12_sp336_la10000,,,,,,,,
yahoo-a1,vgru,lwf,12,12,336,B1,,,,,,0.5,2.0,-0.0342453531596289,-0.0263436027737213,0.0342453531596289,0.8907093107321258,0.8602017313046357,0.9840241527633574,4,6,6,0.984,0.9168,0.9333,0.7287,0.897,0.8911,0.924,0.7287,6.238002692926137e-05,9.424018233044384e-05,4.283651614678093e-05,5.140366618366291e-05,30.8,37,4,30.9,r-lwf_sl12_st12_sp336_al0.5_te2.0,,,,,,,,
yahoo-a1,vgru,lwf,12,12,336,B1,,,,,,2.0,2.0,-0.0262843368974153,-0.021890317547593,0.0262843368974153,0.8941875888664413,0.8689944148327278,0.9840241527633574,4,6,6,0.984,0.9174,0.9395,0.7358,0.9148,0.8956,0.9298,0.7358,2.1468427039758633e-07,9.030901340159797e-05,4.104961527757243e-05,4.925939812402551e-05,29.6,35,4,29.6,r-lwf_sl12_st12_sp336_al2.0_te2.0,,,,,,,,
yahoo-a1,vgru,cumulative,12,6,336,B3,,,,,,,,-0.0092094341278901,-0.012122339306171,0.0092094341278901,0.90257456206843,0.8942482425951408,0.9844547685918384,4,6,6,0.9845,0.9174,0.9468,0.7616,0.96,0.9089,0.9465,0.7616,8.739374206636421e-07,0.0003676302231584,0.0001671048473954,0.0002005253757629,120.3,49,4,120.3,r-cumulative_sl12_st6_sp336,,,,,,,,
yahoo-a1,vgru,random-buffer,12,6,336,B3,50.0,,,0.5,,,,-0.0291866046855311,-0.0203938586463826,0.0291866046855311,0.8946315488931522,0.8635790594860172,0.9844547685918384,4,6,6,0.9845,0.9178,0.9428,0.7335,0.9011,0.8929,0.9267,0.7335,0.0001545182990333,0.0002334374220582,0.000106108108796,0.0001273293132622,76.4,42,4,76.4,r-random-buffer_sl12_st6_sp336_bu50_re0.5,,,,,,,,
yahoo-a1,vgru,reservoir,12,6,336,B3,50.0,,,0.5,,,,-0.0159640261197854,-0.0176804430524184,0.0159640261197854,0.8996172915635998,0.8864684952128388,0.9844547685918384,4,6,6,0.9845,0.9158,0.9435,0.7548,0.9438,0.9043,0.943,0.7548,0.0001502339369255,0.000226964852454,0.0001031659592583,0.0001237988931957,74.3,41,4,74.3,r-reservoir_sl12_st6_sp336_bu50_re0.5,,,,,,,,
yahoo-a1,vgru,ewc,12,6,336,B3,,,,,1000.0,,,-0.0358843088309423,-0.0288902634726982,0.0358843088309423,0.8894181009075042,0.8578018860848546,0.9844547685918384,4,6,6,0.9845,0.9134,0.9345,0.7253,0.8924,0.8898,0.9237,0.7253,0.0001072903322541,0.0001620881069094,7.367655538255348e-05,8.841155152690286e-05,53.0,38,4,53.1,r-ewc_sl12_st6_sp336_la1000.0,,,,,,,,
yahoo-a1,vgru,naive,12,12,168,B5,,,,,,,,0.0009596847268375,-0.0024990177065197,-0.0009596847268375,0.955503750110577,0.9579404838289368,0.9999003735990036,8,28,28,0.9641,0.9916,0.9999,0.9926,0.986,0.969,0.9999,0.9928,7.824933810638382e-05,0.0001182146314034,5.373400897175694e-05,6.4480622431729e-05,38.7,67,8,38.7,r-naive_sl12_st12_sp168,0.9717,0.9097,0.9578,0.8567,0.9706,0.9208,0.9676,0.8567
yahoo-a1,vgru,experts,12,12,168,B5,,,,,,,,0.0015249533094655,-8.628795753675065e-05,-0.0015249533094655,0.9586508818189852,0.9613785229604042,0.999950186799502,8,28,28,0.9641,0.9909,0.9997,0.9926,0.9847,0.9802,1.0,0.9927,9.598148818785336e-05,0.0001450033511115,6.591072048629737e-05,7.909263062523678e-05,47.5,109,8,47.5,r-experts_sl12_st12_sp168,0.9701,0.9249,0.9628,0.864,0.9688,0.9289,0.9718,0.864
yahoo-a1,vgru,random-buffer,12,12,168,B5,50.0,,,0.5,,,,0.0029207146979957,0.0025951800675778,-0.0029207146979957,0.9599492291608376,0.9610070731850564,0.9997509339975094,8,28,28,0.9641,0.9924,0.9997,0.9919,0.9856,0.9782,0.9995,0.9937,0.0001031886544801,0.0001558915263642,7.085990462866094e-05,8.503162173554302e-05,51.0,69,8,51.0,r-random-buffer_sl12_st12_sp168_bu50_re0.5,0.9665,0.9342,0.9683,0.8625,0.9705,0.9278,0.9701,0.8625
yahoo-a1,vgru,ewc,12,12,168,B5,,,,,1000.0,,,0.0006798733223073,-0.002094931525377,-0.0006798733223073,0.9552831704050704,0.9559800244673786,0.9998007471980076,8,28,28,0.9641,0.9917,0.9997,0.9926,0.9858,0.9623,0.9995,0.9936,2.914172639863368e-07,0.0001225874888274,5.5721702023745624e-05,6.686578680373107e-05,40.1,59,8,40.1,r-ewc_sl12_st12_sp168_la1000.0,0.9708,0.9145,0.9583,0.8506,0.971,0.9192,0.9658,0.8506
yahoo-a1,vlstm,naive,12,12,336,B1,,,,,,,,-0.0430943905243129,-0.0336526377405465,0.0430943905243129,0.8855701110048068,0.8508100741900091,0.9843925685277244,4,6,6,0.9844,0.9127,0.9258,0.7194,0.8802,0.8854,0.9183,0.7194,4.980908304874524e-05,7.524871820829706e-05,3.420400272136451e-05,4.1044715486932554e-05,24.6,26,4,24.6,r-naive_sl12_st12_sp336,,,,,,,,
yahoo-a1,vlstm,random-buffer,12,12,336,B1,50.0,,,0.5,,,,-0.0268292104760431,-0.0225952029218905,0.0268292104760431,0.8931884236235769,0.8647249378586201,0.9843925685277244,4,6,6,0.9844,0.9158,0.9424,0.7301,0.9068,0.8934,0.9286,0.7301,7.393640814994401e-05,0.000111698903125,5.077229062509206e-05,6.09266124999461e-05,36.6,31,4,36.6,r-random-buffer_sl12_st12_sp336_bu50_re0.5,,,,,,,,
yahoo-a1,vlstm,random-buffer,12,12,336,B1,100.0,,,0.5,,,,-0.0283417344218868,-0.0200936756203351,0.0283417344218868,0.8936204148822395,0.8614056017315096,0.9843925685277244,4,6,6,0.9844,0.9174,0.9431,0.7296,0.8981,0.891,0.9269,0.7296,6.962598380986399e-05,0.0001051869601886,4.781234525596827e-05,5.737461493272956e-05,34.4,28,4,34.4,r-random-buffer_sl12_st12_sp336_bu100_re0.5,,,,,,,,
yahoo-a1,vlstm,reservoir,12,12,336,B1,50.0,,,0.5,,,,-0.0221232239874609,-0.0193738918168476,0.0221232239874609,0.8969889881460983,0.8767650963465289,0.9843925685277244,4,6,6,0.9844,0.9174,0.9415,0.7446,0.9251,0.9023,0.935,0.7446,6.847796197831038e-05,0.000103452594366,4.7024010822254546e-05,5.642858354374766e-05,33.9,28,4,33.9,r-reservoir_sl12_st12_sp336_bu50_re0.5,,,,,,,,
yahoo-a1,vlstm,reservoir,12,12,336,B1,250.0,,,0.5,,,,-0.0202395333248354,-0.0197045120830432,0.0202395333248354,0.8964075681284438,0.8769901655601203,0.9843925685277244,4,6,6,0.9844,0.9152,0.9424,0.7437,0.929,0.8998,0.9355,0.7437,6.712754066489321e-05,0.0001014124549645,4.609664149271945e-05,5.53158134718736e-05,33.2,27,4,33.2,r-reservoir_sl12_st12_sp336_bu250_re0.5,,,,,,,,
yahoo-a1,vlstm,reservoir,12,12,336,B1,500.0,,,0.5,,,,-0.0152835804303635,-0.0167278138776592,0.0152835804303635,0.8986714155127573,0.8837822443069552,0.9843925685277244,4,6,6,0.9844,0.9164,0.9455,0.7484,0.9406,0.905,0.9411,0.7484,7.086051293952334e-05,0.0001070520162971,4.866006643601901e-05,5.83919498611552e-05,35.0,27,4,35.0,r-reservoir_sl12_st12_sp336_bu500_re0.5,,,,,,,,
yahoo-a1,vlstm,lwf,12,12,336,B1,,,,,,0.1,2.0,-0.0389293170238873,-0.0299141756177144,0.0389293170238873,0.8879732430553223,0.8535674074386627,0.9843925685277244,4,6,6,0.9844,0.9146,0.9305,0.7224,0.8833,0.8878,0.9208,0.7224,1.8731855864289893e-07,7.879736224512777e-05,3.581704363395046e-05,4.29803186111773e-05,25.8,27,4,25.8,r-lwf_sl12_st12_sp336_al0.1_te2.0,,,,,,,,
yahoo-a1,vlstm,lwf,12,12,336,B1,,,,,,0.5,2.0,-0.036786732449812,-0.0280422388425127,0.036786732449812,0.8893537489031593,0.8556066712329412,0.9843925685277244,4,6,6,0.9844,0.9152,0.9338,0.7241,0.8872,0.8887,0.9225,0.7241,5.237484597937303e-05,7.912492632012194e-05,3.59659381948101e-05,4.3158988125311835e-05,25.9,27,4,25.9,r-lwf_sl12_st12_sp336_al0.5_te2.0,,,,,,,,
yahoo-a1,vlstm,lwf,12,12,336,B1,,,,,,2.0,2.0,-0.0282397026666387,-0.022739646509416,0.0282397026666387,0.8933701144781083,0.8646985175485516,0.9843925685277244,4,6,6,0.9844,0.9159,0.9411,0.7321,0.905,0.8936,0.9281,0.7321,5.079753335039777e-05,7.674201247631573e-05,3.488281400447401e-05,4.185919847184171e-05,25.1,25,4,25.2,r-lwf_sl12_st12_sp336_al2.0_te2.0,,,,,,,,
yahoo-a1,vlstm,lwf,12,12,336,B1,,,,,,1.0,1.0,-0.0190564949675196,-0.0177462755752335,0.0190564949675196,0.8970476567161074,0.8767748708002583,0.9843925685277244,4,6,6,0.9844,0.9166,0.9448,0.7424,0.9276,0.9005,0.9366,0.7424,1.772806065398955e-07,7.457480066986237e-05,3.3897686226474534e-05,4.0677114443387835e-05,24.4,24,4,24.4,r-lwf_sl12_st12_sp336_al1.0_te1.0,,,,,,,,
yahoo-a1,vlstm,experts,12,6,336,B3,,,,,,,,-0.0389561700034887,-0.0312526393502777,0.0389561700034887,0.8888920547168468,0.853743515222906,0.9854930312005092,4,6,6,0.9855,0.9142,0.933,0.7229,0.8845,0.8876,0.92,0.7229,0.0001130591195765,0.0001708032613563,7.763799427128914e-05,9.316526708503564e-05,55.9,51,4,55.9,r-experts_sl12_st6_sp336,,,,,,,,
yahoo-a1,vlstm,lwf,12,6,336,B3,,,,,,1.0,2.0,-0.0337974057072559,-0.0267231534538484,0.0337974057072559,0.8920171096278532,0.8590436232528503,0.9854930312005092,4,6,6,0.9855,0.9155,0.9392,0.7279,0.8928,0.8904,0.9251,0.7279,3.435620726851138e-07,0.000144522706619,6.569226689753124e-05,7.883043972154458e-05,47.3,35,4,47.3,r-lwf_sl12_st6_sp336_al1.0_te2.0,,,,,,,,
yahoo-a1,vlstm,experts,12,12,168,B5,,,,,,,,-0.0001599229436111,-0.003346037225574,0.0001599229436111,0.9561790931495888,0.9589659493722208,0.9999003735990036,8,28,28,0.9685,0.9905,0.9998,0.993,0.9858,0.973,0.9998,0.9925,7.696165328804611e-05,0.0001162692707161,5.2849771064292224e-05,6.341949965183934e-05,38.1,64,8,38.1,r-experts_sl12_st12_sp168,0.9729,0.915,0.9527,0.857,0.9707,0.9241,0.9688,0.857
yahoo-a1,vlstm,reservoir,12,12,168,B5,50.0,,,0.5,,,,0.0012238945302068,0.0002411437277812,-0.0012238945302068,0.9583467632882507,0.9592343777982812,0.9998505603985056,8,28,28,0.9685,0.9922,0.9999,0.9919,0.9856,0.9749,0.9995,0.9923,3.551515151899463e-07,0.000149397917628,6.790827714204271e-05,8.1489640485961e-05,48.9,62,8,49.0,r-reservoir_sl12_st12_sp168_bu50_re0.5,0.9683,0.9236,0.963,0.8594,0.9709,0.9227,0.9685,0.8594
yahoo-a1,vlstm,lwf,12,12,168,B5,,,,,,1.0,2.0,0.000221059843892,-0.0017250482105786,-0.000221059843892,0.9563356546653838,0.9574094702694672,1.0,8,28,28,0.9685,0.9917,1.0,0.9918,0.9853,0.9676,0.9999,0.9925,2.7338511917918973e-07,0.0001150020928222,5.227374594736223e-05,6.272834687493742e-05,37.6,52,8,37.6,r-lwf_sl12_st12_sp168_al1.0_te2.0,0.9713,0.9138,0.9578,0.8557,0.9721,0.9197,0.9664,0.8557
yahoo-a1,vtcn,naive,12,12,336,B1,,,,,,,,-0.0487786192124387,-0.0378681377997933,0.0487786192124387,0.8867903988099227,0.8462984008085265,0.9890049425127868,4,6,6,0.989,0.9127,0.9281,0.7174,0.87,0.8836,0.9143,0.7174,2.2766801890531985e-05,3.4394784145859176e-05,1.5634020255593995e-05,1.8760763890265177e-05,11.3,46,4,11.3,r-naive_sl12_st12_sp336,,,,,,,,
yahoo-a1,vtcn,cumulative,12,12,336,B1,,,,,,,,-0.0131732263942822,-0.0183150688067672,0.0131732263942822,0.9041914465556488,0.8977053659785215,0.9890049425127868,4,6,6,0.989,0.9157,0.9437,0.7684,0.965,0.9115,0.9459,0.7684,4.523442502438447e-05,6.833758611141497e-05,3.106259444482728e-05,3.727499166658769e-05,22.4,58,4,22.4,r-cumulative_sl12_st12_sp336,,,,,,,,
yahoo-a1,vtcn,random-buffer,12,12,336,B1,100.0,,,0.5,,,,-0.0306098958090194,-0.0261865975902923,0.0306098958090194,0.8947375943195953,0.8644685750738081,0.9890049425127868,4,6,6,0.989,0.916,0.9414,0.7325,0.9049,0.893,0.9275,0.7325,3.1396505358610436e-05,4.743204732645407e-05,2.156008593802754e-05,2.5871961388426523e-05,15.5,51,4,15.5,r-random-buffer_sl12_st12_sp336_bu100_re0.5,,,,,,,,
yahoo-a1,vtcn,random-buffer,12,12,336,B1,500.0,,,0.5,,,,-0.0312143471071422,-0.0256449138359442,0.0312143471071422,0.8951299574748037,0.8636393991138654,0.9890049425127868,4,6,6,0.989,0.9154,0.9433,0.7328,0.901,0.8932,0.9275,0.7328,3.2101631822279076e-05,4.8497312119903247e-05,2.2044300522086103e-05,2.6453011597817144e-05,15.9,47,4,15.9,r-random-buffer_sl12_st12_sp336_bu500_re0.5,,,,,,,,
yahoo-a1,vtcn,reservoir,12,12,336,B1,500.0,,,0.5,,,,-0.0281004967618431,-0.0268484482013667,0.0281004967618431,0.8954018181155287,0.869190187670502,0.9890049425127868,4,6,6,0.989,0.9138,0.942,0.7368,0.9132,0.8967,0.93,0.7368,2.4695045671402325e-05,3.7307864733221423e-05,1.6958141261582366e-05,2.0349723471639057e-05,12.2,33,4,12.2,r-reservoir_sl12_st12_sp336_bu500_re0.5,,,,,,,,
yahoo-a1,vtcn,reservoir,12,12,336,B1,50.0,,,,,,,-0.0391547683660185,-0.0344288892150364,0.0391547683660185,0.8911348890697086,0.862904329904912,0.9890049425127868,4,6,6,0.989,0.9136,0.9296,0.7324,0.9001,0.8926,0.9265,0.7324,2.227038981775535e-05,3.364483313505641e-05,1.5293131538459823e-05,1.835170159659659e-05,11.0,44,4,11.0,r-reservoir_sl12_st12_sp336_bu50,,,,,,,,
yahoo-a1,vtcn,reservoir,12,12,336,B1,50.0,,,0.3,,,,-0.0297824028772797,-0.0257054547254435,0.0297824028772797,0.8961667011790785,0.8670034480973847,0.9890049425127868,4,6,6,0.989,0.9168,0.9413,0.7376,0.9069,0.8949,0.9287,0.7376,2.5269849699235155e-05,3.8176245832970986e-05,1.7352866319318612e-05,2.0823379513652377e-05,12.5,43,4,12.5,r-reservoir_sl12_st12_sp336_bu50_re0.3,,,,,,,,
yahoo-a1,vtcn,ewc,12,12,336,B1,,,,,1000.0,,,-0.0389416721769165,-0.0341235549355098,0.0389416721769165,0.8911733974133131,0.8596705752466631,0.9890049425127868,4,6,6,0.989,0.9118,0.9346,0.7293,0.8954,0.889,0.9251,0.7293,2.6436784634078077e-05,3.993918449204001e-05,1.8154197338865036e-05,2.1784987153174975e-05,13.1,46,4,13.1,r-ewc_sl12_st12_sp336_la1000.0,,,,,,,,
yahoo-a1,vtcn,lwf,12,12,336,B1,,,,,,0.1,2.0,-0.046375610063396,-0.0366180765309744,0.046375610063396,0.888127562932953,0.8467646885253379,0.9890049425127868,4,6,6,0.989,0.913,0.9324,0.7181,0.8691,0.8859,0.9139,0.7181,7.653494549795618e-08,3.219516458222643e-05,1.4634186805536349e-05,1.7560977776690077e-05,10.5,37,4,10.5,r-lwf_sl12_st12_sp336_al0.1_te2.0,,,,,,,,
yahoo-a1,vtcn,lwf,12,12,336,B1,,,,,,0.5,2.0,-0.0437330392320074,-0.0336885352860814,0.0437330392320074,0.8899383644180497,0.8497771756618845,0.9890049425127868,4,6,6,0.989,0.9145,0.9352,0.7211,0.8751,0.887,0.9159,0.7211,7.608258528296685e-08,3.2004874885444426e-05,1.4547706482052387e-05,1.7457168403392037e-05,10.5,36,4,10.5,r-lwf_sl12_st12_sp336_al0.5_te2.0,,,,,,,,
yahoo-a1,vtcn,lwf,12,12,336,B1,,,,,,1.0,1.0,-0.0212298479071535,-0.0187006785428305,0.0212298479071535,0.8965711889342727,0.871097653224529,0.9890049425127868,4,6,6,0.989,0.9125,0.9465,0.7383,0.9174,0.897,0.9317,0.7383,2.0522073780603894e-05,3.100357710771883e-05,1.409256342643251e-05,1.6911013681286323e-05,10.1,32,4,10.2,r-lwf_sl12_st12_sp336_al1.0_te1.0,,,,,,,,
yahoo-a1,vtcn,lwf,12,12,336,B1,,,,,,1.0,5.0,-0.0459758777646602,-0.0360970226540319,0.0459758777646602,0.8884163065450748,0.8471560501924014,0.9890049425127868,4,6,6,0.989,0.9134,0.9328,0.7184,0.8698,0.8861,0.9142,0.7184,2.1202808129705754e-05,3.2031991687448074e-05,1.4560034952592103e-05,1.747195673485597e-05,10.5,37,4,10.5,r-lwf_sl12_st12_sp336_al1.0_te5.0,,,,,,,,
yahoo-a1,vtcn,naive,12,6,336,B3,,,,,,,,-0.038947680541197,-0.0327835414520277,0.038947680541197,0.8899961915898954,0.8556746989229187,0.9882250494012048,4,6,6,0.9882,0.9101,0.9371,0.7246,0.8874,0.8889,0.9217,0.7246,2.985855198434272e-05,4.510859519695966e-05,2.050393686384066e-05,2.4604658333119004e-05,14.8,36,4,14.8,r-naive_sl12_st6_sp336,,,,,,,,
yahoo-a1,vtcn,random-buffer,12,6,336,B3,50.0,,,0.5,,,,-0.0266756936017601,-0.0218732431507175,0.0266756936017601,0.8963703476246808,0.8687423126417692,0.9882250494012048,4,6,6,0.9882,0.9159,0.9437,0.7376,0.9117,0.8965,0.9292,0.7376,1.739129495473887e-07,7.315816320543591e-05,3.325377320547381e-05,3.99043899999621e-05,23.9,45,4,24.0,r-random-buffer_sl12_st6_sp336_bu50_re0.5,,,,,,,,
yahoo-a1,vtcn,lwf,12,6,336,B3,,,,,,1.0,2.0,-0.0346797045030503,-0.0271046790325137,0.0346797045030503,0.8933293498435486,0.8594129775095454,0.9882250494012048,4,6,6,0.9882,0.9169,0.9391,0.7291,0.8932,0.8909,0.9245,0.7291,1.1798606895352273e-07,4.963198031505777e-05,2.2560035244613476e-05,2.7071945070444295e-05,16.2,38,4,16.3,r-lwf_sl12_st6_sp336_al1.0_te2.0,,,,,,,,
yahoo-a1,vtcn,naive,12,12,168,B5,,,,,,,,-0.0010995818979845,-0.0090692345390985,0.0010995818979845,0.955917772031153,0.9579921487730144,0.999950186799502,8,28,28,0.9732,0.9887,0.9999,0.9926,0.9857,0.9684,0.9997,0.9927,1.1288070749589648e-07,4.748436067136936e-05,2.1583843171053255e-05,2.59005175003161e-05,15.5,77,8,15.5,r-naive_sl12_st12_sp168,0.9736,0.9058,0.9554,0.8581,0.9713,0.9198,0.9683,0.8581
yahoo-a1,vtcn,experts,12,12,168,B5,,,,,,,,-0.0046004182998444,-0.0109306748654495,0.0046004182998444,0.952411043294592,0.9486771461742076,0.9998007471980076,8,28,28,0.9732,0.9934,0.9998,0.9924,0.9866,0.9533,0.9998,0.9932,3.7837764685970005e-05,5.716313407536493e-05,2.5983282061578296e-05,3.117985201378663e-05,18.7,142,8,18.7,r-experts_sl12_st12_sp168,0.9724,0.9086,0.9494,0.83,0.9735,0.8971,0.9559,0.83
yahoo-a1,vtcn,reservoir,12,12,168,B5,50.0,,,0.5,,,,0.0004627892586587,-0.0045356984858963,-0.0004627892586587,0.960108575938061,0.9621131746302608,0.999950186799502,8,28,28,0.9732,0.9931,0.9999,0.9904,0.9855,0.9817,0.9998,0.9926,3.6583938442859777e-05,5.5268924989892787e-05,2.5122300058137623e-05,3.0146624931755164e-05,18.1,73,8,18.1,r-reservoir_sl12_st12_sp168_bu50_re0.5,0.9676,0.9255,0.9628,0.8684,0.9693,0.9278,0.9719,0.8684
yahoo-a1,vtcn,ewc,12,12,168,B5,,,,,1000.0,,,-0.0018275786705737,-0.0073535256060922,0.0018275786705737,0.9567879977291504,0.9558786806378669,0.9999003735990036,8,28,28,0.9732,0.9917,0.9997,0.9927,0.9859,0.9618,0.9996,0.9927,3.5291756660163526e-05,5.331677054559502e-05,2.4234931308698537e-05,2.9081839236896484e-05,17.4,88,8,17.5,r-ewc_sl12_st12_sp168_la1000.0,0.971,0.9143,0.9591,0.8527,0.9719,0.9176,0.9648,0.8527
yahoo-a1,vtcn,lwf,12,12,168,B5,,,,,,1.0,2.0,-0.0010428390386332,-0.0079765666317002,0.0010428390386332,0.9565843248247172,0.9578086593259408,1.0,8,28,28,0.9732,0.9919,1.0,0.991,0.9864,0.9691,1.0,0.9904,1.1064341609525409e-07,4.654322241885692e-05,2.1156059085882995e-05,2.5387163332973915e-05,15.2,72,8,15.2,r-lwf_sl12_st12_sp168_al1.0_te2.0,0.9712,0.909,0.958,0.8584,0.9715,0.9192,0.9674,0.8584
yahoo-a1,gru,experts,12,12,336,B1,,,,,,,,-0.1848329670127698,-0.0973416612716671,0.1848329670127698,0.6977138963815053,0.5888118886755257,0.8391720223231951,4,6,6,0.7548,0.8392,0.5785,0.6184,0.3455,0.8168,0.5746,0.6184,0.0001236595226663,0.0003716535108233,0.0001689339445011,0.0002027195663221,121.6,118,4,60.7,r-experts_sl12_st12_sp336,,,,,,,,
yahoo-a1,gru,random-buffer,12,12,336,B1,50.0,,,0.5,,,,-0.1105230136136869,-0.0610819721314031,0.1105230136136869,0.730106901323315,0.6515685552420044,0.8423513037782964,4,6,6,0.7548,0.8424,0.6884,0.6349,0.4918,0.828,0.6515,0.6349,0.0003263549299602,0.0004930383909383,0.0002241090164913,0.0002689293744467,161.4,102,4,84.0,r-random-buffer_sl12_st12_sp336_bu50_re0.5,,,,,,,,
yahoo-a1,gru,random-buffer,12,12,336,B1,250.0,,,0.5,,,,-0.0971821505790727,-0.049577272168665,0.0971821505790727,0.7279520149211859,0.6528637474209688,0.834082442998076,4,6,6,0.7548,0.8341,0.6925,0.6304,0.4872,0.8278,0.6661,0.6304,0.0001109629195863,0.0003342310278427,0.0001519236427072,0.0001823073851355,109.4,74,4,54.7,r-random-buffer_sl12_st12_sp336_bu250_re0.5,,,,,,,,
yahoo-a1,gru,random-buffer,12,12,336,B1,1000.0,,,0.5,,,,-0.1126249947526487,-0.0602931012217036,0.1126249947526487,0.7224071031989657,0.6490155148509167,0.8289498983613401,4,6,6,0.7548,0.8218,0.6803,0.6327,0.4779,0.8265,0.6589,0.6327,0.0001927301560846,0.0002911657135156,0.0001323484653917,0.000158817248124,95.3,68,4,47.6,r-random-buffer_sl12_st12_sp336_bu1000_re0.5,,,,,,,,
yahoo-a1,gru,random-buffer,12,12,336,B1,50.0,,,0.3,,,,-0.1060882187336743,-0.0623908469137485,0.1060882187336743,0.7245304872498004,0.661802182236935,0.8391993122927668,4,6,6,0.7548,0.8392,0.6784,0.6257,0.5141,0.8291,0.6783,0.6257,0.0001000695256979,0.000302891990751,0.0001376785969329,0.0001652133938181,99.1,77,4,49.3,r-random-buffer_sl12_st12_sp336_bu50_re0.3,,,,,,,,
yahoo-a1,gru,reservoir,12,12,336,B1,50.0,,,0.5,,,,-0.1103962879037217,-0.0718677311131613,0.1103962879037217,0.715606972168441,0.6510564944437209,0.8304938119993995,4,6,6,0.7548,0.8189,0.6622,0.6266,0.4861,0.8305,0.6611,0.6266,0.0002566027950335,0.0003876608488464,0.0001762099804408,0.0002114508684056,126.9,85,4,63.3,r-reservoir_sl12_st12_sp336_bu50_re0.5,,,,,,,,
yahoo-a1,gru,reservoir,12,12,336,B1,500.0,,,0.5,,,,-0.1061810074218456,-0.0556018161848057,0.1061810074218456,0.7256610255060624,0.6506496168647314,0.8366204101682426,4,6,6,0.7548,0.8292,0.6874,0.6312,0.4857,0.8309,0.6547,0.6312,0.0001014851843575,0.000305214078244,0.0001387340855351,0.0001664799927089,99.9,66,4,49.9,r-reservoir_sl12_st12_sp336_bu500_re0.5,,,,,,,,
yahoo-a1,gru,ewc,12,12,336,B1,,,,,1000.0,,,-0.1225924912908328,-0.0518642990139946,0.1225924912908328,0.726712919789321,0.639961607296823,0.8348629361278262,4,6,6,0.7548,0.8349,0.6693,0.6479,0.4512,0.8259,0.6349,0.6479,0.000164667982104,0.0002487709836206,0.0001130780669537,0.0001356929166669,81.4,63,4,40.7,r-ewc_sl12_st12_sp336_la1000.0,,,,,,,,
yahoo-a1,gru,ewc,12,12,336,B1,,,,,100.0,,,-0.1303366084799669,-0.0602404788394686,0.1303366084799669,0.7191230863167457,0.6339680838766707,0.8351030878600569,4,6,6,0.7548,0.8351,0.6476,0.6389,0.4441,0.8219,0.6309,0.6389,0.0001646383642892,0.0002487262387173,0.000113057722743,0.0001356685159743,81.4,63,4,40.7,r-ewc_sl12_st12_sp336_la100,,,,,,,,
yahoo-a1,gru,ewc,12,12,336,B1,,,,,500.0,,,-0.1256678497680054,-0.0558758490033896,0.1256678497680054,0.7230250997071083,0.638127507950044,0.8350976298661428,4,6,6,0.7548,0.8351,0.6576,0.6446,0.4479,0.8252,0.6348,0.6446,8.27755075606862e-05,0.0002487380564402,0.000113063082062,0.0001356749743781,81.4,63,4,40.8,r-ewc_sl12_st12_sp336_la500,,,,,,,,
yahoo-a1,gru,ewc,12,12,336,B1,,,,,5000.0,,,-0.1010412920347598,-0.0393872737959578,0.1010412920347598,0.7386290216835041,0.6612572533158972,0.8324805217842182,4,6,6,0.7548,0.8325,0.7098,0.6575,0.4976,0.8262,0.6638,0.6575,0.0001652168817889,0.0002496002299183,0.0001134549885988,0.0001361452413195,81.7,63,4,40.9,r-ewc_sl12_st12_sp336_la5000,,,,,,,,
yahoo-a1,gru,ewc,12,12,336,B1,,,,,10000.0,,,-0.0860075549871498,-0.0344499515146104,0.0860075549871498,0.7430437700293673,0.6782581925234497,0.8312060802052206,4,6,6,0.7548,0.8312,0.727,0.6592,0.537,0.83,0.6868,0.6592,0.0001649400915223,0.0002491820709901,0.0001132648982075,0.0001359171727827,81.6,63,4,40.7,r-ewc_sl12_st12_sp336_la10000,,,,,,,,
yahoo-a1,gru,lwf,12,12,336,B1,,,,,,1.0,2.0,-0.12268577212337,-0.0536692350873564,0.12268577212337,0.7231560340007255,0.631438320978519,0.8289498983613401,4,6,6,0.7548,0.8282,0.6709,0.6387,0.4412,0.8175,0.6284,0.6387,0.0001593980499381,0.0002408094710558,0.0001094591666103,0.0001313503044455,78.8,63,4,39.4,r-lwf_sl12_st12_sp336_al1.0_te2.0,,,,,,,,
yahoo-a1,gru,lwf,12,12,336,B1,,,,,,0.5,2.0,-0.1292485939690934,-0.0570953756623932,0.1292485939690934,0.7208397118145913,0.6281134396633121,0.831571765797481,4,6,6,0.7548,0.8316,0.66,0.6369,0.4336,0.8179,0.624,0.6369,0.0001588352446511,0.0002399592169685,0.0001090726943292,0.0001308865226393,78.5,63,4,39.3,r-lwf_sl12_st12_sp336_al0.5_te2.0,,,,,,,,
yahoo-a1,gru,naive,6,6,336,B2,,,,,,,,-0.126532406526191,-0.0547478102581613,0.126532406526191,0.7446073595830491,0.6428151096978063,0.8859539247470282,4,6,6,0.7986,0.8629,0.7132,0.6037,0.4582,0.8813,0.6281,0.6037,7.907698173938724e-05,0.0001194649881397,5.430241938770955e-05,6.516256875203302e-05,39.1,58,4,39.1,r-naive_sl6_st6_sp336,,,,,,,,
yahoo-a1,gru,cumulative,6,6,336,B2,,,,,,,,-0.1202080314729623,-0.0672559389781797,0.1202080314729623,0.7262250768838239,0.6689860053396197,0.8859539247470282,4,6,6,0.7986,0.8636,0.6211,0.6215,0.5073,0.8786,0.6686,0.6215,9.681166689857812e-07,0.0004072476342669,0.000185112984199,0.0002221346500678,133.3,98,4,133.3,r-cumulative_sl6_st6_sp336,,,,,,,,
yahoo-a1,gru,experts,6,6,336,B2,,,,,,,,-0.1473164356507032,-0.0722216266501997,0.1473164356507032,0.745764795425812,0.6773594134587937,0.8859539247470282,4,6,6,0.7986,0.8717,0.6643,0.6484,0.531,0.8651,0.665,0.6484,0.0001395579512546,0.0002108361829791,9.583485214324252e-05,0.0001150013308358,69.0,116,4,69.0,r-experts_sl6_st6_sp336,,,,,,,,
yahoo-a1,gru,random-buffer,6,6,336,B2,50.0,,,0.5,,,,-0.0812353308783478,-0.0356689684079105,0.0812353308783478,0.7636660411269179,0.7051532091308091,0.8859539247470282,4,6,6,0.7986,0.8677,0.7677,0.6206,0.5996,0.8751,0.7252,0.6206,0.000141804706586,0.0002142304526277,9.737771707198892e-05,0.0001168527355557,70.1,72,4,70.1,r-random-buffer_sl6_st6_sp336_bu50_re0.5,,,,,,,,
yahoo-a1,gru,reservoir,6,6,336,B2,50.0,,,0.5,,,,-0.1215658843198098,-0.0592951073940531,0.1215658843198098,0.7432550965035678,0.678621867873682,0.8859539247470282,4,6,6,0.7986,0.8853,0.6924,0.5967,0.5385,0.8814,0.6979,0.5967,0.000125152477676,0.0001890732161541,8.594260289294955e-05,0.0001031306132612,61.9,64,4,61.9,r-reservoir_sl6_st6_sp336_bu50_re0.5,,,,,,,,
yahoo-a1,gru,ewc,6,6,336,B2,,,,,1000.0,,,-0.1216832363814525,-0.0505126803781855,0.1216832363814525,0.7435907491979767,0.6423732665366141,0.8859539247470282,4,6,6,0.7986,0.8625,0.7195,0.5937,0.4596,0.8663,0.6499,0.5937,8.461325991856643e-05,0.000127828881051,5.810419056603375e-05,6.972469048496957e-05,41.8,54,4,41.8,r-ewc_sl6_st6_sp336_la1000.0,,,,,,,,
yahoo-a1,gru,lwf,6,6,336,B2,,,,,,1.0,2.0,-0.1134102171406286,-0.0351979789412357,0.1134102171406286,0.7559858611589179,0.6392128071948014,0.8859539247470282,4,6,6,0.7986,0.8752,0.7582,0.592,0.4531,0.8733,0.6384,0.592,7.858161637531338e-05,0.0001187166184366,5.396225017353168e-05,6.475436826314156e-05,38.9,52,4,38.9,r-lwf_sl6_st6_sp336_al1.0_te2.0,,,,,,,,
yahoo-a1,gru,naive,8,8,336,B2,,,,,,,,-0.0890395972235439,-0.044154681467518,0.0890395972235439,0.7325462966384964,0.6710432029473512,0.8560219716681121,4,6,6,0.7608,0.839,0.7261,0.6042,0.5261,0.856,0.6978,0.6042,7.885062461827521e-05,0.0001191230207278,5.414698697859421e-05,6.497603374921407e-05,39.0,62,4,39.0,r-naive_sl8_st8_sp336,,,,,,,,
yahoo-a1,gru,cumulative,8,8,336,B2,,,,,,,,-0.1448687983707577,-0.0722968298187275,0.1448687983707577,0.6912808700258981,0.6248309769720504,0.8522145128649898,4,6,6,0.7608,0.8509,0.5447,0.6087,0.4102,0.8497,0.6308,0.6087,1.073824009607383e-06,0.0004517144488275,0.0002053252225101,0.0002463892263174,147.8,127,4,147.8,r-cumulative_sl8_st8_sp336,,,,,,,,
yahoo-a1,gru,experts,8,8,336,B2,,,,,,,,-0.1671747869316314,-0.0698888606502792,0.1671747869316315,0.6956595429158725,0.6050336760563013,0.8522145128649898,4,6,6,0.7608,0.8441,0.5686,0.6091,0.3695,0.8334,0.6082,0.6091,4.007666713530153e-07,0.0001685863739672,7.663038848291358e-05,9.195598548433436e-05,55.2,97,4,55.2,r-experts_sl8_st8_sp336,,,,,,,,
yahoo-a1,gru,random-buffer,8,8,336,B2,50.0,,,0.5,,,,-0.0910901560842838,-0.046956795615441,0.0910901560842838,0.732751561899247,0.6930697093816123,0.8565900549291703,4,6,6,0.7608,0.8479,0.7014,0.6209,0.5692,0.8566,0.7256,0.6209,0.0001763613819446,0.0002664367043214,0.0001211078853605,0.0001453288189608,87.2,103,4,87.2,r-random-buffer_sl8_st8_sp336_bu50_re0.5,,,,,,,,
yahoo-a1,gru,reservoir,8,8,336,B2,50.0,,,0.5,,,,-0.1049071911878293,-0.0476805559270123,0.1049071911878293,0.735303032036508,0.6682010838734476,0.8522145128649898,4,6,6,0.7608,0.8376,0.7213,0.6215,0.5186,0.8404,0.6923,0.6215,0.0001295777641618,0.0001957586862607,8.898147355325314e-05,0.0001067772127074,64.1,78,4,64.1,r-reservoir_sl8_st8_sp336_bu50_re0.5,,,,,,,,
yahoo-a1,gru,ewc,8,8,336,B2,,,,,1000.0,,,-0.0783369887974288,-0.0407180072362598,0.0783369887974288,0.7346702252140007,0.6783976950555272,0.856540907776814,4,6,6,0.7608,0.8396,0.7395,0.5988,0.5491,0.8565,0.7092,0.5988,8.377825612098061e-05,0.0001265674049984,5.7530795831957625e-05,6.9036609166457e-05,41.4,60,4,41.4,r-ewc_sl8_st8_sp336_la1000.0,,,,,,,,
yahoo-a1,gru,lwf,8,8,336,B2,,,,,,1.0,2.0,-0.0802097526872974,-0.0385370138376751,0.0802097526872974,0.7380610558264057,0.6779838194812927,0.8522145128649898,4,6,6,0.7608,0.8393,0.7406,0.6116,0.5422,0.8478,0.7103,0.6116,3.079681276020688e-07,0.0001295497695819,5.888642291667768e-05,7.066334666529049e-05,42.4,65,4,42.4,r-lwf_sl8_st8_sp336_al1.0_te2.0,,,,,,,,
yahoo-a1,gru,naive,10,10,336,B2,,,,,,,,-0.1063387191116623,-0.0499581385186847,0.1063387191116623,0.6479718164401865,0.5728281152158813,0.8366995642392541,4,6,6,0.5855,0.8286,0.5594,0.6184,0.2938,0.8303,0.5488,0.6184,7.056493262842896e-05,0.0001066054704429,4.845718530252472e-05,5.814828514043863e-05,34.9,55,4,34.9,r-naive_sl10_st10_sp336,,,,,,,,
yahoo-a1,gru,cumulative,10,10,336,B2,,,,,,,,-0.1003185862331779,-0.036611898070249,0.1003185862331779,0.6490792501763591,0.5720953070540616,0.8363797653510419,4,6,6,0.5855,0.8345,0.5496,0.6267,0.2989,0.8349,0.5279,0.6267,0.0002719719058568,0.00041087962379,0.0001867638966404,0.0002241157271495,134.5,111,4,134.5,r-cumulative_sl10_st10_sp336,,,,,,,,
yahoo-a1,gru,experts,10,10,336,B2,,,,,,,,-0.102417009614875,-0.0572409589351128,0.102417009614875,0.65259406442428,0.5927692824031544,0.8337685379072917,4,6,6,0.5855,0.8338,0.5855,0.6056,0.3514,0.8257,0.5883,0.6056,0.0001056115252597,0.0001595518611744,7.252377534362798e-05,8.702808583077664e-05,52.2,95,4,52.2,r-experts_sl10_st10_sp336,,,,,,,,
yahoo-a1,gru,random-buffer,10,10,336,B2,50.0,,,0.5,,,,-0.0210406010683484,-0.0168464792609931,0.0210406010683484,0.6938177859414025,0.6793807550938373,0.8617662353552964,4,6,6,0.5855,0.8482,0.7121,0.6295,0.5282,0.8574,0.7024,0.6295,0.0001536005480051,0.000232050936215,0.0001054780272572,0.0001265729089577,75.9,85,4,76.0,r-random-buffer_sl10_st10_sp336_bu50_re0.5,,,,,,,,
yahoo-a1,gru,reservoir,10,10,336,B2,50.0,,,0.5,,,,-0.0285527319255538,-0.0169279093916254,0.0285527319255538,0.6915273837847669,0.6770945932591657,0.8451061037093891,4,6,6,0.5855,0.8451,0.7021,0.6334,0.5418,0.8336,0.6996,0.6334,0.0001213074616269,0.0001832643854856,8.330219722249442e-05,9.996218826311333e-05,60.0,66,4,60.0,r-reservoir_sl10_st10_sp336_bu50_re0.5,,,,,,,,
yahoo-a1,gru,ewc,10,10,336,B2,,,,,1000.0,,,-0.0797383423372575,-0.0314869203735879,0.0797383423372575,0.673759628408688,0.6024313836332622,0.8326645365279851,4,6,6,0.5855,0.8256,0.6642,0.6197,0.3706,0.8233,0.5961,0.6197,2.2386106286330745e-07,9.41693198517896e-05,4.280438582257678e-05,5.1364934029212845e-05,30.8,39,4,30.8,r-ewc_sl10_st10_sp336_la1000.0,,,,,,,,
yahoo-a1,gru,lwf,10,10,336,B2,,,,,,1.0,2.0,-0.0809715614064138,-0.0428707934038027,0.0809715614064138,0.6509433387890541,0.6044430318161313,0.8307040303002495,4,6,6,0.5855,0.8263,0.5779,0.6141,0.3729,0.8307,0.6001,0.6141,7.303327129533025e-05,0.0001103344955407,5.015220630642337e-05,6.018228923436254e-05,36.1,52,4,36.1,r-lwf_sl10_st10_sp336_al1.0_te2.0,,,,,,,,
yahoo-a1,gru,naive,16,16,336,B2,,,,,,,,-0.144464860570704,-0.0714036652643611,0.144464860570704,0.7157826170742712,0.6093189556049641,0.8670132659661454,4,6,6,0.7264,0.8626,0.6043,0.6698,0.384,0.8335,0.55,0.6698,7.347545138700604e-05,0.0001110025159715,5.045584340308172e-05,6.054667256850128e-05,36.3,59,4,36.3,r-naive_sl16_st16_sp336,,,,,,,,
yahoo-a1,gru,cumulative,16,16,336,B2,,,,,,,,-0.1743370438988403,-0.1139595598823154,0.1743370438988403,0.6849338368358187,0.5855791945738374,0.8670132659661454,4,6,6,0.7264,0.8367,0.5124,0.6642,0.3438,0.8239,0.5104,0.6642,1.0704666856881236e-06,0.0004503021580702,0.0002046833489012,0.000245618809169,147.4,147,4,147.4,r-cumulative_sl16_st16_sp336,,,,,,,,
yahoo-a1,gru,experts,16,16,336,B2,,,,,,,,-0.1637855942394742,-0.0985797500314617,0.1637855942394742,0.6942772207294361,0.5851727989116503,0.8670132659661454,4,6,6,0.7264,0.8429,0.5359,0.6718,0.3142,0.8333,0.5214,0.6718,0.0001404401050189,0.0002121688905087,9.644064085570992e-05,0.000115728249653,69.4,145,4,69.4,r-experts_sl16_st16_sp336,,,,,,,,
yahoo-a1,gru,random-buffer,16,16,336,B2,50.0,,,0.5,,,,-0.1272512338809678,-0.0537682579137099,0.1272512338809678,0.7365322966932445,0.6295398649188138,0.8694858370251041,4,6,6,0.7264,0.8695,0.6756,0.6746,0.4362,0.8401,0.5673,0.6746,0.0001259990965687,0.000190352239629,8.652398622685319e-05,0.0001038282534022,62.3,81,4,62.3,r-random-buffer_sl16_st16_sp336_bu50_re0.5,,,,,,,,
yahoo-a1,gru,reservoir,16,16,336,B2,50.0,,,0.5,,,,-0.1132151971903441,-0.0691411869316688,0.1132151971903441,0.7248613742385563,0.6460517768660988,0.8670132659661454,4,6,6,0.7264,0.8542,0.6473,0.6715,0.4742,0.8369,0.6017,0.6715,0.0001124151121037,0.0001698303316439,7.719579803201163e-05,9.263453361190235e-05,55.6,72,4,55.6,r-reservoir_sl16_st16_sp336_bu50_re0.5,,,,,,,,
yahoo-a1,gru,ewc,16,16,336,B2,,,,,1000.0,,,-0.1299760108911415,-0.0649508067516692,0.1299760108911415,0.7229640251651293,0.6247562603661784,0.8670132659661454,4,6,6,0.7264,0.8644,0.6284,0.6727,0.4238,0.8361,0.5664,0.6727,7.945980287118123e-05,0.0001200433324437,5.4565307235396985e-05,6.547802520838255e-05,39.3,59,4,39.3,r-ewc_sl16_st16_sp336_la1000.0,,,,,,,,
yahoo-a1,gru,lwf,16,16,336,B2,,,,,,1.0,2.0,-0.1323567536985101,-0.0626254486983584,0.1323567536985101,0.7198617271639609,0.6165076600221782,0.8670132659661454,4,6,6,0.7264,0.865,0.6152,0.6728,0.4009,0.8325,0.5598,0.6728,2.890490498899105e-07,0.0001215912766775,5.52689211223171e-05,6.632235555521523e-05,39.8,62,4,39.8,r-lwf_sl16_st16_sp336_al1.0_te2.0,,,,,,,,
yahoo-a1,gru,naive,24,24,336,B2,,,,,,,,-0.1886223229159034,-0.1046766623674576,0.1886223229159034,0.7489573535033773,0.6232332472754798,0.8936366657314382,4,6,6,0.817,0.8791,0.6024,0.6973,0.4037,0.8496,0.5424,0.6973,3.279154803239982e-07,0.0001379408163081,6.270058373855944e-05,7.524023256963119e-05,45.1,77,4,45.2,r-naive_sl24_st24_sp336,,,,,,,,
yahoo-a1,gru,cumulative,24,24,336,B2,,,,,,,,-0.1795899986765732,-0.1120612105894645,0.1795899986765732,0.7324361582998864,0.6231123070222384,0.8936366657314382,4,6,6,0.817,0.8593,0.5569,0.6965,0.4388,0.8345,0.5227,0.6965,0.0004113971541258,0.0006215153266767,0.0002825076304964,0.0003390076961802,203.4,207,4,203.4,r-cumulative_sl24_st24_sp336,,,,,,,,
yahoo-a1,gru,experts,24,24,336,B2,,,,,,,,-0.212762885288894,-0.0938992662340143,0.2127628852888941,0.7566005856072668,0.6247848424590711,0.8936366657314382,4,6,6,0.817,0.8881,0.5909,0.7303,0.3888,0.8495,0.5306,0.7303,0.0001355864014577,0.0002048361923504,9.31076281833359e-05,0.000111728564167,67.0,141,4,67.0,r-experts_sl24_st24_sp336,,,,,,,,
yahoo-a1,gru,random-buffer,24,24,336,B2,50.0,,,0.5,,,,-0.1389440278930018,-0.081675232684223,0.1389440278930018,0.7647602687612114,0.6832416747943478,0.8936366657314382,4,6,6,0.817,0.8787,0.6334,0.7299,0.5316,0.8666,0.6048,0.7299,0.0001539177050195,0.0002325300789205,0.0001056957894082,0.0001268342895122,76.1,101,4,76.1,r-random-buffer_sl24_st24_sp336_bu50_re0.5,,,,,,,,
yahoo-a1,gru,reservoir,24,24,336,B2,50.0,,,0.5,,,,-0.1421272178457656,-0.0855439861605863,0.1421272178457656,0.7606985593625719,0.6864090628943711,0.8936366657314382,4,6,6,0.817,0.8767,0.6196,0.7295,0.5343,0.8651,0.6167,0.7295,0.0001321118797547,0.000199587083382,9.072164525665964e-05,0.0001088654381254,65.3,86,4,65.3,r-reservoir_sl24_st24_sp336_bu50_re0.5,,,,,,,,
yahoo-a1,gru,ewc,24,24,336,B2,,,,,1000.0,,,-0.1422951907409972,-0.0584168639859838,0.1422951907409972,0.7740044150152702,0.676146276760745,0.9020756102365728,4,6,6,0.817,0.9021,0.6638,0.7131,0.516,0.8612,0.6142,0.7131,8.424732577728383e-05,0.0001272760486478,5.785290607794498e-05,6.94231425699157e-05,41.7,61,4,41.7,r-ewc_sl24_st24_sp336_la1000.0,,,,,,,,
yahoo-a1,gru,lwf,24,24,336,B2,,,,,,1.0,2.0,-0.1635899115005526,-0.0793398303358451,0.1635899115005525,0.7568823654338521,0.6424360951914235,0.8936366657314382,4,6,6,0.817,0.8859,0.6135,0.7111,0.4408,0.8611,0.5568,0.7111,9.04991418784952e-05,0.0001367209353892,6.214603171037097e-05,7.457490367892509e-05,44.7,70,4,44.8,r-lwf_sl24_st24_sp336_al1.0_te2.0,,,,,,,,
yahoo-a1,gru,naive,8,4,336,B3,,,,,,,,-0.1762529414592576,-0.0897316958848045,0.1762529414592576,0.6989276808734074,0.602775241413687,0.8687120555073721,4,6,6,0.7769,0.8566,0.5412,0.621,0.3402,0.8671,0.5828,0.621,4.3155323243562586e-07,0.0001815370384581,8.251702852948155e-05,9.902000992869338e-05,59.4,52,4,59.4,r-naive_sl8_st4_sp336,,,,,,,,
yahoo-a1,gru,cumulative,8,4,336,B3,,,,,,,,-0.1881208056394525,-0.1047018481329409,0.1881208056394524,0.6938172434828782,0.6019298566039114,0.8687120555073721,4,6,6,0.7769,0.8458,0.5524,0.6002,0.3511,0.8662,0.5902,0.6002,0.0005260222800204,0.000794684420948,0.000361221031364,0.000433463389584,260.1,101,4,260.1,r-cumulative_sl8_st4_sp336,,,,,,,,
yahoo-a1,gru,experts,8,4,336,B3,,,,,,,,-0.1780623296382414,-0.0894977184162188,0.1780623296382413,0.7211361258687629,0.6131856725047462,0.8687120555073721,4,6,6,0.7769,0.8492,0.6345,0.624,0.3725,0.8592,0.5971,0.624,0.000225201613883,0.0003402217376005,0.000154646622394,0.0001855751152064,111.3,109,4,111.4,r-experts_sl8_st4_sp336,,,,,,,,
yahoo-a1,gru,random-buffer,8,4,336,B3,50.0,,,0.5,,,,-0.1303029843530593,-0.0748573303951767,0.1303029843530593,0.7365471387432607,0.6710729923127015,0.870745880312229,4,6,6,0.7769,0.8627,0.6986,0.608,0.5197,0.8664,0.6902,0.608,0.0003852222217678,0.0005819717336497,0.0002645332404541,0.0003174384931956,190.5,108,4,190.5,r-random-buffer_sl8_st4_sp336_bu50_re0.5,,,,,,,,
yahoo-a1,gru,reservoir,8,4,336,B3,50.0,,,0.5,,,,-0.1223216361591142,-0.0603689046209332,0.1223216361591142,0.7460456577709053,0.6793184782314645,0.8687120555073721,4,6,6,0.7769,0.8624,0.7223,0.6226,0.5278,0.8561,0.7107,0.6226,0.0003044318319181,0.0004599182263851,0.0002090542677072,0.0002508639586778,150.5,86,4,150.5,r-reservoir_sl8_st4_sp336_bu50_re0.5,,,,,,,,
yahoo-a1,gru,ewc,8,4,336,B3,,,,,1000.0,,,-0.1273780401971071,-0.0582590508097885,0.1273780401971071,0.7335998472827838,0.6404222800842568,0.8687120555073721,4,6,6,0.7769,0.8636,0.6813,0.6126,0.4499,0.8632,0.6359,0.6126,0.0001227901526684,0.0001855043504387,8.432040752377362e-05,0.0001011839429149,60.7,45,4,60.7,r-ewc_sl8_st4_sp336_la1000.0,,,,,,,,
yahoo-a1,gru,lwf,8,4,336,B3,,,,,,1.0,2.0,-0.1650664774490367,-0.0764784649609422,0.1650664774490367,0.7086703276829384,0.6043965781993674,0.8687120555073721,4,6,6,0.7769,0.854,0.5908,0.6129,0.3557,0.8575,0.5915,0.6129,0.0001358625315332,0.0002052533538995,9.329723153948887e-05,0.00011195612236,67.2,54,4,67.2,r-lwf_sl8_st4_sp336_al1.0_te2.0,,,,,,,,
yahoo-a1,gru,cumulative,12,6,336,B3,,,,,,,,-0.1682682200687853,-0.0858248377570309,0.1682682200687854,0.6717626936040355,0.5819144310316603,0.842523230586598,4,6,6,0.7165,0.8254,0.5177,0.6274,0.3267,0.8425,0.531,0.6274,0.000575386976009,0.0017328770526421,0.0007876731635451,0.0009452038890968,567.1,132,4,283.7,r-cumulative_sl12_st6_sp336,,,,,,,,
yahoo-a1,gru,random-buffer,12,6,336,B3,50.0,,,0.5,,,,-0.1010919974071198,-0.0628490965497288,0.1010919974071198,0.7130624224372757,0.6798698036689153,0.8486088938010834,4,6,6,0.7165,0.8342,0.6833,0.6182,0.5538,0.8486,0.6989,0.6182,0.0003229846480239,0.0009727628787151,0.0004421658414946,0.0005305970372204,318.4,109,4,159.1,r-random-buffer_sl12_st6_sp336_bu50_re0.5,,,,,,,,
yahoo-a1,gru,reservoir,12,6,336,B3,50.0,,,0.5,,,,-0.1361581816340002,-0.0612469439008798,0.1361581816340002,0.7055942992828617,0.6314400955410471,0.8465239401258067,4,6,6,0.7165,0.8465,0.618,0.6414,0.4305,0.8441,0.6098,0.6414,0.0002421134956605,0.0007290549644233,0.0003313891914341,0.0003976657729889,238.6,84,4,119.3,r-reservoir_sl12_st6_sp336_bu50_re0.5,,,,,,,,
yahoo-a1,gru,naive,24,12,336,B3,,,,,,,,-0.1919057269075088,-0.0961475616869347,0.1919057269075088,0.7507876402973062,0.6329069295358976,0.8792639950970149,4,6,6,0.8277,0.8577,0.6089,0.7089,0.4249,0.8398,0.5579,0.7089,0.0001449084066166,0.0002189193453899,9.950904421081456e-05,0.0001194103011791,71.6,80,4,71.7,r-naive_sl24_st12_sp336,,,,,,,,
yahoo-a1,gru,cumulative,24,12,336,B3,,,,,,,,-0.1886761795185936,-0.1170187468947889,0.1886761795185936,0.7318931306327129,0.641743923191355,0.8792639950970149,4,6,6,0.8277,0.8702,0.5446,0.685,0.4787,0.8449,0.5584,0.685,0.0005405396292599,0.0008166164031325,0.0003711901627849,0.0004454262403476,267.3,167,4,267.3,r-cumulative_sl24_st12_sp336,,,,,,,,
yahoo-a1,gru,experts,24,12,336,B3,,,,,,,,-0.2143706404930469,-0.1209125620392967,0.2143706404930469,0.7380159595307955,0.6103505534510139,0.8792639950970149,4,6,6,0.8277,0.8624,0.5459,0.7161,0.3982,0.8266,0.5005,0.7161,0.0003410597466785,0.000515253588284,0.0002342068329298,0.0002810467553542,168.6,229,4,168.6,r-experts_sl24_st12_sp336,,,,,,,,
yahoo-a1,gru,random-buffer,24,12,336,B3,50.0,,,0.5,,,,-0.1996678166514695,-0.0771326109570808,0.1996678166514695,0.7734735146446371,0.646692060508523,0.8803484621461304,4,6,6,0.8277,0.8803,0.6404,0.7455,0.4311,0.8463,0.5639,0.7455,0.000265359930667,0.0004008906292652,0.0001822234741289,0.0002186671551363,131.2,111,4,131.2,r-random-buffer_sl24_st12_sp336_bu50_re0.5,,,,,,,,
yahoo-a1,gru,reservoir,24,12,336,B3,50.0,,,0.5,,,,-0.1917501594006054,-0.0709009974706247,0.1917501594006054,0.775455056274226,0.6631514264352232,0.8807205636840839,4,6,6,0.8277,0.8807,0.6468,0.7467,0.4581,0.8389,0.609,0.7467,0.0002604189519343,0.0003934260807618,0.0001788305100687,0.0002145955706931,128.8,110,4,128.8,r-reservoir_sl24_st12_sp336_bu50_re0.5,,,,,,,,
yahoo-a1,gru,ewc,24,12,336,B3,,,,,1000.0,,,-0.169449292586206,-0.0846034893635227,0.169449292586206,0.7604824506773757,0.6580593316433061,0.8792639950970149,4,6,6,0.8277,0.8608,0.6371,0.7163,0.4861,0.8355,0.5943,0.7163,0.0001545011753,0.0002334115524998,0.0001060965006951,0.0001273150518047,76.4,81,4,76.4,r-ewc_sl24_st12_sp336_la1000.0,,,,,,,,
yahoo-a1,gru,lwf,24,12,336,B3,,,,,,1.0,2.0,-0.1758786081305023,-0.0827519921651688,0.1758786081305023,0.7501025758430443,0.6241734832604111,0.8792639950970149,4,6,6,0.8277,0.8635,0.6148,0.6945,0.4205,0.8338,0.5479,0.6945,0.0001684684207952,0.0002545124693624,0.0001156877938082,0.0001388246755542,83.3,91,4,83.3,r-lwf_sl24_st12_sp336_al1.0_te2.0,,,,,,,,
yahoo-a1,gru,naive,12,12,168,B5,,,,,,,,-0.0114365076135972,-0.0842132314458053,0.0114365076135972,0.8330067621051084,0.8167412315754266,0.9945205479452056,8,28,28,0.9893,0.9763,0.9914,0.9407,0.9561,0.9707,0.9856,0.874,0.0001550147457046,0.0002341874253383,0.0001064491219352,0.0001277383034032,76.6,75,8,38.2,r-naive_sl12_st12_sp168,0.6774,0.6517,0.8731,0.5641,0.6658,0.6348,0.8829,0.5641
yahoo-a1,gru,cumulative,12,12,168,B5,,,,,,,,-0.0043785173126339,-0.0973776626358102,0.0043785173126339,0.8119360848397748,0.8031612836580239,0.9945205479452056,8,28,28,0.9893,0.9749,0.987,0.8729,0.9624,0.972,0.9843,0.8677,0.000390025777872,0.0011721343789448,0.0005327894111681,0.0006393449677767,383.6,196,8,191.5,r-cumulative_sl12_st12_sp168,0.6399,0.5967,0.8781,0.5568,0.5785,0.6199,0.8837,0.5568
yahoo-a1,gru,experts,12,12,168,B5,,,,,,,,0.008624879755116,-0.097906457827408,-0.008624879755116,0.8168499576941576,0.8361192552389054,0.9945205479452056,8,28,28,0.9893,0.9754,0.992,0.9511,0.984,0.9771,0.9901,0.9486,0.0002598697872533,0.0003925964341231,0.0001784533471076,0.0002141430870155,128.5,207,8,64.2,r-experts_sl12_st12_sp168,0.5845,0.6115,0.8581,0.5729,0.7216,0.6238,0.8708,0.5729
yahoo-a1,gru,reservoir,12,12,168,B5,50.0,,,0.5,,,,-0.0114403575726979,-0.0879119273221365,0.0114403575726979,0.8265262868621985,0.8142655756776961,0.9945205479452056,8,28,28,0.9893,0.9688,0.9893,0.9511,0.9716,0.9589,0.9876,0.9358,0.0002061139080461,0.0003113851216695,0.0001415390163213,0.0001698461053481,101.9,80,8,50.8,r-reservoir_sl12_st12_sp168_bu50_re0.5,0.6881,0.6226,0.8696,0.5332,0.6377,0.6171,0.8723,0.5332
yahoo-a1,gru,ewc,12,12,168,B5,,,,,1000.0,,,-0.0116966904591439,-0.0788565604872215,0.0116966904591439,0.838286353412419,0.8237297078734261,0.9945205479452056,8,28,28,0.9893,0.9767,0.992,0.9429,0.9664,0.9703,0.9824,0.9037,7.920380889220931e-05,0.0002372283214215,0.0001078313185749,0.0001293970028466,77.6,64,8,38.6,r-ewc_sl12_st12_sp168_la1000.0,0.6936,0.659,0.8715,0.5812,0.717,0.6014,0.8675,0.5812
yahoo-a1,lstm,cumulative,12,12,336,B1,,,,,,,,-0.2444256683312068,-0.1344051259573152,0.2444256683312068,0.7112167784090202,0.5762875591872041,0.8834677033775704,4,6,6,0.8527,0.8337,0.5232,0.6353,0.3314,0.8159,0.5226,0.6353,1.3674968816612952e-06,0.0005752507809904,0.0002614782836255,0.0003137724973648,188.3,92,4,93.9,r-cumulative_sl12_st12_sp336,,,,,,,,
yahoo-a1,lstm,experts,12,12,336,B1,,,,,,,,-0.1900760090830788,-0.1352911418340997,0.1900760090830788,0.7097840489306274,0.639742097536954,0.8834677033775704,4,6,6,0.8527,0.8372,0.5252,0.6241,0.4495,0.8271,0.6582,0.6241,0.0002132896666299,0.0003222258479499,0.0001464666276031,0.0001757592203468,105.5,102,4,52.5,r-experts_sl12_st12_sp336,,,,,,,,
yahoo-a1,lstm,random-buffer,12,12,336,B1,250.0,,,0.5,,,,-0.1674069230842665,-0.1160011275010105,0.1674069230842665,0.7125821988267191,0.6387029518326357,0.8834677033775704,4,6,6,0.8527,0.8219,0.549,0.6267,0.4449,0.8454,0.6379,0.6267,0.0002055549731013,0.000310540714674,0.0001411552040507,0.0001693855106232,101.6,64,4,50.8,r-random-buffer_sl12_st12_sp336_bu250_re0.5,,,,,,,,
yahoo-a1,lstm,random-buffer,12,12,336,B1,1000.0,,,0.5,,,,-0.1899971478336553,-0.1125595963080083,0.1899971478336553,0.724180675321565,0.6232897906676833,0.8834677033775704,4,6,6,0.8527,0.8259,0.578,0.6401,0.4224,0.8253,0.6053,0.6401,0.0001784099602948,0.000269531579504,0.0001225146059613,0.0001470169735428,88.2,58,4,44.0,r-random-buffer_sl12_st12_sp336_bu1000_re0.5,,,,,,,,
yahoo-a1,lstm,random-buffer,12,12,336,B1,50.0,,,,,,,-0.2357544342998596,-0.1180458594817032,0.2357544342998596,0.7292700928739485,0.5780839021286961,0.8834677033775704,4,6,6,0.8527,0.8283,0.5851,0.651,0.3047,0.8306,0.5261,0.651,0.000143447315878,0.0002167120129409,9.850572280249455e-05,0.0001182062901385,70.9,57,4,35.2,r-random-buffer_sl12_st12_sp336_bu50,,,,,,,,
yahoo-a1,lstm,random-buffer,12,12,336,B1,50.0,,,0.3,,,,-0.2033307850370841,-0.1161391507477994,0.2033307850370841,0.7254633324201901,0.6091654420113142,0.8834677033775704,4,6,6,0.8527,0.8374,0.5728,0.639,0.3815,0.8277,0.5884,0.639,0.0001823841747878,0.0002755355958034,0.0001252437203152,0.0001502918754882,90.2,67,4,45.0,r-random-buffer_sl12_st12_sp336_bu50_re0.3,,,,,,,,
yahoo-a1,lstm,reservoir,12,12,336,B1,50.0,,,0.5,,,,-0.1884313083043561,-0.1209707601113387,0.1884313083043561,0.7250928285871219,0.6320173432534302,0.8834677033775704,4,6,6,0.8527,0.8322,0.5775,0.638,0.4451,0.8192,0.6258,0.638,0.0002383255143824,0.0003600485770049,0.0001636587531836,0.0001963898238213,117.8,74,4,58.4,r-reservoir_sl12_st12_sp336_bu50_re0.5,,,,,,,,
yahoo-a1,lstm,reservoir,12,12,336,B1,100.0,,,0.5,,,,-0.2406892030193699,-0.1312063698246583,0.2406892030193699,0.7199779736637925,0.5932621565421121,0.8834677033775704,4,6,6,0.8527,0.8398,0.535,0.6524,0.3526,0.8331,0.5349,0.6524,0.0001232506200137,0.0003719972270155,0.0001690900722227,0.0002029071547928,121.7,76,4,60.7,r-reservoir_sl12_st12_sp336_bu100_re0.5,,,,,,,,
yahoo-a1,lstm,ewc,12,12,336,B1,,,,,1000.0,,,-0.1971623103711715,-0.1236200400265223,0.1971623103711715,0.7086660734889421,0.6149300099023114,0.8834677033775704,4,6,6,0.8527,0.8264,0.5278,0.6277,0.3978,0.8363,0.5979,0.6277,8.043544593002329e-05,0.0002429030636097,0.0001104107868055,0.0001324922768042,79.5,61,4,39.6,r-ewc_sl12_st12_sp336_la1000.0,,,,,,,,
yahoo-a1,lstm,ewc,12,12,336,B1,,,,,100.0,,,-0.1579862428604261,-0.1271085143325554,0.1579862428604261,0.7081442389526725,0.6828810852311924,0.8834677033775704,4,6,6,0.8527,0.8256,0.5287,0.6256,0.555,0.8271,0.7239,0.6256,7.449745427840672e-05,0.0002233541154286,0.0001015248759843,0.0001218292394443,73.1,54,4,36.4,r-ewc_sl12_st12_sp336_la100,,,,,,,,
yahoo-a1,lstm,ewc,12,12,336,B1,,,,,500.0,,,-0.2026208552933549,-0.1247675844169121,0.2026208552933549,0.7081323716602044,0.6110533697177187,0.8834677033775704,4,6,6,0.8527,0.8266,0.5304,0.6228,0.3953,0.8294,0.5966,0.6228,7.387303443576388e-05,0.0002232957094333,0.0001014983226267,0.0001217973868067,73.1,54,4,36.4,r-ewc_sl12_st12_sp336_la500,,,,,,,,
yahoo-a1,lstm,lwf,12,12,336,B1,,,,,,0.1,2.0,-0.1577331850342441,-0.1256186726907808,0.1577331850342441,0.7081163771843961,0.6817573480336006,0.8834677033775704,4,6,6,0.8527,0.8252,0.5281,0.6265,0.5553,0.8255,0.7198,0.6265,7.192216324563936e-05,0.0002172360301882,9.87438844924327e-05,0.0001184921456958,71.1,54,4,35.4,r-lwf_sl12_st12_sp336_al0.1_te2.0,,,,,,,,
yahoo-a1,lstm,lwf,12,12,336,B1,,,,,,2.0,2.0,-0.1945466279602735,-0.0980409214176002,0.1945466279602735,0.7184727029853619,0.5892442168610175,0.8834677033775704,4,6,6,0.8527,0.8358,0.5441,0.6413,0.3453,0.8325,0.5378,0.6413,7.29776814911943e-05,0.0002194551488148,9.975259207551264e-05,0.0001197025567394,71.8,55,4,36.0,r-lwf_sl12_st12_sp336_al2.0_te2.0,,,,,,,,
yahoo-a1,lstm,naive,6,6,336,B2,,,,,,,,-0.1554963341682456,-0.0601517850495678,0.1554963341682456,0.7538251901467701,0.6413976116917949,0.8734864672364673,4,6,6,0.807,0.8735,0.6922,0.6426,0.4535,0.8618,0.6077,0.6426,2.109434466460426e-07,8.873539973309056e-05,4.0334385705904834e-05,4.840101402718574e-05,29.0,39,4,29.1,r-naive_sl6_st6_sp336,,,,,,,,
yahoo-a1,lstm,cumulative,6,6,336,B2,,,,,,,,-0.150753800690174,-0.0785472454887672,0.150753800690174,0.7128420846716289,0.6373363561615976,0.8752425336477061,4,6,6,0.807,0.8618,0.558,0.6246,0.4557,0.87,0.5991,0.6246,0.0002318791249737,0.0003503097400219,0.0001592320877308,0.000191077652291,114.6,82,4,114.7,r-cumulative_sl6_st6_sp336,,,,,,,,
yahoo-a1,lstm,experts,6,6,336,B2,,,,,,,,-0.2037297649430547,-0.0866997592693581,0.2037297649430546,0.7132909204853493,0.5980378975453902,0.8799182139699382,4,6,6,0.807,0.8799,0.5547,0.6115,0.3497,0.8689,0.5621,0.6115,0.0001121569301946,0.0001694402851597,7.701851238250837e-05,9.242177277725812e-05,55.5,92,4,55.5,r-experts_sl6_st6_sp336,,,,,,,,
yahoo-a1,lstm,random-buffer,6,6,336,B2,50.0,,,0.5,,,,-0.0997296086157069,-0.0526506033635604,0.0997296086157069,0.7550101261849818,0.7061938496232989,0.8750706110619904,4,6,6,0.807,0.8751,0.7248,0.6132,0.5966,0.8634,0.7516,0.6132,0.0001296782977661,0.0001959105666889,8.905049780150876e-05,0.0001068600688874,64.1,64,4,64.1,r-random-buffer_sl6_st6_sp336_bu50_re0.5,,,,,,,,
yahoo-a1,lstm,reservoir,6,6,336,B2,50.0,,,0.5,,,,-0.1061324160960408,-0.0528269731020003,0.1061324160960408,0.7586499271679787,0.7034000852879598,0.8698760929364378,4,6,6,0.807,0.8699,0.7353,0.6224,0.5962,0.8591,0.7359,0.6224,0.0001194129059939,0.0001804021990282,8.200120590303818e-05,9.840099312520275e-05,59.0,59,4,59.1,r-reservoir_sl6_st6_sp336_bu50_re0.5,,,,,,,,
yahoo-a1,lstm,ewc,6,6,336,B2,,,,,1000.0,,,-0.1397540076253413,-0.0559941738935544,0.1397540076253413,0.7546436113102429,0.6507612327971367,0.8715799685627272,4,6,6,0.807,0.8716,0.7039,0.6362,0.4837,0.8569,0.6264,0.6362,6.686372082587513e-05,0.0001010138910178,4.5915572337495787e-05,5.5098318680344774e-05,33.1,39,4,33.1,r-ewc_sl6_st6_sp336_la1000.0,,,,,,,,
yahoo-a1,lstm,lwf,6,6,336,B2,,,,,,1.0,2.0,-0.1450758853614521,-0.0470844997866551,0.1450758853614521,0.7600868494186095,0.6407943591528635,0.8748188672757639,4,6,6,0.807,0.8748,0.7108,0.6477,0.452,0.8606,0.6029,0.6477,2.168938541670253e-07,9.123849617123292e-05,4.14721521413109e-05,4.9766344029922034e-05,29.9,37,4,29.9,r-lwf_sl6_st6_sp336_al1.0_te2.0,,,,,,,,
yahoo-a1,lstm,naive,8,8,336,B2,,,,,,,,-0.1685997652043994,-0.0687878069210711,0.1685997652043994,0.738242352590135,0.6270695289022474,0.8655333911535127,4,6,6,0.7944,0.8655,0.666,0.627,0.4138,0.842,0.6254,0.627,7.088081769498816e-05,0.0001070826915621,4.8674103298819526e-05,5.840858826336141e-05,35.0,55,4,35.1,r-naive_sl8_st8_sp336,,,,,,,,
yahoo-a1,lstm,cumulative,8,8,336,B2,,,,,,,,-0.2066989127807016,-0.1053114410453838,0.2066989127807016,0.7050225814316429,0.616043916942497,0.8640140734116122,4,6,6,0.7944,0.8568,0.5576,0.6113,0.3915,0.8445,0.6168,0.6113,0.0002298305792302,0.0003472149140995,0.0001578253510433,0.0001893895630561,113.6,101,4,113.6,r-cumulative_sl8_st8_sp336,,,,,,,,
yahoo-a1,lstm,experts,8,8,336,B2,,,,,,,,-0.2110425384499342,-0.0907907283154778,0.2110425384499342,0.7001471132381166,0.5773547460493215,0.8640140734116122,4,6,6,0.7944,0.8382,0.5409,0.6271,0.2999,0.8386,0.5438,0.6271,0.0001096599549724,0.0001656679975894,7.530382904935526e-05,9.036416854010894e-05,54.2,98,4,54.2,r-experts_sl8_st8_sp336,,,,,,,,
yahoo-a1,lstm,random-buffer,8,8,336,B2,50.0,,,0.5,,,,-0.1758516616873245,-0.0744960999649662,0.1758516616873245,0.7120619516716015,0.6141443809252393,0.8640140734116122,4,6,6,0.7944,0.84,0.5801,0.6337,0.3915,0.8379,0.5935,0.6337,0.0001706744225953,0.0002578451709032,0.0001172026423608,0.0001406425285424,84.4,99,4,84.4,r-random-buffer_sl8_st8_sp336_bu50_re0.5,,,,,,,,
yahoo-a1,lstm,reservoir,8,8,336,B2,50.0,,,0.5,,,,-0.1937427233601402,-0.0830188572715733,0.1937427233601402,0.7245617118522985,0.6084942253202564,0.8640140734116122,4,6,6,0.7944,0.8478,0.6402,0.6159,0.3837,0.8392,0.5952,0.6159,4.900713231715563e-07,0.0002061532389404,9.370627303465475e-05,0.0001124469659058,67.5,80,4,67.5,r-reservoir_sl8_st8_sp336_bu50_re0.5,,,,,,,,
yahoo-a1,lstm,ewc,8,8,336,B2,,,,,1000.0,,,-0.1633557177616716,-0.066666508736389,0.1633557177616716,0.7363397184726211,0.6292443313844218,0.8641688349233883,4,6,6,0.7944,0.8642,0.6602,0.6267,0.4242,0.8426,0.6235,0.6267,7.821137752121127e-05,0.0001181572827192,5.370802320539951e-05,6.444925951383388e-05,38.7,55,4,38.7,r-ewc_sl8_st8_sp336_la1000.0,,,,,,,,
yahoo-a1,lstm,lwf,8,8,336,B2,,,,,,1.0,2.0,-0.1533888982124225,-0.065298705077892,0.1533888982124225,0.7323974397233681,0.6308321355965039,0.8640140734116122,4,6,6,0.7944,0.8574,0.662,0.6158,0.4284,0.8456,0.6336,0.6158,2.613446652532529e-07,0.0001099371594997,4.997162158445766e-05,5.996553791531672e-05,36.0,53,4,36.0,r-lwf_sl8_st8_sp336_al1.0_te2.0,,,,,,,,
yahoo-a1,lstm,naive,10,10,336,B2,,,,,,,,-0.2048435333333648,-0.0821251876972364,0.2048435333333647,0.7102359562670705,0.5840956821730179,0.8725478137875899,4,6,6,0.8026,0.841,0.5686,0.6288,0.3158,0.8323,0.5595,0.6288,1.9505391745073025e-07,8.20513156947628e-05,3.72961618051502e-05,4.47551538896126e-05,26.9,37,4,26.9,r-naive_sl10_st10_sp336,,,,,,,,
yahoo-a1,lstm,cumulative,10,10,336,B2,,,,,,,,-0.2279984443589712,-0.1065814567439686,0.2279984443589712,0.6990758084792794,0.5825970640395233,0.8725478137875899,4,6,6,0.8026,0.8465,0.5251,0.6221,0.3069,0.8452,0.5562,0.6221,0.0001536073138681,0.0002320611576945,0.0001054826476261,0.0001265785100683,75.9,67,4,76.0,r-cumulative_sl10_st10_sp336,,,,,,,,
yahoo-a1,lstm,experts,10,10,336,B2,,,,,,,,-0.2325747554974944,-0.1147383382374023,0.2325747554974944,0.6904716853540882,0.5648803899763419,0.8725478137875899,4,6,6,0.8026,0.8311,0.5327,0.5955,0.2989,0.8297,0.5354,0.5955,8.801322557357124e-05,0.0001329653549997,6.043896319461054e-05,7.252639180514961e-05,43.5,77,4,43.5,r-experts_sl10_st10_sp336,,,,,,,,
yahoo-a1,lstm,random-buffer,10,10,336,B2,50.0,,,0.5,,,,-0.2125184649334371,-0.1057966086276701,0.2125184649334371,0.7107322050538201,0.6104606679034068,0.8725478137875899,4,6,6,0.8026,0.8534,0.5888,0.5982,0.3732,0.8442,0.6263,0.5982,0.0001793597387429,0.0002709664505442,0.0001231668722809,0.0001477995782632,88.7,102,4,88.7,r-random-buffer_sl10_st10_sp336_bu50_re0.5,,,,,,,,
yahoo-a1,lstm,reservoir,10,10,336,B2,50.0,,,0.5,,,,-0.241216865331759,-0.1122867691742974,0.241216865331759,0.7008371918875795,0.5638470547434189,0.8725478137875899,4,6,6,0.8026,0.8467,0.5462,0.6078,0.2816,0.8263,0.5396,0.6078,0.0001372994473435,0.0002074241642472,9.428395063668076e-05,0.0001131402136106,67.9,77,4,67.9,r-reservoir_sl10_st10_sp336_bu50_re0.5,,,,,,,,
yahoo-a1,lstm,ewc,10,10,336,B2,,,,,1000.0,,,-0.1981254618116267,-0.078078763977574,0.1981254618116267,0.7144642122868804,0.5868029095814327,0.8725478137875899,4,6,6,0.8026,0.8409,0.5887,0.6256,0.3265,0.8313,0.5637,0.6256,5.999979176440193e-05,9.064425897215388e-05,4.120204508201115e-05,4.944221389014273e-05,29.7,37,4,29.7,r-ewc_sl10_st10_sp336_la1000.0,,,,,,,,
yahoo-a1,lstm,lwf,10,10,336,B2,,,,,,1.0,2.0,-0.2008422993998534,-0.0823352362047924,0.2008422993998534,0.7126932283054331,0.5892092836483274,0.8725478137875899,4,6,6,0.8026,0.8351,0.5836,0.6295,0.3251,0.8345,0.5678,0.6295,6.066744383831075e-05,9.165290959761475e-05,4.166053258231841e-05,4.999237701529637e-05,30.0,40,4,30.0,r-lwf_sl10_st10_sp336_al1.0_te2.0,,,,,,,,
yahoo-a1,lstm,naive,16,16,336,B2,,,,,,,,-0.1927461862180749,-0.0743368204416523,0.1927461862180749,0.7194112849590819,0.5645662294104987,0.869554180548945,4,6,6,0.7787,0.8483,0.5981,0.6525,0.2826,0.8125,0.5107,0.6525,6.102582745045916e-05,9.219433509253172e-05,4.19066665513027e-05,5.0287668541229024e-05,30.2,44,4,30.2,r-naive_sl16_st16_sp336,,,,,,,,
yahoo-a1,lstm,cumulative,16,16,336,B2,,,,,,,,-0.2153393344584473,-0.1095758235140455,0.2153393344584473,0.7054172250136068,0.5804215622428283,0.869554180548945,4,6,6,0.7787,0.8431,0.521,0.6788,0.307,0.8162,0.5196,0.6788,0.0001660438019712,0.0002508494937066,0.0001140227998859,0.0001368266938207,82.1,80,4,82.1,r-cumulative_sl16_st16_sp336,,,,,,,,
yahoo-a1,lstm,experts,16,16,336,B2,,,,,,,,-0.2136700382088578,-0.0893115825842751,0.2136700382088578,0.7206737857419426,0.5707357879223776,0.8805257569655475,4,6,6,0.7787,0.8805,0.5415,0.6819,0.2746,0.8121,0.5143,0.6819,4.200947977424766e-07,0.0001767169371515,8.032610173686408e-05,9.63908354146406e-05,57.8,120,4,57.8,r-experts_sl16_st16_sp336,,,,,,,,
yahoo-a1,lstm,random-buffer,16,16,336,B2,50.0,,,0.5,,,,-0.1875914878376495,-0.0936911278434533,0.1875914878376495,0.7174447361617442,0.6063822535197471,0.869554180548945,4,6,6,0.7787,0.8685,0.5526,0.67,0.3715,0.8274,0.5567,0.67,0.0001400204602549,0.0002115349151641,9.615250648283916e-05,0.0001153824086813,69.2,87,4,69.2,r-random-buffer_sl16_st16_sp336_bu50_re0.5,,,,,,,,
yahoo-a1,lstm,reservoir,16,16,336,B2,50.0,,,0.5,,,,-0.1461592292029006,-0.0813978772235633,0.1461592292029006,0.7331804403291114,0.6455047670868085,0.869554180548945,4,6,6,0.7787,0.8629,0.6054,0.6857,0.4712,0.8471,0.578,0.6857,0.0001310190891911,0.0001979361578048,8.997125821834843e-05,0.0001079648995865,64.8,81,4,64.8,r-reservoir_sl16_st16_sp336_bu50_re0.5,,,,,,,,
yahoo-a1,lstm,ewc,16,16,336,B2,,,,,1000.0,,,-0.1877251888458451,-0.0719664886098256,0.1877251888458451,0.7181386576336064,0.5687102131774737,0.869554180548945,4,6,6,0.7787,0.8514,0.5812,0.6613,0.2881,0.8133,0.5122,0.6613,2.364122980028395e-07,9.94491182288362e-05,4.520430052006204e-05,5.424481770877415e-05,32.5,44,4,32.6,r-ewc_sl16_st16_sp336_la1000.0,,,,,,,,
yahoo-a1,lstm,lwf,16,16,336,B2,,,,,,1.0,2.0,-0.1863868208504294,-0.0799021788621018,0.1863868208504295,0.7099035132940794,0.5666534755787047,0.869554180548945,4,6,6,0.7787,0.8494,0.5517,0.6598,0.2808,0.8125,0.5136,0.6598,6.754079589372531e-05,0.0001020367773644,4.638052430689438e-05,5.565625305753201e-05,33.4,48,4,33.4,r-lwf_sl16_st16_sp336_al1.0_te2.0,,,,,,,,
yahoo-a1,lstm,naive,24,24,336,B2,,,,,,,,-0.2402379946333558,-0.1176379915258841,0.2402379946333559,0.7752171154104697,0.6142039949047315,0.9196586728302848,4,6,6,0.9082,0.882,0.6042,0.7064,0.3632,0.8315,0.5557,0.7064,2.86315871479973e-07,0.0001204415387614,5.474635306681093e-05,6.56951856946883e-05,39.4,64,4,39.4,r-naive_sl24_st24_sp336,,,,,,,,
yahoo-a1,lstm,cumulative,24,24,336,B2,,,,,,,,-0.2776217419224658,-0.1392303021358915,0.2776217419224658,0.7583058102587017,0.5923755330538748,0.9196586728302848,4,6,6,0.9082,0.8592,0.5143,0.7515,0.2899,0.8264,0.5018,0.7515,0.0001965321164951,0.0002969094981842,0.000134959244503,0.0001619502536812,97.2,104,4,97.2,r-cumulative_sl24_st24_sp336,,,,,,,,
yahoo-a1,lstm,experts,24,24,336,B2,,,,,,,,-0.2915406144394782,-0.1391179974876353,0.2915406144394784,0.7593390508594876,0.5837315759117773,0.9196586728302848,4,6,6,0.9082,0.8814,0.5198,0.7279,0.2721,0.8413,0.4936,0.7279,0.0001194239654656,0.0001804189070464,8.200881614530873e-05,9.84100909011128e-05,59.0,123,4,59.0,r-experts_sl24_st24_sp336,,,,,,,,
yahoo-a1,lstm,random-buffer,24,24,336,B2,50.0,,,0.5,,,,-0.2263667796171014,-0.0978043638353102,0.2263667796171014,0.7967023978530633,0.6265238665208697,0.9196586728302848,4,6,6,0.9082,0.8853,0.673,0.7203,0.3892,0.8488,0.5478,0.7203,0.0001290255383005,0.0001949244149656,8.860226059009115e-05,0.0001063221543755,63.8,87,4,63.8,r-random-buffer_sl24_st24_sp336_bu50_re0.5,,,,,,,,
yahoo-a1,lstm,reservoir,24,24,336,B2,50.0,,,0.5,,,,-0.2161594121385751,-0.1090851919091238,0.2161594121385751,0.7858210338786742,0.6448515162473218,0.9196586728302848,4,6,6,0.9082,0.879,0.6317,0.7244,0.4352,0.8423,0.5775,0.7244,0.0001218677207884,0.0001841107930319,8.368700914304807e-05,0.0001004237838888,60.3,81,4,60.3,r-reservoir_sl24_st24_sp336_bu50_re0.5,,,,,,,,
yahoo-a1,lstm,ewc,24,24,336,B2,,,,,1000.0,,,-0.2302040521087536,-0.1119411961261253,0.2302040521087536,0.7796958897052482,0.6229268473271157,0.9196586728302848,4,6,6,0.9082,0.8822,0.6231,0.7053,0.3834,0.8333,0.5698,0.7053,8.423611166087858e-05,0.0001272591070012,5.784523408510723e-05,6.94138729160962e-05,41.6,64,4,41.7,r-ewc_sl24_st24_sp336_la1000.0,,,,,,,,
yahoo-a1,lstm,lwf,24,24,336,B2,,,,,,1.0,2.0,-0.2164549886585901,-0.0896856007862863,0.2164549886585901,0.7906252508682031,0.6195037613768916,0.9196586728302848,4,6,6,0.9082,0.8866,0.6561,0.7116,0.3724,0.8372,0.5569,0.7116,8.18687562763096e-05,0.0001236826416794,5.621956522097915e-05,6.74630764584678e-05,40.5,62,4,40.5,r-lwf_sl24_st24_sp336_al1.0_te2.0,,,,,,,,
yahoo-a1,lstm,naive,8,4,336,B3,,,,,,,,-0.2165777547743752,-0.102039354655852,0.2165777547743752,0.7083784294561366,0.5841749814035383,0.8640293755263644,4,6,6,0.8096,0.85,0.5572,0.6167,0.314,0.8484,0.5575,0.6167,4.050117666007962e-07,0.0001703721143147,7.744208292699316e-05,9.293003138775628e-05,55.8,49,4,55.8,r-naive_sl8_st4_sp336,,,,,,,,
yahoo-a1,lstm,cumulative,8,4,336,B3,,,,,,,,-0.1963029809602475,-0.0954648936638271,0.1963029809602475,0.7185430783037277,0.5974546538646618,0.8640293755263644,4,6,6,0.8096,0.8375,0.6049,0.6223,0.3449,0.8615,0.5611,0.6223,0.0004568260038308,0.0006901466384925,0.0003137037578698,0.0003764428806227,225.9,92,4,225.9,r-cumulative_sl8_st4_sp336,,,,,,,,
yahoo-a1,lstm,experts,8,4,336,B3,,,,,,,,-0.2575486579117267,-0.1152072047744968,0.2575486579117267,0.7088389923412124,0.5718910426176158,0.8640293755263644,4,6,6,0.8096,0.8592,0.5584,0.6081,0.2854,0.8455,0.5486,0.6081,0.0001737970569278,0.0002625626685276,0.0001193469642933,0.0001432157042343,85.9,84,4,85.9,r-experts_sl8_st4_sp336,,,,,,,,
yahoo-a1,lstm,random-buffer,8,4,336,B3,50.0,,,0.5,,,,-0.2343125350372862,-0.1139721390256578,0.2343125350372862,0.7077411318986391,0.5868048257863361,0.8640293755263644,4,6,6,0.8096,0.8542,0.5437,0.6235,0.3226,0.8562,0.545,0.6235,0.0003797683594055,0.0005737323498481,0.0002607880403345,0.0003129443095135,187.8,112,4,187.8,r-random-buffer_sl8_st4_sp336_bu50_re0.5,,,,,,,,
yahoo-a1,lstm,reservoir,8,4,336,B3,50.0,,,0.5,,,,-0.1941593227456244,-0.1012452985081657,0.1941593227456244,0.7097148218310001,0.6165680355471206,0.8647036715813818,4,6,6,0.8096,0.8592,0.582,0.5881,0.3817,0.858,0.6384,0.5881,0.0002879697400703,0.0004350482381268,0.0001977496600703,0.0002372985780565,142.4,86,4,142.4,r-reservoir_sl8_st4_sp336_bu50_re0.5,,,,,,,,
yahoo-a1,lstm,ewc,8,4,336,B3,,,,,1000.0,,,-0.1960940294634302,-0.100870080020195,0.1960940294634302,0.7049156865516069,0.605793633229994,0.8640293755263644,4,6,6,0.8096,0.8453,0.5502,0.6146,0.3674,0.8564,0.5848,0.6146,4.557212719138043e-07,0.000191703557864,8.713824751385901e-05,0.0001045653103501,62.7,49,4,62.7,r-ewc_sl8_st4_sp336_la1000.0,,,,,,,,
yahoo-a1,lstm,lwf,8,4,336,B3,,,,,,1.0,2.0,-0.1948496006900467,-0.0872530339582981,0.1948496006900467,0.7092755148600945,0.588368740763568,0.8640293755263644,4,6,6,0.8096,0.8618,0.5495,0.6162,0.3315,0.8521,0.5537,0.6162,0.0001130929773038,0.0001708544116772,7.76612940386662e-05,9.319311763858424e-05,55.9,45,4,55.9,r-lwf_sl8_st4_sp336_al1.0_te2.0,,,,,,,,
yahoo-a1,lstm,naive,12,6,336,B3,,,,,,,,-0.1869758911445148,-0.0906360778319717,0.1869758911445148,0.6763347877482381,0.5689727439704997,0.8203937942609194,4,6,6,0.7144,0.8204,0.5413,0.6292,0.314,0.8068,0.5259,0.6292,7.603749516679467e-07,0.0003198590729224,0.0001453908600094,0.0001744682129131,104.7,50,4,52.3,r-naive_sl12_st6_sp336,,,,,,,,
yahoo-a1,lstm,experts,12,6,336,B3,,,,,,,,-0.1881769081119044,-0.0943918088903286,0.1881769081119044,0.6747385510658162,0.574884403011604,0.8314025679861365,4,6,6,0.7144,0.8314,0.5204,0.6327,0.3163,0.8197,0.5308,0.6327,0.0001939082853935,0.000581779437047,0.0002644457470481,0.0003173336899985,190.4,106,4,94.9,r-experts_sl12_st6_sp336,,,,,,,,
yahoo-a1,lstm,random-buffer,12,6,336,B3,50.0,,,0.5,,,,-0.1884419856087168,-0.0910523118605922,0.1884419856087168,0.6867358756251326,0.6001864630477902,0.841292452958915,4,6,6,0.7144,0.8413,0.5665,0.6248,0.3639,0.828,0.5841,0.6248,0.0003130520447074,0.000944177846224,0.0004291726772006,0.0005150051690233,309.0,102,4,154.2,r-random-buffer_sl12_st6_sp336_bu50_re0.5,,,,,,,,
yahoo-a1,lstm,reservoir,12,6,336,B3,50.0,,,0.5,,,,-0.137903172386775,-0.063270905848836,0.137903172386775,0.7014773006241629,0.629092110929473,0.8519983080218866,4,6,6,0.7144,0.852,0.6082,0.6312,0.4351,0.8346,0.6155,0.6312,0.0005459219200867,0.0008247476607455,0.0003748860865772,0.0004498615741682,269.9,89,4,134.8,r-reservoir_sl12_st6_sp336_bu50_re0.5,,,,,,,,
yahoo-a1,lstm,lwf,12,6,336,B3,,,,,,1.0,2.0,-0.1723599420202005,-0.0818156289948707,0.1723599420202005,0.6699886113349235,0.5609673645606678,0.8196351331068266,4,6,6,0.7144,0.8169,0.5235,0.6251,0.2819,0.8173,0.5196,0.6251,0.0001115260838813,0.0003363909623337,0.0001529052987261,0.0001834856636077,110.1,48,4,55.0,r-lwf_sl12_st6_sp336_al1.0_te2.0,,,,,,,,
yahoo-a1,lstm,naive,24,12,336,B3,,,,,,,,-0.2519982491035584,-0.1452437568818425,0.2519982491035584,0.7475619262234869,0.5863496110425098,0.912613449227012,4,6,6,0.8876,0.8693,0.5189,0.7145,0.3033,0.8254,0.5022,0.7145,0.0001046407091266,0.0001580852076012,7.185711961679367e-05,8.622808798449114e-05,51.7,52,4,51.7,r-naive_sl24_st12_sp336,,,,,,,,
yahoo-a1,lstm,cumulative,24,12,336,B3,,,,,,,,-0.2856534088362716,-0.1720739888985087,0.2856534088362716,0.7398408690812637,0.5869572219823735,0.912613449227012,4,6,6,0.8876,0.8624,0.5073,0.702,0.3119,0.8285,0.5055,0.702,0.0004119969730589,0.0006224214988668,0.0002829195990763,0.0003395018997904,203.7,114,4,203.7,r-cumulative_sl24_st12_sp336,,,,,,,,
yahoo-a1,lstm,experts,24,12,336,B3,,,,,,,,-0.2600949696653987,-0.1431222108200287,0.2600949696653987,0.7569977887281291,0.6045161436120248,0.912613449227012,4,6,6,0.8876,0.8649,0.5325,0.743,0.3403,0.8314,0.5034,0.743,0.000172991180043,0.0002613451957515,0.0001187935781826,0.0001425516175688,85.5,106,4,85.5,r-experts_sl24_st12_sp336,,,,,,,,
yahoo-a1,lstm,random-buffer,24,12,336,B3,50.0,,,0.5,,,,-0.203007927785684,-0.1197208739184528,0.203007927785684,0.7851357516434405,0.6659421510438298,0.912613449227012,4,6,6,0.8876,0.8988,0.6042,0.75,0.4856,0.8458,0.5824,0.75,0.0002960656552053,0.0004472790843769,0.0002033091545137,0.0002439699298632,146.4,114,4,146.4,r-random-buffer_sl24_st12_sp336_bu50_re0.5,,,,,,,,
yahoo-a1,lstm,reservoir,24,12,336,B3,50.0,,,0.5,,,,-0.1934938347168313,-0.1324875862393187,0.1934938347168312,0.7774236687418777,0.6712388112452994,0.912613449227012,4,6,6,0.8876,0.8764,0.6129,0.7328,0.5115,0.8425,0.5982,0.7328,0.000243324326227,0.0003676004964709,0.0001670915711211,0.0002005089253497,120.3,93,4,120.3,r-reservoir_sl24_st12_sp336_bu50_re0.5,,,,,,,,
yahoo-a1,lstm,ewc,24,12,336,B3,,,,,1000.0,,,-0.2416730360806581,-0.1346697256078241,0.2416730360806581,0.7547490830976289,0.5877913015297052,0.912613449227012,4,6,6,0.8876,0.8693,0.5489,0.7133,0.2992,0.8311,0.5076,0.7133,0.0001187610167466,0.000179417361981,8.155358246682833e-05,9.78637795142519e-05,58.7,55,4,58.7,r-ewc_sl24_st12_sp336_la1000.0,,,,,,,,
yahoo-a1,lstm,lwf,24,12,336,B3,,,,,,1.0,2.0,-0.2286964545866034,-0.1249357206597248,0.2286964545866034,0.7591448637292838,0.5972041604740312,0.912613449227012,4,6,6,0.8876,0.8779,0.5548,0.7164,0.3342,0.8281,0.5102,0.7164,4.711540970350108e-07,0.0001981955249192,9.00891632520749e-05,0.0001081063616671,64.9,65,4,64.9,r-lwf_sl24_st12_sp336_al1.0_te2.0,,,,,,,,
yahoo-a1,lstm,cumulative,12,12,168,B5,,,,,,,,-0.0132335922774677,-0.1386151866807785,0.0132335922774677,0.8217212706546633,0.811879730494071,0.9904358655043588,8,28,28,0.9764,0.9708,0.9871,0.8638,0.9542,0.9599,0.9784,0.8705,0.0003674993172926,0.0011046478024917,0.0005021136454843,0.0006025341570074,361.5,187,8,180.5,r-cumulative_sl12_st12_sp168,0.6574,0.6968,0.8753,0.5461,0.6329,0.6785,0.8746,0.5461
yahoo-a1,lstm,ewc,12,12,168,B5,,,,,1000.0,,,-0.0078872374071875,-0.1262844041964302,0.0078872374071875,0.8209731208974871,0.8181625260890883,0.9911830635118306,8,28,28,0.9764,0.9718,0.9869,0.9038,0.9469,0.9669,0.9817,0.8873,0.0001728110072775,0.0002610730010264,0.0001186698216466,0.0001424031793799,85.4,82,8,42.6,r-ewc_sl12_st12_sp168_la1000.0,0.6581,0.6619,0.8823,0.5267,0.7185,0.6308,0.8865,0.5267
yahoo-a1,lstm,lwf,12,12,168,B5,,,,,,1.0,2.0,-0.0027891899707977,-0.1121837440653441,0.0027891899707977,0.8129759782983912,0.816056651488952,0.9936239103362392,8,28,28,0.9764,0.9691,0.9887,0.9218,0.954,0.9649,0.9818,0.8878,0.0001605588769733,0.0002425631822489,0.0001102562540521,0.0001323069281969,79.4,72,8,39.6,r-lwf_sl12_st12_sp168_al1.0_te2.0,0.6,0.6471,0.8804,0.5203,0.7017,0.6345,0.8835,0.5203
yahoo-a1,tcn,random-buffer,12,12,336,B1,1000.0,,,0.5,,,,-0.2386118676321049,-0.1281505299225768,0.2386118676321049,0.681087850165145,0.5228789976262332,0.879670337167574,4,6,6,0.7988,0.8339,0.4954,0.5962,0.2556,0.7882,0.4515,0.5962,2.6780353338469395e-05,8.035717790454833e-05,3.6526091724065025e-05,4.38310861804833e-05,26.3,53,4,13.1,r-random-buffer_sl12_st12_sp336_bu1000_re0.5,,,,,,,,
yahoo-a1,tcn,random-buffer,12,12,336,B1,50.0,,,0.3,,,,-0.2298519486367814,-0.1132635428959435,0.2298519486367814,0.7093451272160582,0.5579528732554542,0.879670337167574,4,6,6,0.7988,0.8488,0.573,0.6168,0.3073,0.8084,0.4993,0.6168,1.7241175463396644e-07,7.252667105510934e-05,3.296678883165845e-05,3.955988222345089e-05,23.7,57,4,11.7,r-random-buffer_sl12_st12_sp336_bu50_re0.3,,,,,,,,
yahoo-a1,tcn,reservoir,12,12,336,B1,50.0,,,0.5,,,,-0.2160814524279062,-0.1227383109678007,0.2160814524279062,0.6955681641203348,0.5456400301165842,0.879670337167574,4,6,6,0.7988,0.8274,0.5735,0.5826,0.2962,0.8116,0.4922,0.5826,5.783765429111725e-05,8.737782515132696e-05,3.9717304802939506e-05,4.766052034838745e-05,28.6,58,4,13.9,r-reservoir_sl12_st12_sp336_bu50_re0.5,,,,,,,,
yahoo-a1,tcn,reservoir,12,12,336,B1,100.0,,,0.5,,,,-0.2288570090094774,-0.117555492313062,0.2288570090094774,0.6975415200593201,0.5357127418036552,0.879670337167574,4,6,6,0.7988,0.8227,0.57,0.5986,0.2664,0.8037,0.4741,0.5986,3.1214712598335804e-05,9.384729761358662e-05,4.2658045253483575e-05,5.118925236010303e-05,30.7,62,4,15.4,r-reservoir_sl12_st12_sp336_bu100_re0.5,,,,,,,,
yahoo-a1,tcn,reservoir,12,12,336,B1,250.0,,,0.5,,,,-0.1799927120256078,-0.0961256119161575,0.1799927120256078,0.7066191859865114,0.5977202530786148,0.879670337167574,4,6,6,0.7988,0.8398,0.5613,0.6265,0.3872,0.8073,0.5699,0.6265,4.781370662256358e-05,7.223421745416192e-05,3.2833826967463314e-05,3.9400390486698595e-05,23.6,43,4,11.6,r-reservoir_sl12_st12_sp336_bu250_re0.5,,,,,,,,
yahoo-a1,tcn,reservoir,12,12,336,B1,500.0,,,0.5,,,,-0.2428445969676552,-0.1141304893337368,0.2428445969676552,0.6949468090710968,0.52732079758081,0.879670337167574,4,6,6,0.7988,0.8464,0.5361,0.5985,0.2622,0.786,0.4627,0.5985,6.167268580863758e-05,9.317157175973987e-05,4.235089120338671e-05,5.082068055635318e-05,30.5,58,4,15.4,r-reservoir_sl12_st12_sp336_bu500_re0.5,,,,,,,,
yahoo-a1,tcn,reservoir,12,12,336,B1,1000.0,,,0.5,,,,-0.2732396604670257,-0.1460076450313376,0.2732396604670257,0.6813181887707368,0.5169209600523144,0.879670337167574,4,6,6,0.7988,0.8224,0.5098,0.5942,0.2511,0.7812,0.4412,0.5942,1.636232029199893e-07,6.882968182973047e-05,3.128630370354384e-05,3.754337812618663e-05,22.5,43,4,11.1,r-reservoir_sl12_st12_sp336_bu1000_re0.5,,,,,,,,
yahoo-a1,tcn,ewc,12,12,336,B1,,,,,1000.0,,,-0.226929943658342,-0.0792191556768445,0.226929943658342,0.7357213878866586,0.544591119103755,0.879670337167574,4,6,6,0.7988,0.8404,0.6505,0.6531,0.2479,0.8096,0.4678,0.6531,3.707529676958022e-05,5.601124108975961e-05,2.5459758449708015e-05,3.0551482640051595e-05,18.3,34,4,9.0,r-ewc_sl12_st12_sp336_la1000.0,,,,,,,,
yahoo-a1,tcn,ewc,12,12,336,B1,,,,,100.0,,,-0.2573775353808334,-0.1132955744131111,0.2573775353808334,0.7090556277398448,0.5278933485939588,0.879670337167574,4,6,6,0.7988,0.8407,0.5897,0.607,0.2632,0.7907,0.4506,0.607,3.723516798616975e-05,5.625276539397116e-05,2.5569531018845736e-05,3.068323437512542e-05,18.4,32,4,9.1,r-ewc_sl12_st12_sp336_la100,,,,,,,,
yahoo-a1,tcn,ewc,12,12,336,B1,,,,,500.0,,,-0.2259089041364777,-0.1050539691046597,0.2259089041364777,0.7089764411242575,0.550470177589765,0.879670337167574,4,6,6,0.7988,0.8396,0.6146,0.5829,0.3233,0.8103,0.4854,0.5829,3.55024898177774e-05,5.363513416571853e-05,2.4379705208896966e-05,2.9255428956821564e-05,17.6,32,4,8.8,r-ewc_sl12_st12_sp336_la500,,,,,,,,
yahoo-a1,tcn,ewc,12,12,336,B1,,,,,10000.0,,,-0.1741245393633854,-0.0270967832255249,0.1741245393633854,0.7920936549001825,0.5685637606184792,0.879670337167574,4,6,6,0.7988,0.8544,0.8319,0.6833,0.2722,0.8234,0.4953,0.6833,4.0047538957343914e-05,6.050153485033661e-05,2.750080318267768e-05,3.300073166765894e-05,19.8,38,4,9.6,r-ewc_sl12_st12_sp336_la10000,,,,,,,,
yahoo-a1,tcn,lwf,12,12,336,B1,,,,,,1.0,2.0,-0.2466864041941771,-0.1261891475553619,0.2466864041941771,0.6785578740300633,0.5260061868164145,0.879670337167574,4,6,6,0.7988,0.846,0.4663,0.6031,0.2737,0.7735,0.4537,0.6031,4.1512870790494194e-05,6.271527450273021e-05,2.850705005823531e-05,3.42082244444949e-05,20.5,47,4,10.4,r-lwf_sl12_st12_sp336_al1.0_te2.0,,,,,,,,
yahoo-a1,tcn,lwf,12,12,336,B1,,,,,,0.1,2.0,-0.2522319945755286,-0.1101335076443284,0.2522319945755286,0.700396715548212,0.5183349361992915,0.879670337167574,4,6,6,0.7988,0.8452,0.556,0.6016,0.2591,0.7697,0.443,0.6016,3.7312178749376016e-05,5.636910885714719e-05,2.5622426563899755e-05,3.0746682293247434e-05,18.4,38,4,9.0,r-lwf_sl12_st12_sp336_al0.1_te2.0,,,,,,,,
yahoo-a1,tcn,lwf,12,12,336,B1,,,,,,0.5,2.0,-0.254583233803716,-0.1225426163870725,0.254583233803716,0.6960411483306086,0.5182892930683343,0.879670337167574,4,6,6,0.7988,0.8378,0.5552,0.5924,0.2696,0.7698,0.4414,0.5924,3.549367163102377e-05,5.3621812152753896e-05,2.437366562468621e-05,2.924814652806769e-05,17.5,36,4,8.9,r-lwf_sl12_st12_sp336_al0.5_te2.0,,,,,,,,
yahoo-a1,tcn,lwf,12,12,336,B1,,,,,,1.0,5.0,-0.2574987688770876,-0.1271953300101148,0.2574987688770876,0.6943271376180062,0.5279276311936487,0.879670337167574,4,6,6,0.7988,0.8346,0.5455,0.5984,0.2942,0.7536,0.4655,0.5984,3.832011892623019e-05,5.789184731560656e-05,2.631459155171696e-05,3.15772557638896e-05,18.9,41,4,9.4,r-lwf_sl12_st12_sp336_al1.0_te5.0,,,,,,,,
yahoo-a1,tcn,naive,6,6,336,B2,,,,,,,,-0.1690212348963459,-0.0687361807841602,0.1690212348963459,0.7701013362192374,0.5911275548447481,0.9175769861380236,4,6,6,0.9066,0.8588,0.7561,0.5589,0.3657,0.8362,0.6036,0.5589,2.423563792247959e-05,3.661381774168048e-05,1.664270572881732e-05,1.997111201286316e-05,12.0,40,4,12.0,r-naive_sl6_st6_sp336,,,,,,,,
yahoo-a1,tcn,cumulative,6,6,336,B2,,,,,,,,-0.2148115992747115,-0.1071042833336617,0.2148115992747115,0.7181838676106763,0.5635262099361693,0.9175769861380236,4,6,6,0.9066,0.8543,0.5278,0.584,0.3118,0.8193,0.539,0.584,8.174031603089819e-05,0.0001234886014915,5.6131350173382094e-05,6.735725131817162e-05,40.4,76,4,40.4,r-cumulative_sl6_st6_sp336,,,,,,,,
yahoo-a1,tcn,experts,6,6,336,B2,,,,,,,,-0.2199205700472302,-0.0802518451961698,0.2199205700472302,0.7682354096926947,0.5434529487219759,0.9175769861380236,4,6,6,0.9066,0.8509,0.7229,0.5926,0.234,0.83,0.5172,0.5926,3.6398470225198913e-05,5.498873019823804e-05,2.4994992072849223e-05,2.999373812538882e-05,18.0,75,4,18.0,r-experts_sl6_st6_sp336,,,,,,,,
yahoo-a1,tcn,random-buffer,6,6,336,B2,50.0,,,0.5,,,,-0.1998320431463934,-0.0661477071723629,0.1998320431463934,0.7986447753171306,0.5864973348008623,0.9175769861380236,4,6,6,0.9066,0.8638,0.8105,0.6137,0.3253,0.851,0.556,0.6137,5.419874425874118e-05,8.188036768270348e-05,3.7218453240348026e-05,4.466191444235544e-05,26.8,69,4,26.8,r-random-buffer_sl6_st6_sp336_bu50_re0.5,,,,,,,,
yahoo-a1,tcn,reservoir,6,6,336,B2,50.0,,,0.5,,,,-0.1326038327862465,-0.0763516601634698,0.1326038327862465,0.7871060245248617,0.681394361715631,0.9175769861380236,4,6,6,0.9066,0.8792,0.7808,0.5819,0.5475,0.8769,0.7193,0.5819,4.116633964405917e-05,6.219175503615083e-05,2.826909982702798e-05,3.392265520912285e-05,20.4,51,4,20.4,r-reservoir_sl6_st6_sp336_bu50_re0.5,,,,,,,,
yahoo-a1,tcn,ewc,6,6,336,B2,,,,,1000.0,,,-0.0434606653451117,-0.0185674810168609,0.0434606653451117,0.8294470754628859,0.7756122666091292,0.9175769861380236,4,6,6,0.9066,0.8691,0.9002,0.6418,0.775,0.8469,0.8387,0.6418,2.639162110043696e-05,3.987095400458202e-05,1.8123226504152025e-05,2.174772750043e-05,13.0,36,4,13.1,r-ewc_sl6_st6_sp336_la1000.0,,,,,,,,
yahoo-a1,tcn,lwf,6,6,336,B2,,,,,,1.0,2.0,-0.0987942948580509,-0.0225731646721711,0.0987942948580509,0.8165605398404872,0.678291764579081,0.9192016693993144,4,6,6,0.9066,0.889,0.8864,0.5842,0.5645,0.8372,0.7272,0.5842,2.6583782270918367e-05,4.016126012714165e-05,1.82551858222319e-05,2.1906074304909756e-05,13.1,39,4,13.2,r-lwf_sl6_st6_sp336_al1.0_te2.0,,,,,,,,
yahoo-a1,tcn,naive,8,8,336,B2,,,,,,,,-0.1933478083860818,-0.0887248212605636,0.1933478083860818,0.7168365072980798,0.578229642747382,0.8494969644405899,4,6,6,0.74,0.792,0.7042,0.6312,0.3504,0.7789,0.5525,0.6312,2.0646625721332836e-05,3.1191743066948325e-05,1.4178125636600372e-05,1.701361743034795e-05,10.2,41,4,10.2,r-naive_sl8_st8_sp336,,,,,,,,
yahoo-a1,tcn,cumulative,8,8,336,B2,,,,,,,,-0.2199460218460739,-0.1129933846572179,0.2199460218460739,0.6618384667426203,0.5243218275855799,0.8494969644405899,4,6,6,0.74,0.8242,0.5083,0.5749,0.2515,0.7847,0.4862,0.5749,5.8060438824764906e-05,8.771439530214088e-05,3.987032349557719e-05,4.784407180656368e-05,28.7,73,4,28.7,r-cumulative_sl8_st8_sp336,,,,,,,,
yahoo-a1,tcn,experts,8,8,336,B2,,,,,,,,-0.1997385848956947,-0.0735091220305507,0.1997385848956947,0.6845590191483529,0.5325123044101199,0.8494969644405899,4,6,6,0.74,0.8289,0.5713,0.5981,0.2542,0.7981,0.4796,0.5981,3.157405354594568e-05,4.770027698858434e-05,2.1682059489992553e-05,2.601821749859179e-05,15.6,79,4,15.6,r-experts_sl8_st8_sp336,,,,,,,,
yahoo-a1,tcn,random-buffer,8,8,336,B2,50.0,,,0.5,,,,-0.2040602453357512,-0.0929047592382736,0.2040602453357512,0.69740259023471,0.5687012600816903,0.8494969644405899,4,6,6,0.74,0.8294,0.6337,0.5866,0.3303,0.8028,0.5552,0.5866,3.362436146364585e-05,5.079776510311704e-05,2.3089998089967088e-05,2.770776701314996e-05,16.6,53,4,16.6,r-random-buffer_sl8_st8_sp336_bu50_re0.5,,,,,,,,
yahoo-a1,tcn,reservoir,8,8,336,B2,50.0,,,0.5,,,,-0.1914372245333782,-0.0729771119621583,0.1914372245333782,0.7022276342941607,0.5504147445582093,0.8494969644405899,4,6,6,0.74,0.8386,0.6384,0.5919,0.2794,0.8025,0.5278,0.5919,3.441069657986272e-05,5.198571529123001e-05,2.362997598441628e-05,2.8355739306813728e-05,17.0,53,4,17.0,r-reservoir_sl8_st8_sp336_bu50_re0.5,,,,,,,,
yahoo-a1,tcn,ewc,8,8,336,B2,,,,,1000.0,,,-0.191538290931522,-0.0563703617961985,0.191538290931522,0.7394063748909023,0.5361678369431765,0.8517692974848221,4,6,6,0.74,0.8152,0.7708,0.6316,0.2331,0.7941,0.4858,0.6316,2.4129505205798835e-05,3.645347849427101e-05,1.6569824188870066e-05,1.9883654305400943e-05,11.9,38,4,11.9,r-ewc_sl8_st8_sp336_la1000.0,,,,,,,,
yahoo-a1,tcn,lwf,8,8,336,B2,,,,,,1.0,2.0,-0.1952553713801814,-0.0857813470371506,0.1952553713801814,0.703668071179187,0.5418038946985387,0.8494969644405899,4,6,6,0.74,0.806,0.6887,0.58,0.2723,0.8111,0.5038,0.58,2.1887708095436706e-05,3.3066699442893474e-05,1.5030381249703674e-05,1.80363181931898e-05,10.8,38,4,10.8,r-lwf_sl8_st8_sp336_al1.0_te2.0,,,,,,,,
yahoo-a1,tcn,naive,10,10,336,B2,,,,,,,,-0.2295514759106567,-0.1205078996219709,0.2295514759106567,0.6792089335226322,0.552004820794796,0.8692022547212048,4,6,6,0.7606,0.8418,0.4821,0.6323,0.3115,0.773,0.4912,0.6323,2.1377395151708127e-05,3.229574779009757e-05,1.4679945429088547e-05,1.761580236100902e-05,10.6,48,4,10.6,r-naive_sl10_st10_sp336,,,,,,,,
yahoo-a1,tcn,cumulative,10,10,336,B2,,,,,,,,-0.2059183398451427,-0.0905284928525593,0.2059183398451427,0.6870288280709133,0.5442763226529438,0.8692022547212048,4,6,6,0.7606,0.8431,0.5038,0.6407,0.2667,0.7973,0.4724,0.6407,4.814043343134529e-05,7.272781765838671e-05,3.3058214119066384e-05,3.966960353932033e-05,23.8,69,4,23.8,r-cumulative_sl10_st10_sp336,,,,,,,,
yahoo-a1,tcn,experts,10,10,336,B2,,,,,,,,-0.230280216917083,-0.121572693190351,0.230280216917083,0.6662571407999016,0.5110032733952901,0.8692022547212048,4,6,6,0.7606,0.8383,0.5214,0.5447,0.2566,0.7852,0.4575,0.5447,2.5897205648246736e-05,3.912401937413961e-05,1.7783710764100156e-05,2.1340308610039452e-05,12.8,73,4,12.8,r-experts_sl10_st10_sp336,,,,,,,,
yahoo-a1,tcn,random-buffer,10,10,336,B2,50.0,,,0.5,,,,-0.1725201450686704,-0.0918571930197673,0.1725201450686704,0.6753486959228601,0.5505359067883633,0.8692022547212048,4,6,6,0.7606,0.8342,0.5077,0.599,0.2942,0.8055,0.5035,0.599,2.6097737953473703e-05,3.9426972129020015e-05,1.7921430670604525e-05,2.150554145841549e-05,12.9,41,4,12.9,r-random-buffer_sl10_st10_sp336_bu50_re0.5,,,,,,,,
yahoo-a1,tcn,reservoir,10,10,336,B2,50.0,,,0.5,,,,-0.1992808363298064,-0.0899910118202692,0.1992808363298064,0.7034664184525377,0.5482015580160352,0.8692022547212048,4,6,6,0.7606,0.8428,0.6075,0.603,0.2775,0.8234,0.4889,0.603,3.101540645964856e-05,4.6856304873427786e-05,2.129842945594444e-05,2.555787541748335e-05,15.3,53,4,15.3,r-reservoir_sl10_st10_sp336_bu50_re0.5,,,,,,,,
yahoo-a1,tcn,ewc,10,10,336,B2,,,,,1000.0,,,-0.1888883730555459,-0.0860276602809405,0.1888883730555459,0.6968434783743792,0.5474160201764168,0.8692022547212048,4,6,6,0.7606,0.8445,0.542,0.6403,0.2589,0.8028,0.4876,0.6403,2.5810618127797728e-05,3.8993207893023886e-05,1.7724249768070875e-05,2.126895812495301e-05,12.8,52,4,12.8,r-ewc_sl10_st10_sp336_la1000.0,,,,,,,,
yahoo-a1,tcn,lwf,10,10,336,B2,,,,,,1.0,2.0,-0.23723489038994,-0.1126830919150344,0.23723489038994,0.6796212360226421,0.5257882981779338,0.8692022547212048,4,6,6,0.7606,0.8498,0.5011,0.6069,0.2431,0.7938,0.4593,0.6069,2.0700717370998252e-05,3.1273461642235313e-05,1.4215279281941346e-05,1.7058182360293964e-05,10.2,41,4,10.2,r-lwf_sl10_st10_sp336_al1.0_te2.0,,,,,,,,
yahoo-a1,tcn,naive,16,16,336,B2,,,,,,,,-0.1038437599725369,-0.0741674306212594,0.1038437599725369,0.6940929377766105,0.6231633559722302,0.907850962301224,4,6,6,0.6917,0.8772,0.5597,0.6477,0.4323,0.8588,0.5538,0.6477,5.9326311600490874e-08,2.4956186400959263e-05,1.1343788830951476e-05,1.361239757000779e-05,8.2,40,4,8.2,r-naive_sl16_st16_sp336,,,,,,,,
yahoo-a1,tcn,cumulative,16,16,336,B2,,,,,,,,-0.1066733177094802,-0.0666146736956899,0.1066733177094802,0.7166716104427997,0.6298247378243548,0.907850962301224,4,6,6,0.6917,0.8706,0.6589,0.6454,0.4317,0.8778,0.5644,0.6454,3.873660981354812e-05,5.852105796350063e-05,2.660059699103133e-05,3.19204609724693e-05,19.2,81,4,19.2,r-cumulative_sl16_st16_sp336,,,,,,,,
yahoo-a1,tcn,experts,16,16,336,B2,,,,,,,,-0.2290936515846297,-0.1315837923469337,0.2290936515846296,0.663417036542106,0.5144455570903192,0.907850962301224,4,6,6,0.6917,0.8729,0.5023,0.5868,0.2699,0.7912,0.41,0.5868,2.121174913501977e-05,3.20454992476799e-05,1.4566200983891675e-05,1.7479298263788223e-05,10.5,75,4,10.5,r-experts_sl16_st16_sp336,,,,,,,,
yahoo-a1,tcn,random-buffer,16,16,336,B2,50.0,,,0.5,,,,-0.1126831983109614,-0.0376713428243265,0.1126831983109614,0.7235051981064289,0.596159102716108,0.907850962301224,4,6,6,0.6917,0.8801,0.6724,0.6498,0.3625,0.8559,0.5165,0.6498,2.6458629001842744e-05,3.997218571538623e-05,1.8169235647009272e-05,2.180295006837696e-05,13.1,64,4,13.1,r-random-buffer_sl16_st16_sp336_bu50_re0.5,,,,,,,,
yahoo-a1,tcn,reservoir,16,16,336,B2,50.0,,,0.5,,,,-0.0955503763031388,-0.0606841230480617,0.0955503763031388,0.7059878458589284,0.64206976014206,0.907850962301224,4,6,6,0.6917,0.8788,0.5996,0.6539,0.4591,0.8624,0.593,0.6539,8.38559896275188e-08,3.527483255783509e-05,1.6034077141537433e-05,1.9240755416297663e-05,11.5,52,4,11.6,r-reservoir_sl16_st16_sp336_bu50_re0.5,,,,,,,,
yahoo-a1,tcn,ewc,16,16,336,B2,,,,,1000.0,,,-0.1117475324034978,-0.0811037938873012,0.1117475324034978,0.6806514125906835,0.6155574718420409,0.907850962301224,4,6,6,0.6917,0.8809,0.5257,0.6243,0.4319,0.8306,0.5754,0.6243,1.8816774764359324e-05,2.8427308738981887e-05,1.292156603045037e-05,1.5505742708531518e-05,9.3,46,4,9.3,r-ewc_sl16_st16_sp336_la1000.0,,,,,,,,
yahoo-a1,tcn,lwf,16,16,336,B2,,,,,,1.0,2.0,-0.1392072787923395,-0.0742257280894437,0.1392072787923395,0.6928133084160152,0.573004220180614,0.907850962301224,4,6,6,0.6917,0.8885,0.5924,0.5986,0.3654,0.807,0.5209,0.5986,1.674547558103034e-05,2.529810821909147e-05,1.1499202315462753e-05,1.3798905903628715e-05,8.3,43,4,8.3,r-lwf_sl16_st16_sp336_al1.0_te2.0,,,,,,,,
yahoo-a1,tcn,naive,24,24,336,B2,,,,,,,,-0.165320019517059,-0.1095520777790388,0.165320019517059,0.6111234308274062,0.4985077775057008,0.8127752208233592,4,6,6,0.5963,0.8001,0.4327,0.6153,0.2872,0.7412,0.3504,0.6153,1.572708483143329e-05,2.3759581632136057e-05,1.0799871354053418e-05,1.295971027808264e-05,7.8,53,4,7.8,r-naive_sl24_st24_sp336,,,,,,,,
yahoo-a1,tcn,cumulative,24,24,336,B2,,,,,,,,-0.1288858867800916,-0.0539790772500605,0.1288858867800916,0.6331222718709665,0.5393552079067252,0.8659698219683176,4,6,6,0.5963,0.866,0.4215,0.6487,0.3519,0.728,0.4289,0.6487,3.1098449757547e-05,4.6981761945515054e-05,2.1355465278288145e-05,2.56262966672269e-05,15.4,89,4,15.4,r-cumulative_sl24_st24_sp336,,,,,,,,
yahoo-a1,tcn,experts,24,24,336,B2,,,,,,,,-0.1714854780485431,-0.1795760110121599,0.1714854780485431,0.5532800150898209,0.4643922728358289,0.8127752208233592,4,6,6,0.5963,0.7592,0.3592,0.4984,0.3295,0.6483,0.3814,0.4984,2.0765230090341235e-05,3.1370923774472125e-05,1.4259578357450665e-05,1.7111345417021462e-05,10.3,94,4,10.3,r-experts_sl24_st24_sp336,,,,,,,,
yahoo-a1,tcn,random-buffer,24,24,336,B2,50.0,,,0.5,,,,-0.1333358475148809,-0.0753905842640277,0.1333358475148809,0.6403569464275962,0.5191274372967951,0.8262484802537453,4,6,6,0.5963,0.8262,0.5015,0.6374,0.3089,0.7562,0.374,0.6374,2.2496966981749345e-05,3.398713297521074e-05,1.544876464176923e-05,1.8538368333441517e-05,11.1,72,4,11.1,r-random-buffer_sl24_st24_sp336_bu50_re0.5,,,,,,,,
yahoo-a1,tcn,reservoir,24,24,336,B2,50.0,,,0.5,,,,-0.1093326560822345,-0.0238047397481023,0.1093326560822345,0.6648393641097641,0.5691668677402739,0.8683118728248476,4,6,6,0.5963,0.8683,0.5181,0.6766,0.3309,0.7909,0.4782,0.6766,1.9003555011023757e-05,2.8709485669128807e-05,1.3049824768030603e-05,1.5659660901098202e-05,9.4,54,4,9.4,r-reservoir_sl24_st24_sp336_bu50_re0.5,,,,,,,,
yahoo-a1,tcn,ewc,24,24,336,B2,,,,,1000.0,,,-0.1270956233564751,-0.090365338817544,0.1270956233564751,0.6209368114662361,0.5248378380602039,0.8127752208233592,4,6,6,0.5963,0.7827,0.4611,0.6437,0.2982,0.755,0.4025,0.6437,1.604417639775595e-05,2.4238625462296316e-05,1.1017620601665437e-05,1.322100486063088e-05,7.9,47,4,7.9,r-ewc_sl24_st24_sp336_la1000.0,,,,,,,,
yahoo-a1,tcn,lwf,24,24,336,B2,,,,,,1.0,2.0,-0.1603106412932526,-0.0951327351284434,0.1603106412932526,0.619628007128719,0.5099521480167961,0.815035687920231,4,6,6,0.5963,0.815,0.4486,0.6186,0.2918,0.752,0.3774,0.6186,1.622244892798328e-05,2.4507949420302692e-05,1.114005081019261e-05,1.3367898610110084e-05,8.0,53,4,8.0,r-lwf_sl24_st24_sp336_al1.0_te2.0,,,,,,,,
yahoo-a1,tcn,naive,8,4,336,B3,,,,,,,,-0.1492182586047491,-0.0609736026631524,0.1492182586047491,0.6351719619516502,0.5248493900632496,0.8525296328418618,4,6,6,0.5865,0.8525,0.517,0.5846,0.2406,0.7988,0.4754,0.5846,3.690317054321784e-05,5.575120261663365e-05,2.5341568171926256e-05,3.0409634444707385e-05,18.2,47,4,18.3,r-naive_sl8_st4_sp336,,,,,,,,
yahoo-a1,tcn,cumulative,8,4,336,B3,,,,,,,,-0.0534516701809593,0.0083554570686411,0.0534516701809593,0.6979986696856924,0.5899353804044263,0.845591211332755,4,6,6,0.5865,0.8433,0.7476,0.6145,0.365,0.8196,0.5606,0.6145,0.0001024444278278,0.0001547671912386,7.034892401748544e-05,8.441826722119003e-05,50.7,72,4,50.7,r-cumulative_sl8_st4_sp336,,,,,,,,
yahoo-a1,tcn,experts,8,4,336,B3,,,,,,,,-0.1004395145476031,-0.0356992411755376,0.1004395145476031,0.6329284216150624,0.5425314090700318,0.8535183579069096,4,6,6,0.5865,0.8535,0.5029,0.5888,0.2635,0.8217,0.4961,0.5888,5.3140360226217016e-05,8.028142152780978e-05,3.649166944475534e-05,4.378975208305443e-05,26.3,79,4,26.3,r-experts_sl8_st4_sp336,,,,,,,,
yahoo-a1,tcn,random-buffer,8,4,336,B3,50.0,,,0.5,,,,-0.0990329895030943,-0.0118438783840707,0.0990329895030943,0.6710481092998459,0.5526891186240093,0.8496068227811506,4,6,6,0.5865,0.8496,0.6532,0.5949,0.2772,0.8122,0.5265,0.5949,0.0001011275821771,0.000152777776031,6.944463860062469e-05,8.333313743040586e-05,50.0,96,4,50.0,r-random-buffer_sl8_st4_sp336_bu50_re0.5,,,,,,,,
yahoo-a1,tcn,reservoir,8,4,336,B3,50.0,,,0.5,,,,-0.0870200356837923,-0.0310796010253594,0.0870200356837923,0.6426113552466987,0.5695063288554935,0.8427493495229836,4,6,6,0.5865,0.8427,0.5568,0.5844,0.3152,0.8156,0.5628,0.5844,9.139786768048128e-05,0.0001380786790071,6.276321990816441e-05,7.531545909897733e-05,45.2,87,4,45.2,r-reservoir_sl8_st4_sp336_bu50_re0.5,,,,,,,,
yahoo-a1,tcn,ewc,8,4,336,B3,,,,,1000.0,,,-0.1204151241070838,-0.0378432292531071,0.1204151241070838,0.6457622816327746,0.5395353333363406,0.8576944203527032,4,6,6,0.5865,0.8577,0.536,0.6029,0.2586,0.8076,0.4891,0.6029,4.3452100009389066e-05,6.564495126251132e-05,2.9838723553499828e-05,3.5806227709011487e-05,21.5,47,4,21.5,r-ewc_sl8_st4_sp336_la1000.0,,,,,,,,
yahoo-a1,tcn,lwf,8,4,336,B3,,,,,,1.0,2.0,-0.1284930309002894,-0.0420572492637856,0.1284930309002894,0.6488738680731794,0.5356461263484484,0.8459468054350969,4,6,6,0.5865,0.8459,0.5635,0.5995,0.2498,0.8134,0.4798,0.5995,3.811319991493222e-05,5.757924588992156e-05,2.617250179302775e-05,3.140674409689382e-05,18.8,46,4,18.9,r-lwf_sl8_st4_sp336_al1.0_te2.0,,,,,,,,
yahoo-a1,tcn,naive,12,6,336,B3,,,,,,,,-0.2193331046607815,-0.1240168376387559,0.2193331046607815,0.6584327864127273,0.5242754842420196,0.8447664660853902,4,6,6,0.6841,0.8157,0.5283,0.6056,0.2807,0.7529,0.4579,0.6056,2.611518939481547e-05,7.841683869081964e-05,3.564411487184569e-05,4.2772723818973945e-05,25.7,42,4,12.8,r-naive_sl12_st6_sp336,,,,,,,,
yahoo-a1,tcn,cumulative,12,6,336,B3,,,,,,,,-0.1880309160227865,-0.0903193180010177,0.1880309160227865,0.6670817594923415,0.5145970579977939,0.8447664660853902,4,6,6,0.6841,0.8365,0.5439,0.6038,0.2447,0.7548,0.4551,0.6038,0.0001742539476781,0.0002632529129814,0.0001196606618675,0.0001435922511139,86.2,87,4,42.9,r-cumulative_sl12_st6_sp336,,,,,,,,
yahoo-a1,tcn,random-buffer,12,6,336,B3,50.0,,,0.5,,,,-0.2215968519857841,-0.1260798177584007,0.2215968519857841,0.6514939122291945,0.5251617607294696,0.8447664660853902,4,6,6,0.6841,0.8409,0.4802,0.6007,0.2521,0.7854,0.4624,0.6007,5.019331948356697e-05,0.000150470125128,6.839568304518859e-05,8.207444208286082e-05,49.2,61,4,24.7,r-random-buffer_sl12_st6_sp336_bu50_re0.5,,,,,,,,
yahoo-a1,tcn,reservoir,12,6,336,B3,50.0,,,0.5,,,,-0.2063819903626035,-0.1220782420186636,0.2063819903626035,0.648184284313696,0.5333616298237238,0.8447664660853902,4,6,6,0.6841,0.8335,0.478,0.5971,0.2641,0.8053,0.4669,0.5971,9.697978492486914e-05,0.0001465115208117,6.659634699204213e-05,7.991517381975427e-05,47.9,60,4,24.0,r-reservoir_sl12_st6_sp336_bu50_re0.5,,,,,,,,
yahoo-a1,tcn,naive,24,12,336,B3,,,,,,,,-0.1946957739504586,-0.0899754127045787,0.1946957739504586,0.7076025158330607,0.5680464120984491,0.8845370917578513,4,6,6,0.7761,0.8845,0.4946,0.6751,0.2911,0.8314,0.4745,0.6751,2.274034011101879e-05,3.4354807200531165e-05,1.5615889352435865e-05,1.8738917848095297e-05,11.2,64,4,11.3,r-naive_sl24_st12_sp336,,,,,,,,
yahoo-a1,tcn,cumulative,24,12,336,B3,,,,,,,,-0.1955486618154325,-0.0885406454345271,0.1955486618154325,0.7287213317737058,0.5912896419042961,0.8787804620824553,4,6,6,0.7761,0.8788,0.5724,0.6876,0.3975,0.8101,0.4699,0.6876,7.34247287274546e-05,0.0001109258870741,5.042101950384676e-05,6.050486757031953e-05,36.3,126,4,36.3,r-cumulative_sl24_st12_sp336,,,,,,,,
yahoo-a1,tcn,experts,24,12,336,B3,,,,,,,,-0.257129855871098,-0.1539822441585926,0.257129855871098,0.6518273079135207,0.4695178606032154,0.8699375784746224,4,6,6,0.7761,0.8644,0.4175,0.5493,0.2761,0.7197,0.3329,0.5493,2.6031613271423948e-05,3.932707473558064e-05,1.787601556861773e-05,2.1451059166962903e-05,12.9,86,4,12.9,r-experts_sl24_st12_sp336,,,,,,,,
yahoo-a1,tcn,random-buffer,24,12,336,B3,50.0,,,0.5,,,,-0.1665568994061426,-0.0461845066475134,0.1665568994061426,0.7646213065421417,0.6142377610164379,0.8902280564559616,4,6,6,0.7761,0.8901,0.6643,0.728,0.3569,0.8533,0.5187,0.728,3.82851378679346e-05,5.783899993040703e-05,2.6290564583097068e-05,3.1548435347309956e-05,18.9,88,4,18.9,r-random-buffer_sl24_st12_sp336_bu50_re0.5,,,,,,,,
yahoo-a1,tcn,reservoir,24,12,336,B3,50.0,,,0.5,,,,-0.1715096519228851,-0.1185223915575503,0.1715096519228851,0.7138056679205811,0.6129532670239566,0.8699375784746224,4,6,6,0.7761,0.8287,0.5875,0.6629,0.4099,0.8399,0.5392,0.6629,3.5954094154479327e-05,5.4317392207708e-05,2.4689834084387665e-05,2.962755812332034e-05,17.8,81,4,17.8,r-reservoir_sl24_st12_sp336_bu50_re0.5,,,,,,,,
yahoo-a1,tcn,ewc,24,12,336,B3,,,,,1000.0,,,-0.1959430678802317,-0.0807403407946086,0.1959430678802317,0.7553192174634157,0.5976592332357954,0.8699375784746224,4,6,6,0.7761,0.8423,0.7127,0.6902,0.359,0.8295,0.512,0.6902,2.097074181595564e-05,3.168139915331267e-05,1.4400701098687324e-05,1.728069805462534e-05,10.4,45,4,10.4,r-ewc_sl24_st12_sp336_la1000.0,,,,,,,,
yahoo-a1,tcn,lwf,24,12,336,B3,,,,,,1.0,2.0,-0.2044641774795773,-0.0872243609152122,0.2044641774795773,0.740835758804148,0.5731776115624321,0.8699375784746224,4,6,6,0.7761,0.8576,0.6514,0.6783,0.3023,0.8348,0.4773,0.6783,2.4502223088740095e-05,3.701655938691046e-05,1.682577390003846e-05,2.0190785486872e-05,12.1,66,4,12.1,r-lwf_sl24_st12_sp336_al1.0_te2.0,,,,,,,,
yahoo-a1,tcn,naive,12,12,168,B5,,,,,,,,-0.0108884315125909,-0.0807126681896129,0.0108884315125909,0.7844128035833093,0.7770282069832832,0.9888916562889164,8,28,28,0.9823,0.977,0.9861,0.9084,0.9609,0.9719,0.9814,0.8032,2.808578233330041e-05,8.3343189128985e-05,3.7883376213721935e-05,4.545981291526308e-05,27.3,80,8,13.4,r-naive_sl12_st12_sp168,0.6329,0.5428,0.6721,0.5737,0.6039,0.5673,0.7539,0.5737
yahoo-a1,tcn,cumulative,12,12,168,B5,,,,,,,,-0.0078773832429025,-0.1025419668849067,0.0078773832429025,0.8038587109311458,0.7867279683345014,0.9888916562889164,8,28,28,0.9823,0.975,0.9831,0.9105,0.9633,0.9642,0.9853,0.8967,0.0001478347278342,0.0002233402643712,0.0001015185423602,0.000121821722011,73.1,134,8,36.2,r-cumulative_sl12_st12_sp168,0.6086,0.6169,0.7632,0.5912,0.6341,0.5689,0.6902,0.5912
yahoo-a1,tcn,random-buffer,12,12,168,B5,50.0,,,0.5,,,,0.0043687390160508,-0.0435223651876763,-0.0043687390160508,0.8252592322711377,0.8308525435526024,0.9888916562889164,8,28,28,0.9823,0.9806,0.988,0.9111,0.9729,0.9774,0.9837,0.8906,6.638569185922324e-05,0.0001002917121539,4.5587308680276485e-05,5.470440347368519e-05,32.8,79,8,16.3,r-random-buffer_sl12_st12_sp168_bu50_re0.5,0.6668,0.6419,0.8271,0.6042,0.7594,0.645,0.8137,0.6042
yahoo-a1,tcn,ewc,12,12,168,B5,,,,,1000.0,,,-0.0072300060944438,-0.0614567085206056,0.0072300060944438,0.8101238025953578,0.7845048206850522,0.9888916562889164,8,28,28,0.9823,0.9747,0.988,0.8832,0.9712,0.9775,0.9828,0.8611,6.016232610406064e-05,9.088980657061458e-05,4.131363240626848e-05,4.957617416434611e-05,29.7,77,8,14.9,r-ewc_sl12_st12_sp168_la1000.0,0.6519,0.656,0.7563,0.5885,0.5604,0.5846,0.7499,0.5885
yahoo-a1,vgru,cumulative,12,12,336,B1,,,,,,,,-0.0089839969367246,-0.012153296552497,0.0089839969367246,0.904051497292512,0.8976011988032766,0.9840241527633574,4,6,6,0.984,0.9179,0.9449,0.7693,0.9635,0.9109,0.9466,0.7693,0.0001385160990795,0.0004188480407309,0.0001903859286452,0.0002284621120856,137.1,53,4,68.2,r-cumulative_sl12_st12_sp336,,,,,,,,
yahoo-a1,vgru,random-buffer,12,12,336,B1,1000.0,,,0.5,,,,-0.0211315869503655,-0.0175904498002261,0.0211315869503655,0.8965357948945666,0.8728890207297718,0.9840241527633574,4,6,6,0.984,0.9167,0.9455,0.74,0.9185,0.8995,0.9336,0.74,0.0001346868317797,0.0002034771738528,9.248985642269772e-05,0.0001109873174301,66.6,32,4,33.3,r-random-buffer_sl12_st12_sp336_bu1000_re0.5,,,,,,,,
yahoo-a1,vgru,random-buffer,12,12,336,B1,50.0,,,,,,,-0.0359124301056049,-0.02828380046872,0.0359124301056049,0.889778107155937,0.8586926391393916,0.9840241527633574,4,6,6,0.984,0.9158,0.9323,0.7269,0.8937,0.8903,0.9238,0.7269,0.0001358632823109,0.0002052544881313,9.329775653831246e-05,0.0001119567315932,67.2,47,4,33.5,r-random-buffer_sl12_st12_sp336_bu50,,,,,,,,
yahoo-a1,vgru,reservoir,12,12,336,B1,100.0,,,0.5,,,,-0.0142027283938597,-0.0148688632901053,0.0142027283938597,0.9001650191205905,0.8863670692141641,0.9840241527633574,4,6,6,0.984,0.9184,0.9462,0.7521,0.9462,0.905,0.9422,0.7521,0.0001640942535628,0.0002479042273045,0.0001126839794567,0.0001352202478478,81.1,38,4,40.3,r-reservoir_sl12_st12_sp336_bu100_re0.5,,,,,,,,
yahoo-a1,vgru,reservoir,12,12,336,B1,250.0,,,0.5,,,,-0.0200009427619894,-0.0195872180913524,0.0200009427619894,0.896758978427096,0.8799003056989015,0.9840241527633574,4,6,6,0.984,0.9159,0.9408,0.7463,0.9342,0.902,0.9372,0.7463,0.0001762377711521,0.000266249960195,0.0001210229410291,0.0001452270191659,87.1,42,4,43.4,r-reservoir_sl12_st12_sp336_bu250_re0.5,,,,,,,,
yahoo-a1,vgru,reservoir,12,12,336,B1,500.0,,,0.5,,,,-0.0143350974891376,-0.0164314684727123,0.0143350974891376,0.898923362913045,0.8851481566351915,0.9840241527633574,4,6,6,0.984,0.9175,0.9452,0.7489,0.9437,0.9062,0.9418,0.7489,0.0001553981499638,0.0002347666505981,0.0001067123570589,0.0001280542935392,76.8,34,4,38.3,r-reservoir_sl12_st12_sp336_bu500_re0.5,,,,,,,,
yahoo-a1,vgru,ewc,12,12,336,B1,,,,,100.0,,,-0.0375997906317801,-0.0307288337458456,0.0375997906317801,0.8875786187993213,0.8543438014911746,0.9840241527633574,4,6,6,0.984,0.912,0.9308,0.7235,0.8871,0.8868,0.9201,0.7235,0.0001451936747518,0.0002193503121978,9.970493657294556e-05,0.0001196453756249,71.8,45,4,35.7,r-ewc_sl12_st12_sp336_la100,,,,,,,,
yahoo-a1,vgru,ewc,12,12,336,B1,,,,,5000.0,,,-0.0344132422447079,-0.0287041081282648,0.0344132422447079,0.8895226379732153,0.8597262489593668,0.9840241527633574,4,6,6,0.984,0.9121,0.9337,0.7283,0.8978,0.8885,0.9243,0.7283,0.0001453175623319,0.0002195374744788,9.978999739590412e-05,0.000119747477083,71.8,45,4,35.7,r-ewc_sl12_st12_sp336_la5000,,,,,,,,
yahoo-a1,vgru,lwf,12,12,336,B1,,,,,,1.0,2.0,-0.0317194081037951,-0.0241163860323185,0.0317194081037951,0.8923446549183516,0.8624190867878861,0.9840241527633574,4,6,6,0.984,0.917,0.937,0.7314,0.9014,0.8921,0.9249,0.7314,0.0001304223263955,0.0001970346026527,8.956141695703587e-05,0.0001074731856957,64.5,40,4,32.1,r-lwf_sl12_st12_sp336_al1.0_te2.0,,,,,,,,
yahoo-a1,vgru,lwf,12,12,336,B1,,,,,,0.1,2.0,-0.0367894596105077,-0.0282294857212937,0.0367894596105077,0.889356649791369,0.8581172520473197,0.9840241527633574,4,6,6,0.984,0.9165,0.9297,0.7272,0.8929,0.89,0.9224,0.7272,6.20814405704566e-05,0.000187342060383,8.515575156327234e-05,0.0001021863088198,61.3,37,4,30.6,r-lwf_sl12_st12_sp336_al0.1_te2.0,,,,,,,,
yahoo-a1,vgru,lwf,12,12,336,B1,,,,,,1.0,1.0,-0.0193560606234584,-0.0178194560996814,0.0193560606234584,0.8967630813579992,0.8761068360885327,0.9840241527633574,4,6,6,0.984,0.918,0.9438,0.7412,0.9281,0.9011,0.934,0.7412,0.0001114234631258,0.0001683322049985,7.651482604107717e-05,9.181737895744544e-05,55.1,31,4,27.4,r-lwf_sl12_st12_sp336_al1.0_te1.0,,,,,,,,
yahoo-a1,vgru,lwf,12,12,336,B1,,,,,,1.0,5.0,-0.0363979962469809,-0.0279415044596481,0.0363979962469809,0.8895357997534573,0.8583759314403842,0.9840241527633574,4,6,6,0.984,0.9166,0.9302,0.7273,0.8934,0.8901,0.9227,0.7273,0.0001240867741516,0.0001874632121288,8.521081469953061e-05,0.0001022523974293,61.4,37,4,30.6,r-lwf_sl12_st12_sp336_al1.0_te5.0,,,,,,,,
yahoo-a1,vgru,naive,6,6,336,B2,,,,,,,,-0.0390677916614416,-0.0292830976757956,0.0390677916614416,0.8888492156227856,0.8535562698076173,0.9857812460411968,4,6,6,0.9858,0.9231,0.9361,0.7104,0.8915,0.8881,0.9242,0.7104,5.860284307560445e-05,8.853382866907245e-05,4.024278408614918e-05,4.829104458292325e-05,29.0,34,4,29.0,r-naive_sl6_st6_sp336,,,,,,,,
yahoo-a1,vgru,cumulative,6,6,336,B2,,,,,,,,-0.0111837346607486,-0.0135697213167759,0.0111837346607486,0.9013366113649092,0.888562012762323,0.9857812460411968,4,6,6,0.9858,0.9243,0.9495,0.7457,0.9554,0.909,0.9441,0.7457,0.0001273124233502,0.00019233633873,8.74258581031528e-05,0.0001049104806268,62.9,34,4,63.0,r-cumulative_sl6_st6_sp336,,,,,,,,
yahoo-a1,vgru,experts,6,6,336,B2,,,,,,,,-0.0323341942360372,-0.0283577050634206,0.0323341942360372,0.89204167145688,0.8719590685922722,0.9857812460411968,4,6,6,0.9858,0.9239,0.9303,0.7282,0.9249,0.8986,0.9361,0.7282,2.25950772982505e-07,9.50483766117961e-05,4.3203961749612864e-05,5.184441486218323e-05,31.1,38,4,31.1,r-experts_sl6_st6_sp336,,,,,,,,
yahoo-a1,vgru,random-buffer,6,6,336,B2,50.0,,,0.5,,,,-0.0334590778531459,-0.0233077439754646,0.0334590778531459,0.89134313200014,0.8522630464551115,0.9857812460411968,4,6,6,0.9858,0.9238,0.9447,0.7111,0.8869,0.8876,0.9234,0.7111,8.621032576153204e-05,0.0001302416369224,5.920095775573929e-05,7.104067916671435e-05,42.6,32,4,42.6,r-random-buffer_sl6_st6_sp336_bu50_re0.5,,,,,,,,
yahoo-a1,vgru,reservoir,6,6,336,B2,50.0,,,0.5,,,,-0.0202446910854418,-0.0208339816186584,0.0202446910854418,0.8966369937798001,0.8776284614258635,0.9857812460411968,4,6,6,0.9858,0.9214,0.9448,0.7345,0.9337,0.9026,0.9398,0.7345,3.260967005007097e-07,0.0001371757289958,6.235277656362288e-05,7.482295243224751e-05,44.9,34,4,44.9,r-reservoir_sl6_st6_sp336_bu50_re0.5,,,,,,,,
yahoo-a1,vgru,ewc,6,6,336,B2,,,,,1000.0,,,-0.0382341802180267,-0.0289015425395929,0.0382341802180267,0.8896503508311181,0.858250772937297,0.9857812460411968,4,6,6,0.9858,0.9228,0.9347,0.7154,0.8993,0.8903,0.9281,0.7154,7.50784393280069e-05,0.0001134242186105,5.1556641666684304e-05,6.186757694386567e-05,37.1,38,4,37.1,r-ewc_sl6_st6_sp336_la1000.0,,,,,,,,
yahoo-a1,vgru,lwf,6,6,336,B2,,,,,,1.0,2.0,-0.0332332313666763,-0.0280297708614386,0.0332332313666763,0.8902130943734298,0.8585772810986333,0.9857812460411968,4,6,6,0.9858,0.9205,0.9391,0.7155,0.9033,0.8889,0.9267,0.7155,7.670797316941626e-05,0.0001158860252798,5.26756104191817e-05,6.321041486070802e-05,37.9,43,4,37.9,r-lwf_sl6_st6_sp336_al1.0_te2.0,,,,,,,,
yahoo-a1,vgru,naive,8,8,336,B2,,,,,,,,-0.0426184264396124,-0.0303447589942493,0.0426184264396124,0.8891081144969493,0.8501463656770718,0.9855737933022248,4,6,6,0.9856,0.9232,0.937,0.7107,0.878,0.8891,0.9228,0.7107,6.374143939055394e-05,9.62969265303885e-05,4.377148680699368e-05,5.252543972339481e-05,31.5,42,4,31.5,r-naive_sl8_st8_sp336,,,,,,,,
yahoo-a1,vgru,cumulative,8,8,336,B2,,,,,,,,-0.0090625713883279,-0.0127243437076329,0.0090625713883279,0.9048205166407112,0.8970100754801411,0.9855737933022248,4,6,6,0.9856,0.9267,0.9477,0.7593,0.9632,0.9174,0.9482,0.7593,4.912326978069846e-07,0.0002066417824063,9.39283410876265e-05,0.0001127134413186,67.6,42,4,67.6,r-cumulative_sl8_st8_sp336,,,,,,,,
yahoo-a1,vgru,experts,8,8,336,B2,,,,,,,,-0.0459943971052163,-0.0302367066755855,0.0459943971052163,0.8877719678720118,0.8401103486980877,0.9855737933022248,4,6,6,0.9856,0.9239,0.9381,0.7035,0.8579,0.884,0.9151,0.7035,7.083214987778555e-05,0.0001070091670032,4.864068582214208e-05,5.836848118109628e-05,35.0,49,4,35.0,r-experts_sl8_st8_sp336,,,,,,,,
yahoo-a1,vgru,random-buffer,8,8,336,B2,50.0,,,0.5,,,,-0.0392294841042934,-0.024531174946719,0.0392294841042934,0.8926098102945531,0.853179355051601,0.9855737933022248,4,6,6,0.9856,0.9296,0.9406,0.7146,0.8832,0.8919,0.923,0.7146,3.112949445085914e-07,0.0001309492272694,5.952255219971347e-05,7.142667506976675e-05,42.9,36,4,42.9,r-random-buffer_sl8_st8_sp336_bu50_re0.5,,,,,,,,
yahoo-a1,vgru,reservoir,8,8,336,B2,50.0,,,0.5,,,,-0.0162705982390035,-0.0136772743137247,0.0162705982390035,0.9024244692489906,0.8871773041540276,0.9855737933022248,4,6,6,0.9856,0.9276,0.9493,0.7472,0.9452,0.9094,0.9469,0.7472,7.063367591729409e-05,0.000106709323878,4.850440214181112e-05,5.8204921736226726e-05,34.9,28,4,34.9,r-reservoir_sl8_st8_sp336_bu50_re0.5,,,,,,,,
yahoo-a1,vgru,ewc,8,8,336,B2,,,,,1000.0,,,-0.0395224283059394,-0.0273104394843526,0.0395224283059394,0.8910740889062285,0.8534394101934153,0.9855737933022248,4,6,6,0.9856,0.9271,0.9405,0.7112,0.8856,0.8903,0.9266,0.7112,6.826723026519769e-05,0.0001031342329281,4.687937251162819e-05,5.625486041652039e-05,33.8,37,4,33.8,r-ewc_sl8_st8_sp336_la1000.0,,,,,,,,
yahoo-a1,vgru,lwf,8,8,336,B2,,,,,,1.0,2.0,-0.0337138582672585,-0.0255387620870088,0.0337138582672585,0.8923765493628998,0.8586801167113917,0.9855737933022248,4,6,6,0.9856,0.9258,0.9411,0.7171,0.8966,0.8937,0.9273,0.7171,5.8142243754058286e-05,8.78379815176595e-05,3.992647019719395e-05,4.791151132046556e-05,28.7,32,4,28.8,r-lwf_sl8_st8_sp336_al1.0_te2.0,,,,,,,,
yahoo-a1,vgru,naive,10,10,336,B2,,,,,,,,-0.0406531364671581,-0.0365229923156129,0.0406531364671581,0.8863707066533754,0.8516917102388472,0.9849598034292624,4,6,6,0.985,0.9162,0.9335,0.7108,0.8836,0.8904,0.922,0.7108,2.1433043572012637e-07,9.016016942448912e-05,4.0982019909036654e-05,4.917814951545248e-05,29.5,39,4,29.5,r-naive_sl10_st10_sp336,,,,,,,,
yahoo-a1,vgru,cumulative,10,10,336,B2,,,,,,,,-0.0080727228637428,-0.0140079114952484,0.0080727228637428,0.9034750442606588,0.8972547744721326,0.9849598034292624,4,6,6,0.985,0.9195,0.9485,0.761,0.9672,0.9129,0.9479,0.761,0.0001169050211518,0.0001766134298273,8.027905989502971e-05,9.633436993230136e-05,57.8,41,4,57.8,r-cumulative_sl10_st10_sp336,,,,,,,,
yahoo-a1,vgru,experts,10,10,336,B2,,,,,,,,-0.040489395276783,-0.0342576276791725,0.040489395276783,0.8867484870581764,0.8510267955038139,0.9849598034292624,4,6,6,0.985,0.9166,0.9336,0.7119,0.8809,0.8895,0.9218,0.7119,2.414674932890025e-07,0.0001015756349876,4.617090491940164e-05,5.540473006820927e-05,33.2,47,4,33.3,r-experts_sl10_st10_sp336,,,,,,,,
yahoo-a1,vgru,random-buffer,10,10,336,B2,50.0,,,0.5,,,,-0.0331103599635323,-0.0290565888584036,0.0331103599635323,0.8895718510988277,0.8562143792925937,0.9849598034292624,4,6,6,0.985,0.9157,0.9415,0.7162,0.8896,0.8937,0.9254,0.7162,7.89516844495803e-05,0.0001192756961496,5.421638732788981e-05,6.50593088218011e-05,39.0,35,4,39.0,r-random-buffer_sl10_st10_sp336_bu50_re0.5,,,,,,,,
yahoo-a1,vgru,reservoir,10,10,336,B2,50.0,,,0.5,,,,-0.0101996370401443,-0.0104022031566833,0.0101996370401443,0.903472495117266,0.8923578041287535,0.9849598034292624,4,6,6,0.985,0.9258,0.9503,0.7528,0.958,0.9128,0.9458,0.7528,8.655288065635763e-05,0.0001307591492951,5.94361278357812e-05,7.132302145939322e-05,42.8,39,4,42.8,r-reservoir_sl10_st10_sp336_bu50_re0.5,,,,,,,,
yahoo-a1,vgru,ewc,10,10,336,B2,,,,,1000.0,,,-0.0387806321678314,-0.0358386200968804,0.0387806321678314,0.88713044642009,0.8546843228544052,0.9849598034292624,4,6,6,0.985,0.9158,0.9348,0.713,0.8902,0.8914,0.9242,0.713,6.988827183265895e-05,0.0001055832099549,4.799253217643127e-05,5.759067777854702e-05,34.6,41,4,34.6,r-ewc_sl10_st10_sp336_la1000.0,,,,,,,,
yahoo-a1,vgru,lwf,10,10,336,B2,,,,,,1.0,2.0,-0.0321156491793701,-0.0285025637241138,0.0321156491793701,0.8905120386231409,0.8593820580652585,0.9849598034292624,4,6,6,0.985,0.916,0.9412,0.7198,0.8979,0.8918,0.928,0.7198,6.012109858850581e-05,9.082752239450605e-05,4.128536163156645e-05,4.95421607629396e-05,29.7,35,4,29.7,r-lwf_sl10_st10_sp336_al1.0_te2.0,,,,,,,,
yahoo-a1,vgru,naive,16,16,336,B2,,,,,,,,-0.0401799254430296,-0.029214982753406,0.0401799254430296,0.8934491010784137,0.8574746917625166,0.9846430630838428,4,6,6,0.9846,0.9193,0.9282,0.7417,0.8808,0.8935,0.914,0.7417,5.725748132871588e-05,8.650133297183655e-05,3.931890526501876e-05,4.718242770681779e-05,28.3,34,4,28.4,r-naive_sl16_st16_sp336,,,,,,,,
yahoo-a1,vgru,cumulative,16,16,336,B2,,,,,,,,-0.0081871287372265,-0.0123797919650726,0.0081871287372265,0.9086508589634036,0.90107076872861,0.9846430630838428,4,6,6,0.9846,0.9236,0.9451,0.7812,0.9628,0.9166,0.9437,0.7812,0.0001272202136177,0.000192197033532,8.736254693358205e-05,0.0001048344865984,62.9,49,4,62.9,r-cumulative_sl16_st16_sp336,,,,,,,,
yahoo-a1,vgru,experts,16,16,336,B2,,,,,,,,-0.0245140591630887,-0.0210119882987449,0.0245140591630887,0.9006315512536414,0.8783226476285088,0.9846430630838428,4,6,6,0.9846,0.9221,0.936,0.7597,0.9213,0.9043,0.928,0.7597,7.375212777365671e-05,0.0001114205028562,5.064585931637945e-05,6.077464353991672e-05,36.5,55,4,36.5,r-experts_sl16_st16_sp336,,,,,,,,
yahoo-a1,vgru,random-buffer,16,16,336,B2,50.0,,,0.5,,,,-0.0365215413516182,-0.0233625252139707,0.0365215413516182,0.8962667544511201,0.8541533316820622,0.9846430630838428,4,6,6,0.9846,0.923,0.9389,0.7385,0.8748,0.8923,0.911,0.7385,8.378152175472809e-05,0.0001265723385313,5.753304172475409e-05,6.903929680663472e-05,41.4,40,4,41.4,r-random-buffer_sl16_st16_sp336_bu50_re0.5,,,,,,,,
yahoo-a1,vgru,reservoir,16,16,336,B2,50.0,,,0.5,,,,-0.0079271004109158,-0.0112506299850099,0.0079271004109158,0.9077847526286348,0.8986744398666197,0.9846430630838428,4,6,6,0.9846,0.9238,0.947,0.7756,0.9599,0.9163,0.9429,0.7756,7.730126897813491e-05,0.0001167823427061,5.30830472203282e-05,6.369929548585787e-05,38.2,36,4,38.2,r-reservoir_sl16_st16_sp336_bu50_re0.5,,,,,,,,
yahoo-a1,vgru,ewc,16,16,336,B2,,,,,1000.0,,,-0.0383522863978131,-0.0277205754543376,0.0383522863978131,0.8941622059987421,0.8578208733306203,0.9846430630838428,4,6,6,0.9846,0.9194,0.9303,0.7422,0.8804,0.8935,0.9152,0.7422,6.658179895851943e-05,0.0001005879795604,4.572197824082752e-05,5.4866001319605855e-05,32.9,39,4,32.9,r-ewc_sl16_st16_sp336_la1000.0,,,,,,,,
yahoo-a1,vgru,lwf,16,16,336,B2,,,,,,1.0,2.0,-0.0332810423471441,-0.0239963541288754,0.0332810423471441,0.8970274973657866,0.8629326265471213,0.9846430630838428,4,6,6,0.9846,0.9227,0.9362,0.7445,0.8895,0.8982,0.9195,0.7445,7.073598748160134e-05,0.0001068638903466,4.8574675000014e-05,5.828921534664309e-05,35.0,45,4,35.0,r-lwf_sl16_st16_sp336_al1.0_te2.0,,,,,,,,
yahoo-a1,vgru,naive,24,24,336,B2,,,,,,,,-0.0344235243462303,-0.0232545672384218,0.0344235243462303,0.9010243024923028,0.8698739925773777,0.9824427798585104,4,6,6,0.9824,0.9248,0.931,0.7658,0.8921,0.9015,0.92,0.7658,5.9315956080868017e-05,8.961115907347349e-05,4.07324581012492e-05,4.887870097222428e-05,29.3,30,4,29.3,r-naive_sl24_st24_sp336,,,,,,,,
yahoo-a1,vgru,cumulative,24,24,336,B2,,,,,,,,-0.0137967036473215,-0.0129597306939314,0.0137967036473215,0.9103774832534944,0.899628546728593,0.9824427798585104,4,6,6,0.9824,0.9274,0.9416,0.79,0.9499,0.9181,0.9405,0.79,0.0001199614770113,0.0001812309487938,8.237792546149448e-05,9.885302333238844e-05,59.3,44,4,59.3,r-cumulative_sl24_st24_sp336,,,,,,,,
yahoo-a1,vgru,experts,24,24,336,B2,,,,,,,,-0.0255654050307141,-0.0201878292015908,0.0255654050307141,0.904366784324262,0.8799086855154112,0.9824427798585104,4,6,6,0.9824,0.9239,0.9393,0.7718,0.9144,0.9063,0.9271,0.7718,6.362915753143627e-05,9.61272975097462e-05,4.369444716269047e-05,5.243285034705575e-05,31.5,35,4,31.5,r-experts_sl24_st24_sp336,,,,,,,,
yahoo-a1,vgru,random-buffer,24,24,336,B2,50.0,,,0.5,,,,-0.0210014916520559,-0.0121558957768984,0.0210014916520559,0.908659058225745,0.8840072216874594,0.9824427798585104,4,6,6,0.9824,0.9269,0.9444,0.7809,0.9208,0.9065,0.9278,0.7809,8.685567434627902e-05,0.0001312165927101,5.964406527798725e-05,7.157252743219335e-05,42.9,38,4,43.0,r-random-buffer_sl24_st24_sp336_bu50_re0.5,,,,,,,,
yahoo-a1,vgru,reservoir,24,24,336,B2,50.0,,,0.5,,,,-0.0114155147562308,-0.0079105930072639,0.0114155147562308,0.9126165032871676,0.8997420781981176,0.983116937161881,4,6,6,0.9824,0.9281,0.9463,0.7936,0.9494,0.9165,0.9395,0.7936,9.189743715952512e-05,0.000138833400047,6.310630393628445e-05,7.572709611073758e-05,45.4,42,4,45.4,r-reservoir_sl24_st24_sp336_bu50_re0.5,,,,,,,,
yahoo-a1,vgru,ewc,24,24,336,B2,,,,,1000.0,,,-0.0283371960762742,-0.0203571771287701,0.0283371960762742,0.9036276260791628,0.8766371380416862,0.9824427798585104,4,6,6,0.9824,0.9257,0.937,0.7694,0.9074,0.9055,0.9243,0.7694,7.207477790188054e-05,0.0001088864584589,4.9494017418085905e-05,5.9392441040836274e-05,35.6,40,4,35.6,r-ewc_sl24_st24_sp336_la1000.0,,,,,,,,
yahoo-a1,vgru,lwf,24,24,336,B2,,,,,,1.0,2.0,-0.0285767153811558,-0.0201535004676883,0.0285767153811558,0.9040300015977356,0.8779821106895696,0.9824427798585104,4,6,6,0.9824,0.9249,0.9367,0.7721,0.9092,0.9061,0.9245,0.7721,6.268595407118363e-05,9.470235958579e-05,4.3046685764178015e-05,5.165567382161195e-05,31.0,30,4,31.0,r-lwf_sl24_st24_sp336_al1.0_te2.0,,,,,,,,
yahoo-a1,vgru,naive,8,4,336,B3,,,,,,,,-0.044004850449171,-0.0331573472239222,0.044004850449171,0.889099810111735,0.8485552732709214,0.985866988684646,4,6,6,0.9859,0.9222,0.9383,0.7101,0.8718,0.8883,0.924,0.7101,9.334835654903394e-05,0.0001410253662026,6.410265266119191e-05,7.692271354142578e-05,46.2,34,4,46.2,r-naive_sl8_st4_sp336,,,,,,,,
yahoo-a1,vgru,cumulative,8,4,336,B3,,,,,,,,-0.0110712248631243,-0.0143009471120016,0.0110712248631243,0.9048499725079135,0.8954177121514093,0.985866988684646,4,6,6,0.9859,0.9303,0.9468,0.7564,0.9622,0.9169,0.9461,0.7564,0.0002006709694995,0.0003031622409446,0.0001378013778911,0.0001653608630535,99.2,34,4,99.2,r-cumulative_sl8_st4_sp336,,,,,,,,
yahoo-a1,vgru,experts,8,4,336,B3,,,,,,,,-0.042479447039608,-0.0364189638653593,0.042479447039608,0.8874679548345481,0.8546879171171766,0.985866988684646,4,6,6,0.9859,0.9231,0.9269,0.7141,0.8867,0.8949,0.9231,0.7141,0.0001104329277193,0.0001668357606731,7.583464525588271e-05,9.100111541726315e-05,54.6,43,4,54.6,r-experts_sl8_st4_sp336,,,,,,,,
yahoo-a1,vgru,random-buffer,8,4,336,B3,50.0,,,0.5,,,,-0.0331732704213258,-0.0284539493686307,0.0331732704213258,0.8927280599014135,0.8590714931729402,0.985866988684646,4,6,6,0.9859,0.9225,0.9438,0.7188,0.8947,0.8956,0.9272,0.7188,5.582408381523755e-07,0.0002348294043185,0.0001067409252896,0.0001280884790288,76.9,37,4,76.9,r-random-buffer_sl8_st4_sp336_bu50_re0.5,,,,,,,,
yahoo-a1,vgru,reservoir,8,4,336,B3,50.0,,,0.5,,,,-0.0194961036499433,-0.0193406884441212,0.0194961036499433,0.9002730751229465,0.8827921670553824,0.985866988684646,4,6,6,0.9859,0.9282,0.9457,0.7413,0.9377,0.909,0.9431,0.7413,0.0001478463029576,0.0002233577514067,0.0001015264905057,0.0001218312609009,73.1,35,4,73.1,r-reservoir_sl8_st4_sp336_bu50_re0.5,,,,,,,,
yahoo-a1,vgru,ewc,8,4,336,B3,,,,,1000.0,,,-0.0438352414849247,-0.0324050526072992,0.0438352414849247,0.8893914505086684,0.8478448196233812,0.985866988684646,4,6,6,0.9859,0.9229,0.9401,0.7087,0.8714,0.8878,0.9235,0.7087,4.544063448846691e-07,0.0001911504210996,8.688682019775216e-05,0.0001042636009018,62.6,41,4,62.6,r-ewc_sl8_st4_sp336_la1000.0,,,,,,,,
yahoo-a1,vgru,lwf,8,4,336,B3,,,,,,1.0,2.0,-0.0409445952247443,-0.0316309137451599,0.0409445952247443,0.8894816462170754,0.8498207868629087,0.985866988684646,4,6,6,0.9859,0.9223,0.9392,0.7105,0.8758,0.8908,0.9221,0.7105,9.56087365143214e-05,0.0001444402191699,6.565487222332093e-05,7.878534694667907e-05,47.3,31,4,47.3,r-lwf_sl8_st4_sp336_al1.0_te2.0,,,,,,,,
yahoo-a1,vgru,naive,12,6,336,B3,,,,,,,,-0.0374206940329335,-0.0303804041407743,0.0374206940329335,0.8881058993384161,0.8544133877071449,0.9844547685918384,4,6,6,0.9845,0.9125,0.9332,0.7223,0.8862,0.888,0.9211,0.7223,9.433291733736622e-05,0.000283477790119,0.0001288538740747,0.0001546239160443,92.8,38,4,46.3,r-naive_sl12_st6_sp336,,,,,,,,
yahoo-a1,vgru,experts,12,6,336,B3,,,,,,,,-0.0301827178945608,-0.0273779474246639,0.0301827178945608,0.8921604397164119,0.8668925409758114,0.9844547685918384,4,6,6,0.9845,0.915,0.9352,0.7339,0.91,0.8938,0.9299,0.7339,0.000102720081779,0.0003094299609616,0.000140650310822,0.0001687796501396,101.3,43,4,50.6,r-experts_sl12_st6_sp336,,,,,,,,
yahoo-a1,vgru,lwf,12,6,336,B3,,,,,,1.0,2.0,-0.033475603467665,-0.0262680411755123,0.033475603467665,0.8914527134005195,0.8588344110252832,0.9844547685918384,4,6,6,0.9845,0.915,0.9386,0.7278,0.8937,0.8894,0.9245,0.7278,0.0002125874351381,0.0003211649567144,0.0001459844247709,0.0001751805319435,105.1,40,4,52.4,r-lwf_sl12_st6_sp336_al1.0_te2.0,,,,,,,,
yahoo-a1,vgru,naive,24,12,336,B3,,,,,,,,-0.0380608735426169,-0.0285475109955886,0.0380608735426169,0.9030662057766528,0.8730230940367487,0.987270079067832,4,6,6,0.9873,0.9254,0.924,0.7756,0.8975,0.9012,0.9177,0.7756,3.075131881568567e-07,0.000129358394907,5.879944004635843e-05,7.055895486070465e-05,42.3,33,4,42.3,r-naive_sl24_st12_sp336,,,,,,,,
yahoo-a1,vgru,cumulative,24,12,336,B3,,,,,,,,-0.0106328964743892,-0.0150692183268981,0.0106328964743892,0.9153918117028929,0.9077389077080752,0.987270079067832,4,6,6,0.9873,0.9288,0.9427,0.8028,0.9623,0.9232,0.9427,0.8028,6.190922861874682e-07,0.0002604271541021,0.0001183763107647,0.0001420508433373,85.2,37,4,85.2,r-cumulative_sl24_st12_sp336,,,,,,,,
yahoo-a1,vgru,experts,24,12,336,B3,,,,,,,,-0.0390861240137791,-0.0299540474973818,0.0390861240137791,0.9019743653395708,0.8743739780283362,0.987270079067832,4,6,6,0.9873,0.9268,0.9179,0.776,0.9004,0.9028,0.9183,0.776,9.717381874912189e-05,0.0001468046560327,6.672958408663465e-05,8.007507194609693e-05,48.0,41,4,48.1,r-experts_sl24_st12_sp336,,,,,,,,
yahoo-a1,vgru,random-buffer,24,12,336,B3,50.0,,,0.5,,,,-0.0345588281327784,-0.022588156990205,0.0345588281327784,0.907230290977068,0.8706663044691836,0.987270079067832,4,6,6,0.9873,0.9298,0.9369,0.775,0.8938,0.8982,0.9157,0.775,0.0001207909477309,0.0001824840657882,8.294750787123728e-05,9.95365579170175e-05,59.7,34,4,59.7,r-random-buffer_sl24_st12_sp336_bu50_re0.5,,,,,,,,
yahoo-a1,vgru,reservoir,24,12,336,B3,50.0,,,0.5,,,,-0.0194612062758487,-0.017062732087771,0.0194612062758487,0.9122221059566704,0.8917298778520916,0.987270079067832,4,6,6,0.9873,0.9282,0.9429,0.7905,0.9336,0.9108,0.932,0.7905,0.0001402718872286,0.0002119147566777,9.632514473374208e-05,0.0001155896119439,69.4,41,4,69.4,r-reservoir_sl24_st12_sp336_bu50_re0.5,,,,,,,,
yahoo-a1,vgru,ewc,24,12,336,B3,,,,,1000.0,,,-0.0369736061262088,-0.0279964888318865,0.0369736061262088,0.903156837119372,0.8736229274463805,0.987270079067832,4,6,6,0.9873,0.9268,0.9236,0.7749,0.8993,0.9016,0.9186,0.7749,9.561443676904966e-05,0.0001444488307893,6.565878113550651e-05,7.879004965381076e-05,47.3,34,4,47.3,r-ewc_sl24_st12_sp336_la1000.0,,,,,,,,
yahoo-a1,vgru,lwf,24,12,336,B3,,,,,,1.0,2.0,-0.0281280982461937,-0.0199579322344159,0.0281280982461937,0.9086341091545282,0.8803820791379646,0.987270079067832,4,6,6,0.9873,0.9278,0.9379,0.7816,0.9109,0.9053,0.9238,0.7816,8.535030737485754e-05,0.0001289423702571,5.861038101914649e-05,7.033198923803865e-05,42.2,29,4,42.2,r-lwf_sl24_st12_sp336_al1.0_te2.0,,,,,,,,
yahoo-a1,vgru,cumulative,12,12,168,B5,,,,,,,,0.0038715540888882,0.003246865494678,-0.0038715540888882,0.9611921614261296,0.9636839946095066,0.9999003735990036,8,28,28,0.9641,0.9927,0.9999,0.9875,0.9854,0.9843,0.9997,0.9926,0.0004926952887983,0.000744335905824,0.0003383352674192,0.0004060006384046,243.6,103,8,121.9,r-cumulative_sl12_st12_sp168,0.9627,0.9372,0.9732,0.8722,0.9672,0.934,0.974,0.8722
yahoo-a1,vgru,reservoir,12,12,168,B5,50.0,,,0.5,,,,0.0024603926696103,0.0008341407101995,-0.0024603926696103,0.958775140379208,0.9612665177961004,0.9998007471980076,8,28,28,0.9641,0.9932,0.9997,0.9931,0.9848,0.9804,0.9998,0.9936,9.413030471314151e-05,0.0002827475617034,0.0001285218942709,0.0001542256674325,92.5,58,8,46.2,r-reservoir_sl12_st12_sp168_bu50_re0.5,0.968,0.9246,0.9627,0.8649,0.9692,0.9266,0.971,0.8649
yahoo-a1,vgru,lwf,12,12,168,B5,,,,,,1.0,2.0,0.0012037956675144,-0.0015773040651901,-0.0012037956675144,0.956388937705548,0.9583597116804236,0.9999003735990036,8,28,28,0.9641,0.9919,0.9998,0.9917,0.9856,0.9707,0.9998,0.9916,0.0001706115147411,0.0002577501333095,0.0001171594268513,0.0001405907064583,84.4,68,8,41.2,r-lwf_sl12_st12_sp168_al1.0_te2.0,0.9708,0.9145,0.9598,0.8585,0.9713,0.921,0.9684,0.8585
yahoo-a1,vlstm,cumulative,12,12,336,B1,,,,,,,,-0.0106590265046694,-0.0133652358049856,0.0106590265046694,0.9013789853888856,0.8908916320831326,0.9843925685277244,4,6,6,0.9844,0.9155,0.9471,0.7586,0.9537,0.9085,0.9427,0.7586,0.0002117325704597,0.0003198734759773,0.0001453973738974,0.0001744761020798,104.7,34,4,52.3,r-cumulative_sl12_st12_sp336,,,,,,,,
yahoo-a1,vlstm,experts,12,12,336,B1,,,,,,,,-0.0342509643959717,-0.0299286499785556,0.0342509643959717,0.8893216295864175,0.862517650427642,0.9843925685277244,4,6,6,0.9844,0.9134,0.9298,0.7297,0.9019,0.8921,0.9265,0.7297,5.79120760159135e-05,0.0001738013776817,7.90007959475689e-05,9.480058173416182e-05,56.9,37,4,28.5,r-experts_sl12_st12_sp336,,,,,,,,
yahoo-a1,vlstm,random-buffer,12,12,336,B1,250.0,,,0.5,,,,-0.0301834762808868,-0.0228355204618666,0.0301834762808868,0.892252784153003,0.8600939069783078,0.9843925685277244,4,6,6,0.9844,0.9158,0.9409,0.7279,0.8963,0.8915,0.9246,0.7279,0.0001306444638484,0.0001973701952309,8.971396273053768e-05,0.0001076562325004,64.6,26,4,32.2,r-random-buffer_sl12_st12_sp336_bu250_re0.5,,,,,,,,
yahoo-a1,vlstm,random-buffer,12,12,336,B1,500.0,,,0.5,,,,-0.022871306930633,-0.0185109565517166,0.022871306930633,0.8959375595303467,0.8705856480519283,0.9843925685277244,4,6,6,0.9844,0.9169,0.9446,0.7378,0.915,0.8976,0.9319,0.7378,0.0001452151272042,0.0002193827213377,9.97196711250581e-05,0.0001196630502127,71.8,28,4,35.9,r-random-buffer_sl12_st12_sp336_bu500_re0.5,,,,,,,,
yahoo-a1,vlstm,random-buffer,12,12,336,B1,1000.0,,,0.5,,,,-0.0240452528689921,-0.0201171766775592,0.0240452528689921,0.8952328312016549,0.8697587501440043,0.9843925685277244,4,6,6,0.9844,0.9162,0.9433,0.7371,0.9144,0.8963,0.9313,0.7371,7.857504889784859e-05,0.0002370879751169,0.0001077674907405,0.0001293204843765,77.6,37,4,38.7,r-random-buffer_sl12_st12_sp336_bu1000_re0.5,,,,,,,,
yahoo-a1,vlstm,random-buffer,12,12,336,B1,50.0,,,,,,,-0.038015746823684,-0.0297388761205461,0.038015746823684,0.8885159671802361,0.8552875088425793,0.9843925685277244,4,6,6,0.9844,0.9129,0.9328,0.724,0.8868,0.8881,0.9222,0.724,5.22857776418321e-05,0.0001585481941573,7.206751325219456e-05,8.648068090512728e-05,51.9,30,4,25.8,r-random-buffer_sl12_st12_sp336_bu50,,,,,,,,
yahoo-a1,vlstm,random-buffer,12,12,336,B1,50.0,,,0.3,,,,-0.0314760688818774,-0.0242517137804765,0.0314760688818774,0.8926310901235477,0.8608655243860432,0.9843925685277244,4,6,6,0.9844,0.9153,0.941,0.7298,0.8968,0.8902,0.9267,0.7298,6.525934174134093e-05,0.0001970302722383,8.955946307525868e-05,0.000107470809163,64.5,34,4,32.2,r-random-buffer_sl12_st12_sp336_bu50_re0.3,,,,,,,,
yahoo-a1,vlstm,reservoir,12,12,336,B1,100.0,,,0.5,,,,-0.0145125507083313,-0.0150345510191027,0.0145125507083313,0.9002503984788675,0.8864392060983235,0.9843925685277244,4,6,6,0.9844,0.9169,0.9466,0.7531,0.9457,0.9052,0.9417,0.7531,0.0001251702335426,0.0001891000407033,8.595480723306537e-05,0.0001031452334703,61.9,24,4,30.9,r-reservoir_sl12_st12_sp336_bu100_re0.5,,,,,,,,
yahoo-a1,vlstm,reservoir,12,12,336,B1,1000.0,,,0.5,,,,-0.0179618864369724,-0.01755581862985,0.0179618864369724,0.8979353901762851,0.8798525824113468,0.9843925685277244,4,6,6,0.9844,0.9163,0.9448,0.7463,0.9332,0.9017,0.9382,0.7463,0.0001360129013444,0.0002054805240229,9.340046180425108e-05,0.0001120800622187,67.2,30,4,33.5,r-reservoir_sl12_st12_sp336_bu1000_re0.5,,,,,,,,
yahoo-a1,vlstm,reservoir,12,12,336,B1,50.0,,,,,,,-0.0365426235756355,-0.0292232525169683,0.0365426235756355,0.8890386458321943,0.8575549138970625,0.9843925685277244,4,6,6,0.9844,0.913,0.933,0.7258,0.891,0.8896,0.9237,0.7258,5.2262151122473526e-05,0.0001578133195161,7.17335062508937e-05,8.607981326524168e-05,51.6,30,4,25.8,r-reservoir_sl12_st12_sp336_bu50,,,,,,,,
yahoo-a1,vlstm,reservoir,12,12,336,B1,50.0,,,0.3,,,,-0.0287635291317187,-0.0217237003841283,0.0287635291317187,0.8949023738450009,0.8679112160947902,0.9843925685277244,4,6,6,0.9844,0.9162,0.9407,0.7383,0.9093,0.8945,0.9295,0.7383,0.0001422600412911,0.0002149183462971,9.769039421355248e-05,0.0001172279520837,70.3,39,4,35.1,r-reservoir_sl12_st12_sp336_bu50_re0.3,,,,,,,,
yahoo-a1,vlstm,ewc,12,12,336,B1,,,,,1000.0,,,-0.038847128277804,-0.030341791469936,0.038847128277804,0.8879827595071287,0.8533729400963402,0.9843925685277244,4,6,6,0.9844,0.913,0.9324,0.7221,0.8839,0.8868,0.9207,0.7221,6.090624191722377e-05,0.000183227666864,8.328547852967556e-05,9.994218833434084e-05,60.0,33,4,30.0,r-ewc_sl12_st12_sp336_la1000.0,,,,,,,,
yahoo-a1,vlstm,ewc,12,12,336,B1,,,,,100.0,,,-0.0434496125862561,-0.0340387075730108,0.0434496125862561,0.8853002186790637,0.8507064607402386,0.9843925685277244,4,6,6,0.9844,0.9128,0.9253,0.7188,0.8803,0.8853,0.9184,0.7188,0.0001082783409673,0.0001635807340509,7.435505717552992e-05,8.922567687540626e-05,53.5,26,4,26.7,r-ewc_sl12_st12_sp336_la100,,,,,,,,
yahoo-a1,vlstm,ewc,12,12,336,B1,,,,,500.0,,,-0.0392037548334207,-0.0307366083720962,0.0392037548334207,0.8876426627123216,0.852824205580534,0.9843925685277244,4,6,6,0.9844,0.9129,0.9318,0.7214,0.8833,0.8865,0.92,0.7214,6.09496080229168e-05,0.0001838558164912,8.357109808970967e-05,0.0001002847184015,60.2,33,4,30.0,r-ewc_sl12_st12_sp336_la500,,,,,,,,
yahoo-a1,vlstm,ewc,12,12,336,B1,,,,,5000.0,,,-0.03752856564349,-0.0292205590040056,0.03752856564349,0.8890650784054437,0.8558273700728207,0.9843925685277244,4,6,6,0.9844,0.9137,0.9338,0.7244,0.8876,0.8877,0.9236,0.7244,6.0576724988698054e-05,0.0001831412743665,8.324625457300701e-05,9.989501979357252e-05,59.9,33,4,29.9,r-ewc_sl12_st12_sp336_la5000,,,,,,,,
yahoo-a1,vlstm,ewc,12,12,336,B1,,,,,10000.0,,,-0.0333828691154116,-0.0278626870999703,0.0333828691154116,0.8907558051810727,0.862895141663909,0.9843925685277244,4,6,6,0.9844,0.9139,0.9348,0.73,0.9032,0.8905,0.9279,0.73,0.0001215721234712,0.0001836642214858,8.348393530209756e-05,0.0001001802861837,60.1,33,4,29.9,r-ewc_sl12_st12_sp336_la10000,,,,,,,,
yahoo-a1,vlstm,lwf,12,12,336,B1,,,,,,1.0,2.0,-0.0339628576816617,-0.0260891683407564,0.0339628576816617,0.8909758073437706,0.8583004388469371,0.9843925685277244,4,6,6,0.9844,0.9157,0.9372,0.7267,0.8919,0.8902,0.9245,0.7267,5.225923509817215e-05,0.000157468656854,7.157682893642534e-05,8.589182791765779e-05,51.5,27,4,25.8,r-lwf_sl12_st12_sp336_al1.0_te2.0,,,,,,,,
yahoo-a1,vlstm,lwf,12,12,336,B1,,,,,,1.0,5.0,-0.0385947900104775,-0.0296088378108336,0.0385947900104775,0.8881768780492898,0.853808184543072,0.9843925685277244,4,6,6,0.9844,0.9146,0.9311,0.7226,0.8837,0.8879,0.921,0.7226,0.0001051259889113,0.0001588183405869,7.219031579701955e-05,8.662802478997037e-05,52.0,27,4,26.2,r-lwf_sl12_st12_sp336_al1.0_te5.0,,,,,,,,
yahoo-a1,vlstm,naive,6,6,336,B2,,,,,,,,-0.0393698840062453,-0.0328062303291147,0.0393698840062453,0.8885105527052222,0.8537395098493754,0.9862322328916364,4,6,6,0.9862,0.9215,0.9352,0.7111,0.8901,0.8889,0.9249,0.7111,6.249296089482487e-05,9.441079651626448e-05,4.2914149363059555e-05,5.149664715320493e-05,30.9,38,4,30.9,r-naive_sl6_st6_sp336,,,,,,,,
yahoo-a1,vlstm,cumulative,6,6,336,B2,,,,,,,,-0.0123874132032799,-0.0164761138284722,0.0123874132032799,0.9009610230636363,0.887238539835917,0.9862322328916364,4,6,6,0.9862,0.9249,0.949,0.7437,0.954,0.9081,0.9431,0.7437,0.0001147664602643,0.0001733826141658,7.881051944504079e-05,9.45720947207883e-05,56.7,32,4,56.8,r-cumulative_sl6_st6_sp336,,,,,,,,
yahoo-a1,vlstm,experts,6,6,336,B2,,,,,,,,-0.0419677174983118,-0.0341709636174316,0.0419677174983118,0.8875453653189451,0.8527904681080163,0.9862322328916364,4,6,6,0.9862,0.923,0.931,0.7099,0.8871,0.8901,0.9241,0.7099,6.370016879990731e-05,9.623457727889115e-05,4.3743153528905366e-05,5.2491423749985794e-05,31.5,39,4,31.5,r-experts_sl6_st6_sp336,,,,,,,,
yahoo-a1,vlstm,random-buffer,6,6,336,B2,50.0,,,0.5,,,,-0.0339716623501888,-0.0249372179495394,0.0339716623501888,0.8917399848425323,0.8520409385910264,0.9862322328916364,4,6,6,0.9862,0.9256,0.9453,0.7098,0.8871,0.8885,0.9228,0.7098,8.315733687271287e-05,0.0001256293556571,5.710441718692892e-05,6.852493847021832e-05,41.1,32,4,41.1,r-random-buffer_sl6_st6_sp336_bu50_re0.5,,,,,,,,
yahoo-a1,vlstm,reservoir,6,6,336,B2,50.0,,,0.5,,,,-0.0217424359414664,-0.0247133003312909,0.0217424359414664,0.895866661214775,0.8766534702294466,0.9862322328916364,4,6,6,0.9862,0.9208,0.9433,0.7331,0.9323,0.9017,0.9395,0.7331,3.541368949339482e-07,0.0001489711078103,6.771434149187472e-05,8.125676631849879e-05,48.8,39,4,48.8,r-reservoir_sl6_st6_sp336_bu50_re0.5,,,,,,,,
yahoo-a1,vlstm,ewc,6,6,336,B2,,,,,1000.0,,,-0.0370470797509032,-0.0309433879020771,0.0370470797509032,0.8898503349896634,0.8561142236874513,0.9862322328916364,4,6,6,0.9862,0.9223,0.9378,0.713,0.8952,0.8904,0.9259,0.713,2.849371968454128e-07,0.0001198615859507,5.448269976962669e-05,6.537888618108505e-05,39.2,42,4,39.2,r-ewc_sl6_st6_sp336_la1000.0,,,,,,,,
yahoo-a1,vlstm,lwf,6,6,336,B2,,,,,,1.0,2.0,-0.0337059619179154,-0.0300548171344967,0.0337059619179154,0.8906841838699124,0.8588267597532275,0.9862322328916364,4,6,6,0.9862,0.9209,0.9396,0.716,0.9025,0.8889,0.9279,0.716,7.767051658446804e-05,0.0001173401809031,5.333659166677131e-05,6.400358923633272e-05,38.4,44,4,38.4,r-lwf_sl6_st6_sp336_al1.0_te2.0,,,,,,,,
yahoo-a1,vlstm,naive,8,8,336,B2,,,,,,,,-0.0391612831694384,-0.0321375219556278,0.0391612831694384,0.8902581383817106,0.8529105931146976,0.9860856428681466,4,6,6,0.9861,0.9239,0.9392,0.7118,0.8859,0.8904,0.9235,0.7118,4.89273588819115e-05,7.391665968992229e-05,3.3598599480723755e-05,4.0318060209198544e-05,24.2,27,4,24.2,r-naive_sl8_st8_sp336,,,,,,,,
yahoo-a1,vlstm,cumulative,8,8,336,B2,,,,,,,,-0.0112112288880587,-0.0170044970510069,0.0112112288880587,0.9028828139645744,0.8918231464738555,0.9860856428681466,4,6,6,0.9861,0.9267,0.9481,0.7506,0.9573,0.9144,0.9449,0.7506,8.238080646203461e-05,0.0001244562178582,5.657117667724378e-05,6.78850411809981e-05,40.7,24,4,40.7,r-cumulative_sl8_st8_sp336,,,,,,,,
yahoo-a1,vlstm,experts,8,8,336,B2,,,,,,,,-0.0380339212847007,-0.0303072677020069,0.0380339212847007,0.89092323716544,0.8515416327735814,0.9860856428681466,4,6,6,0.9861,0.9245,0.9421,0.7111,0.8821,0.8913,0.9216,0.7111,4.761185311419657e-05,7.192926870102787e-05,3.2695237035578534e-05,3.923403166544934e-05,23.5,26,4,23.5,r-experts_sl8_st8_sp336,,,,,,,,
yahoo-a1,vlstm,random-buffer,8,8,336,B2,50.0,,,0.5,,,,-0.0386497778231412,-0.0284189555027331,0.0386497778231412,0.8918766515178163,0.8539677452270514,0.9860856428681466,4,6,6,0.9861,0.9283,0.9391,0.7139,0.8859,0.8938,0.9222,0.7139,8.341052546220931e-05,0.0001260118585192,5.727831435118181e-05,6.87335441680625e-05,41.2,34,4,41.3,r-random-buffer_sl8_st8_sp336_bu50_re0.5,,,,,,,,
yahoo-a1,vlstm,reservoir,8,8,336,B2,50.0,,,0.5,,,,-0.0147085508531081,-0.0178605906036439,0.0147085508531081,0.9020205514769312,0.8878611535980642,0.9860856428681466,4,6,6,0.9861,0.9273,0.948,0.7467,0.9493,0.9114,0.9441,0.7467,6.792138822639163e-05,0.000102611754526,4.664187598456112e-05,5.596987854146088e-05,33.6,26,4,33.6,r-reservoir_sl8_st8_sp336_bu50_re0.5,,,,,,,,
yahoo-a1,vlstm,ewc,8,8,336,B2,,,,,1000.0,,,-0.037214169738368,-0.0322487890482661,0.037214169738368,0.890947278612221,0.8587593424452785,0.9860856428681466,4,6,6,0.9861,0.9243,0.9375,0.716,0.897,0.8936,0.9284,0.716,2.0988205192657898e-07,8.828891378529889e-05,4.013143316001839e-05,4.8157480625280494e-05,28.9,29,4,28.9,r-ewc_sl8_st8_sp336_la1000.0,,,,,,,,
yahoo-a1,vlstm,lwf,8,8,336,B2,,,,,,1.0,2.0,-0.0365593475215171,-0.0306246370793458,0.0365593475215171,0.8911908447639624,0.8549490018966778,0.9860856428681466,4,6,6,0.9861,0.9246,0.9405,0.7136,0.8904,0.8919,0.9239,0.7136,1.946158033981087e-07,8.186701878387896e-05,3.721239496436384e-05,4.465462381951511e-05,26.8,28,4,26.8,r-lwf_sl8_st8_sp336_al1.0_te2.0,,,,,,,,
yahoo-a1,vlstm,naive,10,10,336,B2,,,,,,,,-0.0408136569279998,-0.0339308179544084,0.0408136569279998,0.8861187222572813,0.8519948073413364,0.9851206872175392,4,6,6,0.9851,0.9153,0.9325,0.7115,0.8839,0.8895,0.9231,0.7115,5.206714897580777e-05,7.866007525887754e-05,3.575468622794789e-05,4.290538903092965e-05,25.7,31,4,25.8,r-naive_sl10_st10_sp336,,,,,,,,
yahoo-a1,vlstm,cumulative,10,10,336,B2,,,,,,,,-0.0084854167739241,-0.0127514953638357,0.0084854167739241,0.9026152022906442,0.8952086446110121,0.9851206872175392,4,6,6,0.9851,0.919,0.9487,0.7577,0.9635,0.9124,0.9473,0.7577,3.528863377783237e-07,0.0001484450488554,6.747521232593701e-05,8.096983652949955e-05,48.6,32,4,48.6,r-cumulative_sl10_st10_sp336,,,,,,,,
yahoo-a1,vlstm,experts,10,10,336,B2,,,,,,,,-0.0425661411783121,-0.0340550793910344,0.0425661411783121,0.8857374351032477,0.8475125098403273,0.9851206872175392,4,6,6,0.9851,0.9141,0.9351,0.7087,0.8741,0.8877,0.9195,0.7087,5.2009415756833064e-05,7.857285520863822e-05,3.5715047916811374e-05,4.285780729182685e-05,25.7,31,4,25.7,r-experts_sl10_st10_sp336,,,,,,,,
yahoo-a1,vlstm,random-buffer,10,10,336,B2,50.0,,,0.5,,,,-0.033188357107767,-0.0270380082922979,0.033188357107767,0.8898978943674274,0.8559553275705734,0.9851206872175392,4,6,6,0.9851,0.9163,0.9425,0.7156,0.8901,0.8928,0.9253,0.7156,7.624589084664242e-05,0.0001151879376949,5.235832991699378e-05,6.282960777791837e-05,37.7,32,4,37.7,r-random-buffer_sl10_st10_sp336_bu50_re0.5,,,,,,,,
yahoo-a1,vlstm,reservoir,10,10,336,B2,50.0,,,0.5,,,,-0.011278711301241,-0.0099027015624108,0.011278711301241,0.9028817459538666,0.8907484620797372,0.9851206872175392,4,6,6,0.9851,0.9254,0.9502,0.7508,0.9552,0.9114,0.9456,0.7508,8.179672754319949e-05,0.0001235738247828,5.6170226101272016e-05,6.740359868155792e-05,40.4,34,4,40.5,r-reservoir_sl10_st10_sp336_bu50_re0.5,,,,,,,,
yahoo-a1,vlstm,ewc,10,10,336,B2,,,,,1000.0,,,-0.0390009015785248,-0.0329331923023343,0.0390009015785248,0.8871464079995731,0.8542046690614912,0.9851206872175392,4,6,6,0.9851,0.9152,0.935,0.7133,0.888,0.8902,0.9254,0.7133,6.576545199219665e-05,9.93546891830758e-05,4.516152216561346e-05,5.419316701746236e-05,32.5,31,4,32.5,r-ewc_sl10_st10_sp336_la1000.0,,,,,,,,
yahoo-a1,vlstm,lwf,10,10,336,B2,,,,,,1.0,2.0,-0.0345333485711551,-0.0279432295120866,0.0345333485711551,0.8898976592501232,0.8578370090438382,0.9851206872175392,4,6,6,0.9851,0.917,0.9396,0.7179,0.894,0.8918,0.9277,0.7179,5.3297148033425946e-05,8.051828759321426e-05,3.65993415516439e-05,4.391894604157036e-05,26.4,26,4,26.4,r-lwf_sl10_st10_sp336_al1.0_te2.0,,,,,,,,
yahoo-a1,vlstm,naive,16,16,336,B2,,,,,,,,-0.040453485341737,-0.0295357736376457,0.040453485341737,0.8934338806454784,0.8557042501565764,0.9846430630838426,4,6,6,0.9846,0.9203,0.9289,0.7399,0.8771,0.8931,0.9127,0.7399,5.50705441653242e-05,8.319743319543907e-05,3.781714305643821e-05,4.538029013900087e-05,27.2,30,4,27.2,r-naive_sl16_st16_sp336,,,,,,,,
yahoo-a1,vlstm,cumulative,16,16,336,B2,,,,,,,,-0.0088272418192605,-0.0110045275697395,0.0088272418192605,0.9092320711412676,0.90154945810165,0.9846430630838426,4,6,6,0.9846,0.9233,0.945,0.784,0.962,0.917,0.9432,0.784,3.309202604785338e-07,0.0001392048061232,6.327512042803898e-05,7.592968569525205e-05,45.6,30,4,45.6,r-cumulative_sl16_st16_sp336,,,,,,,,
yahoo-a1,vlstm,experts,16,16,336,B2,,,,,,,,-0.0412570043907414,-0.0292864849264355,0.0412570043907414,0.8937965678065063,0.8561428939731497,0.9846430630838426,4,6,6,0.9846,0.9202,0.9282,0.7422,0.8771,0.8928,0.9126,0.7422,5.108973054812776e-05,7.718344731605611e-05,3.5083507523328684e-05,4.209993979272743e-05,25.3,27,4,25.3,r-experts_sl16_st16_sp336,,,,,,,,
yahoo-a1,vlstm,random-buffer,16,16,336,B2,50.0,,,0.5,,,,-0.0385269545186609,-0.0239785544018796,0.0385269545186609,0.8959818166538664,0.8520986872566109,0.9846430630838426,4,6,6,0.9846,0.9221,0.9386,0.7386,0.869,0.8912,0.9096,0.7386,6.600268661008177e-05,9.971308969595056e-05,4.532431712852688e-05,5.438877256742368e-05,32.6,26,4,32.6,r-random-buffer_sl16_st16_sp336_bu50_re0.5,,,,,,,,
yahoo-a1,vlstm,reservoir,16,16,336,B2,50.0,,,0.5,,,,-0.0099922690950772,-0.0124705936463089,0.0099922690950772,0.9073827665543432,0.8968325430820676,0.9846430630838426,4,6,6,0.9846,0.9222,0.9463,0.7765,0.9547,0.9142,0.942,0.7765,6.594640628350537e-05,9.962806459257586e-05,4.528565410809177e-05,5.4342410484484086e-05,32.6,26,4,32.6,r-reservoir_sl16_st16_sp336_bu50_re0.5,,,,,,,,
yahoo-a1,vlstm,ewc,16,16,336,B2,,,,,1000.0,,,-0.0378356493445939,-0.0282369988389352,0.0378356493445939,0.8948459880010101,0.8595423900419531,0.9846430630838426,4,6,6,0.9846,0.9207,0.9312,0.7428,0.8836,0.8953,0.9164,0.7428,5.823246439556956e-05,8.79742817105984e-05,3.998843518460894e-05,4.798584652598947e-05,28.8,30,4,28.8,r-ewc_sl16_st16_sp336_la1000.0,,,,,,,,
yahoo-a1,vlstm,lwf,16,16,336,B2,,,,,,1.0,2.0,-0.0329979744756581,-0.0246069181925567,0.0329979744756581,0.8969243659254678,0.8636341737814667,0.9846430630838426,4,6,6,0.9846,0.9215,0.9357,0.7458,0.892,0.8975,0.9192,0.7458,5.917576430707755e-05,8.939936534760314e-05,4.063619305638389e-05,4.876317229121923e-05,29.3,33,4,29.3,r-lwf_sl16_st16_sp336_al1.0_te2.0,,,,,,,,
yahoo-a1,vlstm,naive,24,24,336,B2,,,,,,,,-0.0334732372186312,-0.0232884094450822,0.0334732372186312,0.901465494318064,0.8732545013032803,0.9837952559300872,4,6,6,0.9838,0.9239,0.9309,0.7673,0.9013,0.9033,0.9212,0.7673,7.074229859456531e-05,0.0001068734248157,4.857900057880518e-05,5.829442423690731e-05,35.0,47,4,35.0,r-naive_sl24_st24_sp336,,,,,,,,
yahoo-a1,vlstm,cumulative,24,24,336,B2,,,,,,,,-0.0109601212639675,-0.00924887897186,0.0109601212639675,0.912491668821004,0.901354397542498,0.9837952559300872,4,6,6,0.9838,0.9277,0.9463,0.7922,0.9525,0.9191,0.9416,0.7922,3.842785241649953e-07,0.0001616504754842,7.347771423584264e-05,8.817276124842466e-05,52.9,42,4,52.9,r-cumulative_sl24_st24_sp336,,,,,,,,
yahoo-a1,vlstm,experts,24,24,336,B2,,,,,,,,-0.0347731349062694,-0.022567234515749,0.0347731349062694,0.901817642838965,0.8703207650966791,0.9837952559300872,4,6,6,0.9838,0.9247,0.9322,0.7665,0.8933,0.9024,0.9191,0.7665,7.165826659795852e-05,0.0001082572169667,4.920799085521139e-05,5.9049226111577205e-05,35.4,48,4,35.4,r-experts_sl24_st24_sp336,,,,,,,,
yahoo-a1,vlstm,random-buffer,24,24,336,B2,50.0,,,0.5,,,,-0.0215359693971602,-0.0114492271519383,0.0215359693971602,0.9089844633534953,0.8833694067722987,0.9837952559300872,4,6,6,0.9838,0.9284,0.945,0.7788,0.9211,0.9058,0.9277,0.7788,8.496781183830317e-05,0.0001283645178438,5.834766284549713e-05,7.001685499834518e-05,42.0,41,4,42.0,r-random-buffer_sl24_st24_sp336_bu50_re0.5,,,,,,,,
yahoo-a1,vlstm,reservoir,24,24,336,B2,50.0,,,0.5,,,,-0.0129607561605242,-0.007346191369912,0.0129607561605242,0.9129337465737478,0.8985318696265193,0.98535164377861,4,6,6,0.9838,0.9289,0.9466,0.7925,0.947,0.9157,0.939,0.7925,8.137944854996264e-05,0.0001229434235095,5.588353732794834e-05,6.705988618157183e-05,40.2,38,4,40.2,r-reservoir_sl24_st24_sp336_bu50_re0.5,,,,,,,,
yahoo-a1,vlstm,ewc,24,24,336,B2,,,,,1000.0,,,-0.0317340246386981,-0.0225487349573138,0.0317340246386981,0.9021248899245348,0.8751418247374333,0.9837952559300872,4,6,6,0.9838,0.9242,0.9326,0.768,0.9053,0.9045,0.9228,0.768,7.571574615484256e-05,0.0001143870253696,5.19942797455264e-05,6.239274562414115e-05,37.4,47,4,37.4,r-ewc_sl24_st24_sp336_la1000.0,,,,,,,,
yahoo-a1,vlstm,lwf,24,24,336,B2,,,,,,1.0,2.0,-0.0280678533121142,-0.0195627352549071,0.0280678533121142,0.904316213920212,0.8784059972925069,0.9837952559300872,4,6,6,0.9838,0.9256,0.9367,0.7712,0.911,0.9065,0.9249,0.7712,6.449968235548746e-05,9.74424367006092e-05,4.429218906249541e-05,5.31502476381138e-05,31.9,34,4,31.9,r-lwf_sl24_st24_sp336_al1.0_te2.0,,,,,,,,
yahoo-a1,vlstm,naive,8,4,336,B3,,,,,,,,-0.0454677092366913,-0.0367882531876231,0.0454677092366913,0.8860669277981513,0.8470873230795126,0.9856781509807137,4,6,6,0.9857,0.92,0.9302,0.7085,0.8731,0.8884,0.9184,0.7085,8.193823114041902e-05,0.0001237876003366,5.626725075287848e-05,6.752034958374377e-05,40.5,29,4,40.5,r-naive_sl8_st4_sp336,,,,,,,,
yahoo-a1,vlstm,cumulative,8,4,336,B3,,,,,,,,-0.012638713072182,-0.0142251132685848,0.012638713072182,0.90226433560452,0.8887318406001712,0.9856781509807137,4,6,6,0.9857,0.9285,0.9476,0.7473,0.952,0.9127,0.9429,0.7473,0.0001578566362063,0.0002384807912158,0.0001084006498263,0.0001300801413894,78.0,27,4,78.1,r-cumulative_sl8_st4_sp336,,,,,,,,
yahoo-a1,vlstm,experts,8,4,336,B3,,,,,,,,-0.0458442503779022,-0.0367732818069685,0.0458442503779022,0.8860792190977331,0.8460048219729528,0.9856781509807137,4,6,6,0.9857,0.9198,0.9312,0.7077,0.8704,0.8878,0.9181,0.7077,8.191899634926107e-05,0.0001237585415125,5.625404519507558e-05,6.750449631751204e-05,40.5,29,4,40.5,r-experts_sl8_st4_sp336,,,,,,,,
yahoo-a1,vlstm,random-buffer,8,4,336,B3,50.0,,,0.5,,,,-0.0334194889803384,-0.0269441470178517,0.0334194889803384,0.8924267440305209,0.8585739229106852,0.9856781509807137,4,6,6,0.9857,0.9233,0.9419,0.7188,0.8934,0.8949,0.9272,0.7188,0.0001591538727536,0.0002404405821099,0.0001092914894688,0.000131149092641,78.7,38,4,78.7,r-random-buffer_sl8_st4_sp336_bu50_re0.5,,,,,,,,
yahoo-a1,vlstm,reservoir,8,4,336,B3,50.0,,,0.5,,,,-0.0173533027273628,-0.0169132285906906,0.0173533027273628,0.9007402905574472,0.8847406221633156,0.9856781509807137,4,6,6,0.9857,0.9289,0.9467,0.7418,0.9451,0.9093,0.9428,0.7418,0.0001255075844229,0.0001896096911481,8.618648559074953e-05,0.0001034232055574,62.1,29,4,62.1,r-reservoir_sl8_st4_sp336_bu50_re0.5,,,,,,,,
yahoo-a1,vlstm,ewc,8,4,336,B3,,,,,1000.0,,,-0.0445174482890109,-0.035938270989092,0.0445174482890109,0.8870076734020835,0.8487000432335969,0.9856781509807137,4,6,6,0.9857,0.9198,0.9321,0.7104,0.8748,0.8887,0.9209,0.7104,9.738303956563516e-05,0.0001471207348942,6.687327447838874e-05,8.024746041589727e-05,48.1,29,4,48.2,r-ewc_sl8_st4_sp336_la1000.0,,,,,,,,
yahoo-a1,vlstm,lwf,8,4,336,B3,,,,,,1.0,2.0,-0.0396195201786593,-0.0312465542491733,0.0396195201786593,0.8891853157180193,0.8508211720968486,0.9856781509807137,4,6,6,0.9857,0.9231,0.9368,0.7112,0.8809,0.8913,0.9198,0.7112,9.018918804429418e-05,0.0001362526748372,6.193319768450843e-05,7.431947715270024e-05,44.6,29,4,44.6,r-lwf_sl8_st4_sp336_al1.0_te2.0,,,,,,,,
yahoo-a1,vlstm,naive,12,6,336,B3,,,,,,,,-0.0395100099808471,-0.0312554785751419,0.0395100099808471,0.8887330108447486,0.8531150910537759,0.9854930312005092,4,6,6,0.9855,0.9148,0.9322,0.7225,0.8821,0.8886,0.9193,0.7225,0.0001768984095554,0.0002672480149674,0.0001214766418406,0.0001457713731269,87.5,36,4,43.6,r-naive_sl12_st6_sp336,,,,,,,,
yahoo-a1,vlstm,cumulative,12,6,336,B3,,,,,,,,-0.0096052068592927,-0.0140401043412492,0.0096052068592927,0.9027454166047516,0.8944717966835092,0.9854930312005092,4,6,6,0.9855,0.917,0.9463,0.7621,0.9609,0.9101,0.9447,0.7621,0.0003707601210407,0.0005601232177626,0.0002546020038761,0.0003055212138864,183.3,37,4,91.4,r-cumulative_sl12_st6_sp336,,,,,,,,
yahoo-a1,vlstm,random-buffer,12,6,336,B3,50.0,,,0.5,,,,-0.0257445160946555,-0.0209368764915227,0.0257445160946555,0.8956960318822037,0.8681510038180763,0.9854930312005092,4,6,6,0.9855,0.9168,0.9428,0.7376,0.9107,0.8957,0.9286,0.7376,0.000157663956864,0.0004739190282397,0.0002154182101844,0.0002585008180552,155.1,44,4,77.4,r-random-buffer_sl12_st6_sp336_bu50_re0.5,,,,,,,,
yahoo-a1,vlstm,reservoir,12,6,336,B3,50.0,,,0.5,,,,-0.0160923566916471,-0.0194212395543927,0.0160923566916471,0.8991561816927225,0.8859609890410075,0.9854930312005092,4,6,6,0.9855,0.9147,0.9435,0.753,0.9446,0.9042,0.9421,0.753,0.0001404642364439,0.0004238731106197,0.0001926700451378,0.0002312030654818,138.7,39,4,69.2,r-reservoir_sl12_st6_sp336_bu50_re0.5,,,,,,,,
yahoo-a1,vlstm,ewc,12,6,336,B3,,,,,1000.0,,,-0.0370079663684653,-0.0296777307869051,0.0370079663684653,0.8903330936501639,0.8575682788819203,0.9854930312005092,4,6,6,0.9855,0.9154,0.9338,0.7267,0.8904,0.8893,0.9239,0.7267,0.0001916051507406,0.0002894661196879,0.0001315758230901,0.0001578902965978,94.7,33,4,47.1,r-ewc_sl12_st6_sp336_la1000.0,,,,,,,,
yahoo-a1,vlstm,naive,24,12,336,B3,,,,,,,,-0.032723887529362,-0.0234803857477762,0.032723887529362,0.9043984690065172,0.8756398515819191,0.984977111943404,4,6,6,0.985,0.9255,0.9311,0.776,0.9044,0.9028,0.9193,0.776,7.713680762031116e-05,0.0001165338838787,5.297010839179469e-05,6.356377548693369e-05,38.1,28,4,38.1,r-naive_sl24_st12_sp336,,,,,,,,
yahoo-a1,vlstm,cumulative,24,12,336,B3,,,,,,,,-0.009664648006831,-0.0114801665365395,0.009664648006831,0.915067715642054,0.9074595162152108,0.984977111943404,4,6,6,0.985,0.9288,0.9436,0.803,0.9629,0.9219,0.9421,0.803,0.0001614657161962,0.0002439331831598,0.000110879024133,0.0001330541590267,79.8,37,4,79.8,r-cumulative_sl24_st12_sp336,,,,,,,,
yahoo-a1,vlstm,experts,24,12,336,B3,,,,,,,,-0.035377239050315,-0.0235561973591548,0.035377239050315,0.9038593620449624,0.8695511903465487,0.984977111943404,4,6,6,0.985,0.9261,0.933,0.7713,0.8916,0.9004,0.9149,0.7713,7.846222889770427e-05,0.0001185362546533,5.3880276042036715e-05,6.465597861136e-05,38.8,29,4,38.8,r-experts_sl24_st12_sp336,,,,,,,,
yahoo-a1,vlstm,random-buffer,24,12,336,B3,50.0,,,0.5,,,,-0.0330004187230616,-0.0200639654437489,0.0330004187230616,0.9059465218029013,0.8685763598106426,0.984977111943404,4,6,6,0.985,0.9289,0.9388,0.771,0.89,0.899,0.9143,0.771,0.0001239827344638,0.0001873060349099,8.51393726867779e-05,0.0001021666622231,61.3,35,4,61.3,r-random-buffer_sl24_st12_sp336_bu50_re0.5,,,,,,,,
yahoo-a1,vlstm,reservoir,24,12,336,B3,50.0,,,0.5,,,,-0.0168652384292351,-0.0135435986735281,0.0168652384292351,0.9122914722816702,0.8939329564082397,0.984977111943404,4,6,6,0.985,0.9278,0.9438,0.7926,0.9374,0.912,0.9338,0.7926,0.000149633938008,0.0002260584083538,0.0001027540780073,0.0001233043303464,74.0,45,4,74.0,r-reservoir_sl24_st12_sp336_bu50_re0.5,,,,,,,,
yahoo-a1,vlstm,ewc,24,12,336,B3,,,,,1000.0,,,-0.0290430378479063,-0.0220782601986364,0.0290430378479063,0.905876812913812,0.8806071760225197,0.984977111943404,4,6,6,0.985,0.9261,0.9334,0.779,0.9142,0.9057,0.9235,0.779,8.544817384465071e-05,0.0001290902213308,5.867758883072788e-05,7.041263250013193e-05,42.2,28,4,42.3,r-ewc_sl24_st12_sp336_la1000.0,,,,,,,,
yahoo-a1,vlstm,lwf,24,12,336,B3,,,,,,1.0,2.0,-0.027880703903289,-0.0199620770372139,0.027880703903289,0.906970167082616,0.8796025190980313,0.984977111943404,4,6,6,0.985,0.9267,0.937,0.7792,0.9104,0.9054,0.9235,0.7792,7.934470856459523e-05,0.0001198694545381,5.4486288773801387e-05,6.538316576431195e-05,39.2,26,4,39.2,r-lwf_sl24_st12_sp336_al1.0_te2.0,,,,,,,,
yahoo-a1,vlstm,naive,12,12,168,B5,,,,,,,,0.0001666101488595,-0.0027366290666903,-0.0001666101488595,0.955860776928254,0.9565796165478756,0.9997509339975094,8,28,28,0.9685,0.9912,0.9998,0.9939,0.9867,0.965,0.9996,0.9943,0.0001528304927398,0.000230887580696,0.0001049491350707,0.0001259384456253,75.6,64,8,37.7,r-naive_sl12_st12_sp168,0.9719,0.9128,0.9581,0.8509,0.9721,0.919,0.9652,0.8509
yahoo-a1,vlstm,cumulative,12,12,168,B5,,,,,,,,0.0029222273214743,0.0041563297895444,-0.0029222273214743,0.9627945228999328,0.9644545265136744,0.999950186799502,8,28,28,0.9685,0.9925,1.0,0.9903,0.9851,0.9859,0.9999,0.9924,0.0003447317823112,0.000520801090018,0.0002367282117496,0.0002840728782683,170.4,64,8,84.9,r-cumulative_sl12_st12_sp168,0.9622,0.9368,0.9762,0.8759,0.9672,0.9348,0.9745,0.8759
yahoo-a1,vlstm,random-buffer,12,12,168,B5,50.0,,,0.5,,,,0.0019634268987281,0.0021055487878227,-0.0019634268987281,0.95991382383273,0.9601127642869254,0.9997509339975094,8,28,28,0.9685,0.9917,0.9998,0.9917,0.9856,0.9759,0.9996,0.9928,0.0001972189952895,0.000297947195441,0.0001354308964128,0.0001625162990282,97.5,62,8,48.4,r-random-buffer_sl12_st12_sp168_bu50_re0.5,0.9665,0.9324,0.9685,0.8602,0.9707,0.9263,0.9698,0.8602
yahoo-a1,vlstm,ewc,12,12,168,B5,,,,,1000.0,,,0.0005557763607105,-0.0015639438659429,-0.0005557763607105,0.9565459608905668,0.9567319382490356,0.9998007471980076,8,28,28,0.9685,0.9913,0.9997,0.9936,0.9866,0.965,0.9998,0.9943,8.319799660284174e-05,0.0002515708959174,0.000114350673555,0.0001372202223624,82.3,64,8,41.0,r-ewc_sl12_st12_sp168_la1000.0,0.9709,0.9179,0.9601,0.8503,0.9719,0.9206,0.9653,0.8503
yahoo-a1,vtcn,experts,12,12,336,B1,,,,,,,,-0.0643938110950836,-0.0416714938707952,0.0643938110950836,0.8825008232845566,0.8124248922777653,0.9890049425127868,4,6,6,0.989,0.9046,0.9379,0.6985,0.7952,0.8688,0.8871,0.6985,2.475285156672604e-05,7.445890604298459e-05,3.384506215354324e-05,4.0613843889441344e-05,24.4,59,4,12.2,r-experts_sl12_st12_sp336,,,,,,,,
yahoo-a1,vtcn,random-buffer,12,12,336,B1,50.0,,,0.5,,,,-0.0351767251843096,-0.0273719137131814,0.0351767251843096,0.8919735485290963,0.8561030684788824,0.9890049425127868,4,6,6,0.989,0.9152,0.9404,0.7233,0.8894,0.8882,0.9235,0.7233,5.150435884112542e-05,7.780984406281882e-05,3.5368210589513185e-05,4.2441633473305654e-05,25.5,38,4,12.4,r-random-buffer_sl12_st12_sp336_bu50_re0.5,,,,,,,,
yahoo-a1,vtcn,random-buffer,12,12,336,B1,250.0,,,0.5,,,,-0.0339219185766188,-0.0262003031980461,0.0339219185766188,0.8932230954697549,0.858711317392143,0.9890049425127868,4,6,6,0.989,0.9169,0.9406,0.7264,0.8934,0.8902,0.9248,0.7264,2.483878045605583e-05,7.630276213969208e-05,3.468318825147839e-05,4.1619573888213693e-05,25.0,37,4,12.2,r-random-buffer_sl12_st12_sp336_bu250_re0.5,,,,,,,,
yahoo-a1,vtcn,random-buffer,12,12,336,B1,1000.0,,,0.5,,,,-0.024503344085834,-0.0281791362504514,0.024503344085834,0.897723977712447,0.882619627146426,0.9890049425127868,4,6,6,0.989,0.9118,0.939,0.7511,0.9339,0.9045,0.9409,0.7511,4.928271624320805e-05,7.445351329787324e-05,3.384259704810878e-05,4.061091624976446e-05,24.4,38,4,12.2,r-random-buffer_sl12_st12_sp336_bu1000_re0.5,,,,,,,,
yahoo-a1,vtcn,random-buffer,12,12,336,B1,50.0,,,,,,,-0.0398782308919353,-0.0343776871712451,0.0398782308919353,0.8909964534789901,0.8615292852786148,0.9890049425127868,4,6,6,0.989,0.9137,0.9304,0.7308,0.8977,0.8919,0.9257,0.7308,4.3535379845703335e-05,6.577076568332915e-05,2.989589658552884e-05,3.587486909780031e-05,21.5,44,4,10.3,r-random-buffer_sl12_st12_sp336_bu50,,,,,,,,
yahoo-a1,vtcn,random-buffer,12,12,336,B1,50.0,,,0.3,,,,-0.0357862378771356,-0.0278902016530479,0.0357862378771356,0.8929310023090995,0.8544818298760798,0.9890049425127868,4,6,6,0.989,0.9157,0.9426,0.7244,0.8839,0.8884,0.9212,0.7244,4.418727139274522e-05,6.675560620484046e-05,3.0343560648099e-05,3.641204555674146e-05,21.8,36,4,10.8,r-random-buffer_sl12_st12_sp336_bu50_re0.3,,,,,,,,
yahoo-a1,vtcn,reservoir,12,12,336,B1,50.0,,,0.5,,,,-0.0245089243663387,-0.0217186242102242,0.0245089243663387,0.8983700814449518,0.8749903693926957,0.9890049425127868,4,6,6,0.989,0.9186,0.9429,0.743,0.9225,0.9005,0.934,0.743,2.763571256035184e-05,8.373637272122626e-05,3.806207806725676e-05,4.5674294653969515e-05,27.4,41,4,13.6,r-reservoir_sl12_st12_sp336_bu50_re0.5,,,,,,,,
yahoo-a1,vtcn,reservoir,12,12,336,B1,100.0,,,0.5,,,,-0.0145998194297581,-0.0178592940667811,0.0145998194297581,0.902611073378531,0.8900905341064643,0.9890049425127868,4,6,6,0.989,0.9163,0.9469,0.7582,0.9514,0.9069,0.9438,0.7582,2.7772734813989063e-05,8.481188630646405e-05,3.855094866788325e-05,4.62609376385808e-05,27.8,43,4,13.7,r-reservoir_sl12_st12_sp336_bu100_re0.5,,,,,,,,
yahoo-a1,vtcn,reservoir,12,12,336,B1,250.0,,,0.5,,,,-0.0195126094907053,-0.0190912092587373,0.0195126094907053,0.8985584809855711,0.8813167229752139,0.9890049425127868,4,6,6,0.989,0.9138,0.9435,0.7479,0.9361,0.9026,0.9387,0.7479,2.930798746548462e-05,8.955700738471934e-05,4.070782141255526e-05,4.8849185972164066e-05,29.3,46,4,14.4,r-reservoir_sl12_st12_sp336_bu250_re0.5,,,,,,,,
yahoo-a1,vtcn,reservoir,12,12,336,B1,1000.0,,,0.5,,,,-0.0168436833612352,-0.0193229586089848,0.0168436833612352,0.9008937362611192,0.8846629445191923,0.9890049425127868,4,6,6,0.989,0.9168,0.9466,0.7511,0.9416,0.9051,0.9408,0.7511,5.4340092169540295e-05,8.209390803434266e-05,3.7315518519608304e-05,4.477838951473435e-05,26.9,43,4,13.4,r-reservoir_sl12_st12_sp336_bu1000_re0.5,,,,,,,,
yahoo-a1,vtcn,ewc,12,12,336,B1,,,,,100.0,,,-0.048702470449398,-0.0373959525079191,0.048702470449398,0.88666732053628,0.843147875575791,0.9890049425127868,4,6,6,0.989,0.9129,0.9303,0.7145,0.8646,0.8813,0.9123,0.7145,2.4309509969361526e-05,7.485706105181533e-05,3.402603153889585e-05,4.083102951291948e-05,24.5,43,4,12.0,r-ewc_sl12_st12_sp336_la100,,,,,,,,
yahoo-a1,vtcn,ewc,12,12,336,B1,,,,,500.0,,,-0.0397436781262018,-0.0343111814462652,0.0397436781262018,0.8906966396761564,0.8595003533575467,0.9890049425127868,4,6,6,0.989,0.9128,0.9321,0.7288,0.8957,0.8888,0.9247,0.7288,5.0626954943903385e-05,7.648431236105454e-05,3.47656864582354e-05,4.171862590281914e-05,25.0,46,4,12.7,r-ewc_sl12_st12_sp336_la500,,,,,,,,
yahoo-a1,vtcn,ewc,12,12,336,B1,,,,,5000.0,,,-0.0349844383678388,-0.0320838919739516,0.0349844383678388,0.8925679526209135,0.864246715892892,0.9890049425127868,4,6,6,0.989,0.912,0.938,0.7314,0.9042,0.8935,0.9279,0.7314,2.862371179871869e-05,8.6164754977605e-05,3.9165898726787417e-05,4.699885625081758e-05,28.2,58,4,14.1,r-ewc_sl12_st12_sp336_la5000,,,,,,,,
yahoo-a1,vtcn,ewc,12,12,336,B1,,,,,10000.0,,,-0.025694418939614,-0.0231525832019037,0.025694418939614,0.8979630317653452,0.8740367385761685,0.9890049425127868,4,6,6,0.989,0.9141,0.9444,0.7443,0.9206,0.8956,0.9357,0.7443,4.613650513969848e-05,6.97003972342807e-05,3.1682094734343186e-05,3.801830249993751e-05,22.8,39,4,11.5,r-ewc_sl12_st12_sp336_la10000,,,,,,,,
yahoo-a1,vtcn,lwf,12,12,336,B1,,,,,,1.0,2.0,-0.0374959708744612,-0.0288620695385218,0.0374959708744612,0.8922259574181204,0.8552414955929265,0.9890049425127868,4,6,6,0.989,0.9157,0.939,0.7252,0.8855,0.8891,0.9211,0.7252,3.970881908710335e-05,5.998981621375101e-05,2.7268193575501857e-05,3.272162263824915e-05,19.6,34,4,9.9,r-lwf_sl12_st12_sp336_al1.0_te2.0,,,,,,,,
yahoo-a1,vtcn,lwf,12,12,336,B1,,,,,,2.0,2.0,-0.0293441542580579,-0.0236697998455795,0.0293441542580579,0.8956863725602952,0.8642127148038783,0.9890049425127868,4,6,6,0.989,0.9169,0.9437,0.7331,0.9032,0.893,0.9277,0.7331,4.258142915483975e-05,6.432959145711114e-05,2.924082361084099e-05,3.5088767846270155e-05,21.1,37,4,10.2,r-lwf_sl12_st12_sp336_al2.0_te2.0,,,,,,,,
yahoo-a1,vtcn,naive,6,6,336,B2,,,,,,,,-0.0400415848672168,-0.0307835146441026,0.0400415848672168,0.8865025132863067,0.8530248039294677,0.9850515594517216,4,6,6,0.9851,0.9201,0.931,0.7099,0.8882,0.8884,0.9255,0.7099,3.092757742224808e-05,4.6723617779401447e-05,2.1238114583926896e-05,2.5485503195474547e-05,15.3,42,4,15.3,r-naive_sl6_st6_sp336,,,,,,,,
yahoo-a1,vtcn,cumulative,6,6,336,B2,,,,,,,,-0.007507842353163,-0.0109058200984028,0.007507842353163,0.903334658124648,0.8965532462181867,0.9850515594517216,4,6,6,0.9851,0.9218,0.9489,0.7576,0.9666,0.9149,0.9472,0.7576,7.446921553028967e-05,0.000112503838088,5.1138271353233405e-05,6.136556673484545e-05,36.8,55,4,36.8,r-cumulative_sl6_st6_sp336,,,,,,,,
yahoo-a1,vtcn,experts,6,6,336,B2,,,,,,,,-0.0554337155814858,-0.037225381635614,0.0554337155814858,0.8807271069935367,0.8317896234238713,0.9850515594517216,4,6,6,0.9851,0.9175,0.9247,0.6957,0.8472,0.8764,0.9078,0.6957,3.783503726817155e-05,5.715901364831047e-05,2.598148524476629e-05,3.1177528403544176e-05,18.7,60,4,18.7,r-experts_sl6_st6_sp336,,,,,,,,
yahoo-a1,vtcn,random-buffer,6,6,336,B2,50.0,,,0.5,,,,-0.0337818320559962,-0.0206965873916244,0.0337818320559962,0.891522844111796,0.8523422834437758,0.9850515594517216,4,6,6,0.9851,0.9264,0.9448,0.7098,0.8886,0.8884,0.9225,0.7098,3.931958580063983e-05,5.9401784792620066e-05,2.7000919444253663e-05,3.24008653483664e-05,19.4,37,4,19.5,r-random-buffer_sl6_st6_sp336_bu50_re0.5,,,,,,,,
yahoo-a1,vtcn,reservoir,6,6,336,B2,50.0,,,0.5,,,,-0.0187411719743042,-0.0194818435516487,0.0187411719743042,0.8958135337433324,0.8774603974505173,0.9850515594517216,4,6,6,0.9851,0.9201,0.9454,0.7327,0.9351,0.903,0.9389,0.7327,4.435959680007398e-05,6.701594558919574e-05,3.0461899478945677e-05,3.655404611025006e-05,21.9,43,4,21.9,r-reservoir_sl6_st6_sp336_bu50_re0.5,,,,,,,,
yahoo-a1,vtcn,ewc,6,6,336,B2,,,,,1000.0,,,-0.0346912969072744,-0.0271568023694177,0.0346912969072744,0.8904849286879191,0.8658892039658167,0.9850515594517216,4,6,6,0.9851,0.9226,0.9334,0.7209,0.9135,0.8949,0.9343,0.7209,3.759903122717531e-05,5.680246919923876e-05,2.5819429686008435e-05,3.0983039513230325e-05,18.6,43,4,18.6,r-ewc_sl6_st6_sp336_la1000.0,,,,,,,,
yahoo-a1,vtcn,lwf,6,6,336,B2,,,,,,1.0,2.0,-0.0319334085929405,-0.0267284411869675,0.0319334085929405,0.8903590741279757,0.8617972150190392,0.9850515594517216,4,6,6,0.9851,0.92,0.9382,0.7181,0.908,0.8914,0.9296,0.7181,3.152649440963711e-05,4.762842736142274e-05,2.1649405902846615e-05,2.5979021458576123e-05,15.6,40,4,15.6,r-lwf_sl6_st6_sp336_al1.0_te2.0,,,,,,,,
yahoo-a1,vtcn,naive,8,8,336,B2,,,,,,,,-0.0343204976044484,-0.0234786575985499,0.0343204976044484,0.8912674906543399,0.8563109429326881,0.982761105396286,4,6,6,0.9828,0.9252,0.941,0.7161,0.8896,0.8943,0.9252,0.7161,2.301913669241595e-05,3.477599715438878e-05,1.5807341667176742e-05,1.8968655487212044e-05,11.4,37,4,11.4,r-naive_sl8_st8_sp336,,,,,,,,
yahoo-a1,vtcn,cumulative,8,8,336,B2,,,,,,,,-0.008057288903511,-0.0091699880086458,0.008057288903511,0.9049138387877768,0.8977405443757209,0.982761105396286,4,6,6,0.9828,0.928,0.949,0.7599,0.9651,0.9193,0.9467,0.7599,5.969159716241816e-05,9.017865616763529e-05,4.099042054278672e-05,4.918823562484856e-05,29.5,60,4,29.5,r-cumulative_sl8_st8_sp336,,,,,,,,
yahoo-a1,vtcn,experts,8,8,336,B2,,,,,,,,-0.0309287190922328,-0.0209362308325034,0.0309287190922328,0.89291866143166,0.8667022955383339,0.982761105396286,4,6,6,0.9828,0.9264,0.9374,0.7251,0.9103,0.8979,0.9335,0.7251,3.201638562849568e-05,4.83685270385144e-05,2.198581967645118e-05,2.638270736206323e-05,15.8,60,4,15.8,r-experts_sl8_st8_sp336,,,,,,,,
yahoo-a1,vtcn,random-buffer,8,8,336,B2,50.0,,,0.5,,,,-0.0271696560871063,-0.02045644584579,0.0271696560871063,0.8935389508205696,0.8626477932897962,0.982761105396286,4,6,6,0.9828,0.9257,0.9445,0.7212,0.9037,0.898,0.9277,0.7212,3.7570549956249494e-05,5.6759441321612226e-05,2.5799856250846964e-05,3.0959585070765266e-05,18.6,46,4,18.6,r-random-buffer_sl8_st8_sp336_bu50_re0.5,,,,,,,,
yahoo-a1,vtcn,reservoir,8,8,336,B2,50.0,,,0.5,,,,-0.0121202363726109,-0.0112217384814726,0.0121202363726109,0.9014288085608202,0.8884563939601684,0.982761105396286,4,6,6,0.9828,0.9284,0.9486,0.746,0.9515,0.9119,0.9444,0.746,4.036443138713717e-05,6.098027783640039e-05,2.77184135998444e-05,3.3261864236555996e-05,20.0,50,4,20.0,r-reservoir_sl8_st8_sp336_bu50_re0.5,,,,,,,,
yahoo-a1,vtcn,ewc,8,8,336,B2,,,,,1000.0,,,-0.0220166577583566,-0.0154473811417296,0.0220166577583566,0.897596198693477,0.8739865405766335,0.983938856339232,4,6,6,0.9828,0.9291,0.9456,0.7329,0.9224,0.9044,0.9363,0.7329,2.6579643532062953e-05,4.0155007556831054e-05,1.825233964029596e-05,2.190266791653509e-05,13.1,33,4,13.2,r-ewc_sl8_st8_sp336_la1000.0,,,,,,,,
yahoo-a1,vtcn,lwf,8,8,336,B2,,,,,,1.0,2.0,-0.030557791744758,-0.0201966883838026,0.030557791744758,0.8917801273994538,0.8538670388397454,0.982761105396286,4,6,6,0.9828,0.9249,0.9463,0.7131,0.8866,0.8928,0.923,0.7131,2.655026045377114e-05,4.011061728013576e-05,1.823216290536543e-05,2.187845437477032e-05,13.1,39,4,13.1,r-lwf_sl8_st8_sp336_al1.0_te2.0,,,,,,,,
yahoo-a1,vtcn,naive,10,10,336,B2,,,,,,,,-0.0423197618919889,-0.0315686343731519,0.0423197618919889,0.8848914110355955,0.8471696843633394,0.9827025551270738,4,6,6,0.9827,0.9155,0.9328,0.7086,0.8745,0.8868,0.9188,0.7086,2.4703209356052297e-05,3.732019796178469e-05,1.6963791087295653e-05,2.035640687448904e-05,12.2,47,4,12.2,r-naive_sl10_st10_sp336,,,,,,,,
yahoo-a1,vtcn,cumulative,10,10,336,B2,,,,,,,,-0.0095397258684805,-0.0104706777745662,0.0095397258684805,0.9013859838140544,0.8919448337725964,0.9827025551270738,4,6,6,0.9827,0.9197,0.9518,0.7513,0.9579,0.9121,0.9465,0.7513,5.725150506526862e-05,8.649230437430863e-05,3.9314798611061026e-05,4.7177505763247606e-05,28.3,70,4,28.3,r-cumulative_sl10_st10_sp336,,,,,,,,
yahoo-a1,vtcn,experts,10,10,336,B2,,,,,,,,-0.0465673703298688,-0.0316815138501942,0.0465673703298688,0.885262287297609,0.8382962397368248,0.9827025551270738,4,6,6,0.9827,0.9115,0.9375,0.7093,0.8458,0.8879,0.9102,0.7093,2.9913893273249907e-05,4.519220165584961e-05,2.054197505802019e-05,2.4650226597829414e-05,14.8,66,4,14.8,r-experts_sl10_st10_sp336,,,,,,,,
yahoo-a1,vtcn,random-buffer,10,10,336,B2,50.0,,,0.5,,,,-0.0323212995618122,-0.0251338572114463,0.0323212995618122,0.8891828478931287,0.8575636621527181,0.9827025551270738,4,6,6,0.9827,0.916,0.9408,0.7172,0.8927,0.8933,0.927,0.7172,3.060028819529447e-05,4.622916790592071e-05,2.101340596111388e-05,2.5215761944806824e-05,15.1,46,4,15.1,r-random-buffer_sl10_st10_sp336_bu50_re0.5,,,,,,,,
yahoo-a1,vtcn,reservoir,10,10,336,B2,50.0,,,0.5,,,,-0.0108013128714936,-0.0083137278567152,0.0108013128714936,0.9017052242845518,0.8893982246283922,0.9840725049605836,4,6,6,0.9827,0.924,0.9509,0.7492,0.9524,0.9106,0.9454,0.7492,3.9530131872276936e-05,5.971986577393384e-05,2.7145503414148053e-05,3.257436235978578e-05,19.5,61,4,19.6,r-reservoir_sl10_st10_sp336_bu50_re0.5,,,,,,,,
yahoo-a1,vtcn,ewc,10,10,336,B2,,,,,1000.0,,,-0.0385761519204416,-0.0307515805608382,0.0385761519204416,0.8859218085651219,0.8520290189584726,0.9827025551270738,4,6,6,0.9827,0.9151,0.9342,0.7117,0.8832,0.8902,0.9231,0.7117,2.6788249528001236e-05,4.047015758257152e-05,1.8395594040501034e-05,2.2074563542070487e-05,13.2,47,4,13.3,r-ewc_sl10_st10_sp336_la1000.0,,,,,,,,
yahoo-a1,vtcn,lwf,10,10,336,B2,,,,,,1.0,2.0,-0.0377841365121157,-0.0270852522224622,0.0377841365121157,0.8878374548840332,0.8541147862925227,0.9827025551270738,4,6,6,0.9827,0.9178,0.9359,0.715,0.8862,0.889,0.9263,0.715,2.4068278567801968e-05,3.636098078607272e-05,1.6527782869525255e-05,1.9833197916547457e-05,11.9,45,4,11.9,r-lwf_sl10_st10_sp336_al1.0_te2.0,,,,,,,,
yahoo-a1,vtcn,naive,16,16,336,B2,,,,,,,,-0.0421684256117672,-0.0250850732523696,0.0421684256117672,0.8910245020000038,0.8546340746618534,0.9800668896321072,4,6,6,0.9801,0.9204,0.9238,0.7398,0.8746,0.8927,0.9114,0.7398,1.783949190334143e-05,2.695088560253175e-05,1.2250467477780247e-05,1.47004181247515e-05,8.8,37,4,8.8,r-naive_sl16_st16_sp336,,,,,,,,
yahoo-a1,vtcn,cumulative,16,16,336,B2,,,,,,,,-0.000997187989763,-0.0024256942466749,0.000997187989763,0.9118835069223202,0.9124534427103566,0.9804313228001384,4,6,6,0.9801,0.9227,0.9464,0.7984,0.979,0.9248,0.9477,0.7984,3.5119416731278426e-05,5.3056409222901694e-05,2.4116668459545408e-05,2.8939740763356286e-05,17.4,55,4,17.4,r-cumulative_sl16_st16_sp336,,,,,,,,
yahoo-a1,vtcn,experts,16,16,336,B2,,,,,,,,-0.0376050508786871,-0.0220171388104923,0.0376050508786871,0.8932279799639475,0.8661311579637749,0.9806204590012686,4,6,6,0.9801,0.9229,0.9184,0.7516,0.8949,0.8981,0.9199,0.7516,2.0045063626683714e-05,3.0282937407933384e-05,1.3765036574073344e-05,1.651790083386004e-05,9.9,54,4,9.9,r-experts_sl16_st16_sp336,,,,,,,,
yahoo-a1,vtcn,random-buffer,16,16,336,B2,50.0,,,0.5,,,,-0.0450183935687367,-0.0210637096144427,0.0450183935687367,0.8914722523643263,0.8417765500799279,0.9800668896321072,4,6,6,0.9801,0.9232,0.9303,0.7324,0.8476,0.8857,0.9015,0.7324,8.0744080339299e-08,3.39657778371798e-05,1.543905214186654e-05,1.8526725695313265e-05,11.1,38,4,11.1,r-random-buffer_sl16_st16_sp336_bu50_re0.5,,,,,,,,
yahoo-a1,vtcn,reservoir,16,16,336,B2,50.0,,,0.5,,,,-0.0100842432458086,-0.0067515300773638,0.0100842432458086,0.9044662630797126,0.8939206884002421,0.9846753546303773,4,6,6,0.9801,0.9225,0.9436,0.7717,0.9511,0.9127,0.9402,0.7717,2.432824661108923e-05,3.6753725659800694e-05,1.6706299826425188e-05,2.0047425833375505e-05,12.0,42,4,12.0,r-reservoir_sl16_st16_sp336_bu50_re0.5,,,,,,,,
yahoo-a1,vtcn,ewc,16,16,336,B2,,,,,1000.0,,,-0.0339534767697126,-0.0194111236457517,0.0339534767697126,0.895066350307949,0.8600856085183342,0.9800668896321072,4,6,6,0.9801,0.9203,0.9352,0.7447,0.8853,0.8945,0.9158,0.7447,2.1261063312343068e-05,3.2120000290580925e-05,1.4600065219888673e-05,1.7519935070692252e-05,10.5,44,4,10.5,r-ewc_sl16_st16_sp336_la1000.0,,,,,,,,
yahoo-a1,vtcn,lwf,16,16,336,B2,,,,,,1.0,2.0,-0.0431589249508208,-0.0249538168569707,0.0431589249508208,0.8908144253774197,0.8466835590359578,0.9800668896321072,4,6,6,0.9801,0.9168,0.931,0.7354,0.8578,0.8887,0.9049,0.7354,1.8398453205931655e-05,2.7795332417719897e-05,1.2634311167575006e-05,1.5161021250144888e-05,9.1,33,4,9.1,r-lwf_sl16_st16_sp336_al1.0_te2.0,,,,,,,,
yahoo-a1,vtcn,naive,24,24,336,B2,,,,,,,,-0.03228236098164,-0.0229436435604077,0.03228236098164,0.9050660213433956,0.8729036688801163,0.986013316687474,4,6,6,0.986,0.927,0.9377,0.7696,0.8994,0.9021,0.9205,0.7696,1.65732285067459e-05,2.5037887175826148e-05,1.138092488464382e-05,1.3656962291182328e-05,8.2,45,4,8.2,r-naive_sl24_st24_sp336,,,,,,,,
yahoo-a1,vtcn,cumulative,24,24,336,B2,,,,,,,,-0.0186183367899531,-0.0176966945885131,0.0186183367899531,0.909559911638418,0.8931964571723385,0.986013316687474,4,6,6,0.986,0.9268,0.9403,0.7851,0.9377,0.9141,0.9359,0.7851,2.6640731640676225e-05,4.024729598274765e-05,1.8294295080704613e-05,2.1953000902043036e-05,13.2,55,4,13.2,r-cumulative_sl24_st24_sp336,,,,,,,,
yahoo-a1,vtcn,experts,24,24,336,B2,,,,,,,,-0.0400018061523355,-0.0248301824851763,0.0400018061523355,0.9027683038670302,0.8544397927114198,0.986013316687474,4,6,6,0.986,0.9216,0.944,0.7594,0.8614,0.8925,0.9043,0.7594,1.9578768584007657e-05,2.957848548630459e-05,1.3444827083084318e-05,1.6133658403220276e-05,9.7,59,4,9.7,r-experts_sl24_st24_sp336,,,,,,,,
yahoo-a1,vtcn,random-buffer,24,24,336,B2,50.0,,,0.5,,,,-0.0204689409916272,-0.0152281318548326,0.0204689409916272,0.9099055325180172,0.8876102036112274,0.986013316687474,4,6,6,0.986,0.9265,0.9433,0.7839,0.9264,0.9096,0.9306,0.7839,1.9328535902411184e-05,2.9200448241058943e-05,1.3273002198871432e-05,1.592744604218751e-05,9.6,35,4,9.6,r-random-buffer_sl24_st24_sp336_bu50_re0.5,,,,,,,,
yahoo-a1,vtcn,reservoir,24,24,336,B2,50.0,,,0.5,,,,-0.0152428372477789,-0.0136556719514603,0.0152428372477789,0.912960457699877,0.9016637223162068,0.986013316687474,4,6,6,0.986,0.9284,0.9415,0.7959,0.9525,0.9179,0.9404,0.7959,1.9107967962708175e-05,2.8867226793792927e-05,1.312152748901604e-05,1.5745699304776886e-05,9.4,37,4,9.5,r-reservoir_sl24_st24_sp336_bu50_re0.5,,,,,,,,
yahoo-a1,vtcn,ewc,24,24,336,B2,,,,,1000.0,,,-0.0309656739913338,-0.0221711191630462,0.0309656739913338,0.90512161851156,0.8715110001693194,0.986013316687474,4,6,6,0.986,0.9263,0.9415,0.7667,0.8976,0.9023,0.9195,0.7667,1.903466106901411e-05,2.875647892515796e-05,1.3071190451349445e-05,1.5685288473808517e-05,9.4,49,4,9.4,r-ewc_sl24_st24_sp336_la1000.0,,,,,,,,
yahoo-a1,vtcn,lwf,24,24,336,B2,,,,,,1.0,2.0,-0.031013216980279,-0.0250084856472716,0.031013216980279,0.9044818447523766,0.8778992933545833,0.986013316687474,4,6,6,0.986,0.9235,0.9357,0.7728,0.9096,0.9049,0.9244,0.7728,1.8097524976215385e-05,2.7340707233460207e-05,1.2427658621972014e-05,1.4913048611488191e-05,8.9,39,4,9.0,r-lwf_sl24_st24_sp336_al1.0_te2.0,,,,,,,,
yahoo-a1,vtcn,naive,8,4,336,B3,,,,,,,,-0.0441348109107551,-0.0335147429813713,0.0441348109107551,0.8865014282935458,0.8475789815067968,0.9840730304972892,4,6,6,0.9841,0.9238,0.9297,0.7084,0.8753,0.8895,0.9172,0.7084,4.269446490846154e-05,6.450035941851739e-05,2.9318452545622777e-05,3.518190687289462e-05,21.1,43,4,21.1,r-naive_sl8_st4_sp336,,,,,,,,
yahoo-a1,vtcn,cumulative,8,4,336,B3,,,,,,,,-0.0096216624241688,-0.0123798894516663,0.0096216624241688,0.9043573587065984,0.8968877302095675,0.9840730304972892,4,6,6,0.9841,0.9289,0.9471,0.7574,0.9639,0.9188,0.9474,0.7574,0.0001017466304784,0.0001537129988525,6.986976267265468e-05,8.384323617986714e-05,50.3,60,4,50.3,r-cumulative_sl8_st4_sp336,,,,,,,,
yahoo-a1,vtcn,experts,8,4,336,B3,,,,,,,,-0.0362171235221462,-0.0334983513749534,0.0362171235221462,0.8881011145972949,0.8619713499770352,0.9840730304972892,4,6,6,0.9841,0.9158,0.9322,0.7203,0.9016,0.8966,0.9293,0.7203,4.6858772620596344e-05,7.079155769768273e-05,3.2178108043606494e-05,3.8613449654076246e-05,23.2,50,4,23.2,r-experts_sl8_st4_sp336,,,,,,,,
yahoo-a1,vtcn,random-buffer,8,4,336,B3,50.0,,,0.5,,,,-0.0330253318991382,-0.0255709848858933,0.0330253318991382,0.8917335734059575,0.8550465546456618,0.9840730304972892,4,6,6,0.9841,0.9234,0.9435,0.7159,0.8871,0.8925,0.9247,0.7159,5.512264245225809e-05,8.327614031214681e-05,3.785290121514764e-05,4.542323909699917e-05,27.3,42,4,27.3,r-random-buffer_sl8_st4_sp336_bu50_re0.5,,,,,,,,
yahoo-a1,vtcn,reservoir,8,4,336,B3,50.0,,,0.5,,,,-0.0160088906954789,-0.0139885019966814,0.0160088906954789,0.9021509198116766,0.8905509604303341,0.9855986403685316,4,6,6,0.9841,0.931,0.9444,0.7492,0.9554,0.9134,0.9442,0.7492,5.9727641055498486e-05,9.0233109222932e-05,4.101516047311533e-05,4.9217948749816665e-05,29.5,45,4,29.5,r-reservoir_sl8_st4_sp336_bu50_re0.5,,,,,,,,
yahoo-a1,vtcn,ewc,8,4,336,B3,,,,,1000.0,,,-0.0511588800611826,-0.0338309497948177,0.0511588800611826,0.8861907557083175,0.8359746124550496,0.9840730304972892,4,6,6,0.9841,0.9226,0.932,0.7061,0.8453,0.8844,0.9081,0.7061,5.042232306514447e-05,7.617516620459759e-05,3.462518460647617e-05,4.154998159812142e-05,24.9,44,4,24.9,r-ewc_sl8_st4_sp336_la1000.0,,,,,,,,
yahoo-a1,vtcn,lwf,8,4,336,B3,,,,,,1.0,2.0,-0.042081810833685,-0.0319739434670504,0.042081810833685,0.887084438437613,0.8485603266124931,0.9840730304972892,4,6,6,0.9841,0.9211,0.9339,0.7093,0.877,0.8898,0.9181,0.7093,4.406112990121059e-05,6.656503884302866e-05,3.0256954746113884e-05,3.630808409691478e-05,21.8,42,4,21.8,r-lwf_sl8_st4_sp336_al1.0_te2.0,,,,,,,,
yahoo-a1,vtcn,cumulative,12,6,336,B3,,,,,,,,-0.0097417782863386,-0.0132608683398081,0.0097417782863386,0.904525293598475,0.8958181384887337,0.9882250494012048,4,6,6,0.9882,0.9181,0.9481,0.7637,0.9628,0.9113,0.9455,0.7637,7.470422343606934e-05,0.0002272628500378,0.0001033015446207,0.0001239613054172,74.4,55,4,36.8,r-cumulative_sl12_st6_sp336,,,,,,,,
yahoo-a1,vtcn,experts,12,6,336,B3,,,,,,,,-0.0579930023661832,-0.0297422292576982,0.0579930023661832,0.8865632136335212,0.8083994653332158,0.9882250494012048,4,6,6,0.9882,0.9134,0.9501,0.6945,0.7888,0.8692,0.8812,0.6945,6.84373900881984e-05,0.0001033913006713,4.699622025428754e-05,5.63950804170842e-05,33.8,48,4,17.0,r-experts_sl12_st6_sp336,,,,,,,,
yahoo-a1,vtcn,reservoir,12,6,336,B3,50.0,,,0.5,,,,-0.017217592513391,-0.0196108539348388,0.017217592513391,0.9003604456474046,0.8858461611774556,0.9882250494012048,4,6,6,0.9882,0.9159,0.9439,0.7535,0.9432,0.9031,0.9435,0.7535,9.53338507327308e-05,0.0001440249374291,6.546605242959533e-05,7.855888499955957e-05,47.1,44,4,23.2,r-reservoir_sl12_st6_sp336_bu50_re0.5,,,,,,,,
yahoo-a1,vtcn,ewc,12,6,336,B3,,,,,1000.0,,,-0.0491429669179085,-0.0380613308145798,0.0491429669179085,0.886659434544202,0.8456505466545683,0.9882250494012048,4,6,6,0.9882,0.9099,0.9294,0.7191,0.8636,0.8866,0.9133,0.7191,6.273087356144144e-05,9.477022138644112e-05,4.307753680493787e-05,5.1692684581503274e-05,31.0,31,4,15.4,r-ewc_sl12_st6_sp336_la1000.0,,,,,,,,
yahoo-a1,vtcn,naive,24,12,336,B3,,,,,,,,-0.037711087015973,-0.0246387444502472,0.037711087015973,0.9040115653660789,0.8702741713135966,0.9873741156887224,4,6,6,0.9874,0.9272,0.928,0.7734,0.8926,0.899,0.9161,0.7734,2.0947797670102467e-05,3.164673644803568e-05,1.438495214161877e-05,1.7261784306416907e-05,10.4,37,4,10.4,r-naive_sl24_st12_sp336,,,,,,,,
yahoo-a1,vtcn,cumulative,24,12,336,B3,,,,,,,,-0.011555225600037,-0.0140427939652194,0.011555225600037,0.9148457087377688,0.9074325571741254,0.9873741156887224,4,6,6,0.9874,0.9269,0.9422,0.8028,0.9633,0.9216,0.942,0.8028,4.0292796068900754e-05,6.087205528850771e-05,2.76692436917478e-05,3.32028115967599e-05,19.9,51,4,19.9,r-cumulative_sl24_st12_sp336,,,,,,,,
yahoo-a1,vtcn,experts,24,12,336,B3,,,,,,,,-0.0678150439151545,-0.0320379737897104,0.0678150439151545,0.8964468240221158,0.8205598001578769,0.9873741156887224,4,6,6,0.9874,0.9216,0.9275,0.7493,0.7928,0.8708,0.8694,0.7493,2.497626733096248e-05,3.7732718356678054e-05,1.7151302315243e-05,2.0581416041435056e-05,12.3,55,4,12.4,r-experts_sl24_st12_sp336,,,,,,,,
yahoo-a1,vtcn,random-buffer,24,12,336,B3,50.0,,,0.5,,,,-0.0318831055352016,-0.0211343661098398,0.0318831055352016,0.9074673081596653,0.8724531619723639,0.9873741156887224,4,6,6,0.9874,0.9283,0.939,0.7752,0.8974,0.9001,0.9171,0.7752,2.854260081495225e-05,4.312053132064951e-05,1.9600302083805824e-05,2.3520229236843685e-05,14.1,43,4,14.1,r-random-buffer_sl24_st12_sp336_bu50_re0.5,,,,,,,,
yahoo-a1,vtcn,reservoir,24,12,336,B3,50.0,,,0.5,,,,-0.0176711124182596,-0.0150220128699524,0.0176711124182596,0.9122659047315868,0.8942368178640809,0.9873741156887224,4,6,6,0.9874,0.9273,0.9423,0.792,0.9394,0.9121,0.9334,0.792,3.142546628303939e-05,4.747579983720142e-05,2.1580036921012736e-05,2.5895762916188688e-05,15.5,48,4,15.5,r-reservoir_sl24_st12_sp336_bu50_re0.5,,,,,,,,
yahoo-a1,vtcn,ewc,24,12,336,B3,,,,,1000.0,,,-0.0304659472307106,-0.0202987933921562,0.0304659472307106,0.9072379793987368,0.8754446190124185,0.9873741156887224,4,6,6,0.9874,0.9279,0.9374,0.7763,0.9039,0.9027,0.9189,0.7763,2.4614406743525463e-05,3.71860400460557e-05,1.6902826157295043e-05,2.0283213888760655e-05,12.2,43,4,12.2,r-ewc_sl24_st12_sp336_la1000.0,,,,,,,,
yahoo-a1,vtcn,lwf,24,12,336,B3,,,,,,1.0,2.0,-0.0282249271399052,-0.01873089269331,0.0282249271399052,0.9088375084420292,0.8819902459183899,0.9873741156887224,4,6,6,0.9874,0.9295,0.9364,0.7821,0.9139,0.9065,0.9255,0.7821,1.9515486879935927e-05,2.948288310163965e-05,1.3401374768000097e-05,1.6081508333639553e-05,9.6,30,4,9.7,r-lwf_sl24_st12_sp336_al1.0_te2.0,,,,,,,,
yahoo-a1,vtcn,cumulative,12,12,168,B5,,,,,,,,0.0015838316687539,-0.0028272113439302,-0.0015838316687539,0.9616490866493276,0.961844651082814,0.9998505603985056,8,28,28,0.9732,0.9912,0.9997,0.9893,0.9848,0.9804,0.9995,0.994,0.0001657759304079,0.000250444808646,0.0001138387876737,0.0001366060209724,82.0,130,8,40.7,r-cumulative_sl12_st12_sp168,0.9654,0.931,0.9797,0.8638,0.9692,0.9315,0.9715,0.8638
yahoo-a1,vtcn,random-buffer,12,12,168,B5,50.0,,,0.5,,,,0.0005423216154826,-0.0036070641484659,-0.0005423216154826,0.9604521926325876,0.9603027766290944,0.999950186799502,8,28,28,0.9732,0.9918,0.9999,0.9896,0.9858,0.9761,0.9996,0.9936,7.07591511191982e-05,0.0001068988846475,4.8590560823989415e-05,5.830832382353644e-05,35.0,73,8,17.2,r-random-buffer_sl12_st12_sp168_bu50_re0.5,0.9666,0.933,0.9683,0.8613,0.9704,0.9255,0.9702,0.8613
yahoo-a1,gru,naive,12,12,336,B1,,,,,,,,-0.1327959690079929,-0.061692657985771,0.1327959690079929,0.7178745713991082,0.6306574138703523,0.8349420770395841,4,6,6,0.7548,0.8349,0.6452,0.6366,0.4387,0.8196,0.6277,0.6366,0.0002400579031511,0.0003626657710244,0.0001648486181097,0.0001978171529147,118.7,63,4,39.3,r-naive_sl12_st12_sp336,,,,,,,,
yahoo-a1,gru,strb,12,12,336,B1,50.0,0.2,0.9,0.5,,,,-0.1020588332828702,-0.0546930495423444,0.1020588332828702,0.7313406142183339,0.6768692869108897,0.8370024697422462,4,6,6,0.7548,0.8284,0.692,0.6502,0.534,0.837,0.6863,0.6502,0.0002573215976035,0.0005825288461971,0.0002647866384229,0.0003177422077743,190.6,81,4,63.2,r-strb_sl12_st12_sp336_bu50_no0.2_re0.9_re0.5,,,,,,,,
yahoo-a1,gru,strb,12,12,336,B1,100.0,0.2,0.9,0.5,,,,-0.1137098067193912,-0.0586033190339438,0.1137098067193912,0.7297947345390763,0.6561084592248811,0.8289498983613401,4,6,6,0.7548,0.8241,0.7039,0.6364,0.4953,0.8229,0.6698,0.6364,0.0003479063456703,0.0005255970390502,0.0002389084023125,0.0002866886367377,172.0,72,4,55.5,r-strb_sl12_st12_sp336_bu100_no0.2_re0.9_re0.5,,,,,,,,
yahoo-a1,gru,strb,12,12,336,B1,250.0,0.2,0.9,0.5,,,,-0.1051114761035238,-0.0557488444873725,0.1051114761035238,0.732183788668749,0.6690803264102267,0.8289498983613401,4,6,6,0.7548,0.8207,0.7044,0.6488,0.5234,0.8187,0.6853,0.6488,0.0003868801096742,0.0005844763760213,0.0002656718337985,0.0003188045422226,191.3,78,4,58.3,r-strb_sl12_st12_sp336_bu250_no0.2_re0.9_re0.5,,,,,,,,
yahoo-a1,gru,strb,12,12,336,B1,500.0,0.2,0.9,0.5,,,,-0.1065366716106018,-0.0581281385821519,0.1065366716106018,0.7265629493544196,0.6649805379015618,0.8289498983613401,4,6,6,0.7548,0.8287,0.6867,0.636,0.5189,0.8247,0.6803,0.636,0.0004257858804749,0.0006432529927438,0.0002923885789939,0.0003508644137499,210.5,76,4,59.2,r-strb_sl12_st12_sp336_bu500_no0.2_re0.9_re0.5,,,,,,,,
yahoo-a1,gru,strb,12,12,336,B1,1000.0,0.2,0.9,0.5,,,,-0.09928423160301,-0.0508691805125312,0.09928423160301,0.7317092498876816,0.664354387749663,0.8302509312702117,4,6,6,0.7548,0.8303,0.6945,0.6473,0.5079,0.8257,0.6765,0.6473,0.0002484265747477,0.0006029260405529,0.0002740580205467,0.000328868020006,197.3,67,4,47.9,r-strb_sl12_st12_sp336_bu1000_no0.2_re0.9_re0.5,,,,,,,,
yahoo-a1,gru,strb,12,12,336,B1,50.0,0.05,0.9,0.5,,,,-0.1125548813248745,-0.0557469239683115,0.1125548813248745,0.7303529636886689,0.6634952316982689,0.8331682290174247,4,6,6,0.7548,0.8284,0.6836,0.6546,0.5027,0.8258,0.671,0.6546,0.0004316437848829,0.0006521027801945,0.0002964111545705,0.0003556916256239,213.4,93,4,70.6,r-strb_sl12_st12_sp336_bu50_no0.05_re0.9_re0.5,,,,,,,,
yahoo-a1,gru,strb,12,12,336,B1,50.0,0.1,0.9,0.5,,,,-0.1045307379923024,-0.0545298428773486,0.1045307379923024,0.731890675953976,0.673197735747104,0.832103920204129,4,6,6,0.7548,0.8284,0.6943,0.65,0.5292,0.829,0.6846,0.65,0.0002533666745017,0.0005770079257193,0.0002622771217591,0.0003147308039602,188.8,81,4,61.1,r-strb_sl12_st12_sp336_bu50_no0.1_re0.9_re0.5,,,,,,,,
yahoo-a1,gru,strb,12,12,336,B1,50.0,0.35,0.9,0.5,,,,-0.099953481145586,-0.0560131226126263,0.099953481145586,0.7289536761536956,0.6790037994596182,0.8387353828100481,4,6,6,0.7548,0.8284,0.6824,0.6501,0.5404,0.8387,0.6867,0.6501,0.0003851621924034,0.0005818810447142,0.0002644921344349,0.0003173889102793,190.4,81,4,60.8,r-strb_sl12_st12_sp336_bu50_no0.35_re0.9_re0.5,,,,,,,,
yahoo-a1,gru,strb,12,12,336,B1,50.0,0.2,0.5,0.5,,,,-0.1000218963376467,-0.0563773474401442,0.1000218963376467,0.7284711014497766,0.6793344910941875,0.8388909356366068,4,6,6,0.7548,0.8284,0.68,0.6507,0.5402,0.8389,0.6876,0.6507,0.0003921079477747,0.0005923742952758,0.000269261846527,0.0003231124487487,193.9,82,4,61.6,r-strb_sl12_st12_sp336_bu50_no0.2_re0.5_re0.5,,,,,,,,
yahoo-a1,gru,strb,12,12,336,B1,50.0,0.2,0.7,0.5,,,,-0.1000218963376467,-0.0563773474401442,0.1000218963376467,0.7284711014497766,0.6793344910941875,0.8388909356366068,4,6,6,0.7548,0.8284,0.68,0.6507,0.5402,0.8389,0.6876,0.6507,0.0002691617501295,0.0006027404456033,0.0002739737726864,0.0003287666729168,197.3,82,4,61.4,r-strb_sl12_st12_sp336_bu50_no0.2_re0.7_re0.5,,,,,,,,
yahoo-a1,gru,strb,12,12,336,B1,50.0,0.2,0.9,,,,,-0.1222521031516482,-0.0593833289479664,0.1222521031516483,0.7192731073933363,0.6287018631050714,0.8292821373504169,4,6,6,0.7548,0.8264,0.6597,0.6362,0.4345,0.8238,0.6204,0.6362,0.0002613550474699,0.0003948402804389,0.0001794735099544,0.0002153667704846,129.2,64,4,39.2,r-strb_sl12_st12_sp336_bu50_no0.2_re0.9,,,,,,,,
yahoo-a1,gru,strb,12,12,336,B1,50.0,0.2,0.9,0.3,,,,-0.1113255772482973,-0.0580932236240587,0.1113255772482973,0.7244631914646964,0.6602795590896036,0.831211538199135,4,6,6,0.7548,0.8312,0.6718,0.64,0.4994,0.8281,0.6736,0.64,9.918232342511595e-05,0.0004703814672146,0.0002138104108252,0.0002565710563895,153.9,75,4,48.7,r-strb_sl12_st12_sp336_bu50_no0.2_re0.9_re0.3,,,,,,,,
yahoo-a1,gru,strb,6,6,336,B2,50.0,0.2,0.9,0.5,,,,-0.098340827643671,-0.0435363062335385,0.098340827643671,0.7596122921667633,0.6911787924428731,0.8859539247470282,4,6,6,0.7986,0.8784,0.744,0.6174,0.5702,0.8697,0.7074,0.6174,0.0002715754957269,0.0004102807500037,0.0001864918218136,0.00022378892819,134.3,66,4,64.9,r-strb_sl6_st6_sp336_bu50_no0.2_re0.9_re0.5,,,,,,,,
yahoo-a1,gru,strb,8,8,336,B2,50.0,0.2,0.9,0.5,,,,-0.1015747709900136,-0.0344525769094529,0.1015747709900136,0.7370815452782207,0.6601038922416909,0.8602688638334779,4,6,6,0.7608,0.8568,0.7154,0.6153,0.4904,0.8597,0.6751,0.6153,0.000339257598408,0.0005125310055928,0.000232969234204,0.0002795617713887,167.7,97,4,82.4,r-strb_sl8_st8_sp336_bu50_no0.2_re0.9_re0.5,,,,,,,,
yahoo-a1,gru,strb,10,10,336,B2,50.0,0.2,0.9,0.5,,,,-0.0572428462569098,-0.0101788227540188,0.0572428462569098,0.6995569073850695,0.6185975553211274,0.8469748415605073,4,6,6,0.5855,0.8465,0.7257,0.6406,0.3862,0.8444,0.6032,0.6406,0.0001399450396026,0.000440994254646,0.0002004524868653,0.0002405417677806,144.3,76,4,68.9,r-strb_sl10_st10_sp336_bu50_no0.2_re0.9_re0.5,,,,,,,,
yahoo-a1,gru,strb,16,16,336,B2,50.0,0.2,0.9,0.5,,,,-0.1325496082609102,-0.0798846238984937,0.1325496082609102,0.7157848672178753,0.6360488222599718,0.8670132659661454,4,6,6,0.7264,0.8582,0.6216,0.657,0.4409,0.8491,0.5973,0.657,0.0002085772818011,0.0003151066460619,0.0001432307054385,0.0001718759406233,103.1,65,4,50.3,r-strb_sl16_st16_sp336_bu50_no0.2_re0.9_re0.5,,,,,,,,
yahoo-a1,gru,strb,24,24,336,B2,50.0,0.2,0.9,0.5,,,,-0.1403830650247727,-0.0940131423681355,0.1403830650247727,0.7563608630029937,0.6769864416612674,0.8936366657314382,4,6,6,0.817,0.8804,0.6165,0.7116,0.5273,0.8689,0.6001,0.7116,0.0002875187773117,0.0004343669493446,0.0001974400397597,0.0002369269095849,142.2,92,4,70.3,r-strb_sl24_st24_sp336_bu50_no0.2_re0.9_re0.5,,,,,,,,
yahoo-a1,gru,strb,8,4,336,B3,50.0,0.2,0.9,0.5,,,,-0.1900081170249599,-0.0996764584235583,0.1900081170249599,0.71520729271583,0.6287986139728362,0.8687120555073721,4,6,6,0.7769,0.8644,0.6212,0.5984,0.4384,0.8356,0.6428,0.5984,0.0006697881255931,0.0010118776503614,0.0004599455600105,0.0005519320903508,331.2,89,4,159.0,r-strb_sl8_st4_sp336_bu50_no0.2_re0.9_re0.5,,,,,,,,
yahoo-a1,gru,strb,12,6,336,B3,50.0,0.2,0.9,0.5,,,,-0.1400059828681618,-0.068491309889089,0.1400059828681618,0.7018445142551517,0.6215130421982713,0.8442834336239715,4,6,6,0.7165,0.8334,0.6033,0.6542,0.4139,0.8296,0.5885,0.6542,0.0009487258069997,0.0014332807700556,0.0006514927545697,0.0007817880154858,469.1,106,4,156.0,r-strb_sl12_st6_sp336_bu50_no0.2_re0.9_re0.5,,,,,,,,
yahoo-a1,gru,strb,24,12,336,B3,50.0,0.2,0.9,0.5,,,,-0.1420263130841503,-0.0835082244338796,0.1420263130841503,0.7631958151431792,0.6814737551603687,0.8792639950970149,4,6,6,0.8277,0.8661,0.6469,0.7122,0.5452,0.841,0.6276,0.7122,0.0005153729885599,0.0007785960795617,0.0003539082563656,0.0004246878231959,254.8,105,4,123.0,r-strb_sl24_st12_sp336_bu50_no0.2_re0.9_re0.5,,,,,,,,
yahoo-a1,gru,strb,6,6,336,B4,50.0,0.05,0.9,0.5,,,,-0.1088131737647952,-0.0445360812065157,0.1088131737647952,0.7596409478643844,0.6704613755156427,0.8859539247470282,4,6,6,0.7986,0.8784,0.7552,0.6063,0.5237,0.8708,0.6811,0.6063,0.0003476255439355,0.0005251728198252,0.0002387155595493,0.0002864572602758,171.9,83,4,83.6,r-strb_sl6_st6_sp336_bu50_no0.05_re0.9_re0.5,,,,,,,,
yahoo-a1,gru,strb,8,8,336,B4,50.0,0.05,0.9,0.5,,,,-0.1272950822029355,-0.0328731919494619,0.1272950822029355,0.7362838507870596,0.622969719463603,0.8695952587453022,4,6,6,0.7608,0.8568,0.7079,0.6196,0.3962,0.8591,0.6169,0.6196,0.0003870130924852,0.0005846772788577,0.0002657630914291,0.0003189141874286,191.3,105,4,90.7,r-strb_sl8_st8_sp336_bu50_no0.05_re0.9_re0.5,,,,,,,,
yahoo-a1,gru,strb,10,10,336,B4,50.0,0.05,0.9,0.5,,,,-0.0569477806483928,-0.019205242865864,0.0569477806483928,0.6828929667887743,0.6287795102229324,0.8464742867789579,4,6,6,0.5855,0.8465,0.6658,0.6338,0.4082,0.846,0.6272,0.6338,0.0003268702526347,0.0004938169110064,0.0002244628394086,0.0002693540715976,161.6,85,4,76.8,r-strb_sl10_st10_sp336_bu50_no0.05_re0.9_re0.5,,,,,,,,
yahoo-a1,gru,strb,16,16,336,B4,50.0,0.05,0.9,0.5,,,,-0.1496113756197109,-0.087549333465167,0.1496113756197109,0.7053545238897432,0.616922044596915,0.8670132659661454,4,6,6,0.7264,0.8582,0.5743,0.6625,0.4028,0.8369,0.5655,0.6625,0.0002401069413478,0.0003627398551315,0.0001648821837391,0.0001978576713924,118.7,76,4,58.9,r-strb_sl16_st16_sp336_bu50_no0.05_re0.9_re0.5,,,,,,,,
yahoo-a1,gru,strb,24,24,336,B4,50.0,0.05,0.9,0.5,,,,-0.138253076994495,-0.0970873428326172,0.138253076994495,0.7530388430830571,0.6768071602210599,0.8936366657314382,4,6,6,0.817,0.8804,0.6179,0.6969,0.539,0.8606,0.6107,0.6969,0.0003032124859008,0.0004580761080556,0.0002082169774279,0.0002498591306277,149.9,98,4,74.5,r-strb_sl24_st24_sp336_bu50_no0.05_re0.9_re0.5,,,,,,,,
yahoo-a1,gru,strb,6,6,336,B4,50.0,0.35,0.9,0.5,,,,-0.0995060054214908,-0.0456155928807181,0.0995060054214908,0.7557484514569602,0.6909901658322326,0.8859539247470282,4,6,6,0.7986,0.8784,0.7281,0.6178,0.5697,0.8701,0.7063,0.6178,0.0002551637254514,0.0003854867847031,0.0001752217601861,0.0002102650245169,126.2,62,4,60.8,r-strb_sl6_st6_sp336_bu50_no0.35_re0.9_re0.5,,,,,,,,
yahoo-a1,gru,strb,8,8,336,B4,50.0,0.35,0.9,0.5,,,,-0.0835690384850222,-0.0348549058495607,0.0835690384850222,0.7364415235220625,0.6873645416983752,0.8659207863544377,4,6,6,0.7608,0.8568,0.7117,0.6164,0.5536,0.8659,0.7136,0.6164,0.0002850042363071,0.0004305681243932,0.000195713309952,0.0002348548144412,140.9,82,4,68.8,r-strb_sl8_st8_sp336_bu50_no0.35_re0.9_re0.5,,,,,,,,
yahoo-a1,gru,strb,10,10,336,B4,50.0,0.35,0.9,0.5,,,,-0.0137975484335575,-0.012745407775423,0.0137975484335575,0.6957070298529631,0.6799156245240493,0.8469748415605073,4,6,6,0.5855,0.8465,0.7257,0.6252,0.5431,0.8447,0.7067,0.6252,0.0002672788974546,0.000403789694701,0.0001835412942151,0.0002202484004858,132.1,71,4,64.5,r-strb_sl10_st10_sp336_bu50_no0.35_re0.9_re0.5,,,,,,,,
yahoo-a1,gru,strb,16,16,336,B4,50.0,0.35,0.9,0.5,,,,-0.1348097044121121,-0.0774580854351529,0.1348097044121121,0.7191338042454887,0.6332287668690908,0.8670132659661454,4,6,6,0.7264,0.8582,0.6319,0.6601,0.4311,0.8513,0.5904,0.6601,0.0002101206956381,0.0003174383475465,0.0001442905712956,0.000173147776251,103.9,65,4,51.1,r-strb_sl16_st16_sp336_bu50_no0.35_re0.9_re0.5,,,,,,,,
yahoo-a1,gru,strb,24,24,336,B4,50.0,0.35,0.9,0.5,,,,-0.1403830650247727,-0.0940131423681355,0.1403830650247727,0.7563608630029937,0.6769864416612674,0.8936366657314382,4,6,6,0.817,0.8804,0.6165,0.7116,0.5273,0.8689,0.6001,0.7116,0.0002890856518104,0.000436734093857,0.0001985160126757,0.0002382180811813,142.9,92,4,70.5,r-strb_sl24_st24_sp336_bu50_no0.35_re0.9_re0.5,,,,,,,,
yahoo-a1,gru,strb,6,6,336,B4,250.0,0.05,0.9,0.5,,,,-0.0820618532269722,-0.0438564526063977,0.0820618532269722,0.7608190949754271,0.7104237160474126,0.8867966524216524,4,6,6,0.7986,0.8859,0.7453,0.6134,0.6153,0.8841,0.729,0.6134,0.0003203630214833,0.0004839861577929,0.0002199942693877,0.0002639918884052,158.4,71,4,70.6,r-strb_sl6_st6_sp336_bu250_no0.05_re0.9_re0.5,,,,,,,,
yahoo-a1,gru,strb,8,8,336,B4,250.0,0.05,0.9,0.5,,,,-0.0715731968901011,-0.034447890201879,0.0715731968901011,0.7396753069386133,0.6955971501843448,0.8522145128649898,4,6,6,0.7608,0.8439,0.7551,0.5989,0.5922,0.8466,0.7447,0.5989,0.0002776839587266,0.0004195090670658,0.0001906865320013,0.0002288225350644,137.3,73,4,60.9,r-strb_sl8_st8_sp336_bu250_no0.05_re0.9_re0.5,,,,,,,,
yahoo-a1,gru,strb,10,10,336,B4,250.0,0.05,0.9,0.5,,,,-0.0277798105545447,-0.0205393175727254,0.0277798105545447,0.6831883437015536,0.6617206749403285,0.8452201189651865,4,6,6,0.5855,0.8439,0.6853,0.618,0.505,0.8452,0.6787,0.618,0.0002497788884063,0.0003773516804089,0.0001715239899886,0.0002058276904203,123.5,63,4,57.2,r-strb_sl10_st10_sp336_bu250_no0.05_re0.9_re0.5,,,,,,,,
yahoo-a1,gru,strb,12,12,336,B4,250.0,0.05,0.9,0.5,,,,-0.1120598853622664,-0.0568620001469694,0.1120598853622664,0.7298401803469097,0.6584341584715845,0.8289498983613401,4,6,6,0.7548,0.8207,0.6989,0.645,0.503,0.8188,0.6669,0.645,0.0002671386740857,0.0006156673902463,0.0002798495102453,0.000335817880001,201.5,82,4,61.7,r-strb_sl12_st12_sp336_bu250_no0.05_re0.9_re0.5,,,,,,,,
yahoo-a1,gru,strb,16,16,336,B4,250.0,0.05,0.9,0.5,,,,-0.1305424798690196,-0.0620184106491148,0.1305424798690196,0.7304719951243317,0.6146491395525827,0.8670132659661454,4,6,6,0.7264,0.8497,0.6744,0.6714,0.4002,0.833,0.554,0.6714,0.0002252599523893,0.0003403098720844,0.0001546867656262,0.0001856231064581,111.4,64,4,50.4,r-strb_sl16_st16_sp336_bu250_no0.05_re0.9_re0.5,,,,,,,,
yahoo-a1,gru,strb,24,24,336,B4,250.0,0.05,0.9,0.5,,,,-0.141213115131299,-0.0832953485537507,0.141213115131299,0.7648755763003385,0.6892924969759133,0.8936366657314382,4,6,6,0.817,0.8878,0.6344,0.7203,0.5366,0.8701,0.6302,0.7203,0.000262311121201,0.0003962846620331,0.0001801299137729,0.0002161547482603,129.7,85,4,62.8,r-strb_sl24_st24_sp336_bu250_no0.05_re0.9_re0.5,,,,,,,,
yahoo-a1,gru,strb,6,6,336,B4,250.0,0.2,0.9,0.5,,,,-0.0843387742262588,-0.0437870584602808,0.0843387742262588,0.7606110422888832,0.7074201170224301,0.886070586501621,4,6,6,0.7986,0.8859,0.7417,0.6161,0.6055,0.8856,0.7224,0.6161,0.000295588073103,0.0004465575806102,0.0002029813833896,0.0002435761972206,146.1,67,4,66.2,r-strb_sl6_st6_sp336_bu250_no0.2_re0.9_re0.5,,,,,,,,
yahoo-a1,gru,strb,8,8,336,B4,250.0,0.2,0.9,0.5,,,,-0.074478417835434,-0.0360958880251083,0.074478417835434,0.7362512165403766,0.6958123537737265,0.8522145128649898,4,6,6,0.7608,0.8439,0.7395,0.6008,0.5901,0.8501,0.7423,0.6008,0.0001247531544172,0.0004097690832059,0.0001862591947331,0.0002235098884727,134.1,74,4,61.4,r-strb_sl8_st8_sp336_bu250_no0.2_re0.9_re0.5,,,,,,,,
yahoo-a1,gru,strb,10,10,336,B4,250.0,0.2,0.9,0.5,,,,-0.0067135330010372,-0.0128124020843246,0.0067135330010372,0.6951206064703213,0.6858844687107477,0.8473558193664645,4,6,6,0.5855,0.8439,0.7316,0.6194,0.5609,0.8474,0.7158,0.6194,0.0002489817360406,0.0003761473881382,0.0001709765402218,0.0002051708479162,123.1,63,4,56.9,r-strb_sl10_st10_sp336_bu250_no0.2_re0.9_re0.5,,,,,,,,
yahoo-a1,gru,strb,16,16,336,B4,250.0,0.2,0.9,0.5,,,,-0.1070702587376865,-0.0641652853025612,0.1070702587376865,0.7260777745827476,0.6503623154728371,0.8670132659661454,4,6,6,0.7264,0.8497,0.6606,0.6676,0.4824,0.8343,0.6172,0.6676,0.0002185353986628,0.0003301508003354,0.0001500689504053,0.0001800818499301,108.0,65,4,51.0,r-strb_sl16_st16_sp336_bu250_no0.2_re0.9_re0.5,,,,,,,,
yahoo-a1,gru,strb,24,24,336,B4,250.0,0.2,0.9,0.5,,,,-0.1423390371271246,-0.0827110617440674,0.1423390371271246,0.7655747773935064,0.6884402559307501,0.8936366657314382,4,6,6,0.817,0.8878,0.6329,0.7246,0.5306,0.8734,0.6252,0.7246,0.0001284397438284,0.000398756638892,0.0001812535361102,0.0002175031027818,130.5,85,4,63.3,r-strb_sl24_st24_sp336_bu250_no0.2_re0.9_re0.5,,,,,,,,
yahoo-a1,gru,strb,6,6,336,B4,250.0,0.35,0.9,0.5,,,,-0.0843387742262588,-0.0437870584602808,0.0843387742262588,0.7606110422888832,0.7074201170224301,0.886070586501621,4,6,6,0.7986,0.8859,0.7417,0.6161,0.6055,0.8856,0.7224,0.6161,0.000133596272735,0.0004456521552534,0.0002025696983766,0.0002430824568766,145.9,67,4,65.8,r-strb_sl6_st6_sp336_bu250_no0.35_re0.9_re0.5,,,,,,,,
yahoo-a1,gru,strb,8,8,336,B4,250.0,0.35,0.9,0.5,,,,-0.0746769641284958,-0.0361469491539206,0.0746769641284958,0.7361746248471581,0.6954379426409154,0.8522145128649898,4,6,6,0.7608,0.8439,0.7395,0.6005,0.5892,0.8499,0.7422,0.6005,0.00027244203024,0.0004115898608606,0.0001870868221092,0.0002245030387513,134.7,74,4,61.9,r-strb_sl8_st8_sp336_bu250_no0.35_re0.9_re0.5,,,,,,,,
yahoo-a1,gru,strb,10,10,336,B4,250.0,0.35,0.9,0.5,,,,-0.0031561106506339,-0.0128817270030472,0.0031561106506339,0.6950166190922376,0.6911166148582688,0.8469525946813273,4,6,6,0.5855,0.8439,0.7316,0.619,0.5754,0.8468,0.7233,0.619,0.0002500025441743,0.0003776895667709,0.0001716775748238,0.0002060119919471,123.6,63,4,57.2,r-strb_sl10_st10_sp336_bu250_no0.35_re0.9_re0.5,,,,,,,,
yahoo-a1,gru,strb,12,12,336,B4,250.0,0.35,0.9,0.5,,,,-0.1051114761035238,-0.0557488444873725,0.1051114761035238,0.732183788668749,0.6690803264102267,0.8289498983613401,4,6,6,0.7548,0.8207,0.7044,0.6488,0.5234,0.8187,0.6853,0.6488,0.0001189698154701,0.000585744767884,0.0002662483296874,0.0003194964381965,191.7,78,4,58.4,r-strb_sl12_st12_sp336_bu250_no0.35_re0.9_re0.5,,,,,,,,
yahoo-a1,gru,strb,16,16,336,B4,250.0,0.35,0.9,0.5,,,,-0.1070702587376865,-0.0641652853025612,0.1070702587376865,0.7260777745827476,0.6503623154728371,0.8670132659661454,4,6,6,0.7264,0.8497,0.6606,0.6676,0.4824,0.8343,0.6172,0.6676,0.0002189899327536,0.0003308374844825,0.0001503810720511,0.0001804564124314,108.3,65,4,50.8,r-strb_sl16_st16_sp336_bu250_no0.35_re0.9_re0.5,,,,,,,,
yahoo-a1,gru,strb,24,24,336,B4,250.0,0.35,0.9,0.5,,,,-0.1423390371271246,-0.0827110617440674,0.1423390371271246,0.7655747773935064,0.6884402559307501,0.8936366657314382,4,6,6,0.817,0.8878,0.6329,0.7246,0.5306,0.8734,0.6252,0.7246,0.0002628159204996,0.0003970472839859,0.0001804765474568,0.000216570736529,129.9,85,4,62.7,r-strb_sl24_st24_sp336_bu250_no0.35_re0.9_re0.5,,,,,,,,
yahoo-a1,gru,strb,6,6,336,B4,1000.0,0.05,0.9,0.5,,,,-0.0869392170412961,-0.0402057128765914,0.0869392170412961,0.7599845092913693,0.7003478457724264,0.8859539247470282,4,6,6,0.7986,0.8669,0.7508,0.6235,0.5908,0.8764,0.7107,0.6235,0.0003415187564266,0.0005159470339987,0.0002345219737235,0.000281425060275,168.9,55,4,57.6,r-strb_sl6_st6_sp336_bu1000_no0.05_re0.9_re0.5,,,,,,,,
yahoo-a1,gru,strb,8,8,336,B4,1000.0,0.05,0.9,0.5,,,,-0.0723149073230234,-0.0332201612003439,0.0723149073230234,0.7390505884328483,0.6959121671491942,0.8522145128649898,4,6,6,0.7608,0.8434,0.7356,0.6164,0.581,0.8476,0.7386,0.6164,0.0003105576056239,0.0004691726954733,0.000213260869564,0.0002559118259091,153.5,68,4,56.6,r-strb_sl8_st8_sp336_bu1000_no0.05_re0.9_re0.5,,,,,,,,
yahoo-a1,gru,strb,10,10,336,B4,1000.0,0.05,0.9,0.5,,,,-0.0147758418717806,-0.0034982988879872,0.0147758418717806,0.6959046928723571,0.6679957136701824,0.839146720949052,4,6,6,0.5855,0.8382,0.7278,0.6322,0.5111,0.8391,0.6895,0.6322,0.00031921163924,0.0004822467152522,0.0002192036851825,0.0002630430300694,157.8,60,4,60.8,r-strb_sl10_st10_sp336_bu1000_no0.05_re0.9_re0.5,,,,,,,,
yahoo-a1,gru,strb,12,12,336,B4,1000.0,0.05,0.9,0.5,,,,-0.0976126845556958,-0.0514821417623223,0.0976126845556958,0.7311301356663772,0.6663576841311353,0.8302509312702117,4,6,6,0.7548,0.8303,0.6929,0.6466,0.5138,0.8265,0.6785,0.6466,0.0003968268635342,0.0005995033637207,0.0002725021467038,0.0003270012170167,196.2,65,4,46.8,r-strb_sl12_st12_sp336_bu1000_no0.05_re0.9_re0.5,,,,,,,,
yahoo-a1,gru,strb,16,16,336,B4,1000.0,0.05,0.9,0.5,,,,-0.1069219084967328,-0.0611947572847331,0.1069219084967328,0.7289043160085367,0.6492255357405602,0.8670132659661454,4,6,6,0.7264,0.8471,0.6745,0.6676,0.4801,0.8344,0.6148,0.6676,0.0002416393303468,0.0003650549009207,0.0001659345061951,0.0001991203947255,119.5,64,4,50.0,r-strb_sl16_st16_sp336_bu1000_no0.05_re0.9_re0.5,,,,,,,,
yahoo-a1,gru,strb,24,24,336,B4,1000.0,0.05,0.9,0.5,,,,-0.1515289560870407,-0.0830747733940989,0.1515289560870407,0.7654944127595474,0.6824124443153241,0.8936366657314382,4,6,6,0.817,0.8892,0.6285,0.7272,0.5138,0.873,0.6158,0.7272,0.0002959132272838,0.0004470488049779,0.0002032045487275,0.0002438442562504,146.3,91,4,70.3,r-strb_sl24_st24_sp336_bu1000_no0.05_re0.9_re0.5,,,,,,,,
yahoo-a1,gru,strb,6,6,336,B4,1000.0,0.2,0.9,0.5,,,,-0.0846788301358686,-0.0394363479463561,0.0846788301358686,0.760588695788056,0.7026042889850709,0.8859539247470282,4,6,6,0.7986,0.8669,0.7534,0.6234,0.5962,0.8761,0.7147,0.6234,0.0003420614673931,0.0005167669307341,0.0002348946605911,0.0002818722701429,169.1,55,4,58.1,r-strb_sl6_st6_sp336_bu1000_no0.2_re0.9_re0.5,,,,,,,,
yahoo-a1,gru,strb,8,8,336,B4,1000.0,0.2,0.9,0.5,,,,-0.0729418573568608,-0.0335948166453425,0.0729418573568608,0.7382502872660668,0.6954639884672298,0.8522145128649898,4,6,6,0.7608,0.8434,0.7323,0.6165,0.5808,0.8463,0.7382,0.6165,0.0003107859449221,0.0004695176574453,0.0002134177214711,0.000256099935974,153.7,68,4,56.8,r-strb_sl8_st8_sp336_bu1000_no0.2_re0.9_re0.5,,,,,,,,
yahoo-a1,gru,strb,10,10,336,B4,1000.0,0.2,0.9,0.5,,,,-0.0049582998321474,-0.0016988734439357,0.0049582998321474,0.6982267733571598,0.6772728791757264,0.8398864296817863,4,6,6,0.5855,0.8382,0.7431,0.6261,0.5376,0.8399,0.7055,0.6261,0.000123754135422,0.0004824746922619,0.0002193073137164,0.0002631673785453,157.9,60,4,60.9,r-strb_sl10_st10_sp336_bu1000_no0.2_re0.9_re0.5,,,,,,,,
yahoo-a1,gru,strb,16,16,336,B4,1000.0,0.2,0.9,0.5,,,,-0.1025023213840047,-0.0609829593924033,0.1025023213840047,0.7289706199947418,0.6558562636749353,0.8670132659661454,4,6,6,0.7264,0.8471,0.6746,0.6678,0.4946,0.8344,0.6267,0.6678,0.0002410608800371,0.0003641810112267,0.0001655372601856,0.0001986437510411,119.2,64,4,49.8,r-strb_sl16_st16_sp336_bu1000_no0.2_re0.9_re0.5,,,,,,,,
yahoo-a1,gru,strb,24,24,336,B4,1000.0,0.2,0.9,0.5,,,,-0.1514123695553989,-0.0830832686994547,0.1514123695553989,0.7654624997374858,0.6825033163164658,0.8936366657314382,4,6,6,0.817,0.8892,0.6283,0.7273,0.5134,0.8735,0.6159,0.7273,0.00029578560958,0.000446856007439,0.0002031169391754,0.0002437390682636,146.2,91,4,69.9,r-strb_sl24_st24_sp336_bu1000_no0.2_re0.9_re0.5,,,,,,,,
yahoo-a1,gru,strb,6,6,336,B4,1000.0,0.35,0.9,0.5,,,,-0.0846788301358686,-0.0394363479463561,0.0846788301358686,0.760588695788056,0.7026042889850709,0.8859539247470282,4,6,6,0.7986,0.8669,0.7534,0.6234,0.5962,0.8761,0.7147,0.6234,0.0003419207388569,0.0005165543260982,0.000234798036167,0.0002817562899311,169.1,55,4,57.7,r-strb_sl6_st6_sp336_bu1000_no0.35_re0.9_re0.5,,,,,,,,
yahoo-a1,gru,strb,8,8,336,B4,1000.0,0.35,0.9,0.5,,,,-0.0726875453393865,-0.0335883358097625,0.0726875453393865,0.7382600085194368,0.6958551777468113,0.8522145128649898,4,6,6,0.7608,0.8434,0.7323,0.6165,0.5815,0.8466,0.7388,0.6165,1.1178457951217935e-06,0.0004702326384023,0.0002137426857635,0.0002564899526388,153.9,68,4,56.6,r-strb_sl8_st8_sp336_bu1000_no0.35_re0.9_re0.5,,,,,,,,
yahoo-a1,gru,strb,10,10,336,B4,1000.0,0.35,0.9,0.5,,,,-0.0009322070586787,-0.0018174797372407,0.0009322070586787,0.6980488639172022,0.6831341088959719,0.8401116793334835,4,6,6,0.5855,0.8382,0.7431,0.6254,0.552,0.8401,0.715,0.6254,0.0001965225679807,0.0004822532006515,0.0002192066377338,0.0002630465629175,157.8,60,4,60.9,r-strb_sl10_st10_sp336_bu1000_no0.35_re0.9_re0.5,,,,,,,,
yahoo-a1,gru,strb,12,12,336,B4,1000.0,0.35,0.9,0.5,,,,-0.09928423160301,-0.0508691805125312,0.09928423160301,0.7317092498876816,0.664354387749663,0.8302509312702117,4,6,6,0.7548,0.8303,0.6945,0.6473,0.5079,0.8257,0.6765,0.6473,0.0002484705085876,0.0006046491538076,0.0002748412372096,0.0003298079165977,197.9,67,4,48.0,r-strb_sl12_st12_sp336_bu1000_no0.35_re0.9_re0.5,,,,,,,,
yahoo-a1,gru,strb,16,16,336,B4,1000.0,0.35,0.9,0.5,,,,-0.1025023213840047,-0.0609829593924033,0.1025023213840047,0.7289706199947418,0.6558562636749353,0.8670132659661454,4,6,6,0.7264,0.8471,0.6746,0.6678,0.4946,0.8344,0.6267,0.6678,0.0001017296610607,0.0003653136091778,0.0001660521225117,0.000199261486666,119.6,64,4,50.1,r-strb_sl16_st16_sp336_bu1000_no0.35_re0.9_re0.5,,,,,,,,
yahoo-a1,gru,strb,24,24,336,B4,1000.0,0.35,0.9,0.5,,,,-0.1514123695553989,-0.0830832686994547,0.1514123695553989,0.7654624997374858,0.6825033163164658,0.8936366657314382,4,6,6,0.817,0.8892,0.6283,0.7273,0.5134,0.8735,0.6159,0.7273,0.0002956576343784,0.0004466626698127,0.0002030290620362,0.0002436336077765,146.2,91,4,70.1,r-strb_sl24_st24_sp336_bu1000_no0.35_re0.9_re0.5,,,,,,,,
yahoo-a1,gru,strb,12,12,168,B5,50.0,0.2,0.9,0.5,,,,-0.0035510246507936,-0.101598529318686,0.0035510246507936,0.8169390280427314,0.8138540331069142,0.9945205479452056,8,28,28,0.9893,0.9688,0.9878,0.9399,0.976,0.9681,0.9866,0.9363,0.0003344396067148,0.0005052522588851,0.0002296606420125,0.0002755916168726,165.4,84,8,53.5,r-strb_sl12_st12_sp168_bu50_no0.2_re0.9_re0.5,0.551,0.6673,0.8837,0.5478,0.5512,0.6596,0.8852,0.5478
yahoo-a1,lstm,strb,12,12,336,B1,50.0,0.2,0.9,0.5,,,,-0.2458817088925165,-0.1304197359363164,0.2458817088925165,0.7216184035463501,0.576538537154285,0.8834677033775704,4,6,6,0.8527,0.85,0.558,0.6258,0.3165,0.8338,0.5301,0.6258,0.0004001835160261,0.0006045744026161,0.0002748072209509,0.0003297671816652,197.9,81,4,65.0,r-strb_sl12_st12_sp336_bu50_no0.2_re0.9_re0.5,,,,,,,,
yahoo-a1,lstm,strb,12,12,336,B1,100.0,0.2,0.9,0.5,,,,-0.2322016880231821,-0.1305660500692177,0.2322016880231821,0.7148185437177758,0.5747931591916257,0.8834677033775704,4,6,6,0.8527,0.8344,0.5355,0.6367,0.3138,0.8266,0.522,0.6367,0.0003192549343919,0.0004823121230952,0.0002192333387185,0.0002630787843768,157.8,61,4,49.5,r-strb_sl12_st12_sp336_bu100_no0.2_re0.9_re0.5,,,,,,,,
yahoo-a1,lstm,strb,12,12,336,B1,250.0,0.2,0.9,0.5,,,,-0.1893041226493084,-0.11303624240252,0.1893041226493084,0.7238503176890103,0.6189776981779993,0.8834677033775704,4,6,6,0.8527,0.8242,0.571,0.6474,0.4136,0.8325,0.5823,0.6474,0.0002148290441335,0.0004964722077163,0.0002256697200801,0.0002708024876362,162.5,61,4,49.2,r-strb_sl12_st12_sp336_bu250_no0.2_re0.9_re0.5,,,,,,,,
yahoo-a1,lstm,strb,12,12,336,B1,500.0,0.2,0.9,0.5,,,,-0.208215566482051,-0.125457781995182,0.208215566482051,0.7188658134063275,0.6051396482740021,0.8834677033775704,4,6,6,0.8527,0.828,0.5457,0.6491,0.3954,0.8278,0.5483,0.6491,0.0003799499477283,0.0005740066831163,0.0002609127624962,0.00031309392062,187.9,63,4,53.2,r-strb_sl12_st12_sp336_bu500_no0.2_re0.9_re0.5,,,,,,,,
yahoo-a1,lstm,strb,12,12,336,B1,1000.0,0.2,0.9,0.5,,,,-0.1890400043707051,-0.1082961079915298,0.1890400043707051,0.7199453933918134,0.6101434833793856,0.8834677033775704,4,6,6,0.8527,0.8287,0.5534,0.645,0.3907,0.8309,0.574,0.645,0.0003739142777588,0.0005648883376069,0.0002567680109395,0.0003081203266674,184.9,56,4,43.5,r-strb_sl12_st12_sp336_bu1000_no0.2_re0.9_re0.5,,,,,,,,
yahoo-a1,lstm,strb,12,12,336,B1,50.0,0.05,0.9,0.5,,,,-0.235704784353394,-0.1372590579573927,0.235704784353394,0.7108780068379974,0.5925243059289633,0.8834677033775704,4,6,6,0.8527,0.85,0.5139,0.627,0.3404,0.8432,0.5594,0.627,0.0003160296645364,0.0007187449625984,0.000326703018638,0.0003920419439602,235.2,97,4,77.2,r-strb_sl12_st12_sp336_bu50_no0.05_re0.9_re0.5,,,,,,,,
yahoo-a1,lstm,strb,12,12,336,B1,50.0,0.1,0.9,0.5,,,,-0.2360661635726869,-0.1339579240153235,0.2360661635726869,0.7147934687237342,0.5901274078561028,0.8834677033775704,4,6,6,0.8527,0.85,0.5282,0.6283,0.3234,0.8494,0.5594,0.6283,0.0002686834984894,0.0006182492644265,0.0002810230837992,0.0003372261806273,202.3,80,4,63.3,r-strb_sl12_st12_sp336_bu50_no0.1_re0.9_re0.5,,,,,,,,
yahoo-a1,lstm,strb,12,12,336,B1,50.0,0.35,0.9,0.5,,,,-0.2362402498400157,-0.1314894234882443,0.2362402498400157,0.7192698455555468,0.5929608745732982,0.8834677033775704,4,6,6,0.8527,0.85,0.5414,0.633,0.3415,0.839,0.5584,0.633,0.0002329756269901,0.0005295072291762,0.000240685657232,0.0002888215719442,173.3,70,4,55.9,r-strb_sl12_st12_sp336_bu50_no0.35_re0.9_re0.5,,,,,,,,
yahoo-a1,lstm,strb,12,12,336,B1,50.0,0.2,0.5,0.5,,,,-0.2446864183423829,-0.1309868136220882,0.2446864183423829,0.7207844774160193,0.5781544028620509,0.8834677033775704,4,6,6,0.8527,0.85,0.5558,0.6247,0.3214,0.8344,0.5321,0.6247,0.0003984509686251,0.0006019569689441,0.0002736174698472,0.0003283394990969,197.0,81,4,64.2,r-strb_sl12_st12_sp336_bu50_no0.2_re0.5_re0.5,,,,,,,,
yahoo-a1,lstm,strb,12,12,336,B1,50.0,0.2,0.7,0.5,,,,-0.2446864183423829,-0.1309868136220882,0.2446864183423829,0.7207844774160193,0.5781544028620509,0.8834677033775704,4,6,6,0.8527,0.85,0.5558,0.6247,0.3214,0.8344,0.5321,0.6247,0.0003988979727338,0.0006026322772243,0.0002739244215274,0.0003287078556968,197.2,81,4,64.3,r-strb_sl12_st12_sp336_bu50_no0.2_re0.7_re0.5,,,,,,,,
yahoo-a1,lstm,strb,12,12,336,B1,50.0,0.2,0.9,,,,,-0.2178375040431862,-0.1103465130439146,0.2178375040431862,0.7278169007246441,0.5877434760912242,0.8834677033775704,4,6,6,0.8527,0.8269,0.583,0.6487,0.3313,0.8327,0.5383,0.6487,0.000141456365533,0.000325542730211,0.0001479743701399,0.0001775683600711,106.5,52,4,33.4,r-strb_sl12_st12_sp336_bu50_no0.2_re0.9,,,,,,,,
yahoo-a1,lstm,strb,12,12,336,B1,50.0,0.2,0.9,0.3,,,,-0.2285848183568177,-0.1255153001928366,0.2285848183568177,0.720592843163578,0.5891330542845489,0.8834677033775704,4,6,6,0.8527,0.8416,0.5499,0.6382,0.3335,0.8427,0.5421,0.6382,0.0002882017365751,0.0004353987251974,0.0001979090625568,0.0002374896626407,142.5,67,4,45.7,r-strb_sl12_st12_sp336_bu50_no0.2_re0.9_re0.3,,,,,,,,
yahoo-a1,lstm,strb,6,6,336,B2,50.0,0.2,0.9,0.5,,,,-0.0745821945741411,-0.0548178492177277,0.0745821945741411,0.7537188167501047,0.7128058056465779,0.8725900137538068,4,6,6,0.807,0.8542,0.754,0.5996,0.6285,0.8726,0.7506,0.5996,0.0001201588838941,0.000373582278996,0.000169810593229,0.0002037716857669,122.3,58,4,59.2,r-strb_sl6_st6_sp336_bu50_no0.2_re0.9_re0.5,,,,,,,,
yahoo-a1,lstm,strb,8,8,336,B2,50.0,0.2,0.9,0.5,,,,-0.1847961808936483,-0.0908611492162133,0.1847961808936483,0.7096348958669437,0.6149413888485218,0.8640140734116122,4,6,6,0.7944,0.844,0.5918,0.6084,0.3963,0.8407,0.6143,0.6084,0.00031804798339,0.0004804887304472,0.0002184045780125,0.0002620841524345,157.3,91,4,78.4,r-strb_sl8_st8_sp336_bu50_no0.2_re0.9_re0.5,,,,,,,,
yahoo-a1,lstm,strb,10,10,336,B2,50.0,0.2,0.9,0.5,,,,-0.2074785179380505,-0.09454632998528,0.2074785179380505,0.7150227864625696,0.595256671299635,0.8725478137875899,4,6,6,0.8026,0.8545,0.6091,0.5939,0.3367,0.8522,0.5982,0.5939,0.000258997955891,0.0003912793210889,0.0001778547292827,0.000213424591806,128.1,72,4,64.7,r-strb_sl10_st10_sp336_bu50_no0.2_re0.9_re0.5,,,,,,,,
yahoo-a1,lstm,strb,16,16,336,B2,50.0,0.2,0.9,0.5,,,,-0.1690833008526672,-0.0828302952224075,0.1690833008526672,0.7213390139906048,0.610858392681134,0.869554180548945,4,6,6,0.7787,0.8688,0.5596,0.6783,0.3894,0.8326,0.5431,0.6783,9.882611640060638e-05,0.0003064492867023,0.0001392955470487,0.0001671537396536,100.3,58,4,48.7,r-strb_sl16_st16_sp336_bu50_no0.2_re0.9_re0.5,,,,,,,,
yahoo-a1,lstm,strb,24,24,336,B2,50.0,0.2,0.9,0.5,,,,-0.1850206742988223,-0.0874416620360331,0.1850206742988223,0.8089244310475528,0.6937294684935911,0.9196586728302848,4,6,6,0.9082,0.8824,0.6985,0.7466,0.529,0.8497,0.6496,0.7466,0.0001285791851169,0.0003919702914666,0.0001781688298027,0.0002138014616638,128.3,85,4,63.4,r-strb_sl24_st24_sp336_bu50_no0.2_re0.9_re0.5,,,,,,,,
yahoo-a1,lstm,strb,8,4,336,B3,50.0,0.2,0.9,0.5,,,,-0.1738754597174396,-0.0935372454515947,0.1738754597174396,0.7188001900054071,0.660049828742661,0.8640293755263644,4,6,6,0.8096,0.8466,0.6079,0.6111,0.4937,0.847,0.6885,0.6111,0.0005516786846775,0.0008334446519363,0.0003788394073495,0.0004546052445865,272.8,78,4,130.7,r-strb_sl8_st4_sp336_bu50_no0.2_re0.9_re0.5,,,,,,,,
yahoo-a1,lstm,strb,12,6,336,B3,50.0,0.2,0.9,0.5,,,,-0.2014996540858666,-0.0775663288876254,0.2014996540858666,0.688013478742665,0.5612206923863038,0.8382605373395009,4,6,6,0.7144,0.8383,0.5617,0.6377,0.264,0.8289,0.5143,0.6377,0.0002606401251469,0.0012060568651129,0.0005482089508091,0.0006578479143037,394.7,84,4,127.9,r-strb_sl12_st6_sp336_bu50_no0.2_re0.9_re0.5,,,,,,,,
yahoo-a1,lstm,strb,24,12,336,B3,50.0,0.2,0.9,0.5,,,,-0.2362011809597594,-0.1597138314135798,0.2362011809597594,0.7597011235986864,0.6249525374257939,0.912613449227012,4,6,6,0.8876,0.8801,0.5796,0.6916,0.4021,0.8458,0.5603,0.6916,0.0002513657964122,0.0007673406988403,0.0003487921696743,0.0004185485291659,251.1,95,4,123.8,r-strb_sl24_st12_sp336_bu50_no0.2_re0.9_re0.5,,,,,,,,
yahoo-a1,lstm,strb,6,6,336,B4,50.0,0.05,0.9,0.5,,,,-0.1475784537657237,-0.0765701894188655,0.1475784537657237,0.714856090086796,0.6115550809971005,0.8705637832793005,4,6,6,0.807,0.8542,0.6025,0.5957,0.3981,0.8705,0.5819,0.5957,0.0002763638526334,0.0004175147261679,0.0001897799094323,0.0002277348167355,136.6,62,4,63.2,r-strb_sl6_st6_sp336_bu50_no0.05_re0.9_re0.5,,,,,,,,
yahoo-a1,lstm,strb,8,8,336,B4,50.0,0.05,0.9,0.5,,,,-0.1868608592419048,-0.084486489732337,0.1868608592419048,0.720674221021568,0.6140661451785838,0.8640140734116122,4,6,6,0.7944,0.844,0.6243,0.62,0.387,0.8472,0.602,0.62,0.0003063539279056,0.0004628220192372,0.0002103741847217,0.0002524478345153,151.5,84,4,72.6,r-strb_sl8_st8_sp336_bu50_no0.05_re0.9_re0.5,,,,,,,,
yahoo-a1,lstm,strb,10,10,336,B4,50.0,0.05,0.9,0.5,,,,-0.1881944225788493,-0.088450248322804,0.1881944225788493,0.7254068963784999,0.622493911457793,0.8725478137875899,4,6,6,0.8026,0.8545,0.6465,0.5981,0.4033,0.8454,0.6433,0.5981,0.0003493053682495,0.0005277106024683,0.0002398690623257,0.0002878415401425,172.7,98,4,87.2,r-strb_sl10_st10_sp336_bu50_no0.05_re0.9_re0.5,,,,,,,,
yahoo-a1,lstm,strb,16,16,336,B4,50.0,0.05,0.9,0.5,,,,-0.174435269252562,-0.0950324934846027,0.174435269252562,0.7058372357317523,0.6036772753090542,0.869554180548945,4,6,6,0.7787,0.8688,0.5179,0.658,0.382,0.8253,0.5494,0.658,0.0002592093562482,0.0003915986926759,0.0001779999078135,0.0002135987848624,128.2,77,4,63.1,r-strb_sl16_st16_sp336_bu50_no0.05_re0.9_re0.5,,,,,,,,
yahoo-a1,lstm,strb,24,24,336,B4,50.0,0.05,0.9,0.5,,,,-0.1919105375898875,-0.0952244305042645,0.1919105375898876,0.8031527786477919,0.6821809969825492,0.9196586728302848,4,6,6,0.9082,0.8824,0.6941,0.7279,0.5159,0.8461,0.6389,0.7279,0.0002837901428082,0.0004287339412687,0.0001948795690414,0.0002338543722273,140.3,91,4,67.4,r-strb_sl24_st24_sp336_bu50_no0.05_re0.9_re0.5,,,,,,,,
yahoo-a1,lstm,strb,6,6,336,B4,50.0,0.35,0.9,0.5,,,,-0.0751083629563811,-0.0569894483262082,0.0751083629563811,0.7522049968413234,0.7095879076773204,0.8725101925532959,4,6,6,0.807,0.8542,0.7545,0.5931,0.6245,0.8725,0.7482,0.5931,0.0002484687109686,0.0003753723391565,0.0001706242472812,0.0002047480918753,122.8,58,4,59.2,r-strb_sl6_st6_sp336_bu50_no0.35_re0.9_re0.5,,,,,,,,
yahoo-a1,lstm,strb,8,8,336,B4,50.0,0.35,0.9,0.5,,,,-0.1774317758627705,-0.0875034309692997,0.1774317758627705,0.7145162277668291,0.6270049489033038,0.8640140734116122,4,6,6,0.7944,0.844,0.6077,0.612,0.4247,0.8412,0.6301,0.612,0.0002869085299466,0.0004334450224748,0.000197020949768,0.0002364240727068,141.9,81,4,69.4,r-strb_sl8_st8_sp336_bu50_no0.35_re0.9_re0.5,,,,,,,,
yahoo-a1,lstm,strb,10,10,336,B4,50.0,0.35,0.9,0.5,,,,-0.2040807727099514,-0.0902987544407316,0.2040807727099514,0.7213154007172093,0.5993207940648405,0.8725478137875899,4,6,6,0.8026,0.8545,0.6262,0.602,0.3418,0.8557,0.5978,0.602,0.0002290118897213,0.0003459780847424,0.0001572631835639,0.0001887149011786,113.2,61,4,55.1,r-strb_sl10_st10_sp336_bu50_no0.35_re0.9_re0.5,,,,,,,,
yahoo-a1,lstm,strb,16,16,336,B4,50.0,0.35,0.9,0.5,,,,-0.1652717711913739,-0.0810737472156662,0.1652717711913739,0.7255581029785202,0.6120964943203256,0.869554180548945,4,6,6,0.7787,0.8688,0.5758,0.679,0.3914,0.835,0.543,0.679,0.0001001704513913,0.0003088676752063,0.0001403948180539,0.0001684728571524,101.1,59,4,49.4,r-strb_sl16_st16_sp336_bu50_no0.35_re0.9_re0.5,,,,,,,,
yahoo-a1,lstm,strb,24,24,336,B4,50.0,0.35,0.9,0.5,,,,-0.1850206742988223,-0.0874416620360331,0.1850206742988223,0.8089244310475528,0.6937294684935911,0.9196586728302848,4,6,6,0.9082,0.8824,0.6985,0.7466,0.529,0.8497,0.6496,0.7466,0.000260137871432,0.0003930014403906,0.0001786375497674,0.000214363890623,128.6,85,4,63.3,r-strb_sl24_st24_sp336_bu50_no0.35_re0.9_re0.5,,,,,,,,
yahoo-a1,lstm,strb,6,6,336,B4,250.0,0.05,0.9,0.5,,,,-0.1207473074199106,-0.045171611168942,0.1207473074199106,0.7629126009493579,0.6794672409791961,0.861712840161116,4,6,6,0.807,0.8617,0.7349,0.6481,0.5238,0.8595,0.6865,0.6481,0.0002432529510881,0.0003674926669871,0.0001670425994205,0.0002004500675666,120.3,52,4,52.6,r-strb_sl6_st6_sp336_bu250_no0.05_re0.9_re0.5,,,,,,,,
yahoo-a1,lstm,strb,8,8,336,B4,250.0,0.05,0.9,0.5,,,,-0.1312187503209097,-0.0608544265438801,0.1312187503209097,0.7440765678750798,0.6743657034101813,0.8640140734116122,4,6,6,0.7944,0.8614,0.7059,0.6147,0.5308,0.8521,0.6999,0.6147,0.0002909405411203,0.0004395363546988,0.0001997898310169,0.0002397465236817,143.8,75,4,64.8,r-strb_sl8_st8_sp336_bu250_no0.05_re0.9_re0.5,,,,,,,,
yahoo-a1,lstm,strb,10,10,336,B4,250.0,0.05,0.9,0.5,,,,-0.2085518143838084,-0.0972486530445468,0.2085518143838084,0.7070631881123506,0.5870832502531966,0.8725478137875899,4,6,6,0.8026,0.8424,0.5631,0.6202,0.3278,0.8398,0.5605,0.6202,0.0002263298297915,0.0003419261817657,0.0001554214529492,0.0001865047288165,111.9,56,4,50.4,r-strb_sl10_st10_sp336_bu250_no0.05_re0.9_re0.5,,,,,,,,
yahoo-a1,lstm,strb,12,12,336,B4,250.0,0.05,0.9,0.5,,,,-0.2070050919632693,-0.1191413131165247,0.2070050919632693,0.7160091667860287,0.5939302461266234,0.8834677033775704,4,6,6,0.8527,0.8242,0.5416,0.6455,0.362,0.8311,0.5372,0.6455,0.0002180120620021,0.0005067335537513,0.0002303339486107,0.0002763996051407,165.8,61,4,48.9,r-strb_sl12_st12_sp336_bu250_no0.05_re0.9_re0.5,,,,,,,,
yahoo-a1,lstm,strb,16,16,336,B4,250.0,0.05,0.9,0.5,,,,-0.1963471343248453,-0.0965810017958379,0.1963471343248453,0.7163597577160289,0.5809019104787859,0.869554180548945,4,6,6,0.7787,0.8488,0.5654,0.6725,0.3151,0.8222,0.5138,0.6725,0.0001955350253524,0.000295403149827,0.0001342745765623,0.0001611285732647,96.7,55,4,47.8,r-strb_sl16_st16_sp336_bu250_no0.05_re0.9_re0.5,,,,,,,,
yahoo-a1,lstm,strb,24,24,336,B4,250.0,0.05,0.9,0.5,,,,-0.1943612183368898,-0.0891780496266694,0.1943612183368898,0.7965355771414526,0.6525921012171381,0.9196586728302848,4,6,6,0.9082,0.8797,0.6763,0.722,0.4458,0.8455,0.5971,0.722,0.0001986250057427,0.0003000713157402,0.0001363964702552,0.0001636748454851,98.2,62,4,46.8,r-strb_sl24_st24_sp336_bu250_no0.05_re0.9_re0.5,,,,,,,,
yahoo-a1,lstm,strb,6,6,336,B4,250.0,0.2,0.9,0.5,,,,-0.1166605053238419,-0.0442139759342878,0.1166605053238419,0.7630100109827662,0.6845992591176062,0.8639324835445525,4,6,6,0.807,0.8617,0.7338,0.6496,0.531,0.8639,0.6939,0.6496,0.0002367102900103,0.0003576083882644,0.0001625497267368,0.0001950586615277,117.0,50,4,51.0,r-strb_sl6_st6_sp336_bu250_no0.2_re0.9_re0.5,,,,,,,,
yahoo-a1,lstm,strb,8,8,336,B4,250.0,0.2,0.9,0.5,,,,-0.1288450544947004,-0.0617595455923787,0.1288450544947004,0.7447046762407381,0.6677596858116884,0.8640140734116122,4,6,6,0.7944,0.8614,0.7198,0.6033,0.5203,0.8541,0.6933,0.6033,0.0002598232063338,0.0003925260623299,0.0001784214248279,0.0002141046375019,128.5,68,4,58.5,r-strb_sl8_st8_sp336_bu250_no0.2_re0.9_re0.5,,,,,,,,
yahoo-a1,lstm,strb,10,10,336,B4,250.0,0.2,0.9,0.5,,,,-0.2127014935176806,-0.0954226750174346,0.2127014935176806,0.7067796254738627,0.5855868307213752,0.8725478137875899,4,6,6,0.8026,0.8424,0.5543,0.6279,0.3222,0.833,0.5594,0.6279,0.0002304741396781,0.0003481871684724,0.0001582673440965,0.0001899198243758,114.0,58,4,52.3,r-strb_sl10_st10_sp336_bu250_no0.2_re0.9_re0.5,,,,,,,,
yahoo-a1,lstm,strb,16,16,336,B4,250.0,0.2,0.9,0.5,,,,-0.1935355319369659,-0.1038650686902342,0.1935355319369659,0.7059049311138388,0.583504624560442,0.869554180548945,4,6,6,0.7787,0.8488,0.526,0.6701,0.3229,0.8278,0.5133,0.6701,0.0001038530038213,0.0002966909291571,0.0001348599563081,0.000161830972849,97.1,52,4,45.9,r-strb_sl16_st16_sp336_bu250_no0.2_re0.9_re0.5,,,,,,,,
yahoo-a1,lstm,strb,24,24,336,B4,250.0,0.2,0.9,0.5,,,,-0.1958449130863915,-0.085427117478996,0.1958449130863915,0.801733092165787,0.6515294795736375,0.9196586728302848,4,6,6,0.9082,0.8797,0.6903,0.7287,0.4409,0.841,0.5955,0.7287,9.695415308040208e-05,0.0003042923686834,0.0001383151375015,0.0001659772311818,99.6,63,4,47.8,r-strb_sl24_st24_sp336_bu250_no0.2_re0.9_re0.5,,,,,,,,
yahoo-a1,lstm,strb,6,6,336,B4,250.0,0.35,0.9,0.5,,,,-0.1146139082144216,-0.0433986477628944,0.1146139082144216,0.7644562839781713,0.6870727931391277,0.8636162687886826,4,6,6,0.807,0.8617,0.7398,0.6494,0.5378,0.8636,0.6976,0.6494,0.0001041759976021,0.0003578206637407,0.0001626462302681,0.0001951744334725,117.1,50,4,51.3,r-strb_sl6_st6_sp336_bu250_no0.35_re0.9_re0.5,,,,,,,,
yahoo-a1,lstm,strb,8,8,336,B4,250.0,0.35,0.9,0.5,,,,-0.1283543529731158,-0.0620930291114445,0.1283543529731158,0.7443246410038051,0.6689635267818816,0.8640140734116122,4,6,6,0.7944,0.8614,0.7189,0.6027,0.5236,0.8535,0.6961,0.6027,0.000118709282709,0.0003912321226177,0.0001778332497678,0.0002133988728497,128.0,68,4,58.5,r-strb_sl8_st8_sp336_bu250_no0.35_re0.9_re0.5,,,,,,,,
yahoo-a1,lstm,strb,10,10,336,B4,250.0,0.35,0.9,0.5,,,,-0.2127014935176806,-0.0954226750174346,0.2127014935176806,0.7067796254738627,0.5855868307213752,0.8725478137875899,4,6,6,0.8026,0.8424,0.5543,0.6279,0.3222,0.833,0.5594,0.6279,0.000229522079514,0.0003467488503459,0.0001576135597211,0.0001891352906248,113.5,58,4,52.1,r-strb_sl10_st10_sp336_bu250_no0.35_re0.9_re0.5,,,,,,,,
yahoo-a1,lstm,strb,12,12,336,B4,250.0,0.35,0.9,0.5,,,,-0.1893041226493084,-0.11303624240252,0.1893041226493084,0.7238503176890103,0.6189776981779993,0.8834677033775704,4,6,6,0.8527,0.8242,0.571,0.6474,0.4136,0.8325,0.5823,0.6474,0.0002149508168333,0.0004970613582453,0.0002259374997701,0.0002711238584752,162.7,61,4,49.2,r-strb_sl12_st12_sp336_bu250_no0.35_re0.9_re0.5,,,,,,,,
yahoo-a1,lstm,strb,16,16,336,B4,250.0,0.35,0.9,0.5,,,,-0.1932537402494709,-0.1040436755411776,0.1932537402494709,0.7058690847891413,0.5837120402306064,0.869554180548945,4,6,6,0.7787,0.8488,0.5263,0.6696,0.3239,0.8281,0.5133,0.6696,0.0001940628790064,0.0002931791151979,0.0001332636424198,0.0001599154727781,95.9,52,4,44.8,r-strb_sl16_st16_sp336_bu250_no0.35_re0.9_re0.5,,,,,,,,
yahoo-a1,lstm,strb,24,24,336,B4,250.0,0.35,0.9,0.5,,,,-0.1958449130863915,-0.085427117478996,0.1958449130863915,0.801733092165787,0.6515294795736375,0.9196586728302848,4,6,6,0.9082,0.8797,0.6903,0.7287,0.4409,0.841,0.5955,0.7287,0.0002000502590074,0.0003022245069803,0.0001373752210088,0.0001648492859715,98.9,63,4,47.2,r-strb_sl24_st24_sp336_bu250_no0.35_re0.9_re0.5,,,,,,,,
yahoo-a1,lstm,strb,6,6,336,B4,1000.0,0.05,0.9,0.5,,,,-0.1001807043664576,-0.0502616580784176,0.1001807043664576,0.7584662244771022,0.6989371180768679,0.8700326652912861,4,6,6,0.807,0.87,0.729,0.6278,0.5882,0.8678,0.7119,0.6278,0.0001124689287652,0.0004987376808774,0.000226699644558,0.0002720380363194,163.2,49,4,55.2,r-strb_sl6_st6_sp336_bu1000_no0.05_re0.9_re0.5,,,,,,,,
yahoo-a1,lstm,strb,8,8,336,B4,1000.0,0.05,0.9,0.5,,,,-0.1383596912369995,-0.060970442665591,0.1383596912369995,0.7398819311005708,0.6556473749854058,0.8640140734116122,4,6,6,0.7944,0.8541,0.6891,0.6219,0.4898,0.8485,0.6624,0.6219,0.0001799713765233,0.0004226878613266,0.0001921313620935,0.000230556499233,138.3,58,4,49.5,r-strb_sl8_st8_sp336_bu1000_no0.05_re0.9_re0.5,,,,,,,,
yahoo-a1,lstm,strb,10,10,336,B4,1000.0,0.05,0.9,0.5,,,,-0.1872302678497077,-0.0704702610644971,0.1872302678497077,0.7195518384593269,0.5927942772756609,0.8725478137875899,4,6,6,0.8026,0.8381,0.6007,0.6368,0.3339,0.8364,0.564,0.6368,0.0002440294655445,0.0003686657806833,0.000167575820893,0.0002010899597903,120.7,43,4,44.0,r-strb_sl10_st10_sp336_bu1000_no0.05_re0.9_re0.5,,,,,,,,
yahoo-a1,lstm,strb,12,12,336,B4,1000.0,0.05,0.9,0.5,,,,-0.19446920574784,-0.1113256085450756,0.19446920574784,0.7148521849290277,0.6016138398293416,0.8834677033775704,4,6,6,0.8527,0.8287,0.5341,0.6439,0.3749,0.8306,0.5571,0.6439,0.0002313378415427,0.0005651888935797,0.0002569045414941,0.0003082843520856,185.0,56,4,43.5,r-strb_sl12_st12_sp336_bu1000_no0.05_re0.9_re0.5,,,,,,,,
yahoo-a1,lstm,strb,16,16,336,B4,1000.0,0.05,0.9,0.5,,,,-0.173764592291999,-0.1028043902605612,0.173764592291999,0.7113547001816583,0.6142646462579734,0.869554180548945,4,6,6,0.7787,0.8405,0.5644,0.6618,0.399,0.8285,0.5678,0.6618,9.556821747347746e-05,0.0003362196096094,0.0001528275818292,0.0001833920277802,110.0,55,4,47.0,r-strb_sl16_st16_sp336_bu1000_no0.05_re0.9_re0.5,,,,,,,,
yahoo-a1,lstm,strb,24,24,336,B4,1000.0,0.05,0.9,0.5,,,,-0.206750236085901,-0.0944471387376333,0.206750236085901,0.7952153610866327,0.6430016745510685,0.9196586728302848,4,6,6,0.9082,0.8865,0.6668,0.7193,0.4268,0.8435,0.5824,0.7193,9.033488459118191e-05,0.0003087283024524,0.0001403314172445,0.000168396885208,101.0,57,4,44.5,r-strb_sl24_st24_sp336_bu1000_no0.05_re0.9_re0.5,,,,,,,,
yahoo-a1,lstm,strb,6,6,336,B4,1000.0,0.2,0.9,0.5,,,,-0.0978444089858483,-0.0498884360492053,0.0978444089858483,0.7589561218873679,0.7026851225419855,0.8700326652912861,4,6,6,0.807,0.87,0.7297,0.6291,0.5965,0.866,0.7191,0.6291,0.0001133169483811,0.0004992666651375,0.0002269400076371,0.0002723266575003,163.4,49,4,55.7,r-strb_sl6_st6_sp336_bu1000_no0.2_re0.9_re0.5,,,,,,,,
yahoo-a1,lstm,strb,8,8,336,B4,1000.0,0.2,0.9,0.5,,,,-0.1392593638189314,-0.0614595537378915,0.1392593638189314,0.7389620877609122,0.6539996757701168,0.8640140734116122,4,6,6,0.7944,0.8541,0.6892,0.6182,0.4891,0.8488,0.66,0.6182,0.000279883767528,0.000422832412578,0.0001921970763301,0.0002306353362478,138.4,58,4,49.7,r-strb_sl8_st8_sp336_bu1000_no0.2_re0.9_re0.5,,,,,,,,
yahoo-a1,lstm,strb,10,10,336,B4,1000.0,0.2,0.9,0.5,,,,-0.1870011001248531,-0.069789772401775,0.1870011001248531,0.7204556201316394,0.5935086145773854,0.8725478137875899,4,6,6,0.8026,0.8381,0.6035,0.6376,0.333,0.8346,0.5688,0.6376,0.000243213130747,0.0003674325086898,0.0001670152436895,0.0002004172650002,120.3,43,4,43.8,r-strb_sl10_st10_sp336_bu1000_no0.2_re0.9_re0.5,,,,,,,,
yahoo-a1,lstm,strb,16,16,336,B4,1000.0,0.2,0.9,0.5,,,,-0.1767138133149067,-0.1028820182491216,0.1767138133149067,0.7111897602301094,0.6094271604809459,0.869554180548945,4,6,6,0.7787,0.8405,0.5655,0.66,0.388,0.8298,0.5599,0.66,0.0002206643912621,0.0003333671607735,0.0001515309857055,0.0001818361750679,109.1,55,4,46.8,r-strb_sl16_st16_sp336_bu1000_no0.2_re0.9_re0.5,,,,,,,,
yahoo-a1,lstm,strb,24,24,336,B4,1000.0,0.2,0.9,0.5,,,,-0.2072388422636372,-0.0946174696484973,0.2072388422636372,0.7950017757426725,0.6423363634881116,0.9196586728302848,4,6,6,0.9082,0.8865,0.6669,0.7184,0.4261,0.844,0.5808,0.7184,9.119928435431928e-05,0.0003023638337451,0.0001374384871502,0.0001649253465949,99.0,57,4,44.9,r-strb_sl24_st24_sp336_bu1000_no0.2_re0.9_re0.5,,,,,,,,
yahoo-a1,lstm,strb,6,6,336,B4,1000.0,0.35,0.9,0.5,,,,-0.0967754697314467,-0.0496173653941839,0.0967754697314467,0.7593120405758573,0.7044458938043354,0.8700326652912861,4,6,6,0.807,0.87,0.7302,0.63,0.5999,0.8661,0.7218,0.63,0.0001104798734647,0.0004941700919184,0.0002246234386564,0.000269546653262,161.7,49,4,54.3,r-strb_sl6_st6_sp336_bu1000_no0.35_re0.9_re0.5,,,,,,,,
yahoo-a1,lstm,strb,8,8,336,B4,1000.0,0.35,0.9,0.5,,,,-0.1392817105520278,-0.0614983756177238,0.1392817105520278,0.7389000253565028,0.6539458995972702,0.8640140734116122,4,6,6,0.7944,0.8541,0.6891,0.618,0.4888,0.8491,0.6599,0.618,0.0001007180610482,0.0004214506752352,0.0001915690005181,0.0002298816747171,137.9,58,4,49.5,r-strb_sl8_st8_sp336_bu1000_no0.35_re0.9_re0.5,,,,,,,,
yahoo-a1,lstm,strb,10,10,336,B4,1000.0,0.35,0.9,0.5,,,,-0.1870011001248531,-0.069789772401775,0.1870011001248531,0.7204556201316394,0.5935086145773854,0.8725478137875899,4,6,6,0.8026,0.8381,0.6035,0.6376,0.333,0.8346,0.5688,0.6376,9.09119034751241e-05,0.0003687290239726,0.0001676045568866,0.000201124467086,120.7,43,4,44.7,r-strb_sl10_st10_sp336_bu1000_no0.35_re0.9_re0.5,,,,,,,,
yahoo-a1,lstm,strb,12,12,336,B4,1000.0,0.35,0.9,0.5,,,,-0.1890400043707051,-0.1082961079915298,0.1890400043707051,0.7199453933918134,0.6101434833793856,0.8834677033775704,4,6,6,0.8527,0.8287,0.5534,0.645,0.3907,0.8309,0.574,0.645,0.0003749048549542,0.0005663848450646,0.0002574482152742,0.0003089366297903,185.4,56,4,44.0,r-strb_sl12_st12_sp336_bu1000_no0.35_re0.9_re0.5,,,,,,,,
yahoo-a1,lstm,strb,16,16,336,B4,1000.0,0.35,0.9,0.5,,,,-0.1766481230518439,-0.1028296154520149,0.1766481230518439,0.7112603985758366,0.6095495932304695,0.869554180548945,4,6,6,0.7787,0.8405,0.5656,0.6602,0.3881,0.83,0.5599,0.6602,0.000221124926168,0.0003340629106094,0.0001518472556128,0.0001822156549966,109.3,55,4,47.0,r-strb_sl16_st16_sp336_bu1000_no0.35_re0.9_re0.5,,,,,,,,
yahoo-a1,lstm,strb,24,24,336,B4,1000.0,0.35,0.9,0.5,,,,-0.2072388422636372,-0.0946174696484973,0.2072388422636372,0.7950017757426725,0.6423363634881116,0.9196586728302848,4,6,6,0.9082,0.8865,0.6669,0.7184,0.4261,0.844,0.5808,0.7184,0.0002021108799467,0.0003053375754188,0.0001387902572932,0.0001665473181257,99.9,57,4,45.6,r-strb_sl24_st24_sp336_bu1000_no0.35_re0.9_re0.5,,,,,,,,
yahoo-a1,lstm,strb,12,12,168,B5,50.0,0.2,0.9,0.5,,,,-0.0090570142983583,-0.1145124014238507,0.0090570142983583,0.8330866084818657,0.8206908311323583,0.9912826899128268,8,28,28,0.9764,0.9688,0.9883,0.8711,0.972,0.9669,0.984,0.8857,0.0003308638830925,0.0004998502598366,0.0002272051744208,0.0002726450854159,163.6,85,8,52.7,r-strb_sl12_st12_sp168_bu50_no0.2_re0.9_re0.5,0.7666,0.6498,0.8941,0.5496,0.674,0.6385,0.8949,0.5496
yahoo-a1,tcn,strb,12,12,336,B1,50.0,0.2,0.9,0.5,,,,-0.2398099836222843,-0.1183530159932102,0.2398099836222843,0.6939250847723105,0.539445026619647,0.879670337167574,4,6,6,0.7988,0.8364,0.5313,0.6092,0.2619,0.8092,0.4775,0.6092,2.892571089812476e-05,0.0001346627012156,6.121050538236483e-05,7.345219583328192e-05,44.1,52,4,14.2,r-strb_sl12_st12_sp336_bu50_no0.2_re0.9_re0.5,,,,,,,,
yahoo-a1,tcn,strb,12,12,336,B1,100.0,0.2,0.9,0.5,,,,-0.2525698982957203,-0.1355923539038966,0.2525698982957203,0.6845191553583057,0.5302494267916723,0.879670337167574,4,6,6,0.7988,0.8347,0.5027,0.6019,0.2548,0.7998,0.4645,0.6019,6.999473215719743e-05,0.0001585598836012,7.207294832332992e-05,8.648693527793511e-05,51.9,62,4,16.7,r-strb_sl12_st12_sp336_bu100_no0.2_re0.9_re0.5,,,,,,,,
yahoo-a1,tcn,strb,12,12,336,B1,250.0,0.2,0.9,0.5,,,,-0.2474199426011891,-0.1325821094488533,0.2474199426011891,0.6859677313365999,0.537835598612404,0.879670337167574,4,6,6,0.7988,0.8371,0.5012,0.6067,0.2612,0.8103,0.4731,0.6067,6.813998174834276e-05,0.0001626388770266,7.392698883260083e-05,8.871188819408418e-05,53.2,50,4,13.7,r-strb_sl12_st12_sp336_bu250_no0.2_re0.9_re0.5,,,,,,,,
yahoo-a1,tcn,strb,12,12,336,B1,500.0,0.2,0.9,0.5,,,,-0.2078649003181681,-0.1215200970673164,0.2078649003181681,0.6817097373132821,0.571612949352984,0.879670337167574,4,6,6,0.7988,0.838,0.4718,0.6182,0.3283,0.8084,0.5316,0.6182,8.147979879127744e-05,0.0002030253713909,9.228447118204912e-05,0.0001107409002088,66.4,46,4,13.3,r-strb_sl12_st12_sp336_bu500_no0.2_re0.9_re0.5,,,,,,,,
yahoo-a1,tcn,strb,12,12,336,B1,1000.0,0.2,0.9,0.5,,,,-0.2437185771498888,-0.1149758560480073,0.2437185771498888,0.7079834858435894,0.5291587754245055,0.879670337167574,4,6,6,0.7988,0.8349,0.6029,0.5953,0.2735,0.7963,0.4515,0.5953,0.0001816728651759,0.0002744609898627,0.0001247553086813,0.0001497056811815,89.8,42,4,12.3,r-strb_sl12_st12_sp336_bu1000_no0.2_re0.9_re0.5,,,,,,,,
yahoo-a1,tcn,strb,12,12,336,B1,50.0,0.05,0.9,0.5,,,,-0.2421768340973553,-0.1239997212327592,0.2421768340973553,0.6922425424950386,0.5418376130955793,0.879670337167574,4,6,6,0.7988,0.8364,0.5335,0.6003,0.2797,0.8026,0.4848,0.6003,0.0001117979947254,0.0001688980259507,7.677209733843079e-05,9.212592861227071e-05,55.3,68,4,17.2,r-strb_sl12_st12_sp336_bu50_no0.05_re0.9_re0.5,,,,,,,,
yahoo-a1,tcn,strb,12,12,336,B1,50.0,0.1,0.9,0.5,,,,-0.2447888067272218,-0.1269253301393655,0.2447888067272218,0.6871275752329663,0.5388755401668057,0.879670337167574,4,6,6,0.7988,0.8364,0.5115,0.6018,0.2694,0.8056,0.4786,0.6018,7.035558435565482e-05,0.0001590943597505,7.231587037288894e-05,8.677848937766006e-05,52.1,64,4,17.2,r-strb_sl12_st12_sp336_bu50_no0.1_re0.9_re0.5,,,,,,,,
yahoo-a1,tcn,strb,12,12,336,B1,50.0,0.35,0.9,0.5,,,,-0.2301013735070303,-0.1114490625911322,0.2301013735070303,0.7025965885817913,0.54665511752283,0.879670337167574,4,6,6,0.7988,0.8364,0.5717,0.6034,0.277,0.81,0.4961,0.6034,9.265813698139058e-05,0.0001399826218963,6.36286901620527e-05,7.63539317343384e-05,45.8,55,4,14.7,r-strb_sl12_st12_sp336_bu50_no0.35_re0.9_re0.5,,,,,,,,
yahoo-a1,tcn,strb,12,12,336,B1,50.0,0.2,0.5,0.5,,,,-0.2190708218366416,-0.1086584922378999,0.2190708218366416,0.7081594019735997,0.5644743889220029,0.879670337167574,4,6,6,0.7988,0.8364,0.585,0.6124,0.3078,0.8159,0.5218,0.6124,6.098618040554882e-05,0.0001377038532496,6.259284589064514e-05,7.511100735903408e-05,45.1,52,4,14.9,r-strb_sl12_st12_sp336_bu50_no0.2_re0.5_re0.5,,,,,,,,
yahoo-a1,tcn,strb,12,12,336,B1,50.0,0.2,0.7,0.5,,,,-0.2219770995243954,-0.1080052010867441,0.2219770995243954,0.7084691148925233,0.5596317767958932,0.879670337167574,4,6,6,0.7988,0.8364,0.5836,0.6151,0.295,0.8176,0.5109,0.6151,8.757562513857353e-05,0.0001323042532527,6.0138459780460435e-05,7.21657934722801e-05,43.3,52,4,14.1,r-strb_sl12_st12_sp336_bu50_no0.2_re0.7_re0.5,,,,,,,,
yahoo-a1,tcn,strb,12,12,336,B1,50.0,0.2,0.9,,,,,-0.2748829821369258,-0.1434425694701395,0.2748829821369258,0.6738631730908502,0.5177794887825904,0.879670337167574,4,6,6,0.7988,0.8303,0.4695,0.5968,0.2447,0.7832,0.4464,0.5968,4.190586926924236e-05,9.494402026473027e-05,4.3156533042848527e-05,5.178748722188175e-05,31.1,41,4,9.9,r-strb_sl12_st12_sp336_bu50_no0.2_re0.9,,,,,,,,
yahoo-a1,tcn,strb,12,12,336,B1,50.0,0.2,0.9,0.3,,,,-0.2383657454520714,-0.1268159646996435,0.2383657454520714,0.6756664034283364,0.5283898030936834,0.879670337167574,4,6,6,0.7988,0.8336,0.4778,0.5925,0.2679,0.7947,0.4585,0.5925,7.414961740415643e-05,0.0001120210074904,5.091878755871828e-05,6.11022199317813e-05,36.7,46,4,12.4,r-strb_sl12_st12_sp336_bu50_no0.2_re0.9_re0.3,,,,,,,,
yahoo-a1,tcn,strb,6,6,336,B2,50.0,0.2,0.9,0.5,,,,-0.1105644125067839,-0.0573538396638512,0.1105644125067839,0.8045429962396529,0.7226486961276766,0.9175769861380236,4,6,6,0.9066,0.8758,0.8021,0.6336,0.636,0.8621,0.7589,0.6336,0.000113188798997,0.0001709991736191,7.772712042723368e-05,9.3272053191904e-05,56.0,67,4,26.7,r-strb_sl6_st6_sp336_bu50_no0.2_re0.9_re0.5,,,,,,,,
yahoo-a1,tcn,strb,8,8,336,B2,50.0,0.2,0.9,0.5,,,,-0.1789537731198022,-0.0743389438773575,0.1789537731198022,0.6938760676514059,0.5510154949881112,0.8494969644405899,4,6,6,0.74,0.8335,0.6124,0.5896,0.283,0.82,0.5115,0.5896,9.859053724599262e-05,0.0001489449534328,6.770248038034577e-05,8.124247305250417e-05,48.7,74,4,23.9,r-strb_sl8_st8_sp336_bu50_no0.2_re0.9_re0.5,,,,,,,,
yahoo-a1,tcn,strb,10,10,336,B2,50.0,0.2,0.9,0.5,,,,-0.2255988170340797,-0.1115317268839449,0.2255988170340797,0.6889661623442893,0.550506343229484,0.8692022547212048,4,6,6,0.7606,0.8606,0.5302,0.6045,0.2685,0.8364,0.4926,0.6045,7.343992789630097e-05,0.0001109488491104,5.043151348557634e-05,6.051733562489971e-05,36.3,61,4,17.6,r-strb_sl10_st10_sp336_bu50_no0.2_re0.9_re0.5,,,,,,,,
yahoo-a1,tcn,strb,16,16,336,B2,50.0,0.2,0.9,0.5,,,,-0.0989217249348858,-0.055360370655785,0.0989217249348858,0.7035002561033967,0.6559977617340373,0.907850962301224,4,6,6,0.6917,0.8784,0.5854,0.6585,0.4687,0.8693,0.6276,0.6585,4.52295579146269e-05,6.83302331599407e-05,3.1059332118214415e-05,3.727090104172627e-05,22.4,46,4,10.8,r-strb_sl16_st16_sp336_bu50_no0.2_re0.9_re0.5,,,,,,,,
yahoo-a1,tcn,strb,24,24,336,B2,50.0,0.2,0.9,0.5,,,,-0.0889738769390712,-0.016344892889432,0.0889738769390712,0.696223518506353,0.620219798122525,0.873100441547226,4,6,6,0.5963,0.8731,0.6178,0.6977,0.3723,0.8567,0.5541,0.6977,4.9895183652429936e-05,7.537879408337175e-05,3.4263218807366994e-05,4.111557527600477e-05,24.7,80,4,12.1,r-strb_sl24_st24_sp336_bu50_no0.2_re0.9_re0.5,,,,,,,,
yahoo-a1,tcn,strb,8,4,336,B3,50.0,0.2,0.9,0.5,,,,-0.1472033337247943,-0.0643256417224091,0.1472033337247943,0.6334965049616303,0.5352417687181319,0.838959236773634,4,6,6,0.5865,0.839,0.5221,0.5864,0.2554,0.8019,0.4972,0.5864,0.0001689792925782,0.0002552842652778,0.0001160386111102,0.0001392456541676,83.5,73,4,39.7,r-strb_sl8_st4_sp336_bu50_no0.2_re0.9_re0.5,,,,,,,,
yahoo-a1,tcn,strb,12,6,336,B3,50.0,0.2,0.9,0.5,,,,-0.1994935957738566,-0.0977963560840217,0.1994935957738566,0.6675261118028448,0.5431737946505087,0.8501398610940549,4,6,6,0.6841,0.8501,0.5171,0.6188,0.2432,0.8298,0.4809,0.6188,0.0002208218072415,0.0003336049758453,0.0001516390242465,0.000181965951599,109.2,93,4,34.4,r-strb_sl12_st6_sp336_bu50_no0.2_re0.9_re0.5,,,,,,,,
yahoo-a1,tcn,strb,24,12,336,B3,50.0,0.2,0.9,0.5,,,,-0.1147697148807021,-0.0476786071490362,0.1147697148807021,0.7620281125101138,0.6717447626502657,0.8699375784746224,4,6,6,0.7761,0.867,0.6845,0.7205,0.4994,0.8625,0.6046,0.7205,7.068501950480678e-05,0.0001067868908379,4.853973090583976e-05,5.824715993211914e-05,34.9,71,4,17.1,r-strb_sl24_st12_sp336_bu50_no0.2_re0.9_re0.5,,,,,,,,
yahoo-a1,tcn,strb,6,6,336,B4,50.0,0.05,0.9,0.5,,,,-0.1097113096445996,-0.0528775536398045,0.1097113096445996,0.8121521522572752,0.7107750374291237,0.9175769861380236,4,6,6,0.9066,0.8758,0.8539,0.6123,0.6295,0.8431,0.7581,0.6123,0.0001123333445009,0.0001697068018192,7.713969751235305e-05,9.25671043068481e-05,55.5,67,4,26.6,r-strb_sl6_st6_sp336_bu50_no0.05_re0.9_re0.5,,,,,,,,
yahoo-a1,tcn,strb,8,8,336,B4,50.0,0.05,0.9,0.5,,,,-0.1680539565568607,-0.074088710436214,0.1680539565568607,0.6943143113765908,0.5631927054257886,0.8494969644405899,4,6,6,0.74,0.8335,0.6171,0.5866,0.3078,0.8272,0.5312,0.5866,9.373730114965594e-05,0.0001416129614936,6.436976857755023e-05,7.724319291611514e-05,46.3,71,4,23.0,r-strb_sl8_st8_sp336_bu50_no0.05_re0.9_re0.5,,,,,,,,
yahoo-a1,tcn,strb,10,10,336,B4,50.0,0.05,0.9,0.5,,,,-0.234630329645567,-0.1158079712368325,0.234630329645567,0.6844234307061712,0.5353067101336195,0.8692022547212048,4,6,6,0.7606,0.8606,0.5231,0.5934,0.2546,0.817,0.4762,0.5934,7.396988778519107e-05,0.000111749482246,5.07954450227165e-05,6.0954037223321694e-05,36.6,63,4,18.1,r-strb_sl10_st10_sp336_bu50_no0.05_re0.9_re0.5,,,,,,,,
yahoo-a1,tcn,strb,16,16,336,B4,50.0,0.05,0.9,0.5,,,,-0.0829893064143812,-0.0563822642476492,0.0829893064143812,0.7034361778693787,0.6765849731916838,0.907850962301224,4,6,6,0.6917,0.8784,0.585,0.6587,0.5124,0.8728,0.6624,0.6587,4.483316189609389e-05,6.773138069224337e-05,3.078712673612042e-05,3.694425395612295e-05,22.2,46,4,11.3,r-strb_sl16_st16_sp336_bu50_no0.05_re0.9_re0.5,,,,,,,,
yahoo-a1,tcn,strb,24,24,336,B4,50.0,0.05,0.9,0.5,,,,-0.0901671293658206,-0.0173559358462218,0.0901671293658206,0.6914271816461401,0.6166509806663556,0.873100441547226,4,6,6,0.5963,0.8731,0.6086,0.6877,0.3771,0.8512,0.5506,0.6877,2.7865105731672317e-05,8.332239762453052e-05,3.7873946931601194e-05,4.544845069292932e-05,27.3,85,4,13.7,r-strb_sl24_st24_sp336_bu50_no0.05_re0.9_re0.5,,,,,,,,
yahoo-a1,tcn,strb,6,6,336,B4,50.0,0.35,0.9,0.5,,,,-0.1176579490931273,-0.0538983353382342,0.1176579490931273,0.8113524166110073,0.7060235707022147,0.9175769861380236,4,6,6,0.9066,0.8758,0.829,0.634,0.589,0.8696,0.7316,0.634,4.896892039218765e-05,0.0001563640583441,7.107479369216081e-05,8.528926465194674e-05,51.2,61,4,24.1,r-strb_sl6_st6_sp336_bu50_no0.35_re0.9_re0.5,,,,,,,,
yahoo-a1,tcn,strb,8,8,336,B4,50.0,0.35,0.9,0.5,,,,-0.1643431185285196,-0.0685283269256857,0.1643431185285196,0.6984887404064526,0.5700736493688172,0.8494969644405899,4,6,6,0.74,0.8335,0.621,0.5994,0.318,0.8169,0.546,0.5994,9.002253243832792e-05,0.0001360009010649,6.181881064872464e-05,7.41820904162402e-05,44.5,65,4,21.5,r-strb_sl8_st8_sp336_bu50_no0.35_re0.9_re0.5,,,,,,,,
yahoo-a1,tcn,strb,10,10,336,B4,50.0,0.35,0.9,0.5,,,,-0.22398780207114,-0.1054606984257251,0.22398780207114,0.6990036265197693,0.5499981501868865,0.8692022547212048,4,6,6,0.7606,0.8606,0.5667,0.6081,0.262,0.8382,0.4917,0.6081,7.621798108094907e-05,0.0001151457732147,5.233921238298839e-05,6.280656083176533e-05,37.7,63,4,18.2,r-strb_sl10_st10_sp336_bu50_no0.35_re0.9_re0.5,,,,,,,,
yahoo-a1,tcn,strb,16,16,336,B4,50.0,0.35,0.9,0.5,,,,-0.0987620297794904,-0.0555306211739557,0.0987620297794904,0.7029659584336422,0.6485830867295843,0.907850962301224,4,6,6,0.6917,0.8784,0.5983,0.6435,0.4664,0.8693,0.6151,0.6435,4.811244090389426e-05,7.268552814649109e-05,3.303900578563723e-05,3.964652236085385e-05,23.8,53,4,11.1,r-strb_sl16_st16_sp336_bu50_no0.35_re0.9_re0.5,,,,,,,,
yahoo-a1,tcn,strb,24,24,336,B4,50.0,0.35,0.9,0.5,,,,-0.0866193616930484,-0.0164076654520335,0.0866193616930484,0.6961293596624507,0.623657412147657,0.873100441547226,4,6,6,0.5963,0.8731,0.6178,0.6973,0.3837,0.8586,0.555,0.6973,4.931680442708155e-05,7.450501177938554e-05,3.3866049073145e-05,4.063896270624052e-05,24.4,80,4,11.9,r-strb_sl24_st24_sp336_bu50_no0.35_re0.9_re0.5,,,,,,,,
yahoo-a1,tcn,strb,6,6,336,B4,250.0,0.05,0.9,0.5,,,,-0.0874345255136812,-0.0526267406844802,0.0874345255136812,0.8052284021355939,0.7373401760793931,0.9175769861380236,4,6,6,0.9066,0.8472,0.8365,0.6306,0.678,0.8485,0.7923,0.6306,0.0001061819651463,0.0001604136491787,7.291557181742974e-05,8.749807736137881e-05,52.5,44,4,18.7,r-strb_sl6_st6_sp336_bu250_no0.05_re0.9_re0.5,,,,,,,,
yahoo-a1,tcn,strb,8,8,336,B4,250.0,0.05,0.9,0.5,,,,-0.2149345433518045,-0.0957880211267,0.2149345433518045,0.6892491704500163,0.5363197196617858,0.8494969644405899,4,6,6,0.74,0.845,0.5814,0.5907,0.2548,0.8147,0.485,0.5907,8.25607456263971e-05,0.0001247280596719,5.669478668779549e-05,6.80332729841272e-05,40.8,43,4,15.6,r-strb_sl8_st8_sp336_bu250_no0.05_re0.9_re0.5,,,,,,,,
yahoo-a1,tcn,strb,10,10,336,B4,250.0,0.05,0.9,0.5,,,,-0.1995800512213674,-0.0913200855340796,0.1995800512213674,0.6979262527660088,0.5397254409752219,0.8692022547212048,4,6,6,0.7606,0.8434,0.5763,0.6114,0.2597,0.7972,0.4906,0.6114,7.513345237489214e-05,0.0001135073291801,5.159447598465097e-05,6.191285319548721e-05,37.1,49,4,15.1,r-strb_sl10_st10_sp336_bu250_no0.05_re0.9_re0.5,,,,,,,,
yahoo-a1,tcn,strb,12,12,336,B4,250.0,0.05,0.9,0.5,,,,-0.2474584438039851,-0.1307218358436398,0.2474584438039851,0.6898586648840925,0.5348745147613638,0.879670337167574,4,6,6,0.7988,0.8371,0.5222,0.6013,0.2638,0.8057,0.4686,0.6013,0.0001097459286734,0.0001657978817472,7.536292494365222e-05,9.043495680360744e-05,54.3,54,4,14.5,r-strb_sl12_st12_sp336_bu250_no0.05_re0.9_re0.5,,,,,,,,
yahoo-a1,tcn,strb,16,16,336,B4,250.0,0.05,0.9,0.5,,,,-0.0910892732074919,-0.0764608613318981,0.0910892732074919,0.712577153622644,0.6666526549682374,0.907850962301224,4,6,6,0.6917,0.8691,0.6367,0.6528,0.5243,0.8616,0.6279,0.6528,6.097110478093134e-05,9.211166320847245e-05,4.186911209576971e-05,5.024255111270274e-05,30.1,55,4,13.1,r-strb_sl16_st16_sp336_bu250_no0.05_re0.9_re0.5,,,,,,,,
yahoo-a1,tcn,strb,24,24,336,B4,250.0,0.05,0.9,0.5,,,,-0.1068660459943419,-0.0548213510807073,0.1068660459943419,0.6637033838118647,0.5634404879057197,0.8416339834166084,4,6,6,0.5963,0.8416,0.5578,0.659,0.3381,0.7969,0.4598,0.659,4.4989264426928296e-05,6.796721148123551e-05,3.089431446795869e-05,3.7072897013276815e-05,22.2,57,4,10.0,r-strb_sl24_st24_sp336_bu250_no0.05_re0.9_re0.5,,,,,,,,
yahoo-a1,tcn,strb,6,6,336,B4,250.0,0.2,0.9,0.5,,,,-0.1097198798193472,-0.0638748628696376,0.1097198798193472,0.7963757187090039,0.7093614307735168,0.9175769861380236,4,6,6,0.9066,0.8472,0.8132,0.6186,0.6199,0.8397,0.7593,0.6186,4.2340000161985935e-05,0.0001660923598549,7.54967938106145e-05,9.059556604440634e-05,54.4,49,4,20.8,r-strb_sl6_st6_sp336_bu250_no0.2_re0.9_re0.5,,,,,,,,
yahoo-a1,tcn,strb,8,8,336,B4,250.0,0.2,0.9,0.5,,,,-0.1842109142552999,-0.0887334565746191,0.1842109142552999,0.6941299440517656,0.578998111569523,0.8494969644405899,4,6,6,0.74,0.845,0.6107,0.5809,0.3468,0.8293,0.559,0.5809,8.499067721710241e-05,0.0001283990615523,5.836344294043052e-05,7.003561861192188e-05,42.0,46,4,15.9,r-strb_sl8_st8_sp336_bu250_no0.2_re0.9_re0.5,,,,,,,,
yahoo-a1,tcn,strb,10,10,336,B4,250.0,0.2,0.9,0.5,,,,-0.2056605547622879,-0.0926599670375761,0.2056605547622879,0.6919616002005119,0.5414541733720553,0.8692022547212048,4,6,6,0.7606,0.8434,0.5444,0.6194,0.2582,0.7985,0.4898,0.6194,7.261728170283326e-05,0.0001097060422204,4.9866560415183714e-05,5.9839481805296e-05,35.9,44,4,14.0,r-strb_sl10_st10_sp336_bu250_no0.2_re0.9_re0.5,,,,,,,,
yahoo-a1,tcn,strb,16,16,336,B4,250.0,0.2,0.9,0.5,,,,-0.0959840424425658,-0.0739470890021368,0.0959840424425658,0.7147845140679818,0.6584409051832241,0.907850962301224,4,6,6,0.6917,0.8691,0.642,0.6563,0.5006,0.8646,0.6122,0.6563,5.773532737208188e-05,8.722323548566135e-05,3.9647116319328134e-05,4.757611916633323e-05,28.5,55,4,11.6,r-strb_sl16_st16_sp336_bu250_no0.2_re0.9_re0.5,,,,,,,,
yahoo-a1,tcn,strb,24,24,336,B4,250.0,0.2,0.9,0.5,,,,-0.0963977085586938,-0.0609233516565747,0.0963977085586938,0.6630442248469073,0.5833054270735292,0.8416339834166084,4,6,6,0.5963,0.8416,0.5543,0.6599,0.3788,0.8115,0.483,0.6599,4.5993459015233814e-05,6.948429131841598e-05,3.158390277725024e-05,3.790038854116574e-05,22.7,63,4,9.9,r-strb_sl24_st24_sp336_bu250_no0.2_re0.9_re0.5,,,,,,,,
yahoo-a1,tcn,strb,6,6,336,B4,250.0,0.35,0.9,0.5,,,,-0.1097198798193472,-0.0638748628696376,0.1097198798193472,0.7963757187090039,0.7093614307735168,0.9175769861380236,4,6,6,0.9066,0.8472,0.8132,0.6186,0.6199,0.8397,0.7593,0.6186,0.0001111720494153,0.0001679523835221,7.634226435329766e-05,9.161011916895708e-05,55.0,49,4,21.0,r-strb_sl6_st6_sp336_bu250_no0.35_re0.9_re0.5,,,,,,,,
yahoo-a1,tcn,strb,8,8,336,B4,250.0,0.35,0.9,0.5,,,,-0.1842109142552999,-0.0887334565746191,0.1842109142552999,0.6941299440517656,0.578998111569523,0.8494969644405899,4,6,6,0.74,0.845,0.6107,0.5809,0.3468,0.8293,0.559,0.5809,8.844380464556809e-05,0.0001336158492725,6.0734700870105176e-05,7.28811484024239e-05,43.7,46,4,17.4,r-strb_sl8_st8_sp336_bu250_no0.35_re0.9_re0.5,,,,,,,,
yahoo-a1,tcn,strb,10,10,336,B4,250.0,0.35,0.9,0.5,,,,-0.2059393773688411,-0.0929033859892933,0.2059393773688411,0.6918400284170951,0.5408808994550394,0.8692022547212048,4,6,6,0.7606,0.8434,0.5439,0.6194,0.257,0.7987,0.4884,0.6194,7.26438678257199e-05,0.0001097462070166,4.988481076434255e-05,5.986139625233288e-05,35.9,44,4,14.3,r-strb_sl10_st10_sp336_bu250_no0.35_re0.9_re0.5,,,,,,,,
yahoo-a1,tcn,strb,12,12,336,B4,250.0,0.35,0.9,0.5,,,,-0.2472436855248709,-0.1324415209073884,0.2472436855248709,0.6863129196978333,0.5382403200097113,0.879670337167574,4,6,6,0.7988,0.8371,0.5022,0.6071,0.2625,0.8095,0.4738,0.6071,2.8583284931316904e-05,0.0001669547373124,7.588875161859e-05,9.106598569390674e-05,54.6,50,4,14.0,r-strb_sl12_st12_sp336_bu250_no0.35_re0.9_re0.5,,,,,,,,
yahoo-a1,tcn,strb,16,16,336,B4,250.0,0.35,0.9,0.5,,,,-0.0959840424425658,-0.0739470890021368,0.0959840424425658,0.7147845140679818,0.6584409051832241,0.907850962301224,4,6,6,0.6917,0.8691,0.642,0.6563,0.5006,0.8646,0.6122,0.6563,5.9718658459064833e-05,9.021953882921176e-05,4.100905376059625e-05,4.921048506861552e-05,29.5,55,4,13.1,r-strb_sl16_st16_sp336_bu250_no0.35_re0.9_re0.5,,,,,,,,
yahoo-a1,tcn,strb,24,24,336,B4,250.0,0.35,0.9,0.5,,,,-0.1068395294712751,-0.060044346332911,0.1068395294712751,0.6587252304737331,0.5612170235900836,0.8416339834166084,4,6,6,0.5963,0.8416,0.5572,0.6397,0.3558,0.7882,0.4612,0.6397,4.9176033092723465e-05,7.429234248650674e-05,3.376937401545648e-05,4.0522968471050266e-05,24.3,64,4,10.6,r-strb_sl24_st24_sp336_bu250_no0.35_re0.9_re0.5,,,,,,,,
yahoo-a1,tcn,strb,6,6,336,B4,1000.0,0.05,0.9,0.5,,,,-0.1098765833191011,-0.0494502414668238,0.1098765833191011,0.799325753443283,0.6855105413279957,0.9175769861380236,4,6,6,0.9066,0.8551,0.8323,0.6033,0.5665,0.8407,0.7315,0.6033,0.0002024941534157,0.0003059166030881,0.000139053416492,0.000166863186596,100.1,49,4,23.3,r-strb_sl6_st6_sp336_bu1000_no0.05_re0.9_re0.5,,,,,,,,
yahoo-a1,tcn,strb,8,8,336,B4,1000.0,0.05,0.9,0.5,,,,-0.1839423152745022,-0.0705345362619036,0.1839423152745022,0.7060831764084368,0.5500418921594192,0.8494969644405899,4,6,6,0.74,0.8485,0.6444,0.5915,0.2747,0.8159,0.5181,0.5915,0.0001542209880327,0.0002329882615771,0.0001059040806728,0.0001270841809043,76.3,49,4,18.2,r-strb_sl8_st8_sp336_bu1000_no0.05_re0.9_re0.5,,,,,,,,
yahoo-a1,tcn,strb,10,10,336,B4,1000.0,0.05,0.9,0.5,,,,-0.1655559635210225,-0.0859732320617102,0.1655559635210225,0.7036735203722104,0.569815170128581,0.8692022547212048,4,6,6,0.7606,0.8367,0.6087,0.6087,0.3218,0.8124,0.5363,0.6087,0.0001379419254652,0.0002083947835033,9.47252262765283e-05,0.0001136695572268,68.2,48,4,19.2,r-strb_sl10_st10_sp336_bu1000_no0.05_re0.9_re0.5,,,,,,,,
yahoo-a1,tcn,strb,12,12,336,B4,1000.0,0.05,0.9,0.5,,,,-0.24225842923674,-0.1124962189864537,0.24225842923674,0.7115381237524427,0.5328044537505813,0.879670337167574,4,6,6,0.7988,0.8349,0.6071,0.6053,0.2708,0.7853,0.4698,0.6053,0.0001800879905759,0.0002720666518249,0.0001236669724529,0.000148399679372,89.0,43,4,11.4,r-strb_sl12_st12_sp336_bu1000_no0.05_re0.9_re0.5,,,,,,,,
yahoo-a1,tcn,strb,16,16,336,B4,1000.0,0.05,0.9,0.5,,,,-0.0711251423431864,-0.0492621953652056,0.0711251423431864,0.7208516416008959,0.661362772189126,0.907850962301224,4,6,6,0.6917,0.8762,0.6585,0.6569,0.5102,0.863,0.6153,0.6569,2.5799485348396264e-05,0.0001255680227547,5.707659108835893e-05,6.84914316663829e-05,41.1,45,4,12.7,r-strb_sl16_st16_sp336_bu1000_no0.05_re0.9_re0.5,,,,,,,,
yahoo-a1,tcn,strb,24,24,336,B4,1000.0,0.05,0.9,0.5,,,,-0.1415461253349298,-0.0595450669285518,0.1415461253349298,0.6528418231742796,0.5511974794199023,0.8547699636454809,4,6,6,0.5963,0.8548,0.5142,0.6461,0.328,0.781,0.4497,0.6461,2.0615827959396808e-05,8.470516424535567e-05,3.8502541608047776e-05,4.620262263730789e-05,27.7,55,4,10.1,r-strb_sl24_st24_sp336_bu1000_no0.05_re0.9_re0.5,,,,,,,,
yahoo-a1,tcn,strb,6,6,336,B4,1000.0,0.2,0.9,0.5,,,,-0.1289176250768824,-0.0711676133517186,0.1289176250768824,0.7785502109581508,0.6751793377282054,0.9175769861380236,4,6,6,0.9066,0.8551,0.7533,0.5992,0.5407,0.8423,0.7185,0.5992,0.0002053871678915,0.000310287204146,0.0001410400671321,0.0001692471370139,101.5,51,4,23.7,r-strb_sl6_st6_sp336_bu1000_no0.2_re0.9_re0.5,,,,,,,,
yahoo-a1,tcn,strb,8,8,336,B4,1000.0,0.2,0.9,0.5,,,,-0.1839140317694219,-0.0729496888030444,0.1839140317694219,0.7029253002578745,0.5509118285645527,0.8494969644405899,4,6,6,0.74,0.8485,0.6357,0.5875,0.276,0.8156,0.5245,0.5875,0.0001521566177271,0.0002298695288101,0.0001044864823498,0.0001253830464603,75.2,49,4,17.6,r-strb_sl8_st8_sp336_bu1000_no0.2_re0.9_re0.5,,,,,,,,
yahoo-a1,tcn,strb,10,10,336,B4,1000.0,0.2,0.9,0.5,,,,-0.1632882826216548,-0.0848938640873021,0.1632882826216548,0.7051207311228248,0.5724456091918947,0.8692022547212048,4,6,6,0.7606,0.8367,0.6137,0.6095,0.3271,0.8121,0.5411,0.6095,0.0001310907614275,0.0001980444361265,9.002052216609526e-05,0.0001080239139605,64.8,48,4,16.4,r-strb_sl10_st10_sp336_bu1000_no0.2_re0.9_re0.5,,,,,,,,
yahoo-a1,tcn,strb,16,16,336,B4,1000.0,0.2,0.9,0.5,,,,-0.0692439986105141,-0.0518397725909968,0.0692439986105141,0.7179683553597929,0.6630537531261098,0.907850962301224,4,6,6,0.6917,0.8762,0.6525,0.6514,0.5155,0.8614,0.6239,0.6514,2.6557167734934852e-05,0.0001346850891553,6.122072089023681e-05,7.346436826512217e-05,44.1,56,4,13.0,r-strb_sl16_st16_sp336_bu1000_no0.2_re0.9_re0.5,,,,,,,,
yahoo-a1,tcn,strb,24,24,336,B4,1000.0,0.2,0.9,0.5,,,,-0.1425093671384254,-0.0610471422538376,0.1425093671384254,0.6509754944193866,0.5477626949917628,0.8547699636454809,4,6,6,0.5963,0.8548,0.5109,0.6419,0.3281,0.7744,0.4467,0.6419,2.2081786884850733e-05,8.629357028881916e-05,3.922452771932714e-05,4.706904256949202e-05,28.2,55,4,10.9,r-strb_sl24_st24_sp336_bu1000_no0.2_re0.9_re0.5,,,,,,,,
yahoo-a1,tcn,strb,6,6,336,B4,1000.0,0.35,0.9,0.5,,,,-0.1289176250768824,-0.0711676133517186,0.1289176250768824,0.7785502109581508,0.6751793377282054,0.9175769861380236,4,6,6,0.9066,0.8551,0.7533,0.5992,0.5407,0.8423,0.7185,0.5992,0.0002056929421935,0.0003107491504995,0.0001412500162621,0.0001694991342373,101.7,51,4,23.8,r-strb_sl6_st6_sp336_bu1000_no0.35_re0.9_re0.5,,,,,,,,
yahoo-a1,tcn,strb,8,8,336,B4,1000.0,0.35,0.9,0.5,,,,-0.1839227951178038,-0.0729763956351962,0.1839227951178038,0.7029064500169997,0.5508858419165161,0.8494969644405899,4,6,6,0.74,0.8485,0.6358,0.5874,0.2758,0.8158,0.5245,0.5874,3.680156174162317e-05,0.000232451823485,0.0001056602384849,0.000126791585,76.1,49,4,18.0,r-strb_sl8_st8_sp336_bu1000_no0.35_re0.9_re0.5,,,,,,,,
yahoo-a1,tcn,strb,10,10,336,B4,1000.0,0.35,0.9,0.5,,,,-0.1632882826216548,-0.0848938640873021,0.1632882826216548,0.7051207311228248,0.5724456091918947,0.8692022547212048,4,6,6,0.7606,0.8367,0.6137,0.6095,0.3271,0.8121,0.5411,0.6095,0.0001302027777483,0.0001967029210943,8.941075491602532e-05,0.0001072921661784,64.4,48,4,16.6,r-strb_sl10_st10_sp336_bu1000_no0.35_re0.9_re0.5,,,,,,,,
yahoo-a1,tcn,strb,12,12,336,B4,1000.0,0.35,0.9,0.5,,,,-0.243125676321491,-0.1141758491563747,0.243125676321491,0.7090669241802247,0.529519990261664,0.879670337167574,4,6,6,0.7988,0.8349,0.6066,0.5959,0.2744,0.7959,0.4518,0.5959,0.0001824869140612,0.0002756908084305,0.0001253143141233,0.0001503764943072,90.2,42,4,12.3,r-strb_sl12_st12_sp336_bu1000_no0.35_re0.9_re0.5,,,,,,,,
yahoo-a1,tcn,strb,16,16,336,B4,1000.0,0.35,0.9,0.5,,,,-0.0692439986105141,-0.0518397725909968,0.0692439986105141,0.7179683553597929,0.6630537531261098,0.907850962301224,4,6,6,0.6917,0.8762,0.6525,0.6514,0.5155,0.8614,0.6239,0.6514,8.812173528042207e-05,0.0001331292852681,6.0513530268023415e-05,7.261575500015168e-05,43.6,56,4,13.2,r-strb_sl16_st16_sp336_bu1000_no0.35_re0.9_re0.5,,,,,,,,
yahoo-a1,tcn,strb,24,24,336,B4,1000.0,0.35,0.9,0.5,,,,-0.1430651259522987,-0.060676771605035,0.1430651259522987,0.6515310503925906,0.5474846127441569,0.8547699636454809,4,6,6,0.5963,0.8548,0.5109,0.6441,0.3253,0.776,0.4446,0.6441,5.6038044004160865e-05,8.465907670065968e-05,3.848157899273146e-05,4.617749770792822e-05,27.7,55,4,10.5,r-strb_sl24_st24_sp336_bu1000_no0.35_re0.9_re0.5,,,,,,,,
yahoo-a1,tcn,strb,12,12,168,B5,50.0,0.2,0.9,0.5,,,,-0.0056608294019102,-0.0701301602029071,0.0056608294019102,0.810491768370491,0.807066896572485,0.9888916562889164,8,28,28,0.9823,0.9731,0.9872,0.9231,0.9744,0.9742,0.9858,0.9105,6.999044665689154e-05,0.0001587060517202,7.213939345803939e-05,8.65666582621634e-05,51.9,75,8,16.7,r-strb_sl12_st12_sp168_bu50_no0.2_re0.9_re0.5,0.6963,0.5848,0.7759,0.5611,0.6722,0.5881,0.7903,0.5611
yahoo-a1,vgru,strb,12,12,336,B1,50.0,0.2,0.9,0.5,,,,-0.0061606713832157,-0.0098145518840315,0.0061606713832157,0.90476822103315,0.8987138915288297,0.9840241527633574,4,6,6,0.984,0.9167,0.9503,0.7681,0.9679,0.9104,0.9485,0.7681,0.0001970934715145,0.000445345774671,0.000202430441202,0.000242915333469,145.8,46,4,48.4,r-strb_sl12_st12_sp336_bu50_no0.2_re0.9_re0.5,,,,,,,,
yahoo-a1,vgru,strb,12,12,336,B1,100.0,0.2,0.9,0.5,,,,-0.0083057646261908,-0.0127900444923051,0.0083057646261908,0.9028263352951956,0.895566448774024,0.9840241527633574,4,6,6,0.984,0.9166,0.9485,0.7622,0.9642,0.9088,0.9471,0.7622,0.0002814117622995,0.000425140819819,0.0001932463182899,0.0002318945015291,139.1,46,4,48.9,r-strb_sl12_st12_sp336_bu100_no0.2_re0.9_re0.5,,,,,,,,
yahoo-a1,vgru,strb,12,12,336,B1,250.0,0.2,0.9,0.5,,,,-0.0088226337544133,-0.0136002044103942,0.0088226337544133,0.902238678623565,0.8942713148114874,0.9840241527633574,4,6,6,0.984,0.9164,0.9478,0.7608,0.9625,0.9076,0.9461,0.7608,0.0001944712118003,0.0004624092037903,0.0002101864640646,0.0002522227397258,151.3,37,4,40.7,r-strb_sl12_st12_sp336_bu250_no0.2_re0.9_re0.5,,,,,,,,
yahoo-a1,vgru,strb,12,12,336,B1,500.0,0.2,0.9,0.5,,,,-0.0063910936504805,-0.0125390797854138,0.0063910936504805,0.9032684147787068,0.898015473897317,0.9840241527633574,4,6,6,0.984,0.9154,0.9484,0.7652,0.9667,0.9127,0.9475,0.7652,0.0001966506212452,0.000468578333825,0.000212990621877,0.0002555877119481,153.4,35,4,41.1,r-strb_sl12_st12_sp336_bu500_no0.2_re0.9_re0.5,,,,,,,,
yahoo-a1,vgru,strb,12,12,336,B1,1000.0,0.2,0.9,0.5,,,,-0.0112370714407584,-0.0127197572505112,0.0112370714407584,0.9022828742716764,0.8920565852126412,0.9840241527633574,4,6,6,0.984,0.9165,0.9475,0.761,0.9535,0.9085,0.9452,0.761,0.0002215127317322,0.0005384301274691,0.0002447415490692,0.0002936885783998,176.2,41,4,42.5,r-strb_sl12_st12_sp336_bu1000_no0.2_re0.9_re0.5,,,,,,,,
yahoo-a1,vgru,strb,12,12,336,B1,50.0,0.05,0.9,0.5,,,,-0.0050655104463815,-0.0089069680250473,0.0050655104463815,0.905546736817558,0.9004253246077383,0.9840241527633574,4,6,6,0.984,0.9167,0.9509,0.7706,0.9707,0.9115,0.949,0.7706,0.0002938224127731,0.0004438901218158,0.000201768767996,0.0002421213538199,145.3,46,4,48.6,r-strb_sl12_st12_sp336_bu50_no0.05_re0.9_re0.5,,,,,,,,
yahoo-a1,vgru,strb,12,12,336,B1,50.0,0.1,0.9,0.5,,,,-0.0051329791988699,-0.0089795386376618,0.0051329791988699,0.9057805556392832,0.9008964693518282,0.9840241527633574,4,6,6,0.984,0.9167,0.9504,0.772,0.9711,0.9115,0.949,0.772,0.0002627512296572,0.0003969495527553,0.0001804320511602,0.0002165175015952,129.9,47,4,48.9,r-strb_sl12_st12_sp336_bu50_no0.1_re0.9_re0.5,,,,,,,,
yahoo-a1,vgru,strb,12,12,336,B1,50.0,0.35,0.9,0.5,,,,-0.0055115720660914,-0.0094859292795804,0.0055115720660914,0.905403805688026,0.9004760732479735,0.9840241527633574,4,6,6,0.984,0.9167,0.9498,0.7712,0.9705,0.9114,0.9488,0.7712,0.0002938835056043,0.0004439824173764,0.0002018107461264,0.00024217167125,145.3,47,4,48.8,r-strb_sl12_st12_sp336_bu50_no0.35_re0.9_re0.5,,,,,,,,
yahoo-a1,vgru,strb,12,12,336,B1,50.0,0.2,0.5,0.5,,,,-0.007220292889674,-0.0105060170599524,0.007220292889674,0.9038259499097524,0.8963870318485063,0.9840241527633574,4,6,6,0.984,0.9167,0.95,0.7646,0.965,0.908,0.9479,0.7646,0.0002844375812215,0.00042971205425,0.0001953241711236,0.0002343878831264,140.6,42,4,44.3,r-strb_sl12_st12_sp336_bu50_no0.2_re0.5_re0.5,,,,,,,,
yahoo-a1,vgru,strb,12,12,336,B1,50.0,0.2,0.7,0.5,,,,-0.006751341426382,-0.0101828144506868,0.006751341426382,0.9043107538236508,0.8975752629573427,0.9840241527633574,4,6,6,0.984,0.9167,0.95,0.7666,0.9664,0.9091,0.9483,0.7666,0.0001870097360127,0.000428998500071,0.0001949998065958,0.0002339986934753,140.4,42,4,44.3,r-strb_sl12_st12_sp336_bu50_no0.2_re0.7_re0.5,,,,,,,,
yahoo-a1,vgru,strb,12,12,336,B1,50.0,0.2,0.9,,,,,-0.0354331266065855,-0.0294746759845308,0.0354331266065855,0.8894598048400024,0.8592837750946685,0.9840241527633574,4,6,6,0.984,0.9141,0.9335,0.7262,0.8955,0.891,0.9244,0.7262,0.0001407969756972,0.0003272732269495,0.000148760970773,0.0001785122561765,107.1,42,4,32.1,r-strb_sl12_st12_sp336_bu50_no0.2_re0.9,,,,,,,,
yahoo-a1,vgru,strb,12,12,336,B1,50.0,0.2,0.9,0.3,,,,-0.0150024685030779,-0.0162554360888009,0.0150024685030779,0.8995100269773937,0.8849118495689426,0.9840241527633574,4,6,6,0.984,0.9162,0.9447,0.7531,0.942,0.9041,0.9405,0.7531,0.0002221471244027,0.0003356071893273,0.0001525490908566,0.0001830580984707,109.8,41,4,36.7,r-strb_sl12_st12_sp336_bu50_no0.2_re0.9_re0.3,,,,,,,,
yahoo-a1,vgru,strb,6,6,336,B2,50.0,0.2,0.9,0.5,,,,-0.0037350199374023,-0.0035071703999311,0.0037350199374023,0.9094228777976586,0.9060038549592752,0.9867946996376904,4,6,6,0.9858,0.9281,0.9515,0.7724,0.9788,0.9214,0.9514,0.7724,0.0001698950262354,0.0002566677033919,0.0001166674747112,0.0001400002286808,84.0,31,4,42.4,r-strb_sl6_st6_sp336_bu50_no0.2_re0.9_re0.5,,,,,,,,
yahoo-a1,vgru,strb,8,8,336,B2,50.0,0.2,0.9,0.5,,,,-0.0126286333479447,-0.0152325347405269,0.0126286333479447,0.9026502771006462,0.8920859283188853,0.9855737933022248,4,6,6,0.9856,0.9275,0.9472,0.7503,0.9557,0.916,0.9463,0.7503,0.0001728738443704,0.000261167931718,0.0001187130167847,0.0001424549149333,85.5,34,4,41.9,r-strb_sl8_st8_sp336_bu50_no0.2_re0.9_re0.5,,,,,,,,
yahoo-a1,vgru,strb,10,10,336,B2,50.0,0.2,0.9,0.5,,,,-0.0075817884000304,-0.0119300576603604,0.0075817884000304,0.904217220601695,0.8976988153229901,0.9849598034292624,4,6,6,0.985,0.921,0.95,0.7609,0.9658,0.9154,0.9486,0.7609,0.0001548806106658,0.0002339847817818,0.0001063570403933,0.0001276277413886,76.6,32,4,37.0,r-strb_sl10_st10_sp336_bu50_no0.2_re0.9_re0.5,,,,,,,,
yahoo-a1,vgru,strb,16,16,336,B2,50.0,0.2,0.9,0.5,,,,-0.019394652901382,-0.0204823654933232,0.019394652901382,0.9027916601458345,0.8859085364581927,0.9846430630838428,4,6,6,0.9846,0.9204,0.9415,0.7646,0.9345,0.9093,0.9353,0.7646,0.0001846107876421,0.0002788994353478,0.0001267728309037,0.0001521266044443,91.3,46,4,47.6,r-strb_sl16_st16_sp336_bu50_no0.2_re0.9_re0.5,,,,,,,,
yahoo-a1,vgru,strb,24,24,336,B2,50.0,0.2,0.9,0.5,,,,-0.0066133845291715,-0.0093576408680523,0.0066133845291715,0.913735405537427,0.9072234508976984,0.9824427798585104,4,6,6,0.9824,0.9264,0.9473,0.7988,0.9637,0.9221,0.9444,0.7988,0.0001723454365442,0.00026036964335,0.000118350177374,0.0001420194659762,85.2,37,4,42.5,r-strb_sl24_st24_sp336_bu50_no0.2_re0.9_re0.5,,,,,,,,
yahoo-a1,vgru,strb,8,4,336,B3,50.0,0.2,0.9,0.5,,,,-0.0199370469745443,-0.0250664521918459,0.0199370469745443,0.8978223513728869,0.882054408285526,0.985866988684646,4,6,6,0.9859,0.9241,0.9434,0.7379,0.9384,0.9105,0.9413,0.7379,0.0003684022440168,0.0005565610718067,0.0002529829739585,0.0003035780978481,182.1,48,4,100.2,r-strb_sl8_st4_sp336_bu50_no0.2_re0.9_re0.5,,,,,,,,
yahoo-a1,vgru,strb,12,6,336,B3,50.0,0.2,0.9,0.5,,,,0.0001770377981036,-0.0036937820601378,-0.0001770377981036,0.9068791403477786,0.9059268644015148,0.985914077788357,4,6,6,0.9845,0.9119,0.9506,0.7805,0.9787,0.9146,0.9499,0.7805,0.0003386063314162,0.0008023239184668,0.0003646934972835,0.0004376304211831,262.6,39,4,71.9,r-strb_sl12_st6_sp336_bu50_no0.2_re0.9_re0.5,,,,,,,,
yahoo-a1,vgru,strb,24,12,336,B3,50.0,0.2,0.9,0.5,,,,-0.0064981815161713,-0.0098804238059977,0.0064981815161713,0.91815227602741,0.9124996981280704,0.987270079067832,4,6,6,0.9873,0.9275,0.9462,0.8117,0.9705,0.9233,0.9445,0.8117,0.0003097363665577,0.0004679320143912,0.0002126969523747,0.0002552350620163,153.1,44,4,74.8,r-strb_sl24_st12_sp336_bu50_no0.2_re0.9_re0.5,,,,,,,,
yahoo-a1,vgru,strb,6,6,336,B4,50.0,0.05,0.9,0.5,,,,-0.0037350199374023,-0.0035071703999311,0.0037350199374023,0.9094228777976586,0.9060038549592752,0.9867946996376904,4,6,6,0.9858,0.9281,0.9515,0.7724,0.9788,0.9214,0.9514,0.7724,0.0001711218835973,0.0002585211694316,0.0001175099434602,0.0001410112259715,84.6,31,4,42.9,r-strb_sl6_st6_sp336_bu50_no0.05_re0.9_re0.5,,,,,,,,
yahoo-a1,vgru,strb,8,8,336,B4,50.0,0.05,0.9,0.5,,,,-0.0146442682410459,-0.0163143378409294,0.0146442682410459,0.9021876420188666,0.8900701696019016,0.9855737933022248,4,6,6,0.9856,0.9275,0.9476,0.7481,0.9512,0.915,0.946,0.7481,0.0001779289444294,0.0002688048882041,0.0001221843707743,0.0001466205174297,88.0,36,4,44.3,r-strb_sl8_st8_sp336_bu50_no0.05_re0.9_re0.5,,,,,,,,
yahoo-a1,vgru,strb,10,10,336,B4,50.0,0.05,0.9,0.5,,,,-0.0074915596979959,-0.0118530298932693,0.0074915596979959,0.9043377271669352,0.897978508909745,0.9849598034292624,4,6,6,0.985,0.921,0.95,0.7614,0.9661,0.9158,0.9486,0.7614,0.0001552903377732,0.0002346037740973,0.000106638410765,0.0001279653633323,76.8,32,4,37.2,r-strb_sl10_st10_sp336_bu50_no0.05_re0.9_re0.5,,,,,,,,
yahoo-a1,vgru,strb,16,16,336,B4,50.0,0.05,0.9,0.5,,,,-0.0191133776946383,-0.0202929032194322,0.0191133776946383,0.9030758535566707,0.8866146426791448,0.9846430630838428,4,6,6,0.9846,0.9204,0.9415,0.7657,0.9357,0.9096,0.9355,0.7657,0.000184124962836,0.0002781654789749,0.0001264392475125,0.0001517262314624,91.0,46,4,47.2,r-strb_sl16_st16_sp336_bu50_no0.05_re0.9_re0.5,,,,,,,,
yahoo-a1,vgru,strb,24,24,336,B4,50.0,0.05,0.9,0.5,,,,-0.0065452590281978,-0.0093686424181306,0.0065452590281978,0.9137130770163796,0.907303356070422,0.9824427798585104,4,6,6,0.9824,0.9264,0.9473,0.7987,0.9638,0.9221,0.9445,0.7987,0.0001721190875509,0.0002600276882172,0.0001181947366903,0.0001418329515269,85.1,37,4,42.7,r-strb_sl24_st24_sp336_bu50_no0.05_re0.9_re0.5,,,,,,,,
yahoo-a1,vgru,strb,6,6,336,B4,50.0,0.35,0.9,0.5,,,,-0.0037350199374023,-0.0035071703999311,0.0037350199374023,0.9094228777976586,0.9060038549592752,0.9867946996376904,4,6,6,0.9858,0.9281,0.9515,0.7724,0.9788,0.9214,0.9514,0.7724,0.0001709918133863,0.0002583246667848,0.0001174206466433,0.0001409040201416,84.5,31,4,42.9,r-strb_sl6_st6_sp336_bu50_no0.35_re0.9_re0.5,,,,,,,,
yahoo-a1,vgru,strb,8,8,336,B4,50.0,0.35,0.9,0.5,,,,-0.0126286333479447,-0.0152325347405269,0.0126286333479447,0.9026502771006462,0.8920859283188853,0.9855737933022248,4,6,6,0.9856,0.9275,0.9472,0.7503,0.9557,0.916,0.9463,0.7503,0.0001729973631642,0.0002613545368578,0.0001187978278968,0.0001425567089611,85.5,34,4,41.9,r-strb_sl8_st8_sp336_bu50_no0.35_re0.9_re0.5,,,,,,,,
yahoo-a1,vgru,strb,10,10,336,B4,50.0,0.35,0.9,0.5,,,,-0.0076816673544608,-0.0123642906016783,0.0076816673544608,0.9039214142410444,0.897639220920623,0.9849598034292624,4,6,6,0.985,0.921,0.9491,0.7607,0.9656,0.9159,0.9484,0.7607,0.0001549371993186,0.000234070272687,0.000106395893866,0.000127674378821,76.6,32,4,37.2,r-strb_sl10_st10_sp336_bu50_no0.35_re0.9_re0.5,,,,,,,,
yahoo-a1,vgru,strb,16,16,336,B4,50.0,0.35,0.9,0.5,,,,-0.0174384541394021,-0.0201373348560395,0.0174384541394021,0.9033092061017598,0.8893603805570881,0.9846430630838428,4,6,6,0.9846,0.9204,0.9415,0.7667,0.9425,0.9091,0.9391,0.7667,0.0001744655024759,0.0002635725178885,0.0001198060699046,0.0001437664479839,86.3,40,4,42.7,r-strb_sl16_st16_sp336_bu50_no0.35_re0.9_re0.5,,,,,,,,
yahoo-a1,vgru,strb,24,24,336,B4,50.0,0.35,0.9,0.5,,,,-0.0064027128050281,-0.0094094112028989,0.0064027128050281,0.9138631704271436,0.907653892399496,0.9824427798585104,4,6,6,0.9824,0.9264,0.9476,0.799,0.9643,0.9225,0.9449,0.799,0.0001716027908387,0.0002592476966288,0.0001178402060746,0.0001414074905542,84.8,37,4,42.5,r-strb_sl24_st24_sp336_bu50_no0.35_re0.9_re0.5,,,,,,,,
yahoo-a1,vgru,strb,6,6,336,B4,250.0,0.05,0.9,0.5,,,,-0.0052727167126959,-0.006831841785771,0.0052727167126959,0.9076233844557312,0.9025818234185804,0.9857812460411968,4,6,6,0.9858,0.9259,0.9512,0.7676,0.9745,0.9181,0.9501,0.7676,0.0002069785842004,0.0003126914250241,0.0001421328575253,0.0001705585674988,102.3,35,4,46.3,r-strb_sl6_st6_sp336_bu250_no0.05_re0.9_re0.5,,,,,,,,
yahoo-a1,vgru,strb,8,8,336,B4,250.0,0.05,0.9,0.5,,,,-0.0154726516840629,-0.015937196633815,0.0154726516840629,0.902387622477576,0.8906485569018832,0.9855737933022248,4,6,6,0.9856,0.9254,0.9483,0.7503,0.953,0.9132,0.9461,0.7503,0.0001927558112682,0.0002912044719019,0.0001323660432884,0.0001588384286135,95.3,35,4,43.4,r-strb_sl8_st8_sp336_bu250_no0.05_re0.9_re0.5,,,,,,,,
yahoo-a1,vgru,strb,10,10,336,B4,250.0,0.05,0.9,0.5,,,,-0.006254687486802,-0.0117515343377371,0.006254687486802,0.9050441320647492,0.8997380429182775,0.9849598034292624,4,6,6,0.985,0.9214,0.9496,0.7643,0.9704,0.9153,0.949,0.7643,0.0001775445095938,0.0002682241060084,0.000121920426909,0.0001463036790994,87.8,38,4,42.4,r-strb_sl10_st10_sp336_bu250_no0.05_re0.9_re0.5,,,,,,,,
yahoo-a1,vgru,strb,12,12,336,B4,250.0,0.05,0.9,0.5,,,,-0.0072377463317273,-0.0126184637664995,0.0072377463317273,0.9035436032437176,0.8975560668957593,0.9840241527633574,4,6,6,0.984,0.9164,0.9474,0.7664,0.9666,0.9105,0.9467,0.7664,0.0001008528230555,0.000488289765586,0.0002219504321142,0.0002663393334718,159.8,48,4,49.5,r-strb_sl12_st12_sp336_bu250_no0.05_re0.9_re0.5,,,,,,,,
yahoo-a1,vgru,strb,16,16,336,B4,250.0,0.05,0.9,0.5,,,,-0.0147432144959327,-0.017330659822667,0.0147432144959327,0.9047342169415036,0.8914113849896964,0.9846430630838428,4,6,6,0.9846,0.922,0.9418,0.7705,0.9462,0.9104,0.9385,0.7705,0.0001689745198996,0.0002552770549874,0.0001160353785296,0.0001392416764578,83.5,37,4,39.7,r-strb_sl16_st16_sp336_bu250_no0.05_re0.9_re0.5,,,,,,,,
yahoo-a1,vgru,strb,24,24,336,B4,250.0,0.05,0.9,0.5,,,,-0.0082154150841267,-0.0095479032835953,0.0082154150841267,0.913163570904176,0.9060139394742174,0.9836246358718268,4,6,6,0.9824,0.9283,0.9452,0.7966,0.9614,0.922,0.9441,0.7966,0.0001768620047759,0.0002671930167056,0.0001214517793417,0.0001457412373639,87.4,37,4,41.2,r-strb_sl24_st24_sp336_bu250_no0.05_re0.9_re0.5,,,,,,,,
yahoo-a1,vgru,strb,6,6,336,B4,250.0,0.2,0.9,0.5,,,,-0.0053287945351285,-0.0068646759393663,0.0053287945351285,0.9075943439818236,0.9025139949577938,0.9857812460411968,4,6,6,0.9858,0.9259,0.9511,0.7675,0.9744,0.9181,0.9501,0.7675,0.0002082946734195,0.000314679697458,0.0001430366349548,0.0001716430625032,103.0,35,4,46.8,r-strb_sl6_st6_sp336_bu250_no0.2_re0.9_re0.5,,,,,,,,
yahoo-a1,vgru,strb,8,8,336,B4,250.0,0.2,0.9,0.5,,,,-0.0155806128672206,-0.0160266203889303,0.0155806128672206,0.9023138764491716,0.8905221492978505,0.9855737933022248,4,6,6,0.9856,0.9254,0.9481,0.7502,0.9527,0.9132,0.946,0.7502,0.000192855877188,0.0002913556457791,0.0001324347443878,0.0001589209013913,95.4,35,4,43.5,r-strb_sl8_st8_sp336_bu250_no0.2_re0.9_re0.5,,,,,,,,
yahoo-a1,vgru,strb,10,10,336,B4,250.0,0.2,0.9,0.5,,,,-0.0063649829335298,-0.0119281766860125,0.0063649829335298,0.9049090838077936,0.8995766857174583,0.9849598034292624,4,6,6,0.985,0.9214,0.9495,0.7639,0.9708,0.9153,0.9483,0.7639,0.0001832480669505,0.0002768407147481,0.0001258371116916,0.0001510036030566,90.6,41,4,45.1,r-strb_sl10_st10_sp336_bu250_no0.2_re0.9_re0.5,,,,,,,,
yahoo-a1,vgru,strb,16,16,336,B4,250.0,0.2,0.9,0.5,,,,-0.0146713383433292,-0.017232414340163,0.0146713383433292,0.9048127039923116,0.8914559625645722,0.9846430630838428,4,6,6,0.9846,0.922,0.942,0.7707,0.946,0.9107,0.9384,0.7707,0.0001712242083245,0.0002586757557861,0.0001175802075226,0.0001410955482635,84.7,37,4,40.8,r-strb_sl16_st16_sp336_bu250_no0.2_re0.9_re0.5,,,,,,,,
yahoo-a1,vgru,strb,24,24,336,B4,250.0,0.2,0.9,0.5,,,,-0.0081254947187375,-0.0093712745413028,0.0081254947187375,0.9131804308360758,0.9058646625986816,0.9836246358718268,4,6,6,0.9824,0.9283,0.9452,0.7967,0.9611,0.9217,0.944,0.7967,8.485898593318924e-05,0.0002750510055562,0.000125023587848,0.0001500274177081,90.0,38,4,41.8,r-strb_sl24_st24_sp336_bu250_no0.2_re0.9_re0.5,,,,,,,,
yahoo-a1,vgru,strb,6,6,336,B4,250.0,0.35,0.9,0.5,,,,-0.005382427515751,-0.0068661861483811,0.005382427515751,0.9075901538343504,0.9024434016465288,0.9857812460411968,4,6,6,0.9858,0.9259,0.9511,0.7675,0.9742,0.918,0.9501,0.7675,0.0002090624228256,0.0003158395694167,0.00014356386817,0.0001722757012466,103.4,35,4,47.0,r-strb_sl6_st6_sp336_bu250_no0.35_re0.9_re0.5,,,,,,,,
yahoo-a1,vgru,strb,8,8,336,B4,250.0,0.35,0.9,0.5,,,,-0.0155806128672206,-0.0160266203889303,0.0155806128672206,0.9023138764491716,0.8905221492978505,0.9855737933022248,4,6,6,0.9856,0.9254,0.9481,0.7502,0.9527,0.9132,0.946,0.7502,0.000193082514779,0.000291698036909,0.0001325903793382,0.0001591076575708,95.5,35,4,43.6,r-strb_sl8_st8_sp336_bu250_no0.35_re0.9_re0.5,,,,,,,,
yahoo-a1,vgru,strb,10,10,336,B4,250.0,0.35,0.9,0.5,,,,-0.0063649829335298,-0.0119281766860125,0.0063649829335298,0.9049090838077936,0.8995766857174583,0.9849598034292624,4,6,6,0.985,0.9214,0.9495,0.7639,0.9708,0.9153,0.9483,0.7639,0.0001836811183081,0.0002774949440089,0.0001261345143533,0.0001513604296557,90.8,41,4,45.4,r-strb_sl10_st10_sp336_bu250_no0.35_re0.9_re0.5,,,,,,,,
yahoo-a1,vgru,strb,12,12,336,B4,250.0,0.35,0.9,0.5,,,,-0.0087068875372183,-0.0134947367192467,0.0087068875372183,0.9024712045903353,0.8947586125547475,0.9840241527633574,4,6,6,0.984,0.9164,0.9477,0.7618,0.9631,0.9079,0.9463,0.7618,0.0001931487481221,0.000459848386329,0.0002090224929981,0.000250825893331,150.5,37,4,40.1,r-strb_sl12_st12_sp336_bu250_no0.35_re0.9_re0.5,,,,,,,,
yahoo-a1,vgru,strb,16,16,336,B4,250.0,0.35,0.9,0.5,,,,-0.0115699215942869,-0.0160795528038161,0.0115699215942869,0.9058812993318208,0.8955476480229416,0.9846430630838428,4,6,6,0.9846,0.922,0.9432,0.7737,0.9553,0.9129,0.9403,0.7737,8.28712558484472e-05,0.0002592783550223,0.0001178541540498,0.0001414242009725,84.9,37,4,40.8,r-strb_sl16_st16_sp336_bu250_no0.35_re0.9_re0.5,,,,,,,,
yahoo-a1,vgru,strb,24,24,336,B4,250.0,0.35,0.9,0.5,,,,-0.0079861546231373,-0.0094016692803501,0.0079861546231373,0.9132344478837288,0.9060654423760393,0.9836246358718268,4,6,6,0.9824,0.9283,0.9455,0.7967,0.9618,0.9216,0.9442,0.7967,0.0001841095599985,0.0002781422092476,0.000126428652373,0.0001517135568746,91.0,38,4,42.8,r-strb_sl24_st24_sp336_bu250_no0.35_re0.9_re0.5,,,,,,,,
yahoo-a1,vgru,strb,6,6,336,B4,1000.0,0.05,0.9,0.5,,,,-0.0050803281122808,-0.0069329082915956,0.0050803281122808,0.9080215350480104,0.9033480239626548,0.986303174643391,4,6,6,0.9858,0.927,0.9523,0.7671,0.9756,0.9203,0.9504,0.7671,9.247893898823888e-05,0.0004195152131829,0.0001906893431143,0.0002288258700685,137.3,29,4,45.4,r-strb_sl6_st6_sp336_bu1000_no0.05_re0.9_re0.5,,,,,,,,
yahoo-a1,vgru,strb,8,8,336,B4,1000.0,0.05,0.9,0.5,,,,-0.0137109429357469,-0.0164580210506294,0.0137109429357469,0.9021553924888126,0.891439514178211,0.9855737933022248,4,6,6,0.9856,0.9236,0.9487,0.7507,0.9548,0.9132,0.9471,0.7507,0.0002406972265266,0.0003636316242699,0.0001652875911463,0.0001983440331236,119.0,26,4,35.2,r-strb_sl8_st8_sp336_bu1000_no0.05_re0.9_re0.5,,,,,,,,
yahoo-a1,vgru,strb,10,10,336,B4,1000.0,0.05,0.9,0.5,,,,-0.004588141850486,-0.007751252817354,0.004588141850486,0.907614319677047,0.9031187480687146,0.9850524334891794,4,6,6,0.985,0.9213,0.9532,0.771,0.9748,0.9151,0.9516,0.771,0.0002595352106795,0.000392090974942,0.0001782236704292,0.0002138673045128,128.3,31,4,40.3,r-strb_sl10_st10_sp336_bu1000_no0.05_re0.9_re0.5,,,,,,,,
yahoo-a1,vgru,strb,12,12,336,B4,1000.0,0.05,0.9,0.5,,,,-0.0125670788821009,-0.0145430388813438,0.0125670788821009,0.9013312165716554,0.8907720565357978,0.9840241527633574,4,6,6,0.984,0.9165,0.9454,0.7594,0.952,0.9078,0.944,0.7594,0.0002276843960746,0.0005471931132179,0.000248724774883,0.0002984683383347,179.1,45,4,45.1,r-strb_sl12_st12_sp336_bu1000_no0.05_re0.9_re0.5,,,,,,,,
yahoo-a1,vgru,strb,16,16,336,B4,1000.0,0.05,0.9,0.5,,,,-0.0086547809957746,-0.0117922396857658,0.0086547809957746,0.908771448713785,0.9019081935610228,0.9846430630838428,4,6,6,0.9846,0.9243,0.9443,0.7818,0.9637,0.9187,0.9433,0.7818,0.0002233955842171,0.0003374932911189,0.0001534065152182,0.0001840867759007,110.5,48,4,49.2,r-strb_sl16_st16_sp336_bu1000_no0.05_re0.9_re0.5,,,,,,,,
yahoo-a1,vgru,strb,24,24,336,B4,1000.0,0.05,0.9,0.5,,,,-0.0120922416585853,-0.0127120279882774,0.0120922416585853,0.9108142198060863,0.9010253759393718,0.9824427798585104,4,6,6,0.9824,0.926,0.9433,0.7915,0.9532,0.9181,0.9413,0.7915,9.112147992691665e-05,0.0002883612705563,0.0001310737045139,0.0001572875660425,94.4,39,4,44.9,r-strb_sl24_st24_sp336_bu1000_no0.05_re0.9_re0.5,,,,,,,,
yahoo-a1,vgru,strb,6,6,336,B4,1000.0,0.2,0.9,0.5,,,,-0.0049462422856547,-0.0068952872767646,0.0049462422856547,0.9081302578925922,0.9037340902893308,0.986303174643391,4,6,6,0.9858,0.927,0.9523,0.7674,0.9767,0.9201,0.9507,0.7674,0.0002765096014878,0.0004177349152138,0.0001898800531271,0.0002278548620865,136.7,29,4,44.3,r-strb_sl6_st6_sp336_bu1000_no0.2_re0.9_re0.5,,,,,,,,
yahoo-a1,vgru,strb,8,8,336,B4,1000.0,0.2,0.9,0.5,,,,-0.0135630521623779,-0.0164932780333962,0.0135630521623779,0.9020415282435232,0.8914042130922407,0.9855737933022248,4,6,6,0.9856,0.9236,0.9486,0.7503,0.9551,0.9131,0.9471,0.7503,0.0002404313239891,0.0003632299139014,0.0001651049770272,0.0001981249368741,118.9,26,4,35.0,r-strb_sl8_st8_sp336_bu1000_no0.2_re0.9_re0.5,,,,,,,,
yahoo-a1,vgru,strb,10,10,336,B4,1000.0,0.2,0.9,0.5,,,,-0.0034552145053351,-0.0073079817990682,0.0034552145053351,0.9079656090986898,0.9045301419696392,0.9850524334891794,4,6,6,0.985,0.9213,0.9535,0.7721,0.9778,0.9159,0.9523,0.7721,0.0002593704831857,0.0003918421140517,0.0001781105651623,0.0002137315488893,128.2,31,4,39.7,r-strb_sl10_st10_sp336_bu1000_no0.2_re0.9_re0.5,,,,,,,,
yahoo-a1,vgru,strb,16,16,336,B4,1000.0,0.2,0.9,0.5,,,,-0.0086113146906582,-0.0117410083371787,0.0086113146906582,0.9088480614469618,0.9020425547854524,0.9846430630838428,4,6,6,0.9846,0.9243,0.9442,0.7822,0.9637,0.9188,0.9434,0.7822,0.000222071249217,0.0003354925614297,0.0001524971151071,0.0001829954463227,109.8,48,4,48.9,r-strb_sl16_st16_sp336_bu1000_no0.2_re0.9_re0.5,,,,,,,,
yahoo-a1,vgru,strb,24,24,336,B4,1000.0,0.2,0.9,0.5,,,,-0.0121819302455246,-0.0123423769359616,0.0121819302455246,0.9108740335559156,0.9004896216506185,0.9824427798585104,4,6,6,0.9824,0.926,0.9437,0.7913,0.9522,0.9176,0.9408,0.7913,0.0001919196488516,0.000289941245474,0.0001317919170723,0.0001581493284017,94.9,40,4,45.8,r-strb_sl24_st24_sp336_bu1000_no0.2_re0.9_re0.5,,,,,,,,
yahoo-a1,vgru,strb,6,6,336,B4,1000.0,0.35,0.9,0.5,,,,-0.0052319676490049,-0.0069534297537248,0.0052319676490049,0.9080731999090508,0.9033238341958778,0.986303174643391,4,6,6,0.9858,0.927,0.9521,0.7675,0.9755,0.92,0.9503,0.7675,0.0002758710930939,0.0004167702931958,0.0001894415451394,0.0002273287480564,136.4,29,4,44.3,r-strb_sl6_st6_sp336_bu1000_no0.35_re0.9_re0.5,,,,,,,,
yahoo-a1,vgru,strb,8,8,336,B4,1000.0,0.35,0.9,0.5,,,,-0.0134551088316089,-0.016379783506155,0.0134551088316089,0.9021357675080376,0.8916040121916063,0.9855737933022248,4,6,6,0.9856,0.9236,0.9487,0.7506,0.9553,0.9132,0.9473,0.7506,7.157789576852488e-05,0.0003636519830458,0.0001652968351289,0.0001983551479169,119.0,26,4,35.1,r-strb_sl8_st8_sp336_bu1000_no0.35_re0.9_re0.5,,,,,,,,
yahoo-a1,vgru,strb,10,10,336,B4,1000.0,0.35,0.9,0.5,,,,-0.0034552145053351,-0.0073079817990682,0.0034552145053351,0.9079656090986898,0.9045301419696392,0.9850524334891794,4,6,6,0.985,0.9213,0.9535,0.7721,0.9778,0.9159,0.9523,0.7721,0.0002602621971095,0.0003931892645243,0.0001787228690369,0.0002144663954874,128.7,31,4,40.5,r-strb_sl10_st10_sp336_bu1000_no0.35_re0.9_re0.5,,,,,,,,
yahoo-a1,vgru,strb,12,12,336,B4,1000.0,0.35,0.9,0.5,,,,-0.0096513294927739,-0.0132013580916133,0.0096513294927739,0.9022763346257582,0.8937815658053978,0.9840241527633574,4,6,6,0.984,0.9165,0.9477,0.7609,0.9584,0.9095,0.9463,0.7609,0.00034907323893,0.0005273599147489,0.0002397096193298,0.000287650295419,172.6,37,4,38.4,r-strb_sl12_st12_sp336_bu1000_no0.35_re0.9_re0.5,,,,,,,,
yahoo-a1,vgru,strb,16,16,336,B4,1000.0,0.35,0.9,0.5,,,,-0.0085605854733694,-0.0116265187685373,0.0085605854733694,0.9089452916740822,0.9022171722642128,0.9846430630838428,4,6,6,0.9846,0.9243,0.9442,0.7826,0.9637,0.919,0.9436,0.7826,0.0002205426871986,0.0003331832972246,0.0001514474361126,0.0001817358611119,109.0,48,4,48.0,r-strb_sl16_st16_sp336_bu1000_no0.35_re0.9_re0.5,,,,,,,,
yahoo-a1,vgru,strb,24,24,336,B4,1000.0,0.35,0.9,0.5,,,,-0.0109607375138613,-0.0118259350659938,0.0109607375138613,0.911218121687454,0.9017351606898154,0.9824427798585104,4,6,6,0.9824,0.926,0.9444,0.7921,0.9546,0.9185,0.9417,0.7921,0.0001891975536084,0.000285828859432,0.0001299225931126,0.0001559062663194,93.5,39,4,44.1,r-strb_sl24_st24_sp336_bu1000_no0.35_re0.9_re0.5,,,,,,,,
yahoo-a1,vgru,strb,12,12,168,B5,50.0,0.2,0.9,0.5,,,,0.0044772872433429,0.0037438358188324,-0.0044772872433429,0.9624136133749428,0.9656085147273984,1.0,8,28,28,0.9641,0.9929,0.9997,0.9881,0.9816,0.9906,0.9999,0.9915,0.000305887495034,0.0004621173590917,0.0002100538392978,0.000252063519794,151.2,58,8,47.1,r-strb_sl12_st12_sp168_bu50_no0.2_re0.9_re0.5,0.9548,0.9375,0.977,0.8852,0.9582,0.9387,0.9791,0.8852
yahoo-a1,vlstm,strb,12,12,336,B1,50.0,0.2,0.9,0.5,,,,-0.0229069041105709,-0.026039888238995,0.0229069041105709,0.8947661652813108,0.8766625803392667,0.9843925685277244,4,6,6,0.9844,0.9112,0.9423,0.7411,0.9285,0.9,0.937,0.7411,0.0001563050447949,0.0003551348546672,0.0001614253509834,0.0001937095036838,116.2,32,4,38.2,r-strb_sl12_st12_sp336_bu50_no0.2_re0.9_re0.5,,,,,,,,
yahoo-a1,vlstm,strb,12,12,336,B1,100.0,0.2,0.9,0.5,,,,-0.0311474587836942,-0.0309481108796585,0.0311474587836942,0.8905683218242468,0.8657463601193602,0.9843925685277244,4,6,6,0.9844,0.9087,0.9384,0.7307,0.9083,0.8927,0.9313,0.7307,0.0002684927294202,0.000405623482716,0.000184374765914,0.000221248716802,132.7,30,4,36.1,r-strb_sl12_st12_sp336_bu100_no0.2_re0.9_re0.5,,,,,,,,
yahoo-a1,vlstm,strb,12,12,336,B1,250.0,0.2,0.9,0.5,,,,-0.0214472597004761,-0.02383706472057,0.0214472597004761,0.8949914189556533,0.876840435320449,0.9843925685277244,4,6,6,0.9844,0.9133,0.9422,0.7401,0.9307,0.8996,0.937,0.7401,0.0002466052657257,0.0003725571524999,0.0001693446659735,0.0002032124865264,121.9,30,4,36.7,r-strb_sl12_st12_sp336_bu250_no0.2_re0.9_re0.5,,,,,,,,
yahoo-a1,vlstm,strb,12,12,336,B1,500.0,0.2,0.9,0.5,,,,-0.0118206065992313,-0.0171621581253086,0.0118206065992313,0.9005881401242922,0.8916094138268869,0.9843925685277244,4,6,6,0.9844,0.9148,0.9452,0.7579,0.9554,0.9082,0.9449,0.7579,0.0002741401609593,0.0004141552997756,0.000188252863945,0.0002259024358307,135.5,24,4,33.5,r-strb_sl12_st12_sp336_bu500_no0.2_re0.9_re0.5,,,,,,,,
yahoo-a1,vlstm,strb,12,12,336,B1,1000.0,0.2,0.9,0.5,,,,-0.0113067621485419,-0.0151169236603891,0.0113067621485419,0.9013629200127642,0.8916226679837655,0.9843925685277244,4,6,6,0.9844,0.9163,0.9466,0.7581,0.9551,0.9092,0.9441,0.7581,0.0002993273900927,0.0004522067271762,0.0002055490564826,0.0002466576706936,148.0,25,4,31.6,r-strb_sl12_st12_sp336_bu1000_no0.2_re0.9_re0.5,,,,,,,,
yahoo-a1,vlstm,strb,12,12,336,B1,50.0,0.05,0.9,0.5,,,,-0.0229069041105709,-0.026039888238995,0.0229069041105709,0.8947661652813108,0.8766625803392667,0.9843925685277244,4,6,6,0.9844,0.9112,0.9423,0.7411,0.9285,0.9,0.937,0.7411,0.00015218634021,0.0003445712152426,0.0001566237005204,0.0001879475147222,112.8,32,4,37.8,r-strb_sl12_st12_sp336_bu50_no0.05_re0.9_re0.5,,,,,,,,
yahoo-a1,vlstm,strb,12,12,336,B1,50.0,0.1,0.9,0.5,,,,-0.0229069041105709,-0.026039888238995,0.0229069041105709,0.8947661652813108,0.8766625803392667,0.9843925685277244,4,6,6,0.9844,0.9112,0.9423,0.7411,0.9285,0.9,0.937,0.7411,0.0001519654136282,0.0003434941594534,0.0001561341266768,0.0001873600327766,112.4,32,4,37.6,r-strb_sl12_st12_sp336_bu50_no0.1_re0.9_re0.5,,,,,,,,
yahoo-a1,vlstm,strb,12,12,336,B1,50.0,0.35,0.9,0.5,,,,-0.0229069041105709,-0.026039888238995,0.0229069041105709,0.8947661652813108,0.8766625803392667,0.9843925685277244,4,6,6,0.9844,0.9112,0.9423,0.7411,0.9285,0.9,0.937,0.7411,0.0001560442104199,0.0003554403500177,0.0001615642162014,0.0001938761338164,116.3,32,4,38.2,r-strb_sl12_st12_sp336_bu50_no0.35_re0.9_re0.5,,,,,,,,
yahoo-a1,vlstm,strb,12,12,336,B1,50.0,0.2,0.5,0.5,,,,-0.0233792153607271,-0.0217164013073187,0.0233792153607271,0.8949338191246623,0.8680759021701016,0.9843925685277244,4,6,6,0.9844,0.9112,0.9472,0.7369,0.9108,0.8948,0.9298,0.7369,0.0001625741002724,0.0003642186106256,0.0001655543302088,0.0001986642804167,119.2,36,4,41.2,r-strb_sl12_st12_sp336_bu50_no0.2_re0.5_re0.5,,,,,,,,
yahoo-a1,vlstm,strb,12,12,336,B1,50.0,0.2,0.7,0.5,,,,-0.014543407769802,-0.0209039683568805,0.014543407769802,0.8983561227044033,0.8867237644424314,0.9843925685277244,4,6,6,0.9844,0.9112,0.9467,0.7511,0.9474,0.906,0.9424,0.7511,0.0001553337336676,0.0003533090563637,0.0001605954456026,0.0001927136107611,115.6,32,4,37.7,r-strb_sl12_st12_sp336_bu50_no0.2_re0.7_re0.5,,,,,,,,
yahoo-a1,vlstm,strb,12,12,336,B1,50.0,0.2,0.9,,,,,-0.0367178542738826,-0.0299288116826741,0.0367178542738826,0.8891296670333267,0.8583571711211864,0.9843925685277244,4,6,6,0.9844,0.9131,0.9321,0.7269,0.8922,0.8902,0.9241,0.7269,0.0001193338075507,0.0002750378306407,0.0001250175544584,0.0001500202761823,90.0,34,4,27.7,r-strb_sl12_st12_sp336_bu50_no0.2_re0.9,,,,,,,,
yahoo-a1,vlstm,strb,12,12,336,B1,50.0,0.2,0.9,0.3,,,,-0.0318842436493841,-0.0287992096474087,0.0318842436493841,0.8920513122784566,0.8658382123303542,0.9843925685277244,4,6,6,0.9844,0.9106,0.9371,0.736,0.9052,0.8933,0.9289,0.736,0.0001930868482175,0.0002917045836204,0.0001325933711215,0.0001591112124989,95.5,34,4,32.3,r-strb_sl12_st12_sp336_bu50_no0.2_re0.9_re0.3,,,,,,,,
yahoo-a1,vlstm,strb,6,6,336,B2,50.0,0.2,0.9,0.5,,,,-0.0398267367740378,-0.0428748173535974,0.0398267367740378,0.8837488448294657,0.8541541197988644,0.9862322328916364,4,6,6,0.9862,0.907,0.9314,0.7103,0.893,0.8883,0.9251,0.7103,0.0001791676650093,0.0002706762765162,0.0001230350385995,0.0001476412379167,88.6,32,4,42.0,r-strb_sl6_st6_sp336_bu50_no0.2_re0.9_re0.5,,,,,,,,
yahoo-a1,vlstm,strb,8,8,336,B2,50.0,0.2,0.9,0.5,,,,-0.0037063171896701,-0.0079044775597054,0.0037063171896701,0.9109483969413308,0.9080046562056918,0.9860856428681466,4,6,6,0.9861,0.9299,0.9514,0.7765,0.98,0.9245,0.9511,0.7765,0.0001537528733403,0.0002322810606326,0.0001055826127865,0.0001266984478461,76.0,28,4,36.1,r-strb_sl8_st8_sp336_bu50_no0.2_re0.9_re0.5,,,,,,,,
yahoo-a1,vlstm,strb,10,10,336,B2,50.0,0.2,0.9,0.5,,,,-0.0098639089262745,-0.0127654001916451,0.0098639089262745,0.9026309139441916,0.8947711763147892,0.9851206872175392,4,6,6,0.9851,0.9194,0.949,0.7571,0.962,0.9118,0.9482,0.7571,0.0001491622312707,0.000225345780753,0.0001024302042251,0.0001229155765279,73.7,29,4,35.2,r-strb_sl10_st10_sp336_bu50_no0.2_re0.9_re0.5,,,,,,,,
yahoo-a1,vlstm,strb,16,16,336,B2,50.0,0.2,0.9,0.5,,,,-0.0052632310389532,-0.0065775593569945,0.0052632310389532,0.9117227842248254,0.9060484219030968,0.9846430630838426,4,6,6,0.9846,0.9228,0.9471,0.7923,0.968,0.9189,0.945,0.7923,0.0001507837276192,0.000227795444837,0.0001035437886564,0.0001242516561807,74.6,27,4,34.1,r-strb_sl16_st16_sp336_bu50_no0.2_re0.9_re0.5,,,,,,,,
yahoo-a1,vlstm,strb,24,24,336,B2,50.0,0.2,0.9,0.5,,,,-0.010244822335834,-0.0098744704190353,0.010244822335834,0.9132771095436684,0.904988030878202,0.9837952559300872,4,6,6,0.9838,0.9286,0.9451,0.7956,0.9603,0.9201,0.9441,0.7956,0.0001650757377313,0.0002493869975365,0.0001133580463543,0.0001360289511821,81.6,40,4,42.1,r-strb_sl24_st24_sp336_bu50_no0.2_re0.9_re0.5,,,,,,,,
yahoo-a1,vlstm,strb,8,4,336,B3,50.0,0.2,0.9,0.5,,,,-0.0015764185894872,-0.0008284001113939,0.0015764185894872,0.9136548674016908,0.9121220845373812,0.9873081185304452,4,6,6,0.9857,0.9311,0.9538,0.784,0.9822,0.9281,0.9542,0.784,0.0003350739669346,0.0005062106140788,0.0002300964251159,0.0002761141889627,165.7,44,4,91.3,r-strb_sl8_st4_sp336_bu50_no0.2_re0.9_re0.5,,,,,,,,
yahoo-a1,vlstm,strb,12,6,336,B3,50.0,0.2,0.9,0.5,,,,-0.0247240333022634,-0.0251531305146953,0.0247240333022634,0.8958855279148852,0.8768241998382867,0.9854930312005092,4,6,6,0.9855,0.9115,0.9418,0.7448,0.9264,0.8995,0.9367,0.7448,0.000509411034346,0.0007695890996066,0.0003498139922441,0.0004197751073623,251.9,45,4,80.0,r-strb_sl12_st6_sp336_bu50_no0.2_re0.9_re0.5,,,,,,,,
yahoo-a1,vlstm,strb,24,12,336,B3,50.0,0.2,0.9,0.5,,,,-0.0084907703918225,-0.0123742230471864,0.0084907703918225,0.914961547006686,0.9076180964334736,0.984977111943404,4,6,6,0.985,0.9302,0.9443,0.8004,0.9638,0.924,0.9423,0.8004,0.0001210940851219,0.0003758410210208,0.000170837307407,0.0002050037136137,123.0,33,4,59.7,r-strb_sl24_st12_sp336_bu50_no0.2_re0.9_re0.5,,,,,,,,
yahoo-a1,vlstm,strb,6,6,336,B4,50.0,0.05,0.9,0.5,,,,-0.0398267367740378,-0.0428748173535974,0.0398267367740378,0.8837488448294657,0.8541541197988644,0.9862322328916364,4,6,6,0.9862,0.907,0.9314,0.7103,0.893,0.8883,0.9251,0.7103,0.0001720198328696,0.0002598777399129,0.0001181265928258,0.0001417511470871,85.1,32,4,42.0,r-strb_sl6_st6_sp336_bu50_no0.05_re0.9_re0.5,,,,,,,,
yahoo-a1,vlstm,strb,8,8,336,B4,50.0,0.05,0.9,0.5,,,,-0.003707423053496,-0.0079027100590926,0.003707423053496,0.91095104819225,0.9080056486608722,0.9860856428681466,4,6,6,0.9861,0.9299,0.9514,0.7765,0.98,0.9244,0.9511,0.7765,0.0001541857147913,0.0002329349727784,0.0001058798652782,0.0001270551075002,76.2,28,4,36.4,r-strb_sl8_st8_sp336_bu50_no0.05_re0.9_re0.5,,,,,,,,
yahoo-a1,vlstm,strb,10,10,336,B4,50.0,0.05,0.9,0.5,,,,-0.0101489021102971,-0.013007095232908,0.0101489021102971,0.9023376043581568,0.8941330585821714,0.9851206872175392,4,6,6,0.9851,0.9194,0.949,0.7559,0.9612,0.9113,0.9482,0.7559,7.077591281579933e-05,0.0002203708866551,0.0001001689347813,0.0001202019518737,72.1,29,4,34.9,r-strb_sl10_st10_sp336_bu50_no0.05_re0.9_re0.5,,,,,,,,
yahoo-a1,vlstm,strb,16,16,336,B4,50.0,0.05,0.9,0.5,,,,-0.005209574840135,-0.0066306650232129,0.005209574840135,0.9116759262840444,0.906083262825523,0.9846430630838426,4,6,6,0.9846,0.9228,0.9471,0.7922,0.9683,0.9189,0.945,0.7922,0.0001485420547897,0.0002244088535421,0.0001020043795152,0.0001224044740269,73.4,27,4,34.1,r-strb_sl16_st16_sp336_bu50_no0.05_re0.9_re0.5,,,,,,,,
yahoo-a1,vlstm,strb,24,24,336,B4,50.0,0.05,0.9,0.5,,,,-0.0097922220004904,-0.0097105262085917,0.0097922220004904,0.9134002998611934,0.9054933639030832,0.9837952559300872,4,6,6,0.9838,0.9286,0.9455,0.7957,0.9609,0.921,0.9443,0.7957,0.0001650947413991,0.0002494157071926,0.0001133711050368,0.0001360446021558,81.6,40,4,42.5,r-strb_sl24_st24_sp336_bu50_no0.05_re0.9_re0.5,,,,,,,,
yahoo-a1,vlstm,strb,6,6,336,B4,50.0,0.35,0.9,0.5,,,,-0.0373891701715834,-0.0411007536988068,0.0373891701715834,0.8853066896520752,0.8576384348633861,0.9862322328916364,4,6,6,0.9862,0.907,0.9345,0.7135,0.8998,0.8901,0.9271,0.7135,0.0001814085807704,0.0002740617240755,0.0001245738883114,0.0001494878357641,89.7,33,4,43.3,r-strb_sl6_st6_sp336_bu50_no0.35_re0.9_re0.5,,,,,,,,
yahoo-a1,vlstm,strb,8,8,336,B4,50.0,0.35,0.9,0.5,,,,-0.0041266086293258,-0.0082513004577151,0.0041266086293258,0.9104281625943164,0.9068539846991938,0.9860856428681466,4,6,6,0.9861,0.9299,0.9514,0.7744,0.9786,0.9236,0.9509,0.7744,0.0001543699938948,0.0002332133711242,0.0001060063943861,0.0001272069767381,76.3,28,4,36.4,r-strb_sl8_st8_sp336_bu50_no0.35_re0.9_re0.5,,,,,,,,
yahoo-a1,vlstm,strb,10,10,336,B4,50.0,0.35,0.9,0.5,,,,-0.0098639089262745,-0.0127654001916451,0.0098639089262745,0.9026309139441916,0.8947711763147892,0.9851206872175392,4,6,6,0.9851,0.9194,0.949,0.7571,0.962,0.9118,0.9482,0.7571,0.0001457717939498,0.0002202237016673,0.0001001020076387,0.0001201216940286,72.1,29,4,34.9,r-strb_sl10_st10_sp336_bu50_no0.35_re0.9_re0.5,,,,,,,,
yahoo-a1,vlstm,strb,16,16,336,B4,50.0,0.35,0.9,0.5,,,,-0.0039572526704672,-0.0055458255975663,0.0039572526704672,0.9128622521997658,0.9085825935589676,0.9846430630838426,4,6,6,0.9846,0.9228,0.9482,0.7958,0.9725,0.92,0.946,0.7958,0.0001517904361401,0.00022931632258,0.0001042350068875,0.0001250813156925,75.0,28,4,34.8,r-strb_sl16_st16_sp336_bu50_no0.35_re0.9_re0.5,,,,,,,,
yahoo-a1,vlstm,strb,24,24,336,B4,50.0,0.35,0.9,0.5,,,,-0.0092220188694215,-0.0091466146005797,0.0092220188694215,0.9135981439323428,0.905796023911676,0.9837952559300872,4,6,6,0.9838,0.9286,0.9459,0.796,0.9609,0.9218,0.9444,0.796,0.0001602705162624,0.0002421275433544,0.0001100582960624,0.000132069247292,79.2,37,4,40.1,r-strb_sl24_st24_sp336_bu50_no0.35_re0.9_re0.5,,,,,,,,
yahoo-a1,vlstm,strb,6,6,336,B4,250.0,0.05,0.9,0.5,,,,-0.041306986268964,-0.0434654176660252,0.041306986268964,0.8832597098661422,0.8533018750649838,0.9862322328916364,4,6,6,0.9862,0.9071,0.9298,0.7099,0.8901,0.888,0.9251,0.7099,0.0001839428965536,0.0002778904236329,0.0001263142203692,0.0001515762032638,90.9,28,4,37.7,r-strb_sl6_st6_sp336_bu250_no0.05_re0.9_re0.5,,,,,,,,
yahoo-a1,vlstm,strb,8,8,336,B4,250.0,0.05,0.9,0.5,,,,-0.0106032403967348,-0.0146022497811546,0.0106032403967348,0.9052750145526048,0.8962030448578961,0.9860856428681466,4,6,6,0.9861,0.9299,0.9488,0.7563,0.9638,0.9174,0.9473,0.7563,0.0001655503141006,0.0002501039604134,0.0001136840006925,0.000136419959721,81.9,24,4,33.0,r-strb_sl8_st8_sp336_bu250_no0.05_re0.9_re0.5,,,,,,,,
yahoo-a1,vlstm,strb,10,10,336,B4,250.0,0.05,0.9,0.5,,,,-0.0076500277537202,-0.0110943690338799,0.0076500277537202,0.9038259406290048,0.89731209256832,0.9851206872175392,4,6,6,0.9851,0.9204,0.9499,0.7599,0.9664,0.9144,0.9485,0.7599,0.0001508041571172,0.000227826308556,0.0001035577186926,0.0001242685898633,74.6,27,4,33.2,r-strb_sl10_st10_sp336_bu250_no0.05_re0.9_re0.5,,,,,,,,
yahoo-a1,vlstm,strb,12,12,336,B4,250.0,0.05,0.9,0.5,,,,-0.0331201994462614,-0.0271898082399414,0.0331201994462614,0.889998813922936,0.8547502787874875,0.9843925685277244,4,6,6,0.9844,0.9133,0.9422,0.7201,0.8877,0.8876,0.9236,0.7201,0.0002284676863278,0.0003451559333336,0.0001568894927092,0.0001882664406245,113.0,25,4,31.3,r-strb_sl12_st12_sp336_bu250_no0.05_re0.9_re0.5,,,,,,,,
yahoo-a1,vlstm,strb,16,16,336,B4,250.0,0.05,0.9,0.5,,,,-0.0077266693310815,-0.0093424315589687,0.0077266693310815,0.9106659914060709,0.9043239345924492,0.9846430630838426,4,6,6,0.9846,0.9235,0.9453,0.7892,0.965,0.9189,0.9441,0.7892,0.0001532321922386,0.0002314944453588,0.0001052250711221,0.0001262693742367,75.8,28,4,35.3,r-strb_sl16_st16_sp336_bu250_no0.05_re0.9_re0.5,,,,,,,,
yahoo-a1,vlstm,strb,24,24,336,B4,250.0,0.05,0.9,0.5,,,,-0.0119842039607247,-0.0123184193248465,0.0119842039607247,0.9111769523307884,0.9010501172098018,0.9837952559300872,4,6,6,0.9838,0.9273,0.9441,0.7895,0.9537,0.919,0.942,0.7895,0.0001563999534085,0.0002362801180321,0.0001074003865748,0.0001288797314573,77.3,33,4,36.4,r-strb_sl24_st24_sp336_bu250_no0.05_re0.9_re0.5,,,,,,,,
yahoo-a1,vlstm,strb,6,6,336,B4,250.0,0.2,0.9,0.5,,,,-0.0420459460317904,-0.0438345247101695,0.0420459460317904,0.8829039863912193,0.8524093549944716,0.9862322328916364,4,6,6,0.9862,0.9071,0.9292,0.7091,0.8886,0.8876,0.9243,0.7091,0.0001858004706339,0.0002806967404724,0.0001275898014466,0.0001531069390258,91.9,28,4,37.5,r-strb_sl6_st6_sp336_bu250_no0.2_re0.9_re0.5,,,,,,,,
yahoo-a1,vlstm,strb,8,8,336,B4,250.0,0.2,0.9,0.5,,,,-0.0078017157599906,-0.0123385894811047,0.0078017157599906,0.906873251462965,0.8993539851819695,0.9860856428681466,4,6,6,0.9861,0.9299,0.9506,0.7609,0.9672,0.9212,0.9482,0.7609,0.000164879559106,0.0002490906220725,0.0001132233511009,0.0001358672709716,81.5,24,4,32.1,r-strb_sl8_st8_sp336_bu250_no0.2_re0.9_re0.5,,,,,,,,
yahoo-a1,vlstm,strb,10,10,336,B4,250.0,0.2,0.9,0.5,,,,-0.0085003226010907,-0.0118457040669154,0.0085003226010907,0.9032434237142986,0.896166764336499,0.9851206872175392,4,6,6,0.9851,0.9204,0.9494,0.758,0.9646,0.9135,0.9486,0.758,0.0001505972402988,0.0002275137104432,0.0001034156383649,0.0001240980720783,74.5,27,4,33.1,r-strb_sl10_st10_sp336_bu250_no0.2_re0.9_re0.5,,,,,,,,
yahoo-a1,vlstm,strb,16,16,336,B4,250.0,0.2,0.9,0.5,,,,-0.0083148374186948,-0.0099925073907362,0.0083148374186948,0.9099631222943568,0.9029813181358044,0.9846430630838426,4,6,6,0.9846,0.9235,0.9453,0.7864,0.9636,0.9183,0.9437,0.7864,0.0001540814029825,0.0002327773844545,0.0001058082409151,0.0001269691435395,76.2,28,4,35.5,r-strb_sl16_st16_sp336_bu250_no0.2_re0.9_re0.5,,,,,,,,
yahoo-a1,vlstm,strb,24,24,336,B4,250.0,0.2,0.9,0.5,,,,-0.0119918084243123,-0.0122837053244402,0.0119918084243123,0.911196697341076,0.9009347094054982,0.9837952559300872,4,6,6,0.9838,0.9273,0.9441,0.7896,0.9533,0.919,0.9418,0.7896,0.0001560744346334,0.0002357883428561,0.0001071769044553,0.0001286114384008,77.2,33,4,36.4,r-strb_sl24_st24_sp336_bu250_no0.2_re0.9_re0.5,,,,,,,,
yahoo-a1,vlstm,strb,6,6,336,B4,250.0,0.35,0.9,0.5,,,,-0.0415806687922509,-0.0436517371315818,0.0415806687922509,0.8831140066274012,0.8530256347861118,0.9862322328916364,4,6,6,0.9862,0.9071,0.9295,0.7096,0.8897,0.8879,0.9249,0.7096,0.0001859161983619,0.000280871575315,0.0001276692817711,0.0001532022935439,91.9,28,4,37.5,r-strb_sl6_st6_sp336_bu250_no0.35_re0.9_re0.5,,,,,,,,
yahoo-a1,vlstm,strb,8,8,336,B4,250.0,0.35,0.9,0.5,,,,-0.0072572725459337,-0.0117540977853359,0.0072572725459337,0.9074512814030664,0.9004475655981337,0.9860856428681466,4,6,6,0.9861,0.9299,0.9508,0.7631,0.9685,0.9217,0.9485,0.7631,0.0001653931743242,0.000249866562613,0.0001135760907387,0.0001362904718743,81.8,24,4,32.8,r-strb_sl8_st8_sp336_bu250_no0.35_re0.9_re0.5,,,,,,,,
yahoo-a1,vlstm,strb,10,10,336,B4,250.0,0.35,0.9,0.5,,,,-0.0085724060036386,-0.0119348785825609,0.0085724060036386,0.9031604144012216,0.8960198417816538,0.9851206872175392,4,6,6,0.9851,0.9204,0.9493,0.7579,0.9644,0.9134,0.9485,0.7579,0.0001508136795954,0.0002278406945721,0.0001035642774898,0.0001242764170824,74.6,27,4,33.2,r-strb_sl10_st10_sp336_bu250_no0.35_re0.9_re0.5,,,,,,,,
yahoo-a1,vlstm,strb,12,12,336,B4,250.0,0.35,0.9,0.5,,,,-0.0197965289116859,-0.0231476546812159,0.0197965289116859,0.8960440499253283,0.8807084450725644,0.9843925685277244,4,6,6,0.9844,0.9133,0.9422,0.7443,0.9374,0.9019,0.9392,0.7443,0.0001603626778563,0.0003715935858664,0.0001689065678821,0.0002026870179843,121.6,31,4,36.9,r-strb_sl12_st12_sp336_bu250_no0.35_re0.9_re0.5,,,,,,,,
yahoo-a1,vlstm,strb,16,16,336,B4,250.0,0.35,0.9,0.5,,,,-0.0083148374186948,-0.0099925073907362,0.0083148374186948,0.9099631222943568,0.9029813181358044,0.9846430630838426,4,6,6,0.9846,0.9235,0.9453,0.7864,0.9636,0.9183,0.9437,0.7864,0.0001534365176484,0.0002318031285195,0.0001053653876154,0.0001264377409041,75.9,28,4,35.4,r-strb_sl16_st16_sp336_bu250_no0.35_re0.9_re0.5,,,,,,,,
yahoo-a1,vlstm,strb,24,24,336,B4,250.0,0.35,0.9,0.5,,,,-0.0115933135107324,-0.0121253894728175,0.0115933135107324,0.9114285328643842,0.9017793450811142,0.9837952559300872,4,6,6,0.9838,0.9273,0.9442,0.7905,0.955,0.9196,0.9421,0.7905,0.0001570287635462,0.0002372300884785,0.0001078321857035,0.000129397902775,77.6,33,4,36.9,r-strb_sl24_st24_sp336_bu250_no0.35_re0.9_re0.5,,,,,,,,
yahoo-a1,vlstm,strb,6,6,336,B4,1000.0,0.05,0.9,0.5,,,,-0.0261152801907122,-0.0344767137385526,0.0261152801907122,0.891272964367133,0.8723793953646533,0.9862322328916364,4,6,6,0.9862,0.9105,0.9404,0.728,0.9263,0.8984,0.9368,0.728,8.612630403773674e-05,0.0004328881431595,0.0001967678619781,0.0002361202811814,141.7,29,4,42.2,r-strb_sl6_st6_sp336_bu1000_no0.05_re0.9_re0.5,,,,,,,,
yahoo-a1,vlstm,strb,8,8,336,B4,1000.0,0.05,0.9,0.5,,,,-0.0112352129763077,-0.0151110358820669,0.0112352129763077,0.9049958970533416,0.8956460148763112,0.9860856428681466,4,6,6,0.9861,0.93,0.9484,0.7554,0.963,0.9176,0.9466,0.7554,6.896834127519748e-05,0.0003287126802578,0.0001494152712343,0.0001792974090233,107.6,24,4,33.9,r-strb_sl8_st8_sp336_bu1000_no0.05_re0.9_re0.5,,,,,,,,
yahoo-a1,vlstm,strb,10,10,336,B4,1000.0,0.05,0.9,0.5,,,,-0.0063570262376546,-0.009213954201948,0.0063570262376546,0.9058565531202012,0.9005524562029495,0.9851206872175392,4,6,6,0.9851,0.9214,0.9502,0.7667,0.9713,0.9149,0.9492,0.7667,0.000246369119514,0.000372200396289,0.0001691824859395,0.0002030179103494,121.8,37,4,47.8,r-strb_sl10_st10_sp336_bu1000_no0.05_re0.9_re0.5,,,,,,,,
yahoo-a1,vlstm,strb,12,12,336,B4,1000.0,0.05,0.9,0.5,,,,-0.0112903478693508,-0.0151387800119613,0.0112903478693508,0.9013583005325824,0.8916558187525991,0.9843925685277244,4,6,6,0.9844,0.9163,0.9466,0.7581,0.9552,0.909,0.9443,0.7581,0.0002955585016077,0.0004465129056841,0.0002029609035286,0.0002435520021555,146.1,25,4,31.0,r-strb_sl12_st12_sp336_bu1000_no0.05_re0.9_re0.5,,,,,,,,
yahoo-a1,vlstm,strb,16,16,336,B4,1000.0,0.05,0.9,0.5,,,,-0.0095214494183825,-0.0113048917823784,0.0095214494183825,0.9087076064207272,0.9005055669045722,0.9846430630838426,4,6,6,0.9846,0.9232,0.9448,0.7822,0.9601,0.9173,0.9425,0.7822,0.0001821948397546,0.0002752495592479,0.000125113816957,0.0001501357422908,90.1,28,4,34.6,r-strb_sl16_st16_sp336_bu1000_no0.05_re0.9_re0.5,,,,,,,,
yahoo-a1,vlstm,strb,24,24,336,B4,1000.0,0.05,0.9,0.5,,,,-0.0098639295742004,-0.0093782432502661,0.0098639295742004,0.9128530042612372,0.9040999026611564,0.9837952559300872,4,6,6,0.9838,0.9265,0.9455,0.7955,0.9581,0.9199,0.9429,0.7955,0.0001898401728428,0.000286799691873,0.0001303639013882,0.0001564357904849,93.9,42,4,44.4,r-strb_sl24_st24_sp336_bu1000_no0.05_re0.9_re0.5,,,,,,,,
yahoo-a1,vlstm,strb,6,6,336,B4,1000.0,0.2,0.9,0.5,,,,-0.0260848949294953,-0.034427842335556,0.0260848949294953,0.8913353640792387,0.8725268298290988,0.9862322328916364,4,6,6,0.9862,0.9105,0.9405,0.7281,0.9265,0.8985,0.937,0.7281,0.0002878634321704,0.0004348876342225,0.0001976767493631,0.0002372108848594,142.3,29,4,43.0,r-strb_sl6_st6_sp336_bu1000_no0.2_re0.9_re0.5,,,,,,,,
yahoo-a1,vlstm,strb,8,8,336,B4,1000.0,0.2,0.9,0.5,,,,-0.0077468246225073,-0.0119077402825199,0.0077468246225073,0.9077355159866828,0.9009249705772188,0.9860856428681466,4,6,6,0.9861,0.93,0.95,0.7648,0.9694,0.9215,0.948,0.7648,0.0002181368881442,0.0003295487534019,0.0001497953621527,0.000179753391249,107.9,24,4,34.1,r-strb_sl8_st8_sp336_bu1000_no0.2_re0.9_re0.5,,,,,,,,
yahoo-a1,vlstm,strb,10,10,336,B4,1000.0,0.2,0.9,0.5,,,,-0.0068929328512444,-0.0095409913681798,0.0068929328512444,0.9053712381140456,0.8994723152727802,0.9851206872175392,4,6,6,0.9851,0.9214,0.95,0.765,0.9695,0.9145,0.9489,0.765,0.0002320700281477,0.0003505981456352,0.0001593632107076,0.0001912349349274,114.7,32,4,40.7,r-strb_sl10_st10_sp336_bu1000_no0.2_re0.9_re0.5,,,,,,,,
yahoo-a1,vlstm,strb,16,16,336,B4,1000.0,0.2,0.9,0.5,,,,-0.0095711397720381,-0.0113365208924055,0.0095711397720381,0.9087179151676992,0.9003973319929531,0.9846430630838426,4,6,6,0.9846,0.9232,0.9449,0.7822,0.9596,0.9173,0.9425,0.7822,0.0001862490990916,0.0002813745027264,0.0001278978703679,0.0001534766323585,92.1,28,4,34.8,r-strb_sl16_st16_sp336_bu1000_no0.2_re0.9_re0.5,,,,,,,,
yahoo-a1,vlstm,strb,24,24,336,B4,1000.0,0.2,0.9,0.5,,,,-0.0097689617849733,-0.0093148572053189,0.0097689617849733,0.912951842164742,0.904335901936304,0.9837952559300872,4,6,6,0.9838,0.9265,0.9456,0.7959,0.9586,0.9196,0.9433,0.7959,0.0001852784747052,0.0002799081388329,0.0001272313575816,0.0001526767812514,91.6,39,4,42.5,r-strb_sl24_st24_sp336_bu1000_no0.2_re0.9_re0.5,,,,,,,,
yahoo-a1,vlstm,strb,6,6,336,B4,1000.0,0.35,0.9,0.5,,,,-0.0260886257954353,-0.0344567097948136,0.0260886257954353,0.891301366254449,0.8724584868997619,0.9862322328916364,4,6,6,0.9862,0.9105,0.9404,0.7281,0.9264,0.8984,0.9369,0.7281,0.0002880847141147,0.0004352219343473,0.0001978286515642,0.0002373932827829,142.4,29,4,43.0,r-strb_sl6_st6_sp336_bu1000_no0.35_re0.9_re0.5,,,,,,,,
yahoo-a1,vlstm,strb,8,8,336,B4,1000.0,0.35,0.9,0.5,,,,-0.0074936276242364,-0.0116593881565431,0.0074936276242364,0.907805065112282,0.900987099553294,0.9860856428681466,4,6,6,0.9861,0.93,0.9499,0.7652,0.9693,0.9217,0.9478,0.7652,0.0002178987968563,0.0003291890586808,0.0001496318065962,0.0001795572520846,107.7,24,4,33.5,r-strb_sl8_st8_sp336_bu1000_no0.35_re0.9_re0.5,,,,,,,,
yahoo-a1,vlstm,strb,10,10,336,B4,1000.0,0.35,0.9,0.5,,,,-0.0068034597243993,-0.0095869302362923,0.0068034597243993,0.9053067430693024,0.8995196026642626,0.9851206872175392,4,6,6,0.9851,0.9214,0.95,0.7647,0.9697,0.9146,0.949,0.7647,0.0002359932030107,0.0003565250541764,0.0001620572763307,0.0001944677778456,116.7,32,4,42.0,r-strb_sl10_st10_sp336_bu1000_no0.35_re0.9_re0.5,,,,,,,,
yahoo-a1,vlstm,strb,12,12,336,B4,1000.0,0.35,0.9,0.5,,,,-0.0113726435947082,-0.0152169146003382,0.0113726435947082,0.9012690029097196,0.8914620210526425,0.9843925685277244,4,6,6,0.9844,0.9163,0.9466,0.7577,0.9549,0.9091,0.9441,0.7577,0.0001796652723969,0.0004488320842045,0.000204015093862,0.0002448169903426,146.9,25,4,31.0,r-strb_sl12_st12_sp336_bu1000_no0.35_re0.9_re0.5,,,,,,,,
yahoo-a1,vlstm,strb,16,16,336,B4,1000.0,0.35,0.9,0.5,,,,-0.0095218046738706,-0.0113123109563353,0.0095218046738706,0.9087542300718044,0.9005076495443096,0.9846430630838426,4,6,6,0.9846,0.9232,0.9449,0.7823,0.9598,0.9174,0.9426,0.7823,0.0001870821027862,0.0002826329571375,0.0001284699129044,0.0001541630442331,92.5,28,4,34.9,r-strb_sl16_st16_sp336_bu1000_no0.35_re0.9_re0.5,,,,,,,,
yahoo-a1,vlstm,strb,24,24,336,B4,1000.0,0.35,0.9,0.5,,,,-0.0097376572517201,-0.0093015847200098,0.0097376572517201,0.912958782908216,0.9043939609444932,0.9837952559300872,4,6,6,0.9838,0.9265,0.9456,0.7959,0.9587,0.9197,0.9432,0.7959,8.567803542078932e-05,0.0002795603312167,0.0001270732630212,0.0001524870681956,91.5,39,4,42.2,r-strb_sl24_st24_sp336_bu1000_no0.35_re0.9_re0.5,,,,,,,,
yahoo-a1,vlstm,strb,12,12,168,B5,50.0,0.2,0.9,0.5,,,,0.0018988430583064,0.002931144161478,-0.0018988430583064,0.9635600666737484,0.964635216902452,0.9999003735990036,8,28,28,0.9685,0.993,0.9998,0.9886,0.9785,0.9916,0.9998,0.9893,0.0002988440413179,0.0004514765114499,0.0002052171504047,0.0002462593610452,147.8,52,8,45.9,r-strb_sl12_st12_sp168_bu50_no0.2_re0.9_re0.5,0.9507,0.9418,0.9806,0.8854,0.9476,0.9425,0.9824,0.8854
yahoo-a1,vtcn,strb,12,12,336,B1,50.0,0.2,0.9,0.5,,,,-0.0059743422670599,-0.0094471636067184,0.0059743422670599,0.9072917207863244,0.9019173957058616,0.9890049425127868,4,6,6,0.989,0.9164,0.9499,0.7739,0.9722,0.9136,0.9479,0.7739,9.834244363860432e-05,0.0001485701477787,6.753210416645742e-05,8.103804361230384e-05,48.6,41,4,14.5,r-strb_sl12_st12_sp336_bu50_no0.2_re0.9_re0.5,,,,,,,,
yahoo-a1,vtcn,strb,12,12,336,B1,100.0,0.2,0.9,0.5,,,,-0.0043731876338315,-0.0090509740242035,0.0043731876338315,0.9111092837378992,0.9085071986727205,0.9890049425127868,4,6,6,0.989,0.9185,0.9497,0.7872,0.9797,0.9184,0.9488,0.7872,9.685233158464744e-05,0.0001463189715839,6.650887505707538e-05,7.981009652682891e-05,47.9,40,4,14.3,r-strb_sl12_st12_sp336_bu100_no0.2_re0.9_re0.5,,,,,,,,
yahoo-a1,vtcn,strb,12,12,336,B1,250.0,0.2,0.9,0.5,,,,-0.0076553540513352,-0.0121865899340487,0.0076553540513352,0.9070774281791972,0.899841463915916,0.9890049425127868,4,6,6,0.989,0.9184,0.949,0.7718,0.9678,0.9132,0.9466,0.7718,0.0001316589533509,0.0001989028280365,9.041063310319766e-05,0.0001084921949333,65.1,46,4,16.7,r-strb_sl12_st12_sp336_bu250_no0.2_re0.9_re0.5,,,,,,,,
yahoo-a1,vtcn,strb,12,12,336,B1,500.0,0.2,0.9,0.5,,,,-0.0101106343800054,-0.0156410766820847,0.0101106343800054,0.9043367162000142,0.8964599014465117,0.9890049425127868,4,6,6,0.989,0.9153,0.9472,0.7658,0.9632,0.9115,0.9453,0.7658,8.213599975642446e-05,0.0002042382313545,9.28357987852198e-05,0.0001114024325693,66.8,39,4,14.5,r-strb_sl12_st12_sp336_bu500_no0.2_re0.9_re0.5,,,,,,,,
yahoo-a1,vtcn,strb,12,12,336,B1,1000.0,0.2,0.9,0.5,,,,-0.0133207288294308,-0.018212524969274,0.0133207288294308,0.9040549718417632,0.8968952264854897,0.9890049425127868,4,6,6,0.989,0.918,0.9439,0.7653,0.9635,0.9122,0.9466,0.7653,0.0001865957462885,0.0002818981975153,0.0001281358707773,0.000153762326738,92.3,35,4,13.0,r-strb_sl12_st12_sp336_bu1000_no0.2_re0.9_re0.5,,,,,,,,
yahoo-a1,vtcn,strb,12,12,336,B1,50.0,0.05,0.9,0.5,,,,-0.0059872728893056,-0.0094565519557772,0.0059872728893056,0.907277638262736,0.9018839172489048,0.9890049425127868,4,6,6,0.989,0.9164,0.9499,0.7739,0.9722,0.9136,0.9479,0.7739,9.915262143331829e-05,0.0001497941181239,6.808846631837594e-05,8.17056518055809e-05,49.0,41,4,14.6,r-strb_sl12_st12_sp336_bu50_no0.05_re0.9_re0.5,,,,,,,,
yahoo-a1,vtcn,strb,12,12,336,B1,50.0,0.1,0.9,0.5,,,,-0.0059743422670599,-0.0094471636067184,0.0059743422670599,0.9072917207863244,0.9019173957058616,0.9890049425127868,4,6,6,0.989,0.9164,0.9499,0.7739,0.9722,0.9136,0.9479,0.7739,6.026720794855124e-05,0.0001441340545934,6.551569438435965e-05,7.861836020912354e-05,47.2,41,4,13.0,r-strb_sl12_st12_sp336_bu50_no0.1_re0.9_re0.5,,,,,,,,
yahoo-a1,vtcn,strb,12,12,336,B1,50.0,0.35,0.9,0.5,,,,-0.0059872728893056,-0.0094565519557772,0.0059872728893056,0.907277638262736,0.9018839172489048,0.9890049425127868,4,6,6,0.989,0.9164,0.9499,0.7739,0.9722,0.9136,0.9479,0.7739,9.781606746405873e-05,0.0001477749287141,6.717062725672602e-05,8.060430145744855e-05,48.4,41,4,14.3,r-strb_sl12_st12_sp336_bu50_no0.35_re0.9_re0.5,,,,,,,,
yahoo-a1,vtcn,strb,12,12,336,B1,50.0,0.2,0.5,0.5,,,,-0.0028514054490372,-0.006707623428322,0.0028514054490372,0.909722863659655,0.90772580546108,0.9890049425127868,4,6,6,0.989,0.9164,0.9503,0.7832,0.9807,0.9175,0.9495,0.7832,9.549482761826116e-05,0.0001442681321148,6.557666336690698e-05,7.869146874795358e-05,47.2,41,4,13.0,r-strb_sl12_st12_sp336_bu50_no0.2_re0.5_re0.5,,,,,,,,
yahoo-a1,vtcn,strb,12,12,336,B1,50.0,0.2,0.7,0.5,,,,-0.0033463215900301,-0.0071533646397394,0.0033463215900301,0.9091593491944928,0.906272727873995,0.9890049425127868,4,6,6,0.989,0.9164,0.9504,0.7808,0.9788,0.9165,0.9489,0.7808,9.90748878151306e-05,0.0001496766826127,6.803507685092174e-05,8.164160576183349e-05,49.0,41,4,14.6,r-strb_sl12_st12_sp336_bu50_no0.2_re0.7_re0.5,,,,,,,,
yahoo-a1,vtcn,strb,12,12,336,B1,50.0,0.2,0.9,,,,,-0.0375089444509455,-0.0334413587252382,0.0375089444509455,0.8918298962746032,0.8640030584208775,0.9890049425127868,4,6,6,0.989,0.9142,0.9308,0.7333,0.9025,0.8934,0.9268,0.7333,7.309563194980084e-05,0.0001104287064563,5.019503992969274e-05,6.023366652661934e-05,36.1,44,4,11.5,r-strb_sl12_st12_sp336_bu50_no0.2_re0.9,,,,,,,,
yahoo-a1,vtcn,strb,12,12,336,B1,50.0,0.2,0.9,0.3,,,,-0.018360237457405,-0.0202255305374741,0.018360237457405,0.9011286576203512,0.8844982337088555,0.9890049425127868,4,6,6,0.989,0.9163,0.9452,0.7541,0.9393,0.9046,0.9401,0.7541,7.508644943583664e-05,0.000113436319824,5.156211683901751e-05,6.187420298500607e-05,37.1,39,4,11.0,r-strb_sl12_st12_sp336_bu50_no0.2_re0.9_re0.3,,,,,,,,
yahoo-a1,vtcn,strb,6,6,336,B2,50.0,0.2,0.9,0.5,,,,-0.0105789129965813,-0.0140847803349485,0.0105789129965813,0.9015082218865348,0.8931984868674266,0.9850515594517216,4,6,6,0.9851,0.9228,0.9466,0.7515,0.9613,0.9136,0.9464,0.7515,9.656828040029469e-05,0.0001458898432759,6.631378466392764e-05,7.957605861204988e-05,47.7,43,4,21.8,r-strb_sl6_st6_sp336_bu50_no0.2_re0.9_re0.5,,,,,,,,
yahoo-a1,vtcn,strb,8,8,336,B2,50.0,0.2,0.9,0.5,,,,-0.0066656502519636,-0.0081889956946224,0.0066656502519636,0.905743983573048,0.9000452608023667,0.9829151572073884,4,6,6,0.9828,0.9286,0.9489,0.7627,0.9683,0.9211,0.9482,0.7627,8.2584347085613e-05,0.0001247637154086,5.67110087399164e-05,6.805270666877428e-05,40.8,43,4,19.0,r-strb_sl8_st8_sp336_bu50_no0.2_re0.9_re0.5,,,,,,,,
yahoo-a1,vtcn,strb,10,10,336,B2,50.0,0.2,0.9,0.5,,,,-0.0166534586454172,-0.0175904447616744,0.0166534586454172,0.8979354087300243,0.8869461329174204,0.9827025551270738,4,6,6,0.9827,0.9187,0.9445,0.7458,0.95,0.9057,0.9462,0.7458,7.101700477425524e-05,0.0001072884352242,4.8767691958669775e-05,5.8520743265592806e-05,35.1,46,4,17.3,r-strb_sl10_st10_sp336_bu50_no0.2_re0.9_re0.5,,,,,,,,
yahoo-a1,vtcn,strb,16,16,336,B2,50.0,0.2,0.9,0.5,,,,-0.0053679353976751,-0.0031097797341561,0.0053679353976751,0.9089420603616776,0.9053359860111736,0.9833790796909238,4,6,6,0.9801,0.9214,0.9444,0.7899,0.9685,0.9176,0.9454,0.7899,5.228504522235683e-05,7.898926046469973e-05,3.590433969964377e-05,4.3084920765055966e-05,25.9,42,4,13.2,r-strb_sl16_st16_sp336_bu50_no0.2_re0.9_re0.5,,,,,,,,
yahoo-a1,vtcn,strb,24,24,336,B2,50.0,0.2,0.9,0.5,,,,-0.0090238041017018,-0.0131047541168908,0.0090238041017018,0.9150673348168754,0.908883675320038,0.986013316687474,4,6,6,0.986,0.9283,0.9462,0.7998,0.9666,0.9232,0.946,0.7998,4.489605691959047e-05,6.782639890197768e-05,3.0830312443302114e-05,3.699608645867556e-05,22.2,52,4,10.7,r-strb_sl24_st24_sp336_bu50_no0.2_re0.9_re0.5,,,,,,,,
yahoo-a1,vtcn,strb,8,4,336,B3,50.0,0.2,0.9,0.5,,,,-0.020742512432763,-0.0230309188683556,0.020742512432763,0.8964415144384887,0.8773760440749745,0.9840730304972892,4,6,6,0.9841,0.922,0.9444,0.7353,0.9297,0.9062,0.9383,0.7353,0.0001396635046378,0.0002109956470025,9.59074920728906e-05,0.0001150881549296,69.1,45,4,32.4,r-strb_sl8_st4_sp336_bu50_no0.2_re0.9_re0.5,,,,,,,,
yahoo-a1,vtcn,strb,12,6,336,B3,50.0,0.2,0.9,0.5,,,,-0.0144698271214643,-0.0182525192810935,0.0144698271214643,0.9019531734714552,0.8909479988874061,0.9882250494012048,4,6,6,0.9882,0.9137,0.9475,0.7583,0.9548,0.9051,0.9456,0.7583,0.0001519819375344,0.0002296056319504,0.0001043664625018,0.0001252391694486,75.1,34,4,20.3,r-strb_sl12_st6_sp336_bu50_no0.2_re0.9_re0.5,,,,,,,,
yahoo-a1,vtcn,strb,24,12,336,B3,50.0,0.2,0.9,0.5,,,,-0.0101513230270209,-0.0131844439963615,0.0101513230270209,0.9152085328720794,0.906442422144366,0.9873741156887224,4,6,6,0.9874,0.9304,0.9466,0.7965,0.9628,0.9231,0.9435,0.7965,6.780558945085577e-05,0.0001024368123488,4.656242332227218e-05,5.587438902662446e-05,33.5,45,4,16.9,r-strb_sl24_st12_sp336_bu50_no0.2_re0.9_re0.5,,,,,,,,
yahoo-a1,vtcn,strb,6,6,336,B4,50.0,0.05,0.9,0.5,,,,-0.0105789129965813,-0.0140847803349485,0.0105789129965813,0.9015082218865348,0.8931984868674266,0.9850515594517216,4,6,6,0.9851,0.9228,0.9466,0.7515,0.9613,0.9136,0.9464,0.7515,9.853455579219748e-05,0.0001488603798494,6.766402783493201e-05,8.119635201447333e-05,48.7,43,4,23.2,r-strb_sl6_st6_sp336_bu50_no0.05_re0.9_re0.5,,,,,,,,
yahoo-a1,vtcn,strb,8,8,336,B4,50.0,0.05,0.9,0.5,,,,-0.006972187644156,-0.0084649604910299,0.006972187644156,0.9055386014507392,0.8997107104127721,0.9829151572073884,4,6,6,0.9828,0.9286,0.9487,0.7621,0.9678,0.9209,0.9481,0.7621,8.534532902797825e-05,0.000128934849255,5.860696932650171e-05,7.032787992851809e-05,42.2,43,4,20.1,r-strb_sl8_st8_sp336_bu50_no0.05_re0.9_re0.5,,,,,,,,
yahoo-a1,vtcn,strb,10,10,336,B4,50.0,0.05,0.9,0.5,,,,-0.0166534586454172,-0.0175904447616744,0.0166534586454172,0.8979354087300243,0.8869461329174204,0.9827025551270738,4,6,6,0.9827,0.9187,0.9445,0.7458,0.95,0.9057,0.9462,0.7458,6.851376016277694e-05,0.0001035066762187,4.704871927323337e-05,5.6457956945523635e-05,33.9,46,4,16.7,r-strb_sl10_st10_sp336_bu50_no0.05_re0.9_re0.5,,,,,,,,
yahoo-a1,vtcn,strb,16,16,336,B4,50.0,0.05,0.9,0.5,,,,-0.0052784427264513,-0.0033796814730543,0.0052784427264513,0.9085854714323346,0.9051174988005204,0.9833790796909238,4,6,6,0.9801,0.9214,0.9444,0.7885,0.9688,0.9177,0.9455,0.7885,5.188901047398709e-05,7.839095378333393e-05,3.563237274259639e-05,4.275858104073753e-05,25.7,42,4,13.1,r-strb_sl16_st16_sp336_bu50_no0.05_re0.9_re0.5,,,,,,,,
yahoo-a1,vtcn,strb,24,24,336,B4,50.0,0.05,0.9,0.5,,,,-0.0147445468932622,-0.0168549296050568,0.0147445468932622,0.9117945391477504,0.9006585688927462,0.986013316687474,4,6,6,0.986,0.9283,0.9434,0.7895,0.9528,0.918,0.9424,0.7895,5.138389704164656e-05,7.76278572554131e-05,3.528552031235045e-05,4.234233694306264e-05,25.4,52,4,12.4,r-strb_sl24_st24_sp336_bu50_no0.05_re0.9_re0.5,,,,,,,,
yahoo-a1,vtcn,strb,6,6,336,B4,50.0,0.35,0.9,0.5,,,,-0.0105789129965813,-0.0140847803349485,0.0105789129965813,0.9015082218865348,0.8931984868674266,0.9850515594517216,4,6,6,0.9851,0.9228,0.9466,0.7515,0.9613,0.9136,0.9464,0.7515,0.0001014782625672,0.000153307563938,6.9685467130815e-05,8.362209680723026e-05,50.2,43,4,24.4,r-strb_sl6_st6_sp336_bu50_no0.35_re0.9_re0.5,,,,,,,,
yahoo-a1,vtcn,strb,8,8,336,B4,50.0,0.35,0.9,0.5,,,,-0.0067435482655432,-0.0086802250278814,0.0067435482655432,0.9054914347410484,0.9001022733421636,0.9829151572073884,4,6,6,0.9828,0.9286,0.9481,0.7625,0.9688,0.9215,0.9476,0.7625,7.940784484316229e-05,0.0001199648372222,5.452969687434638e-05,6.543514034788436e-05,39.3,43,4,17.2,r-strb_sl8_st8_sp336_bu50_no0.35_re0.9_re0.5,,,,,,,,
yahoo-a1,vtcn,strb,10,10,336,B4,50.0,0.35,0.9,0.5,,,,-0.0166534586454172,-0.0175904447616744,0.0166534586454172,0.8979354087300243,0.8869461329174204,0.9827025551270738,4,6,6,0.9827,0.9187,0.9445,0.7458,0.95,0.9057,0.9462,0.7458,6.731142145650337e-05,0.0001016902515636,4.6223053645290854e-05,5.5467197918333106e-05,33.3,46,4,16.3,r-strb_sl10_st10_sp336_bu50_no0.35_re0.9_re0.5,,,,,,,,
yahoo-a1,vtcn,strb,16,16,336,B4,50.0,0.35,0.9,0.5,,,,-0.0046290109517151,-0.0025504521143678,0.0046290109517151,0.909279906114708,0.9061282009905052,0.9833790796909238,4,6,6,0.9801,0.9214,0.9451,0.7905,0.9704,0.9178,0.9459,0.7905,5.306298247237967e-05,8.016452363614614e-05,3.643855335734165e-05,4.3725970278804505e-05,26.2,42,4,13.8,r-strb_sl16_st16_sp336_bu50_no0.35_re0.9_re0.5,,,,,,,,
yahoo-a1,vtcn,strb,24,24,336,B4,50.0,0.35,0.9,0.5,,,,-0.0090238041017018,-0.0131047541168908,0.0090238041017018,0.9150673348168754,0.908883675320038,0.986013316687474,4,6,6,0.986,0.9283,0.9462,0.7998,0.9666,0.9232,0.946,0.7998,4.8092102661191674e-05,7.265480229087795e-05,3.30250413195851e-05,3.962976097129285e-05,23.8,52,4,12.3,r-strb_sl24_st24_sp336_bu50_no0.35_re0.9_re0.5,,,,,,,,
yahoo-a1,vtcn,strb,6,6,336,B4,250.0,0.05,0.9,0.5,,,,-0.0122715131480388,-0.0159380572394056,0.0122715131480388,0.9002421702311609,0.8910140842344888,0.9850515594517216,4,6,6,0.9851,0.9208,0.9461,0.749,0.9581,0.911,0.946,0.749,0.0001187532593946,0.0001794056426165,8.154828830997252e-05,9.785735430661587e-05,58.7,39,4,21.7,r-strb_sl6_st6_sp336_bu250_no0.05_re0.9_re0.5,,,,,,,,
yahoo-a1,vtcn,strb,8,8,336,B4,250.0,0.05,0.9,0.5,,,,-0.0108730835939963,-0.0109018931137804,0.0108730835939963,0.9026874112841778,0.8922839397607081,0.9836655386098564,4,6,6,0.9828,0.9291,0.9476,0.7513,0.9576,0.9148,0.9454,0.7513,0.0001079100247485,0.0001630243029409,7.410223564947955e-05,8.892206729156898e-05,53.4,44,4,20.3,r-strb_sl8_st8_sp336_bu250_no0.05_re0.9_re0.5,,,,,,,,
yahoo-a1,vtcn,strb,10,10,336,B4,250.0,0.05,0.9,0.5,,,,-0.0090535349637504,-0.0123261712143787,0.0090535349637504,0.9004479169085764,0.8921709238921649,0.9827025551270738,4,6,6,0.9827,0.9188,0.9497,0.7506,0.9599,0.9102,0.948,0.7506,8.38946810221476e-05,0.0001267432930903,5.7610803298626306e-05,6.913248979176083e-05,41.5,49,4,17.3,r-strb_sl10_st10_sp336_bu250_no0.05_re0.9_re0.5,,,,,,,,
yahoo-a1,vtcn,strb,12,12,336,B4,250.0,0.05,0.9,0.5,,,,-0.0069320217933824,-0.0115902110938893,0.0069320217933824,0.9080160695225178,0.9018973643307364,0.9890049425127868,4,6,6,0.989,0.9184,0.949,0.7756,0.9708,0.914,0.9472,0.7756,7.991417063607189e-05,0.0001933792544922,8.78999001165438e-05,0.0001054793543756,63.3,43,4,15.0,r-strb_sl12_st12_sp336_bu250_no0.05_re0.9_re0.5,,,,,,,,
yahoo-a1,vtcn,strb,16,16,336,B4,250.0,0.05,0.9,0.5,,,,-0.006790496479813,-0.0033979203399141,0.006790496479813,0.9071174657427352,0.9001577918743837,0.9852150847653096,4,6,6,0.9801,0.9207,0.9444,0.7833,0.9582,0.9171,0.942,0.7833,6.097143140644077e-05,9.21121566556394e-05,4.186939693366488e-05,5.024275972197453e-05,30.1,38,4,11.4,r-strb_sl16_st16_sp336_bu250_no0.05_re0.9_re0.5,,,,,,,,
yahoo-a1,vtcn,strb,24,24,336,B4,250.0,0.05,0.9,0.5,,,,-0.0096760351972812,-0.0131899783386227,0.0096760351972812,0.9144234226700744,0.9068942393621596,0.986013316687474,4,6,6,0.986,0.928,0.9467,0.797,0.9635,0.9219,0.9452,0.797,5.326158931610541e-05,8.046456751374838e-05,3.657495653994071e-05,4.388961097380767e-05,26.3,49,4,11.8,r-strb_sl24_st24_sp336_bu250_no0.05_re0.9_re0.5,,,,,,,,
yahoo-a1,vtcn,strb,6,6,336,B4,250.0,0.2,0.9,0.5,,,,-0.0129185709968938,-0.0161795381469116,0.0129185709968938,0.8997994266496188,0.8895462149943736,0.9850515594517216,4,6,6,0.9851,0.9208,0.9461,0.7472,0.9564,0.9105,0.9441,0.7472,0.0001217895284957,0.0001839926645813,8.363330381948295e-05,0.0001003593607619,60.2,42,4,23.9,r-strb_sl6_st6_sp336_bu250_no0.2_re0.9_re0.5,,,,,,,,
yahoo-a1,vtcn,strb,8,8,336,B4,250.0,0.2,0.9,0.5,,,,-0.0101725397756165,-0.0106303503199382,0.0101725397756165,0.9029886754381772,0.8935485822017702,0.9836655386098564,4,6,6,0.9828,0.9291,0.9476,0.7524,0.9602,0.916,0.9456,0.7524,0.0001071096554241,0.0001618151506725,7.355260289494052e-05,8.826254777765522e-05,53.0,44,4,19.7,r-strb_sl8_st8_sp336_bu250_no0.2_re0.9_re0.5,,,,,,,,
yahoo-a1,vtcn,strb,10,10,336,B4,250.0,0.2,0.9,0.5,,,,-0.0090230438291735,-0.012279722826529,0.0090230438291735,0.9006356441264778,0.8924756342045688,0.9827025551270738,4,6,6,0.9827,0.9188,0.9496,0.7515,0.9603,0.9102,0.9479,0.7515,8.366053656883301e-05,0.0001263895610216,5.7450015046763125e-05,6.89395459749115e-05,41.4,49,4,16.9,r-strb_sl10_st10_sp336_bu250_no0.2_re0.9_re0.5,,,,,,,,
yahoo-a1,vtcn,strb,16,16,336,B4,250.0,0.2,0.9,0.5,,,,-0.0062346352908382,-0.0031851852887687,0.0062346352908382,0.9074435970105704,0.9010824537988764,0.9852150847653096,4,6,6,0.9801,0.9207,0.9444,0.7846,0.9598,0.9173,0.9426,0.7846,5.997398104188579e-05,9.060526560655692e-05,4.1184381715073765e-05,4.942088389148315e-05,29.7,38,4,10.9,r-strb_sl16_st16_sp336_bu250_no0.2_re0.9_re0.5,,,,,,,,
yahoo-a1,vtcn,strb,24,24,336,B4,250.0,0.2,0.9,0.5,,,,-0.0123522449644715,-0.0145106572120986,0.0123522449644715,0.9129947653223932,0.9020559663467844,0.986013316687474,4,6,6,0.986,0.928,0.946,0.792,0.9545,0.9189,0.9427,0.792,4.8795517063299454e-05,7.371748059949217e-05,3.3508074072112015e-05,4.020940652738015e-05,24.1,51,4,10.3,r-strb_sl24_st24_sp336_bu250_no0.2_re0.9_re0.5,,,,,,,,
yahoo-a1,vtcn,strb,6,6,336,B4,250.0,0.35,0.9,0.5,,,,-0.0148490096993345,-0.0177475695385164,0.0148490096993345,0.8988515459294597,0.8878937476474491,0.9850515594517216,4,6,6,0.9851,0.9208,0.9449,0.7447,0.9541,0.9088,0.9439,0.7447,0.000119876614804,0.0001811027438172,8.231968194272163e-05,9.878306187456474e-05,59.3,42,4,22.7,r-strb_sl6_st6_sp336_bu250_no0.35_re0.9_re0.5,,,,,,,,
yahoo-a1,vtcn,strb,8,8,336,B4,250.0,0.35,0.9,0.5,,,,-0.0101725397756165,-0.0106303503199382,0.0101725397756165,0.9029886754381772,0.8935485822017702,0.9836655386098564,4,6,6,0.9828,0.9291,0.9476,0.7524,0.9602,0.916,0.9456,0.7524,0.0001073209694999,0.0001621343919107,7.369771024225177e-05,8.843668166858454e-05,53.1,44,4,19.6,r-strb_sl8_st8_sp336_bu250_no0.35_re0.9_re0.5,,,,,,,,
yahoo-a1,vtcn,strb,10,10,336,B4,250.0,0.35,0.9,0.5,,,,-0.0089883937138976,-0.0122751256833777,0.0089883937138976,0.9006425398412048,0.8925345050922096,0.9827025551270738,4,6,6,0.9827,0.9188,0.9496,0.7515,0.9605,0.9102,0.9479,0.7515,8.311852415214398e-05,0.0001255707196154,5.7077816144252816e-05,6.849290347114826e-05,41.1,49,4,16.4,r-strb_sl10_st10_sp336_bu250_no0.35_re0.9_re0.5,,,,,,,,
yahoo-a1,vtcn,strb,12,12,336,B4,250.0,0.35,0.9,0.5,,,,-0.0072025444433111,-0.0118414621154765,0.0072025444433111,0.9078556465934376,0.9014911318537024,0.9890049425127868,4,6,6,0.989,0.9184,0.9491,0.7748,0.9702,0.9139,0.947,0.7748,0.0001289699330146,0.0001948404096751,8.856403634353128e-05,0.0001062763733315,63.8,43,4,14.8,r-strb_sl12_st12_sp336_bu250_no0.35_re0.9_re0.5,,,,,,,,
yahoo-a1,vtcn,strb,16,16,336,B4,250.0,0.35,0.9,0.5,,,,-0.0062928101757592,-0.0032350108991324,0.0062928101757592,0.9074086878446888,0.9009725536568488,0.9852150847653096,4,6,6,0.9801,0.9207,0.9444,0.7845,0.9596,0.9173,0.9426,0.7845,6.375046424406243e-05,9.63105607636842e-05,4.3777714930345405e-05,5.25328458333388e-05,31.5,38,4,12.6,r-strb_sl16_st16_sp336_bu250_no0.35_re0.9_re0.5,,,,,,,,
yahoo-a1,vtcn,strb,24,24,336,B4,250.0,0.35,0.9,0.5,,,,-0.010056226270662,-0.0137473169008172,0.010056226270662,0.9141236127941544,0.9065580563216792,0.986013316687474,4,6,6,0.986,0.928,0.9455,0.797,0.9631,0.9216,0.9445,0.797,4.892447416982783e-05,7.391230163164436e-05,3.359664947881053e-05,4.031565215283384e-05,24.2,49,4,10.3,r-strb_sl24_st24_sp336_bu250_no0.35_re0.9_re0.5,,,,,,,,
yahoo-a1,vtcn,strb,6,6,336,B4,1000.0,0.05,0.9,0.5,,,,-0.0099368367956364,-0.0148405749538136,0.0099368367956364,0.9011374103908272,0.8934009126444339,0.9850515594517216,4,6,6,0.9851,0.9208,0.9473,0.7514,0.9614,0.9141,0.9467,0.7514,0.0002114663089762,0.0003194712233334,0.0001452147180557,0.0001742565052777,104.6,39,4,26.9,r-strb_sl6_st6_sp336_bu1000_no0.05_re0.9_re0.5,,,,,,,,
yahoo-a1,vtcn,strb,8,8,336,B4,1000.0,0.05,0.9,0.5,,,,-0.0113266100220113,-0.012571888342414,0.0113266100220113,0.9022724252069784,0.892076497550695,0.982761105396286,4,6,6,0.9828,0.927,0.9482,0.7511,0.9575,0.9146,0.9451,0.7511,4.319871282936263e-05,0.0002484173411809,0.0001129173170134,0.0001355000241674,81.3,49,4,21.2,r-strb_sl8_st8_sp336_bu1000_no0.05_re0.9_re0.5,,,,,,,,
yahoo-a1,vtcn,strb,10,10,336,B4,1000.0,0.05,0.9,0.5,,,,-0.0049462162907555,-0.0093406576841287,0.0049462162907555,0.9027557666352372,0.8966140139680852,0.9827025551270738,4,6,6,0.9827,0.9183,0.9511,0.7589,0.9657,0.9137,0.9481,0.7589,0.0001369218876757,0.0002068537686624,9.40247483823138e-05,0.0001128290202802,67.7,51,4,19.5,r-strb_sl10_st10_sp336_bu1000_no0.05_re0.9_re0.5,,,,,,,,
yahoo-a1,vtcn,strb,12,12,336,B4,1000.0,0.05,0.9,0.5,,,,-0.0128166836693058,-0.0178299947759832,0.0128166836693058,0.904733082121242,0.8985021999511663,0.9890049425127868,4,6,6,0.989,0.918,0.944,0.7679,0.9648,0.9137,0.9475,0.7679,0.0001032985687134,0.0002772419064249,0.0001260193585075,0.0001512225479174,90.7,35,4,12.2,r-strb_sl12_st12_sp336_bu1000_no0.05_re0.9_re0.5,,,,,,,,
yahoo-a1,vtcn,strb,16,16,336,B4,1000.0,0.05,0.9,0.5,,,,-0.0064369490541228,-0.0085725993109187,0.0064369490541228,0.9060530870517512,0.9002104583143122,0.9800668896321072,4,6,6,0.9801,0.9183,0.9459,0.7799,0.9611,0.9172,0.9425,0.7799,8.873516995934415e-05,0.0001340560273494,6.093479901578071e-05,7.312122833371784e-05,43.9,44,4,13.6,r-strb_sl16_st16_sp336_bu1000_no0.05_re0.9_re0.5,,,,,,,,
yahoo-a1,vtcn,strb,24,24,336,B4,1000.0,0.05,0.9,0.5,,,,-0.0158490231991302,-0.0165418569433035,0.0158490231991302,0.9114175343825592,0.89869191899789,0.986013316687474,4,6,6,0.986,0.9282,0.9419,0.7896,0.9484,0.9164,0.9404,0.7896,6.356205765115491e-05,9.602592684250948e-05,4.3648331771449505e-05,5.237759507105996e-05,31.4,52,4,12.8,r-strb_sl24_st24_sp336_bu1000_no0.05_re0.9_re0.5,,,,,,,,
yahoo-a1,vtcn,strb,6,6,336,B4,1000.0,0.2,0.9,0.5,,,,-0.0100180691298214,-0.0148359504986932,0.0100180691298214,0.9011475551300928,0.8933031067626437,0.9850515594517216,4,6,6,0.9851,0.9208,0.9471,0.7516,0.9608,0.9141,0.9467,0.7516,0.0002056433610607,0.0003106742461555,0.0001412160216428,0.0001694582245125,101.7,39,4,23.9,r-strb_sl6_st6_sp336_bu1000_no0.2_re0.9_re0.5,,,,,,,,
yahoo-a1,vtcn,strb,8,8,336,B4,1000.0,0.2,0.9,0.5,,,,-0.0121670979229684,-0.0141591685466882,0.0121670979229684,0.9019167660193246,0.8923843317905297,0.982761105396286,4,6,6,0.9828,0.927,0.9467,0.7513,0.9581,0.9144,0.9458,0.7513,0.000163437680268,0.0002469123138661,0.0001122331994217,0.0001346791144444,80.8,44,4,21.3,r-strb_sl8_st8_sp336_bu1000_no0.2_re0.9_re0.5,,,,,,,,
yahoo-a1,vtcn,strb,10,10,336,B4,1000.0,0.2,0.9,0.5,,,,-0.00458662423995,-0.0091489199371651,0.00458662423995,0.9030262718831594,0.8973622887713302,0.9827025551270738,4,6,6,0.9827,0.9183,0.951,0.7601,0.9664,0.9144,0.9485,0.7601,0.0001371077022862,0.0002071344867646,9.415237037270951e-05,0.000112982116392,67.8,51,4,19.7,r-strb_sl10_st10_sp336_bu1000_no0.2_re0.9_re0.5,,,,,,,,
yahoo-a1,vtcn,strb,16,16,336,B4,1000.0,0.2,0.9,0.5,,,,-0.0064132824636185,-0.0084916912665036,0.0064132824636185,0.9061416485598272,0.9007405229087192,0.9800668896321072,4,6,6,0.9801,0.9183,0.9457,0.7805,0.9623,0.9175,0.9427,0.7805,8.950234128834418e-05,0.0001352150259822,6.146159612302048e-05,7.375342985925576e-05,44.3,44,4,14.2,r-strb_sl16_st16_sp336_bu1000_no0.2_re0.9_re0.5,,,,,,,,
yahoo-a1,vtcn,strb,24,24,336,B4,1000.0,0.2,0.9,0.5,,,,-0.0111934147514675,-0.0142097855508144,0.0111934147514675,0.9137278492687728,0.9057425195849076,0.986013316687474,4,6,6,0.986,0.9282,0.9436,0.7971,0.9615,0.9205,0.9438,0.7971,6.172172780361595e-05,9.324566160509777e-05,4.238456834443948e-05,5.086109326065828e-05,30.5,49,4,12.0,r-strb_sl24_st24_sp336_bu1000_no0.2_re0.9_re0.5,,,,,,,,
yahoo-a1,vtcn,strb,6,6,336,B4,1000.0,0.35,0.9,0.5,,,,-0.0100306588752607,-0.0147681354211781,0.0100306588752607,0.9011665098864728,0.8932179290948581,0.9850515594517216,4,6,6,0.9851,0.9208,0.9473,0.7515,0.9608,0.914,0.9466,0.7515,0.000206739201959,0.0003123297800041,0.0001419684690364,0.0001703613109676,102.2,39,4,25.0,r-strb_sl6_st6_sp336_bu1000_no0.35_re0.9_re0.5,,,,,,,,
yahoo-a1,vtcn,strb,8,8,336,B4,1000.0,0.35,0.9,0.5,,,,-0.0106076009594226,-0.0121119272971699,0.0106076009594226,0.9033196964820522,0.8946152593885591,0.982761105396286,4,6,6,0.9828,0.927,0.9487,0.7548,0.9613,0.9159,0.9465,0.7548,0.0001619940768671,0.0002447314002881,0.0001112418999403,0.0001334895003478,80.1,45,4,20.7,r-strb_sl8_st8_sp336_bu1000_no0.35_re0.9_re0.5,,,,,,,,
yahoo-a1,vtcn,strb,10,10,336,B4,1000.0,0.35,0.9,0.5,,,,-0.0051127162969076,-0.0094596432435664,0.0051127162969076,0.9026156284699628,0.8962291463887926,0.9827025551270738,4,6,6,0.9827,0.9183,0.9512,0.7583,0.9653,0.9132,0.9482,0.7583,0.0001351445826003,0.0002041687176517,9.280429924773572e-05,0.000111364418404,66.8,51,4,18.8,r-strb_sl10_st10_sp336_bu1000_no0.35_re0.9_re0.5,,,,,,,,
yahoo-a1,vtcn,strb,12,12,336,B4,1000.0,0.35,0.9,0.5,,,,-0.0133216457433317,-0.0182519509699989,0.0133216457433317,0.9040714612080942,0.8969586917143322,0.9890049425127868,4,6,6,0.989,0.918,0.9439,0.7654,0.9637,0.9123,0.9465,0.7654,0.0001067108131046,0.0002818560127267,0.0001281166651603,0.0001537393475665,92.2,35,4,13.2,r-strb_sl12_st12_sp336_bu1000_no0.35_re0.9_re0.5,,,,,,,,
yahoo-a1,vtcn,strb,16,16,336,B4,1000.0,0.35,0.9,0.5,,,,-0.0064132824636185,-0.0084916912665036,0.0064132824636185,0.9061416485598272,0.9007405229087192,0.9800668896321072,4,6,6,0.9801,0.9183,0.9457,0.7805,0.9623,0.9175,0.9427,0.7805,9.155747463914752e-05,0.0001383198040855,6.287284832214937e-05,7.544695576342443e-05,45.3,44,4,14.9,r-strb_sl16_st16_sp336_bu1000_no0.35_re0.9_re0.5,,,,,,,,
yahoo-a1,vtcn,strb,24,24,336,B4,1000.0,0.35,0.9,0.5,,,,-0.0115314468259014,-0.0143900496721158,0.0115314468259014,0.9134206164931984,0.9048693037657276,0.986013316687474,4,6,6,0.986,0.9282,0.9436,0.7959,0.9602,0.9206,0.9427,0.7959,6.449401299935087e-05,9.743387176111962e-05,4.4288301273869974e-05,5.314557048724964e-05,31.9,56,4,13.0,r-strb_sl24_st24_sp336_bu1000_no0.35_re0.9_re0.5,,,,,,,,
yahoo-a1,vtcn,strb,12,12,168,B5,50.0,0.2,0.9,0.5,,,,0.0008738917990197,-0.0026245972929422,-0.0008738917990197,0.9647478423453376,0.9661245528697102,1.0,8,28,28,0.9732,0.9932,1.0,0.9894,0.981,0.9903,0.9999,0.9913,7.891186095786181e-05,0.0001837129038184,8.350613611207033e-05,0.0001002067677063,60.1,74,8,19.2,r-strb_sl12_st12_sp168_bu50_no0.2_re0.9_re0.5,0.9574,0.9425,0.9776,0.8848,0.9584,0.9428,0.9805,0.8848
yahoo-a1,vgru-kl,naive,12,12,336,B1,,,,,,,,-0.163516412716649,-0.05952353678945,0.163516412716649,0.8605285608219039,0.7187752035882373,0.9828375669248768,4,6,6,0.9828,0.9361,0.8261,0.6972,0.5409,0.8847,0.7523,0.6972,9.489381941904724e-05,0.0001433601632494,6.516416047363438e-05,7.819600277580321e-05,46.9,29,4,46.9,r-naive_sl12_st12_sp336,,,,,,,,
yahoo-a1,vgru-kl,cumulative,12,12,336,B1,,,,,,,,-0.1001747468624155,-0.031694797011827,0.1001747468624155,0.8800458375299336,0.7620572684705678,0.9828375669248768,4,6,6,0.9828,0.9143,0.9046,0.7185,0.648,0.8909,0.7909,0.7185,0.0001407465124193,0.0002126317933112,9.66512890047549e-05,0.0001159805043064,69.6,29,4,69.6,r-cumulative_sl12_st12_sp336,,,,,,,,
yahoo-a1,vgru-kl,experts,12,12,336,B1,,,,,,,,-0.1457224691221269,-0.0586366101226478,0.1457224691221269,0.8607584869705367,0.7501486204368808,0.9828375669248768,4,6,6,0.9828,0.937,0.8071,0.7161,0.5848,0.9101,0.7896,0.7161,9.735064926142215e-05,0.0001470718014724,6.685125897121097e-05,8.022054250119254e-05,48.1,31,4,48.1,r-experts_sl12_st12_sp336,,,,,,,,
yahoo-a1,vgru-kl,strb,12,12,336,B1,50.0,0.2,0.9,0.5,,,,-0.145940535293282,-0.0562332404036693,0.145940535293282,0.8569328135974917,0.723027084120766,0.9828375669248768,4,6,6,0.9828,0.9237,0.8228,0.6984,0.5773,0.8764,0.7401,0.6984,0.0001174252770774,0.0001773994027692,8.063631325429824e-05,9.676308951495836e-05,58.1,26,4,58.1,r-strb_sl12_st12_sp336_bu50_no0.2_re0.9_re0.5,,,,,,,,
yahoo-a1,vgru-kl,strb,12,12,336,B1,100.0,0.2,0.9,0.5,,,,-0.1277455547439023,-0.0529305665238607,0.1277455547439023,0.859728628419824,0.7607639950914623,0.9828375669248768,4,6,6,0.9828,0.9285,0.8058,0.7218,0.6416,0.8956,0.7841,0.7218,0.0001124636948747,0.0001699037277199,7.72293898716776e-05,9.267433784824484e-05,55.6,26,4,55.6,r-strb_sl12_st12_sp336_bu100_no0.2_re0.9_re0.5,,,,,,,,
yahoo-a1,vgru-kl,strb,12,12,336,B1,250.0,0.2,0.9,0.5,,,,-0.1034833474452567,-0.0307074800963377,0.1034833474452567,0.8822718177845017,0.7740157956648561,0.9828375669248768,4,6,6,0.9828,0.9261,0.8842,0.7359,0.6619,0.907,0.7913,0.7359,0.0001175174772529,0.0001775386935291,8.069969241947143e-05,9.683900110966836e-05,58.1,29,4,58.1,r-strb_sl12_st12_sp336_bu250_no0.2_re0.9_re0.5,,,,,,,,
yahoo-a1,vgru-kl,strb,12,12,336,B1,500.0,0.2,0.9,0.5,,,,-0.1362050919801291,-0.0519838788484938,0.1362050919801291,0.8603488135319262,0.738079415764811,0.9828375669248768,4,6,6,0.9828,0.929,0.8081,0.7215,0.5752,0.9211,0.7346,0.7215,0.0001244710446956,0.000188043746122,8.547486278888149e-05,0.0001025688833331,61.5,26,4,61.6,r-strb_sl12_st12_sp336_bu500_no0.2_re0.9_re0.5,,,,,,,,
yahoo-a1,vgru-kl,strb,12,12,336,B1,1000.0,0.2,0.9,0.5,,,,-0.1032482699791477,-0.0354810768687607,0.1032482699791477,0.8790091224200642,0.7774006398367601,0.9828375669248768,4,6,6,0.9828,0.9261,0.8838,0.7233,0.6654,0.9144,0.8064,0.7233,0.0001195557256065,0.0001806179627428,8.209946684008983e-05,9.851849590272952e-05,59.1,27,4,59.1,r-strb_sl12_st12_sp336_bu1000_no0.2_re0.9_re0.5,,,,,,,,
yahoo-a1,vgru-kl,strb,12,12,336,B1,50.0,0.05,0.9,0.5,,,,-0.1334843984557419,-0.038330594759275,0.1334843984557419,0.8767330024712245,0.7251889360739616,0.9828375669248768,4,6,6,0.9828,0.9237,0.8928,0.7075,0.5731,0.8847,0.7354,0.7075,0.0001199802991629,0.0001812593842256,8.23910691555486e-05,9.886831507009144e-05,59.3,27,4,59.3,r-strb_sl12_st12_sp336_bu50_no0.05_re0.9_re0.5,,,,,,,,
yahoo-a1,vgru-kl,strb,12,12,336,B1,50.0,0.1,0.9,0.5,,,,-0.1462792493289193,-0.0544349568089056,0.1462792493289193,0.8584019299877752,0.7213994480769375,0.9828375669248768,4,6,6,0.9828,0.9237,0.8249,0.7021,0.5777,0.8685,0.7373,0.7021,0.0001236386045597,0.0001867861431032,8.490324108732036e-05,0.0001018829020159,61.1,26,4,61.1,r-strb_sl12_st12_sp336_bu50_no0.1_re0.9_re0.5,,,,,,,,
yahoo-a1,vgru-kl,strb,12,12,336,B1,50.0,0.35,0.9,0.5,,,,-0.145940535293282,-0.0562332404036693,0.145940535293282,0.8569328135974917,0.723027084120766,0.9828375669248768,4,6,6,0.9828,0.9237,0.8228,0.6984,0.5773,0.8764,0.7401,0.6984,0.0001154345642081,0.0001743919474506,7.926936342523225e-05,9.512258402537556e-05,57.1,26,4,57.1,r-strb_sl12_st12_sp336_bu50_no0.35_re0.9_re0.5,,,,,,,,
yahoo-a1,vgru-kl,strb,12,12,336,B1,50.0,0.2,0.5,0.5,,,,-0.145940535293282,-0.0562332404036693,0.145940535293282,0.8569328135974917,0.723027084120766,0.9828375669248768,4,6,6,0.9828,0.9237,0.8228,0.6984,0.5773,0.8764,0.7401,0.6984,0.0001144867690703,0.0001729600726823,7.861867546129765e-05,9.434139722104497e-05,56.6,26,4,56.6,r-strb_sl12_st12_sp336_bu50_no0.2_re0.5_re0.5,,,,,,,,
yahoo-a1,vgru-kl,strb,12,12,336,B1,50.0,0.2,0.7,0.5,,,,-0.145940535293282,-0.0562332404036693,0.145940535293282,0.8569328135974917,0.723027084120766,0.9828375669248768,4,6,6,0.9828,0.9237,0.8228,0.6984,0.5773,0.8764,0.7401,0.6984,0.0001183736061152,0.000178832084123,8.128760092594245e-05,9.754448319707686e-05,58.5,26,4,58.5,r-strb_sl12_st12_sp336_bu50_no0.2_re0.7_re0.5,,,,,,,,
yahoo-a1,vgru-kl,strb,12,12,336,B1,50.0,0.2,0.9,,,,,-0.1564303727282359,-0.0544218850794858,0.1564303727282359,0.863989708939555,0.7317642011115464,0.9828375669248768,4,6,6,0.9828,0.933,0.8336,0.7065,0.5694,0.8778,0.7734,0.7065,9.702382104310982e-05,0.0001465780480644,6.662677632994019e-05,7.995127173451086e-05,48.0,29,4,48.0,r-strb_sl12_st12_sp336_bu50_no0.2_re0.9,,,,,,,,
yahoo-a1,vgru-kl,strb,12,12,336,B1,50.0,0.2,0.9,0.3,,,,-0.1439186582988291,-0.055818777567989,0.1439186582988291,0.8564807957944894,0.7405292984201699,0.9828375669248768,4,6,6,0.9828,0.9275,0.7976,0.718,0.5828,0.8969,0.7645,0.718,0.000107857857485,0.0001629454916185,7.406656030151579e-05,8.887893131701275e-05,53.3,28,4,53.3,r-strb_sl12_st12_sp336_bu50_no0.2_re0.9_re0.3,,,,,,,,
yahoo-a1,vgru-kl,random-buffer,12,12,336,B1,50.0,,,0.5,,,,-0.1264949302441802,-0.0447937884844237,0.1264949302441802,0.8735939708165079,0.7410121438774705,0.9828375669248768,4,6,6,0.9828,0.9244,0.8876,0.6995,0.6027,0.8968,0.7651,0.6995,0.0001181717230886,0.0001785270907754,8.114904681699248e-05,9.73780439584516e-05,58.4,26,4,58.4,r-random-buffer_sl12_st12_sp336_bu50_re0.5,,,,,,,,
yahoo-a1,vgru-kl,random-buffer,12,12,336,B1,100.0,,,0.5,,,,-0.1233737648443089,-0.0370191265336582,0.1233737648443089,0.8772249607318396,0.7441738872093118,0.9828375669248768,4,6,6,0.9828,0.9277,0.8807,0.7177,0.5903,0.9136,0.7552,0.7177,0.0001224264999473,0.0001849549646748,8.407095127299222e-05,0.0001008840134018,60.5,27,4,60.5,r-random-buffer_sl12_st12_sp336_bu100_re0.5,,,,,,,,
yahoo-a1,vgru-kl,random-buffer,12,12,336,B1,250.0,,,0.5,,,,-0.1442310195951792,-0.0482384721319167,0.1442310195951792,0.8694740143128143,0.7219579737153847,0.9828375669248768,4,6,6,0.9828,0.9299,0.8671,0.698,0.5608,0.8911,0.7379,0.698,0.0001019983067048,0.0001540932169228,7.004266192024159e-05,8.405055500256518e-05,50.4,26,4,50.4,r-random-buffer_sl12_st12_sp336_bu250_re0.5,,,,,,,,
yahoo-a1,vgru-kl,random-buffer,12,12,336,B1,500.0,,,0.5,,,,-0.1349034334405427,-0.0514353596112734,0.1349034334405427,0.8652004992691608,0.7384189850590314,0.9828375669248768,4,6,6,0.9828,0.9288,0.8466,0.7026,0.5912,0.8986,0.7613,0.7026,0.0001240029890929,0.000187336634447,8.51534416672722e-05,0.0001021831927797,61.3,26,4,61.3,r-random-buffer_sl12_st12_sp336_bu500_re0.5,,,,,,,,
yahoo-a1,vgru-kl,random-buffer,12,12,336,B1,1000.0,,,0.5,,,,-0.1210495634920414,-0.0379307255607181,0.1210495634920414,0.8741709771726486,0.747377967441115,0.9828375669248768,4,6,6,0.9828,0.9234,0.8861,0.7044,0.6093,0.8942,0.7817,0.7044,0.0001123630415557,0.0001697516664336,7.716029525359368e-05,9.2591371180024e-05,55.6,27,4,55.6,r-random-buffer_sl12_st12_sp336_bu1000_re0.5,,,,,,,,
yahoo-a1,vgru-kl,random-buffer,12,12,336,B1,50.0,,,,,,,-0.1542682492435872,-0.0526658178910245,0.1542682492435872,0.8654781187939796,0.7324126999633291,0.9828375669248768,4,6,6,0.9828,0.9326,0.839,0.7074,0.5665,0.8827,0.773,0.7074,9.83995225270586e-05,0.0001486563793038,6.757138124861134e-05,8.108499805520601e-05,48.7,29,4,48.7,r-random-buffer_sl12_st12_sp336_bu50,,,,,,,,
yahoo-a1,vgru-kl,random-buffer,12,12,336,B1,50.0,,,0.3,,,,-0.1219955477682727,-0.0447034800963556,0.1219955477682727,0.8711915762501121,0.7592974477619372,0.9828375669248768,4,6,6,0.9828,0.9285,0.8622,0.7112,0.6403,0.8893,0.7963,0.7112,0.0001087825495452,0.0001643424635763,7.470150086899392e-05,8.964096270734444e-05,53.8,28,4,53.8,r-random-buffer_sl12_st12_sp336_bu50_re0.3,,,,,,,,
yahoo-a1,vgru-kl,reservoir,12,12,336,B1,50.0,,,0.5,,,,-0.1109297697378425,-0.0438748543258555,0.1109297697378425,0.8757152494127004,0.7735291362005364,0.9828375669248768,4,6,6,0.9828,0.9325,0.8748,0.7127,0.6695,0.9078,0.8041,0.7127,0.0001148944630141,0.0001735759934103,7.889855410709668e-05,9.467743930329258e-05,56.8,26,4,56.8,r-reservoir_sl12_st12_sp336_bu50_re0.5,,,,,,,,
yahoo-a1,vgru-kl,reservoir,12,12,336,B1,100.0,,,0.5,,,,-0.1158305709153072,-0.046485198315758,0.1158305709153072,0.871225263040283,0.7739449041918182,0.9828375669248768,4,6,6,0.9828,0.9343,0.849,0.7188,0.6724,0.8947,0.8099,0.7188,0.0001224707737203,0.0001850218509627,8.410126359991006e-05,0.0001009205873628,60.6,26,4,60.6,r-reservoir_sl12_st12_sp336_bu100_re0.5,,,,,,,,
yahoo-a1,vgru-kl,reservoir,12,12,336,B1,250.0,,,0.5,,,,-0.123403024921131,-0.0478438027984476,0.123403024921131,0.8696623187484297,0.7560886874135352,0.9828375669248768,4,6,6,0.9828,0.9286,0.8596,0.7076,0.6286,0.8983,0.79,0.7076,0.000115074769038,0.0001738483894545,7.902243639950433e-05,9.482595305501794e-05,56.9,26,4,56.9,r-reservoir_sl12_st12_sp336_bu250_re0.5,,,,,,,,
yahoo-a1,vgru-kl,reservoir,12,12,336,B1,500.0,,,0.5,,,,-0.1303725011619297,-0.0507510434470865,0.1303725011619297,0.8664703990186393,0.7452842458949438,0.9828375669248768,4,6,6,0.9828,0.9298,0.8436,0.7096,0.6091,0.9024,0.7601,0.7096,0.0001181602625396,0.0001785097768325,8.114124849800848e-05,9.736852833457912e-05,58.4,26,4,58.4,r-reservoir_sl12_st12_sp336_bu500_re0.5,,,,,,,,
yahoo-a1,vgru-kl,reservoir,12,12,336,B1,1000.0,,,0.5,,,,-0.1193680357407807,-0.0409832381314816,0.1193680357407807,0.8727313166489212,0.7526795099823805,0.9828375669248768,4,6,6,0.9828,0.9239,0.8756,0.7086,0.6144,0.9032,0.7845,0.7086,0.0001168898139979,0.0001765904557275,8.026869600612877e-05,9.632175972141948e-05,57.8,29,4,57.8,r-reservoir_sl12_st12_sp336_bu1000_re0.5,,,,,,,,
yahoo-a1,vgru-kl,reservoir,12,12,336,B1,50.0,,,,,,,-0.1530952898466058,-0.0528467316842632,0.1530952898466058,0.8653383931271628,0.7348380893768225,0.9828375669248768,4,6,6,0.9828,0.9326,0.8388,0.7071,0.5732,0.8812,0.7778,0.7071,0.0001032300330282,0.0001559540387116,7.08884866300246e-05,8.506555208160233e-05,51.0,29,4,51.1,r-reservoir_sl12_st12_sp336_bu50,,,,,,,,
yahoo-a1,vgru-kl,reservoir,12,12,336,B1,50.0,,,0.3,,,,-0.1178857474910046,-0.043077702316319,0.1178857474910046,0.8748030641354222,0.7709471208638936,0.9828375669248768,4,6,6,0.9828,0.9339,0.8626,0.7199,0.6555,0.9025,0.8059,0.7199,0.0001136954100932,0.0001717645327321,7.807523391222478e-05,9.368929881990578e-05,56.2,28,4,56.2,r-reservoir_sl12_st12_sp336_bu50_re0.3,,,,,,,,
yahoo-a1,vgru-kl,ewc,12,12,336,B1,,,,,1000.0,,,-0.2267828978216359,-0.0944659678193249,0.2267828978216359,0.7435325074932448,0.5918938673357095,0.9093189849912036,4,6,6,0.8701,0.8364,0.6474,0.6203,0.3479,0.8129,0.5865,0.6203,0.0001363902813408,0.0002060506481704,9.3659818865126e-05,0.0001123908293053,67.4,51,4,67.4,r-ewc_sl12_st12_sp336_la1000,,,,,,,,
yahoo-a1,vgru-kl,ewc,12,12,336,B1,,,,,100.0,,,-0.2425544541625227,-0.1060497075946783,0.2425544541625227,0.7322977665534809,0.5764347426655889,0.9093189849912036,4,6,6,0.8701,0.8356,0.6102,0.6134,0.3128,0.8135,0.566,0.6134,0.0001297186361692,0.0001959715076447,8.907880694734761e-05,0.0001068927006974,64.1,51,4,64.1,r-ewc_sl12_st12_sp336_la100,,,,,,,,
yahoo-a1,vgru-kl,ewc,12,12,336,B1,,,,,500.0,,,-0.2334921058605867,-0.1001812296982455,0.2334921058605867,0.7379238161916858,0.5850407144750217,0.9093189849912036,4,6,6,0.8701,0.8357,0.6295,0.6164,0.3321,0.8142,0.5774,0.6164,0.000126918541669,0.0001917412847796,8.715555734816007e-05,0.0001045857274315,62.8,51,4,62.8,r-ewc_sl12_st12_sp336_la500,,,,,,,,
yahoo-a1,vgru-kl,ewc,12,12,336,B1,,,,,5000.0,,,-0.1952353138171922,-0.0701015110062364,0.1952353138171922,0.7682531017743095,0.6184158729486049,0.9093189849912036,4,6,6,0.8701,0.8386,0.7351,0.6292,0.4083,0.8072,0.6289,0.6292,0.0001424776241111,0.0002152470579961,9.78399909133764e-05,0.0001174070670828,70.4,56,4,70.5,r-ewc_sl12_st12_sp336_la5000,,,,,,,,
yahoo-a1,vgru-kl,ewc,12,12,336,B1,,,,,10000.0,,,-0.1752207039450153,-0.0651355420642343,0.1752207039450153,0.7693031066458086,0.6410689742174484,0.9093189849912036,4,6,6,0.8701,0.8412,0.7357,0.6303,0.4609,0.8105,0.6626,0.6303,0.0001269878142796,0.0001918459378837,8.720320468871959e-05,0.000104642733195,62.8,50,4,62.8,r-ewc_sl12_st12_sp336_la10000,,,,,,,,
yahoo-a1,vgru-kl,lwf,12,12,336,B1,,,,,,1.0,2.0,-0.2228694442591467,-0.0916359073558355,0.2228694442591467,0.7382505630209967,0.5765271417160052,0.9093189849912036,4,6,6,0.8701,0.832,0.6414,0.6095,0.3247,0.8093,0.5625,0.6095,0.0001297437827481,0.0001960094976601,8.909575300963803e-05,0.0001069137446504,64.1,54,4,64.2,r-lwf_sl12_st12_sp336_al1.0_te2.0,,,,,,,,
yahoo-a1,vgru-kl,lwf,12,12,336,B1,,,,,,0.1,2.0,-0.2383116937381019,-0.1013308895855297,0.2383116937381019,0.7378926698791005,0.5733485246474841,0.9093189849912036,4,6,6,0.8701,0.832,0.6384,0.6112,0.3159,0.8087,0.5576,0.6112,0.0001231830041037,0.0001860978479524,8.459056302090175e-05,0.0001015072849315,60.9,51,4,60.9,r-lwf_sl12_st12_sp336_al0.1_te2.0,,,,,,,,
yahoo-a1,vgru-kl,lwf,12,12,336,B1,,,,,,0.5,2.0,-0.2354024019732508,-0.1015592501960344,0.2354024019732508,0.7317330333717555,0.5700037922030651,0.9093189849912036,4,6,6,0.8701,0.8318,0.6147,0.6104,0.3082,0.8093,0.5522,0.6104,0.0001352552386133,0.0002043358904369,9.288052279864332e-05,0.0001114553676382,66.9,54,4,66.9,r-lwf_sl12_st12_sp336_al0.5_te2.0,,,,,,,,
yahoo-a1,vgru-kl,lwf,12,12,336,B1,,,,,,2.0,2.0,-0.2038414656930078,-0.0779659331998542,0.2038414656930078,0.7494100493378861,0.5910347397615081,0.9093189849912036,4,6,6,0.8701,0.8349,0.6791,0.6135,0.353,0.8119,0.5857,0.6135,0.0001278628349955,0.0001931678692113,8.780405567118175e-05,0.0001053638135401,63.2,54,4,63.2,r-lwf_sl12_st12_sp336_al2.0_te2.0,,,,,,,,
yahoo-a1,vgru-kl,lwf,12,12,336,B1,,,,,,1.0,1.0,-0.1757091157259383,-0.0613459198217008,0.1757091157259383,0.7605177082886881,0.6077690602728757,0.9093189849912036,4,6,6,0.8701,0.8354,0.7205,0.6161,0.3798,0.8132,0.6219,0.6161,0.0001320339426512,0.0001994693404569,9.066842962767826e-05,0.0001088009108292,65.3,59,4,65.3,r-lwf_sl12_st12_sp336_al1.0_te1.0,,,,,,,,
yahoo-a1,vgru-kl,lwf,12,12,336,B1,,,,,,1.0,5.0,-0.2361838677139117,-0.1001677975020755,0.2361838677139117,0.7383458593741167,0.5744302697694983,0.9093189849912036,4,6,6,0.8701,0.832,0.6407,0.6106,0.3188,0.8088,0.5595,0.6106,0.0001288321332239,0.0001946322296207,8.846966823071448e-05,0.00010616256139,63.7,51,4,63.7,r-lwf_sl12_st12_sp336_al1.0_te5.0,,,,,,,,
yahoo-a1,vgru-kl,naive,6,6,336,B2,,,,,,,,-0.1449376885205956,-0.0518334382315484,0.1449376885205956,0.8484515730352616,0.7091047803437629,0.9404380341880342,4,6,6,0.9379,0.9317,0.8313,0.6929,0.531,0.8957,0.7167,0.6929,6.411209632076339e-05,9.685689385333617e-05,4.402618767279718e-05,5.2830706180538986e-05,31.7,24,4,31.7,r-naive_sl6_st6_sp336,,,,,,,,
yahoo-a1,vgru-kl,cumulative,6,6,336,B2,,,,,,,,-0.1452533832911194,-0.0406699214391244,0.1452533832911194,0.8567826234117631,0.6890079725298021,0.9404380341880342,4,6,6,0.9379,0.9363,0.8815,0.6714,0.5099,0.8562,0.7185,0.6714,0.000129382129889,0.0001954631331735,8.884735914503431e-05,0.0001066157740284,64.0,24,4,64.0,r-cumulative_sl6_st6_sp336,,,,,,,,
yahoo-a1,vgru-kl,experts,6,6,336,B2,,,,,,,,-0.1071859995573562,-0.0392842067591863,0.1071859995573562,0.8607091215298255,0.7661507357388873,0.9404380341880342,4,6,6,0.9379,0.9345,0.872,0.6984,0.6953,0.8488,0.8222,0.6984,7.272163004710283e-05,0.0001098636857399,4.9938299420237955e-05,5.992538631971304e-05,36.0,28,4,36.0,r-experts_sl6_st6_sp336,,,,,,,,
yahoo-a1,vgru-kl,strb,6,6,336,B2,50.0,0.2,0.9,0.5,,,,-0.1597445881760537,-0.0620786495530463,0.1597445881760537,0.8378285818304305,0.6969634898476474,0.9404380341880342,4,6,6,0.9379,0.9353,0.81,0.6682,0.5281,0.8899,0.7017,0.6682,9.5698557848908e-05,0.0001445759161128,6.571677951465567e-05,7.88591365981847e-05,47.3,24,4,47.3,r-strb_sl6_st6_sp336_bu50_no0.2_re0.9_re0.5,,,,,,,,
yahoo-a1,vgru-kl,random-buffer,6,6,336,B2,50.0,,,0.5,,,,-0.1299026171441819,-0.0425621584346071,0.1299026171441819,0.8624010032838055,0.726772133782988,0.9404380341880342,4,6,6,0.9379,0.9386,0.8762,0.6969,0.5806,0.8908,0.7387,0.6969,9.451767136767278e-05,0.0001427919002542,6.49057872683948e-05,7.788611298582207e-05,46.7,24,4,46.7,r-random-buffer_sl6_st6_sp336_bu50_re0.5,,,,,,,,
yahoo-a1,vgru-kl,reservoir,6,6,336,B2,50.0,,,0.5,,,,-0.1039953186772486,-0.0404970442387356,0.1039953186772486,0.8558591065469756,0.7534550630362307,0.9404380341880342,4,6,6,0.9379,0.9298,0.8555,0.7002,0.6297,0.9109,0.7731,0.7002,9.436343652128932e-05,0.0001425588910562,6.479984924986234e-05,7.77590418063725e-05,46.7,24,4,46.7,r-reservoir_sl6_st6_sp336_bu50_re0.5,,,,,,,,
yahoo-a1,vgru-kl,ewc,6,6,336,B2,,,,,1000.0,,,-0.2279492914894177,-0.1112915175521718,0.2279492914894177,0.7159580349842561,0.5658123647683,0.8941052317782083,4,6,6,0.8546,0.827,0.5852,0.5971,0.2868,0.8391,0.5402,0.5971,0.0001043239748246,0.0001576067035056,7.163987829828532e-05,8.596682520738494e-05,51.6,39,4,51.6,r-ewc_sl6_st6_sp336_la1000,,,,,,,,
yahoo-a1,vgru-kl,lwf,6,6,336,B2,,,,,,1.0,2.0,-0.2307105161471665,-0.1076023832991397,0.2307105161471665,0.7139336039837986,0.5614447455900612,0.8941052317782083,4,6,6,0.8546,0.8382,0.5716,0.5914,0.2836,0.838,0.5328,0.5914,8.668876349744327e-05,0.0001309644333315,5.9529536110737054e-05,7.143489722084874e-05,42.9,33,4,42.9,r-lwf_sl6_st6_sp336_al1.0_te2.0,,,,,,,,
yahoo-a1,vgru-kl,naive,8,8,336,B2,,,,,,,,-0.1601426866974987,-0.0628223162303369,0.1601426866974987,0.8584997691111065,0.7075414993917033,0.9764449811410768,4,6,6,0.9764,0.9388,0.83,0.6888,0.5626,0.9067,0.6721,0.6888,7.383336638220196e-05,0.0001115432335067,5.070187829939339e-05,6.084135520737618e-05,36.5,24,4,36.5,r-naive_sl8_st8_sp336,,,,,,,,
yahoo-a1,vgru-kl,cumulative,8,8,336,B2,,,,,,,,-0.1203851736200059,-0.0344585869628508,0.1203851736200059,0.875624196703126,0.7422980400973724,0.9764449811410768,4,6,6,0.9764,0.9394,0.8615,0.7251,0.607,0.9283,0.7087,0.7251,0.000132939730479,0.0002008377529799,9.129041151867972e-05,0.0001095473414612,65.7,24,4,65.7,r-cumulative_sl8_st8_sp336,,,,,,,,
yahoo-a1,vgru-kl,experts,8,8,336,B2,,,,,,,,-0.1374848010315656,-0.052582467268927,0.1374848010315656,0.8630116848794391,0.7297239209612199,0.9764449811410768,4,6,6,0.9764,0.9459,0.853,0.6768,0.6138,0.9069,0.7215,0.6768,7.972171090129335e-05,0.0001204390081388,5.474526556726131e-05,6.569374257155384e-05,39.4,27,4,39.4,r-experts_sl8_st8_sp336,,,,,,,,
yahoo-a1,vgru-kl,strb,8,8,336,B2,50.0,0.2,0.9,0.5,,,,-0.2101155214556728,-0.0952948248814898,0.2101155214556728,0.8273095173135111,0.6731842944290923,0.9764449811410768,4,6,6,0.9764,0.9515,0.7119,0.6694,0.4823,0.896,0.645,0.6694,0.0001061820341721,0.0001604137534589,7.291565214012129e-05,8.749810131887596e-05,52.5,24,4,52.5,r-strb_sl8_st8_sp336_bu50_no0.2_re0.9_re0.5,,,,,,,,
yahoo-a1,vgru-kl,random-buffer,8,8,336,B2,50.0,,,0.5,,,,-0.1283237366068511,-0.0653503278627419,0.1283237366068511,0.8536981603395478,0.7492933745896804,0.9764449811410768,4,6,6,0.9764,0.9376,0.8205,0.6803,0.6691,0.8901,0.7576,0.6803,0.0001039663132957,0.0001570663688928,7.139416909841303e-05,8.567219979440173e-05,51.4,24,4,51.4,r-random-buffer_sl8_st8_sp336_bu50_re0.5,,,,,,,,
yahoo-a1,vgru-kl,reservoir,8,8,336,B2,50.0,,,0.5,,,,-0.1622489337514869,-0.0763108508680975,0.1622489337514869,0.8442266777954054,0.7086339777302829,0.9764449811410768,4,6,6,0.9764,0.9342,0.7862,0.68,0.548,0.9202,0.6863,0.68,0.0001043815371743,0.0001576936654163,7.167924270874614e-05,8.60144227075701e-05,51.6,24,4,51.6,r-reservoir_sl8_st8_sp336_bu50_re0.5,,,,,,,,
yahoo-a1,vgru-kl,ewc,8,8,336,B2,,,,,1000.0,,,-0.2328410237058929,-0.1173121843887962,0.2328410237058929,0.7100628249169162,0.5643288047342409,0.8897272936453151,4,6,6,0.8345,0.8413,0.5703,0.5942,0.2875,0.8379,0.5377,0.5942,0.0001155570354722,0.0001745769700423,7.935353240463882e-05,9.522343763771156e-05,57.1,44,4,57.1,r-ewc_sl8_st8_sp336_la1000,,,,,,,,
yahoo-a1,vgru-kl,lwf,8,8,336,B2,,,,,,1.0,2.0,-0.2337542164615214,-0.1171673737753852,0.2337542164615214,0.6959121802507526,0.5505247565378815,0.8897272936453151,4,6,6,0.8345,0.8355,0.5268,0.5869,0.2578,0.8372,0.5202,0.5869,0.000124167156707,0.0001875846495031,8.526614901557979e-05,0.0001023185004875,61.4,51,4,61.4,r-lwf_sl8_st8_sp336_al1.0_te2.0,,,,,,,,
yahoo-a1,vgru-kl,naive,10,10,336,B2,,,,,,,,-0.1454107308668323,-0.0744157315102488,0.1454107308668323,0.8549007020964043,0.7330724187837474,0.9741805896147075,4,6,6,0.9742,0.9382,0.8063,0.7009,0.6238,0.9126,0.6949,0.7009,8.475284091503235e-05,0.0001280397520493,5.820006892317906e-05,6.983968312619254e-05,41.9,27,4,41.9,r-naive_sl10_st10_sp336,,,,,,,,
yahoo-a1,vgru-kl,cumulative,10,10,336,B2,,,,,,,,-0.0941692463665552,-0.035267379712679,0.0941692463665552,0.874229748395504,0.8014474863183884,0.9741805896147075,4,6,6,0.9742,0.9396,0.8461,0.7371,0.716,0.929,0.8238,0.7371,0.000144966735347,0.0002190074651049,9.954933281341152e-05,0.0001194581322915,71.7,28,4,71.7,r-cumulative_sl10_st10_sp336,,,,,,,,
yahoo-a1,vgru-kl,experts,10,10,336,B2,,,,,,,,-0.1330676678825167,-0.0577006374125509,0.1330676678825167,0.865279963051697,0.7556842198791864,0.9741805896147075,4,6,6,0.9742,0.9329,0.8496,0.7045,0.6244,0.9046,0.7893,0.7045,7.702952928576852e-05,0.0001163718138972,5.289660896911907e-05,6.347520492815723e-05,38.1,28,4,38.1,r-experts_sl10_st10_sp336,,,,,,,,
yahoo-a1,vgru-kl,strb,10,10,336,B2,50.0,0.2,0.9,0.5,,,,-0.1308845463288906,-0.0715400103887135,0.1308845463288906,0.844942600654656,0.7383466029636095,0.9741805896147075,4,6,6,0.9742,0.9351,0.7683,0.7022,0.6236,0.9113,0.7164,0.7022,0.0001129645118403,0.0001706603333912,7.757332297430064e-05,9.308701041697834e-05,55.9,25,4,55.9,r-strb_sl10_st10_sp336_bu50_no0.2_re0.9_re0.5,,,,,,,,
yahoo-a1,vgru-kl,random-buffer,10,10,336,B2,50.0,,,0.5,,,,-0.1272709555878428,-0.058407813047285,0.1272709555878428,0.8615846499063928,0.7386070941766562,0.9741805896147075,4,6,6,0.9742,0.9356,0.8309,0.7057,0.6285,0.9208,0.6995,0.7057,0.0001137402972791,0.0001718323457291,7.810595399350859e-05,9.372639173564192e-05,56.2,25,4,56.2,r-random-buffer_sl10_st10_sp336_bu50_re0.5,,,,,,,,
yahoo-a1,vgru-kl,reservoir,10,10,336,B2,50.0,,,0.5,,,,-0.1140683216986375,-0.0682661560702036,0.1140683216986375,0.8533646468310133,0.7653883163957023,0.9741805896147075,4,6,6,0.9742,0.9416,0.7976,0.7001,0.6812,0.9268,0.7535,0.7001,0.0001112724130463,0.0001681040071644,7.641133674834337e-05,9.169267041608692e-05,55.0,25,4,55.0,r-reservoir_sl10_st10_sp336_bu50_re0.5,,,,,,,,
yahoo-a1,vgru-kl,ewc,10,10,336,B2,,,,,1000.0,,,-0.1960550818878174,-0.0815654970530856,0.1960550818878174,0.7103496391544175,0.5837294220150129,0.8647533599388052,4,6,6,0.7957,0.8331,0.5912,0.6215,0.3244,0.8359,0.5531,0.6215,0.0001310334703114,0.0001979578839801,8.998132384149357e-05,0.0001079765601386,64.8,54,4,64.8,r-ewc_sl10_st10_sp336_la1000,,,,,,,,
yahoo-a1,vgru-kl,lwf,10,10,336,B2,,,,,,1.0,2.0,-0.1939696837626258,-0.0745135553507211,0.1939696837626258,0.7161547321968733,0.5811136932242487,0.8647533599388052,4,6,6,0.7957,0.838,0.5956,0.6355,0.3167,0.8135,0.5588,0.6355,0.0001133477302196,0.0001712392778341,7.783643026486972e-05,9.34028475692806e-05,56.0,49,4,56.1,r-lwf_sl10_st10_sp336_al1.0_te2.0,,,,,,,,
yahoo-a1,vgru-kl,naive,16,16,336,B2,,,,,,,,-0.1033347394787982,-0.0430183488707351,0.1033347394787982,0.8772865561567577,0.7763244137380112,0.9861100219121208,4,6,6,0.9861,0.9311,0.8553,0.7366,0.68,0.9193,0.7694,0.7366,0.0001147908317903,0.0001734194332755,7.882737841444194e-05,9.459205486113204e-05,56.8,29,4,56.8,r-naive_sl16_st16_sp336,,,,,,,,
yahoo-a1,vgru-kl,cumulative,16,16,336,B2,,,,,,,,-0.0883608937560303,-0.0243891721913446,0.0883608937560303,0.8965613678416666,0.7782669832887649,0.9861100219121208,4,6,6,0.9861,0.9285,0.9278,0.7438,0.6737,0.9163,0.7793,0.7438,0.0001423064712407,0.0002149884900136,9.772254647105002e-05,0.0001172659435425,70.4,29,4,70.4,r-cumulative_sl16_st16_sp336,,,,,,,,
yahoo-a1,vgru-kl,experts,16,16,336,B2,,,,,,,,-0.0452832670193069,-0.0243046210033662,0.0452832670193069,0.9019449527101434,0.8679082301952039,0.9861100219121208,4,6,6,0.9861,0.9354,0.9157,0.7705,0.8572,0.94,0.9039,0.7705,0.0001162286548199,0.0001755916141985,7.981474149144357e-05,9.57768727070652e-05,57.5,36,4,57.5,r-experts_sl16_st16_sp336,,,,,,,,
yahoo-a1,vgru-kl,strb,16,16,336,B2,50.0,0.2,0.9,0.5,,,,-0.0761256169834917,-0.0312331184698911,0.0761256169834917,0.8901469368663357,0.8040851045584694,0.9861100219121208,4,6,6,0.9861,0.9268,0.8839,0.7637,0.7353,0.9353,0.7821,0.7637,0.0001577153416509,0.0002382673314705,0.0001083040412618,0.0001299632902086,78.0,28,4,78.0,r-strb_sl16_st16_sp336_bu50_no0.2_re0.9_re0.5,,,,,,,,
yahoo-a1,vgru-kl,random-buffer,16,16,336,B2,50.0,,,0.5,,,,-0.0890090257442692,-0.0347260945051418,0.0890090257442692,0.8868741005880355,0.7803494321614406,0.9861100219121208,4,6,6,0.9861,0.928,0.9029,0.7305,0.694,0.9296,0.7673,0.7305,0.0001392782576754,0.0002104136378922,9.564305879628387e-05,0.0001147705790959,68.9,28,4,68.9,r-random-buffer_sl16_st16_sp336_bu50_re0.5,,,,,,,,
yahoo-a1,vgru-kl,reservoir,16,16,336,B2,50.0,,,0.5,,,,-0.0852402183864896,-0.0337918113919836,0.0852402183864896,0.8853951676379689,0.7915240437868354,0.9861100219121208,4,6,6,0.9861,0.9307,0.8806,0.7442,0.7177,0.9249,0.7793,0.7442,0.0001261950188115,0.000190648227765,8.665878130769772e-05,0.0001039894464573,62.4,27,4,62.4,r-reservoir_sl16_st16_sp336_bu50_re0.5,,,,,,,,
yahoo-a1,vgru-kl,ewc,16,16,336,B2,,,,,1000.0,,,-0.1682358813834253,-0.091026794042993,0.1682358813834253,0.7274114190261742,0.6138687771625633,0.8713750472912777,4,6,6,0.7858,0.8527,0.6115,0.6596,0.3989,0.8228,0.5741,0.6596,0.0001379636670504,0.0002084276294487,9.474028055750144e-05,0.0001136873488912,68.2,56,4,68.2,r-ewc_sl16_st16_sp336_la1000,,,,,,,,
yahoo-a1,vgru-kl,lwf,16,16,336,B2,,,,,,1.0,2.0,-0.1915724867943438,-0.0866374079557482,0.1915724867943438,0.7261651848179915,0.571529098906064,0.8713750472912777,4,6,6,0.7858,0.8659,0.59,0.663,0.2887,0.8262,0.5081,0.663,0.000136304110919,0.0002059204668181,9.360059508148374e-05,0.0001123198717366,67.4,61,4,67.4,r-lwf_sl16_st16_sp336_al1.0_te2.0,,,,,,,,
yahoo-a1,vgru-kl,naive,24,24,336,B2,,,,,,,,-0.072333496989907,-0.0304990590742208,0.072333496989907,0.893992429594187,0.8186635307526846,0.9855638784852268,4,6,6,0.9856,0.9273,0.8993,0.7638,0.7615,0.9246,0.8248,0.7638,0.0001279965969012,0.0001933699490596,8.78957230901708e-05,0.0001054742259695,63.3,28,4,63.3,r-naive_sl24_st24_sp336,,,,,,,,
yahoo-a1,vgru-kl,cumulative,24,24,336,B2,,,,,,,,-0.1246010754388622,-0.0226630166995832,0.1246010754388622,0.8977068475548269,0.7207206311546331,0.9855638784852268,4,6,6,0.9856,0.9262,0.9327,0.7464,0.5982,0.9102,0.628,0.7464,0.0001513521233539,0.0002286541446535,0.0001039341371525,0.0001247200075009,74.8,27,4,74.8,r-cumulative_sl24_st24_sp336,,,,,,,,
yahoo-a1,vgru-kl,experts,24,24,336,B2,,,,,,,,-0.078337802069886,-0.0305031257291924,0.078337802069886,0.8964785804784645,0.8019643430720691,0.9855638784852268,4,6,6,0.9856,0.9259,0.9226,0.7518,0.7221,0.927,0.807,0.7518,0.0001203017797433,0.0001817450587276,8.261177442230594e-05,9.913328430537755e-05,59.5,30,4,59.5,r-experts_sl24_st24_sp336,,,,,,,,
yahoo-a1,vgru-kl,strb,24,24,336,B2,50.0,0.2,0.9,0.5,,,,-0.0674586058862315,-0.0199538098842037,0.0674586058862315,0.8985410449180249,0.8155847477878109,0.9855638784852268,4,6,6,0.9856,0.9313,0.8902,0.7871,0.7719,0.9371,0.7662,0.7871,0.0001270371130052,0.000191920415583,8.723694051085557e-05,0.0001046834750721,62.8,27,4,62.8,r-strb_sl24_st24_sp336_bu50_no0.2_re0.9_re0.5,,,,,,,,
yahoo-a1,vgru-kl,random-buffer,24,24,336,B2,50.0,,,0.5,,,,-0.0827115843051634,-0.0138359333340078,0.0827115843051634,0.9076177617098544,0.7990361355495973,0.9855638784852268,4,6,6,0.9856,0.9303,0.9291,0.7855,0.7213,0.9228,0.7665,0.7855,0.0001445456170357,0.000218371263609,9.926015242947164e-05,0.0001191111111796,71.5,28,4,71.5,r-random-buffer_sl24_st24_sp336_bu50_re0.5,,,,,,,,
yahoo-a1,vgru-kl,reservoir,24,24,336,B2,50.0,,,0.5,,,,-0.0638017135797833,-0.0130664979755638,0.0638017135797833,0.9078997786007268,0.83361839285273,0.9855638784852268,4,6,6,0.9856,0.9292,0.9134,0.8034,0.7654,0.9336,0.832,0.8034,0.0001339707093328,0.0002023952969559,9.19984426504622e-05,0.0001103968543054,66.2,28,4,66.3,r-reservoir_sl24_st24_sp336_bu50_re0.5,,,,,,,,
yahoo-a1,vgru-kl,ewc,24,24,336,B2,,,,,1000.0,,,-0.1961781985834764,-0.1056952210242547,0.1961781985834764,0.8280406665776512,0.6859676738072302,0.9854140657511444,4,6,6,0.9854,0.9241,0.681,0.7217,0.5294,0.8757,0.6172,0.7217,0.0001626190221255,0.0002456755318955,0.0001116712457164,0.0001340042861791,80.4,85,4,80.4,r-ewc_sl24_st24_sp336_la1000,,,,,,,,
yahoo-a1,vgru-kl,lwf,24,24,336,B2,,,,,,1.0,2.0,-0.1863707769137591,-0.05086888765768,0.1863707769137591,0.871189181746721,0.643015550943148,0.9854140657511444,4,6,6,0.9854,0.9105,0.859,0.7298,0.3999,0.8687,0.5736,0.7298,0.000154367703725,0.0002332099112666,0.0001060051043944,0.0001272048068721,76.3,67,4,76.3,r-lwf_sl24_st24_sp336_al1.0_te2.0,,,,,,,,
yahoo-a1,vgru-kl,naive,8,4,336,B3,,,,,,,,-0.2046925357762183,-0.1020228436504021,0.2046925357762183,0.8165856696974101,0.6513738116102019,0.9666254205365972,4,6,6,0.9666,0.9356,0.7157,0.6485,0.4703,0.8596,0.6271,0.6485,0.0001184017393943,0.0001788745862744,8.130707766265713e-05,9.756750861182808e-05,58.5,25,4,58.6,r-naive_sl8_st4_sp336,,,,,,,,
yahoo-a1,vgru-kl,cumulative,8,4,336,B3,,,,,,,,-0.1274254654304092,-0.0439307481101449,0.1274254654304092,0.8632430299520357,0.7295132512199705,0.9666254205365972,4,6,6,0.9666,0.9427,0.8408,0.7028,0.5924,0.9136,0.7093,0.7028,0.0002005873047692,0.000303035845048,0.0001377441574075,0.0001652916876405,99.2,26,4,99.2,r-cumulative_sl8_st4_sp336,,,,,,,,
yahoo-a1,vgru-kl,experts,8,4,336,B3,,,,,,,,-0.1757596902051151,-0.0881390403409432,0.1757596902051151,0.8286878946886338,0.6970987515868386,0.9666254205365972,4,6,6,0.9666,0.9393,0.7438,0.6651,0.545,0.8789,0.6994,0.6651,0.0001137373017959,0.0001718278203242,7.810395810261575e-05,9.372386222161974e-05,56.2,26,4,56.2,r-experts_sl8_st4_sp336,,,,,,,,
yahoo-a1,vgru-kl,strb,8,4,336,B3,50.0,0.2,0.9,0.5,,,,-0.1727111625942151,-0.0833138288340491,0.1727111625942151,0.836091094987541,0.6956096963490922,0.9666254205365972,4,6,6,0.9666,0.9501,0.7674,0.6603,0.5862,0.8599,0.676,0.6603,0.0001588588672578,0.0002399949046537,0.0001090891819434,0.0001309057227103,78.5,25,4,78.6,r-strb_sl8_st4_sp336_bu50_no0.2_re0.9_re0.5,,,,,,,,
yahoo-a1,vgru-kl,random-buffer,8,4,336,B3,50.0,,,0.5,,,,-0.0883762373221548,-0.0433038818667133,0.0883762373221548,0.8633385115152743,0.7817349084249592,0.9666254205365972,4,6,6,0.9666,0.939,0.8663,0.6815,0.7676,0.8583,0.8195,0.6815,0.0001542362058128,0.0002330112517303,0.0001059147343718,0.0001270965173584,76.3,25,4,76.3,r-random-buffer_sl8_st4_sp336_bu50_re0.5,,,,,,,,
yahoo-a1,vgru-kl,reservoir,8,4,336,B3,50.0,,,0.5,,,,-0.1018435068442012,-0.0548402996103245,0.1018435068442012,0.8553376908601913,0.7810022055308006,0.9666254205365972,4,6,6,0.9666,0.936,0.8159,0.7029,0.7237,0.9022,0.7953,0.7029,0.0001542881334463,0.0002330897010336,0.0001059503875588,0.0001271393134747,76.3,25,4,76.3,r-reservoir_sl8_st4_sp336_bu50_re0.5,,,,,,,,
yahoo-a1,vgru-kl,ewc,8,4,336,B3,,,,,1000.0,,,-0.2645934442486301,-0.1273804445718228,0.2645934442486301,0.71323736265276,0.5500777721611544,0.9042892394395572,4,6,6,0.8694,0.8546,0.5441,0.5849,0.2532,0.8403,0.5219,0.5849,0.0001628996314767,0.0002460994604786,0.0001118638729767,0.0001342355875018,80.5,42,4,80.6,r-ewc_sl8_st4_sp336_la1000,,,,,,,,
yahoo-a1,vgru-kl,lwf,8,4,336,B3,,,,,,1.0,2.0,-0.2634586339785762,-0.1290999048273732,0.2634586339785762,0.7162403309696199,0.5660812745215542,0.9042892394395572,4,6,6,0.8694,0.8606,0.5287,0.6062,0.2824,0.8328,0.5429,0.6062,0.0001883474350035,0.0002845445487917,0.0001293389567109,0.0001552055920807,93.1,55,4,93.1,r-lwf_sl8_st4_sp336_al1.0_te2.0,,,,,,,,
yahoo-a1,vgru-kl,naive,12,6,336,B3,,,,,,,,-0.2250420751972435,-0.0850879707960181,0.2250420751972435,0.8385245156559933,0.6584690539465283,0.9827370898982312,4,6,6,0.9827,0.9303,0.7523,0.6887,0.4374,0.859,0.6488,0.6887,0.0001226237123155,0.0001852529018584,8.420627922233608e-05,0.0001010466226361,60.6,25,4,60.6,r-naive_sl12_st6_sp336,,,,,,,,
yahoo-a1,vgru-kl,cumulative,12,6,336,B3,,,,,,,,-0.1422754883467993,-0.0633529302394608,0.1422754883467993,0.8527627307867023,0.7279123853556306,0.9827370898982312,4,6,6,0.9827,0.9093,0.7985,0.7205,0.5822,0.8695,0.7395,0.7205,0.0001930630156422,0.0002916685787267,0.0001325771775458,0.0001590914011808,95.5,25,4,95.5,r-cumulative_sl12_st6_sp336,,,,,,,,
yahoo-a1,vgru-kl,experts,12,6,336,B3,,,,,,,,-0.164528451425304,-0.0676551722278443,0.164528451425304,0.8546236123784734,0.722848001713905,0.9827370898982312,4,6,6,0.9827,0.9167,0.8031,0.716,0.5355,0.9054,0.7345,0.716,0.0001335435608762,0.0002017499854609,9.17051015033697e-05,0.0001100448839575,66.0,30,4,66.0,r-experts_sl12_st6_sp336,,,,,,,,
yahoo-a1,vgru-kl,strb,12,6,336,B3,50.0,0.2,0.9,0.5,,,,-0.1747283933603917,-0.0709748875995893,0.1747283933603917,0.8433370306386055,0.7063206714206816,0.9827370898982312,4,6,6,0.9827,0.9332,0.734,0.7234,0.5226,0.911,0.6683,0.7234,0.0001526742230191,0.0002306514973261,0.0001048419984374,0.0001258094988887,75.5,25,4,75.5,r-strb_sl12_st6_sp336_bu50_no0.2_re0.9_re0.5,,,,,,,,
yahoo-a1,vgru-kl,random-buffer,12,6,336,B3,50.0,,,0.5,,,,-0.1234046759774094,-0.0579634395707138,0.1234046759774094,0.8588061276389642,0.7678973800661048,0.9827370898982312,4,6,6,0.9827,0.9315,0.7986,0.7224,0.6893,0.8896,0.7704,0.7224,0.0001529172665958,0.0002310186736823,0.000105008972916,0.0001260097007662,75.6,25,4,75.6,r-random-buffer_sl12_st6_sp336_bu50_re0.5,,,,,,,,
yahoo-a1,vgru-kl,reservoir,12,6,336,B3,50.0,,,0.5,,,,-0.1460515039065994,-0.0669987855316377,0.1460515039065994,0.8487544765506698,0.7377928526490383,0.9827370898982312,4,6,6,0.9827,0.9295,0.7715,0.7113,0.5861,0.9015,0.7523,0.7113,0.0001592822058413,0.00024063446041,0.0001093797517959,0.000131254708614,78.8,25,4,78.8,r-reservoir_sl12_st6_sp336_bu50_re0.5,,,,,,,,
yahoo-a1,vgru-kl,ewc,12,6,336,B3,,,,,1000.0,,,-0.2118729720491707,-0.1074782607844519,0.2118729720491707,0.7072570033203049,0.5628100178237799,0.8495932911286981,4,6,6,0.7854,0.837,0.5688,0.6379,0.2868,0.8144,0.5122,0.6379,0.0001745848010121,0.0002637527473043,0.0001198880086239,0.0001438647386804,86.3,49,4,86.3,r-ewc_sl12_st6_sp336_la1000,,,,,,,,
yahoo-a1,vgru-kl,lwf,12,6,336,B3,,,,,,1.0,2.0,-0.2152983384234293,-0.1093028246570907,0.2152983384234293,0.6960938659919446,0.5537986923834941,0.8495932911286981,4,6,6,0.7854,0.8366,0.5343,0.6281,0.2639,0.8121,0.5111,0.6281,0.0001621181314011,0.0002449188147936,0.0001113273288194,0.0001335914859742,80.2,48,4,80.2,r-lwf_sl12_st6_sp336_al1.0_te2.0,,,,,,,,
yahoo-a1,vgru-kl,naive,24,12,336,B3,,,,,,,,-0.1305158622164537,-0.03947009497075,0.1305158622164537,0.8811475797376701,0.7397404469804374,0.9860424469413234,4,6,6,0.986,0.932,0.8277,0.7788,0.6195,0.9048,0.6559,0.7788,0.0001462007774041,0.0002208717853719,0.0001003967359953,0.0001204750493766,72.3,26,4,72.3,r-naive_sl24_st12_sp336,,,,,,,,
yahoo-a1,vgru-kl,cumulative,24,12,336,B3,,,,,,,,-0.1156471516087934,-0.0372330843440052,0.1156471516087934,0.8835354785655638,0.738547372034118,0.9860424469413234,4,6,6,0.986,0.9305,0.8506,0.767,0.6697,0.8954,0.622,0.767,0.0001838850377424,0.0002778030138451,0.0001262747238448,0.0001515282900002,90.9,24,4,90.9,r-cumulative_sl24_st12_sp336,,,,,,,,
yahoo-a1,vgru-kl,experts,24,12,336,B3,,,,,,,,-0.0718465119507254,-0.0393441547619526,0.0718465119507254,0.8838119415662083,0.8199803302661378,0.9860424469413234,4,6,6,0.986,0.9317,0.8537,0.7638,0.7804,0.9251,0.8105,0.7638,0.0001398453859422,0.0002112704228906,9.603238414209852e-05,0.0001152380387485,69.1,29,4,69.1,r-experts_sl24_st12_sp336,,,,,,,,
yahoo-a1,vgru-kl,strb,24,12,336,B3,50.0,0.2,0.9,0.5,,,,-0.1379322481669299,-0.0517600995336155,0.1379322481669299,0.8653555195931885,0.7404487187052529,0.9860424469413234,4,6,6,0.986,0.9394,0.7513,0.7846,0.6163,0.916,0.6449,0.7846,0.0001550546651786,0.0002342477334002,0.0001064768690971,0.000127770864303,76.7,24,4,76.7,r-strb_sl24_st12_sp336_bu50_no0.2_re0.9_re0.5,,,,,,,,
yahoo-a1,vgru-kl,random-buffer,24,12,336,B3,50.0,,,0.5,,,,-0.13100861917171,-0.0198490226624957,0.13100861917171,0.9044923250890008,0.7234796892303241,0.9860424469413234,4,6,6,0.986,0.9336,0.9173,0.781,0.6284,0.9023,0.5822,0.781,0.0001634426241282,0.0002469197827675,0.0001122367375582,0.0001346830452093,80.8,25,4,80.8,r-random-buffer_sl24_st12_sp336_bu50_re0.5,,,,,,,,
yahoo-a1,vgru-kl,reservoir,24,12,336,B3,50.0,,,0.5,,,,-0.0789608979267377,-0.016530719777443,0.0789608979267377,0.9100521317021932,0.8042361401927548,0.9860424469413234,4,6,6,0.986,0.9308,0.9269,0.7964,0.7437,0.9245,0.7523,0.7964,0.0001658723805181,0.0002505905199647,0.0001139052543407,0.0001366852656239,82.0,26,4,82.0,r-reservoir_sl24_st12_sp336_bu50_re0.5,,,,,,,,
yahoo-a1,vgru-kl,ewc,24,12,336,B3,,,,,1000.0,,,-0.2385455912425772,-0.1199347046023628,0.2385455912425772,0.779928108925199,0.6117603801900773,0.9208612563154356,4,6,6,0.9059,0.8754,0.5871,0.7512,0.3412,0.8355,0.5192,0.7512,0.0002007232931295,0.0003032412884967,0.0001378375613434,0.0001654037271533,99.2,75,4,99.3,r-ewc_sl24_st12_sp336_la1000,,,,,,,,
yahoo-a1,vgru-kl,lwf,24,12,336,B3,,,,,,1.0,2.0,-0.2390419911491772,-0.1120236304573436,0.2390419911491772,0.7778637866784753,0.5910518784801625,0.9208612563154356,4,6,6,0.9059,0.8844,0.5993,0.7218,0.3115,0.8326,0.4983,0.7218,0.0002186209461989,0.0003302800406675,0.0001501279035867,0.0001801521370808,108.1,87,4,108.1,r-lwf_sl24_st12_sp336_al1.0_te2.0,,,,,,,,
yahoo-a1,vgru-kl,strb,6,6,336,B4,50.0,0.05,0.9,0.5,,,,-0.1660740395797463,-0.0633475081474879,0.1660740395797463,0.83681585044676,0.688081405777061,0.9404380341880342,4,6,6,0.9379,0.9353,0.8039,0.6702,0.5101,0.8901,0.6819,0.6702,9.190513116638627e-05,0.0001388450237132,6.311192864409855e-05,7.573309506910542e-05,45.4,24,4,45.5,r-strb_sl6_st6_sp336_bu50_no0.05_re0.9_re0.5,,,,,,,,
yahoo-a1,vgru-kl,strb,8,8,336,B4,50.0,0.05,0.9,0.5,,,,-0.2099397365455335,-0.0953566067694249,0.2099397365455335,0.827277234085877,0.6735860277159336,0.9764449811410768,4,6,6,0.9764,0.9515,0.7116,0.6696,0.4825,0.8967,0.6455,0.6696,0.0001057350372291,0.0001597384560043,7.260875920118351e-05,8.712969680316747e-05,52.3,24,4,52.3,r-strb_sl8_st8_sp336_bu50_no0.05_re0.9_re0.5,,,,,,,,
yahoo-a1,vgru-kl,strb,10,10,336,B4,50.0,0.05,0.9,0.5,,,,-0.1327376698348482,-0.07240366591208,0.1327376698348482,0.843196689283636,0.7350591395753352,0.9741805896147075,4,6,6,0.9742,0.9351,0.7563,0.7072,0.6155,0.9148,0.7028,0.7072,0.0001082559621132,0.000163546925356,7.433989438512879e-05,8.920703097091366e-05,53.5,25,4,53.5,r-strb_sl10_st10_sp336_bu50_no0.05_re0.9_re0.5,,,,,,,,
yahoo-a1,vgru-kl,strb,16,16,336,B4,50.0,0.05,0.9,0.5,,,,-0.1512878055729446,-0.0735786395536216,0.1512878055729446,0.8373417862414851,0.7057767849287206,0.9861100219121208,4,6,6,0.9861,0.9268,0.6989,0.7375,0.5359,0.933,0.6168,0.7375,0.000126821089147,0.0001915940590746,8.708862893593808e-05,0.0001045054301386,62.7,29,4,62.7,r-strb_sl16_st16_sp336_bu50_no0.05_re0.9_re0.5,,,,,,,,
yahoo-a1,vgru-kl,strb,24,24,336,B4,50.0,0.05,0.9,0.5,,,,-0.0671539732089325,-0.0206743622614809,0.0671539732089325,0.8972209664353672,0.8131420433239732,0.9855638784852268,4,6,6,0.9856,0.9313,0.8884,0.7836,0.7826,0.9328,0.7536,0.7836,0.0001395361737312,0.0002108032827403,9.582002169982943e-05,0.0001149832610405,69.0,28,4,69.0,r-strb_sl24_st24_sp336_bu50_no0.05_re0.9_re0.5,,,,,,,,
yahoo-a1,vgru-kl,strb,6,6,336,B4,50.0,0.35,0.9,0.5,,,,-0.1597445881760537,-0.0620786495530463,0.1597445881760537,0.8378285818304305,0.6969634898476474,0.9404380341880342,4,6,6,0.9379,0.9353,0.81,0.6682,0.5281,0.8899,0.7017,0.6682,0.0001005045122511,0.0001518364775687,6.901695555489924e-05,8.281952201388776e-05,49.7,24,4,49.7,r-strb_sl6_st6_sp336_bu50_no0.35_re0.9_re0.5,,,,,,,,
yahoo-a1,vgru-kl,strb,8,8,336,B4,50.0,0.35,0.9,0.5,,,,-0.2063125280562263,-0.0924833711206224,0.2063125280562263,0.8313334512211534,0.6789597185452876,0.9764449811410768,4,6,6,0.9764,0.9515,0.7226,0.6748,0.4874,0.9035,0.6501,0.6748,0.0001054886688482,0.0001593662567238,7.243964345931696e-05,8.692661326456194e-05,52.2,24,4,52.2,r-strb_sl8_st8_sp336_bu50_no0.35_re0.9_re0.5,,,,,,,,
yahoo-a1,vgru-kl,strb,10,10,336,B4,50.0,0.35,0.9,0.5,,,,-0.1308845463288906,-0.0715400103887135,0.1308845463288906,0.844942600654656,0.7383466029636095,0.9741805896147075,4,6,6,0.9742,0.9351,0.7683,0.7022,0.6236,0.9113,0.7164,0.7022,0.0001098604855492,0.0001659709477332,7.544166516292738e-05,9.052928257035092e-05,54.3,25,4,54.3,r-strb_sl10_st10_sp336_bu50_no0.35_re0.9_re0.5,,,,,,,,
yahoo-a1,vgru-kl,strb,16,16,336,B4,50.0,0.35,0.9,0.5,,,,-0.0761256169834917,-0.0312331184698911,0.0761256169834917,0.8901469368663357,0.8040851045584694,0.9861100219121208,4,6,6,0.9861,0.9268,0.8839,0.7637,0.7353,0.9353,0.7821,0.7637,0.0001279836426184,0.0001933503784689,8.788689027617996e-05,0.0001054634881927,63.3,28,4,63.3,r-strb_sl16_st16_sp336_bu50_no0.35_re0.9_re0.5,,,,,,,,
yahoo-a1,vgru-kl,strb,24,24,336,B4,50.0,0.35,0.9,0.5,,,,-0.0644644162010038,-0.0179303778377484,0.0644644162010038,0.900803376288853,0.8216527863894902,0.9855638784852268,4,6,6,0.9856,0.9313,0.8933,0.793,0.7899,0.9358,0.7679,0.793,0.0001406265575472,0.0002124505723407,9.656892407607909e-05,0.0001158816482646,69.5,28,4,69.5,r-strb_sl24_st24_sp336_bu50_no0.35_re0.9_re0.5,,,,,,,,
yahoo-a1,vgru-kl,strb,6,6,336,B4,250.0,0.05,0.9,0.5,,,,-0.1702173291993628,-0.0792505969107082,0.1702173291993628,0.819598324961171,0.6916499676708614,0.9404380341880342,4,6,6,0.9379,0.9285,0.7195,0.6924,0.517,0.8948,0.6624,0.6924,0.0001017858902304,0.0001537723102438,6.989687795155786e-05,8.38754322923099e-05,50.3,24,4,50.3,r-strb_sl6_st6_sp336_bu250_no0.05_re0.9_re0.5,,,,,,,,
yahoo-a1,vgru-kl,strb,8,8,336,B4,250.0,0.05,0.9,0.5,,,,-0.1321895429687176,-0.0594372233527422,0.1321895429687176,0.8550773158647765,0.7582284915552956,0.9764449811410768,4,6,6,0.9764,0.9434,0.7819,0.7186,0.6585,0.9216,0.7343,0.7186,0.0001112912949064,0.0001681325328004,7.642418321726533e-05,9.170834958320484e-05,55.0,24,4,55.0,r-strb_sl8_st8_sp336_bu250_no0.05_re0.9_re0.5,,,,,,,,
yahoo-a1,vgru-kl,strb,10,10,336,B4,250.0,0.05,0.9,0.5,,,,-0.1246370961184085,-0.071482695307235,0.1246370961184085,0.8440150862623921,0.7444796135155025,0.9741805896147075,4,6,6,0.9742,0.9358,0.7692,0.6969,0.6244,0.9189,0.7377,0.6969,0.0001022786354212,0.0001545167215387,7.02352284136901e-05,8.428149312501772e-05,50.6,25,4,50.6,r-strb_sl10_st10_sp336_bu250_no0.05_re0.9_re0.5,,,,,,,,
yahoo-a1,vgru-kl,strb,12,12,336,B4,250.0,0.05,0.9,0.5,,,,-0.1043227789184612,-0.030692959447069,0.1043227789184612,0.8822393549638428,0.7727612664418428,0.9828375669248768,4,6,6,0.9828,0.9261,0.8845,0.7356,0.6594,0.9064,0.7897,0.7356,0.0001237486665181,0.0001869524184247,8.497893147998386e-05,0.0001019734869447,61.2,29,4,61.2,r-strb_sl12_st12_sp336_bu250_no0.05_re0.9_re0.5,,,,,,,,
yahoo-a1,vgru-kl,strb,16,16,336,B4,250.0,0.05,0.9,0.5,,,,-0.0692486343707688,-0.0240181373784353,0.0692486343707688,0.8970539589718647,0.8173081528277379,0.9861100219121208,4,6,6,0.9861,0.9281,0.9049,0.769,0.7571,0.9325,0.8106,0.769,0.0001337263700692,0.0002020261631499,9.183046030165212e-05,0.0001101957028483,66.1,29,4,66.1,r-strb_sl16_st16_sp336_bu250_no0.05_re0.9_re0.5,,,,,,,,
yahoo-a1,vgru-kl,strb,24,24,336,B4,250.0,0.05,0.9,0.5,,,,-0.0576893347446974,-0.0157424266694966,0.0576893347446974,0.9053457356993608,0.83006102291041,0.9855638784852268,4,6,6,0.9856,0.9301,0.9242,0.7815,0.8131,0.9334,0.7922,0.7815,0.0001360592458036,0.0002055505385853,9.343234733743076e-05,0.0001121181912479,67.3,28,4,67.3,r-strb_sl24_st24_sp336_bu250_no0.05_re0.9_re0.5,,,,,,,,
yahoo-a1,vgru-kl,strb,6,6,336,B4,250.0,0.2,0.9,0.5,,,,-0.1650617074211288,-0.0760068918437206,0.1650617074211288,0.8239544431759567,0.6971577696116205,0.9404380341880342,4,6,6,0.9379,0.9285,0.7382,0.6912,0.5308,0.8948,0.6719,0.6912,9.433542058557304e-05,0.0001425165661804,6.478070902715747e-05,7.773585715331137e-05,46.6,24,4,46.7,r-strb_sl6_st6_sp336_bu250_no0.2_re0.9_re0.5,,,,,,,,
yahoo-a1,vgru-kl,strb,8,8,336,B4,250.0,0.2,0.9,0.5,,,,-0.1321768144038264,-0.0593160310104076,0.1321768144038264,0.8551023859906162,0.7579728254965451,0.9764449811410768,4,6,6,0.9764,0.9434,0.7819,0.7187,0.6571,0.9224,0.7337,0.7187,0.0001094330439883,0.0001653251934329,7.514826753241425e-05,9.017692590054746e-05,54.1,24,4,54.1,r-strb_sl8_st8_sp336_bu250_no0.2_re0.9_re0.5,,,,,,,,
yahoo-a1,vgru-kl,strb,10,10,336,B4,250.0,0.2,0.9,0.5,,,,-0.1221859141490582,-0.0703353524912147,0.1221859141490582,0.8455121276720884,0.7471979451247177,0.9741805896147075,4,6,6,0.9742,0.9358,0.7749,0.6972,0.6306,0.9194,0.7417,0.6972,0.0001129667253687,0.0001706636774635,7.757478767178125e-05,9.308888979178542e-05,55.9,25,4,55.9,r-strb_sl10_st10_sp336_bu250_no0.2_re0.9_re0.5,,,,,,,,
yahoo-a1,vgru-kl,strb,16,16,336,B4,250.0,0.2,0.9,0.5,,,,-0.0860432598147219,-0.0269287964666111,0.0860432598147219,0.8920692112315888,0.786214203406327,0.9861100219121208,4,6,6,0.9861,0.9281,0.9055,0.7485,0.6936,0.9322,0.7705,0.7485,0.0001370508552205,0.0002070486054643,9.411340914472626e-05,0.0001129351963195,67.8,28,4,67.8,r-strb_sl16_st16_sp336_bu250_no0.2_re0.9_re0.5,,,,,,,,
yahoo-a1,vgru-kl,strb,24,24,336,B4,250.0,0.2,0.9,0.5,,,,-0.0592572968978623,-0.0156536334259537,0.0592572968978623,0.9054704681834864,0.8278183860374292,0.9855638784852268,4,6,6,0.9856,0.9301,0.9243,0.7819,0.8052,0.9342,0.7901,0.7819,0.0001365695804247,0.0002063215229871,9.378287882168984e-05,0.0001125386441654,67.5,28,4,67.5,r-strb_sl24_st24_sp336_bu250_no0.2_re0.9_re0.5,,,,,,,,
yahoo-a1,vgru-kl,strb,6,6,336,B4,250.0,0.35,0.9,0.5,,,,-0.1617121934094136,-0.0766461505858887,0.1617121934094136,0.8229955550627046,0.7012231525159411,0.9404380341880342,4,6,6,0.9379,0.9285,0.7382,0.6874,0.5416,0.8957,0.6802,0.6874,9.293609677860913e-05,0.0001404025476844,6.381971886536728e-05,7.658282881913086e-05,46.0,24,4,46.0,r-strb_sl6_st6_sp336_bu250_no0.35_re0.9_re0.5,,,,,,,,
yahoo-a1,vgru-kl,strb,8,8,336,B4,250.0,0.35,0.9,0.5,,,,-0.1330327375394459,-0.0598451367064501,0.1330327375394459,0.85471142300282,0.7573972686842703,0.9764449811410768,4,6,6,0.9764,0.9434,0.7813,0.7177,0.6565,0.921,0.7343,0.7177,0.0001074575375594,0.000162340711136,7.379163599624816e-05,8.854907513984169e-05,53.1,24,4,53.1,r-strb_sl8_st8_sp336_bu250_no0.35_re0.9_re0.5,,,,,,,,
yahoo-a1,vgru-kl,strb,10,10,336,B4,250.0,0.35,0.9,0.5,,,,-0.1221859141490582,-0.0703353524912147,0.1221859141490582,0.8455121276720884,0.7471979451247177,0.9741805896147075,4,6,6,0.9742,0.9358,0.7749,0.6972,0.6306,0.9194,0.7417,0.6972,0.0001050101428182,0.0001586433269251,7.211119838110689e-05,8.653212854405865e-05,51.9,25,4,51.9,r-strb_sl10_st10_sp336_bu250_no0.35_re0.9_re0.5,,,,,,,,
yahoo-a1,vgru-kl,strb,12,12,336,B4,250.0,0.35,0.9,0.5,,,,-0.1034833474452567,-0.0307074800963377,0.1034833474452567,0.8822718177845017,0.7740157956648561,0.9828375669248768,4,6,6,0.9828,0.9261,0.8842,0.7359,0.6619,0.907,0.7913,0.7359,0.0001276137471416,0.0001927915615063,8.763294247781032e-05,0.0001051586190285,63.1,29,4,63.1,r-strb_sl12_st12_sp336_bu250_no0.35_re0.9_re0.5,,,,,,,,
yahoo-a1,vgru-kl,strb,16,16,336,B4,250.0,0.35,0.9,0.5,,,,-0.0860432598147219,-0.0269287964666111,0.0860432598147219,0.8920692112315888,0.786214203406327,0.9861100219121208,4,6,6,0.9861,0.9281,0.9055,0.7485,0.6936,0.9322,0.7705,0.7485,0.0001167238923551,0.0001763397907849,8.01547509249455e-05,9.61850398600412e-05,57.7,28,4,57.7,r-strb_sl16_st16_sp336_bu250_no0.35_re0.9_re0.5,,,,,,,,
yahoo-a1,vgru-kl,strb,24,24,336,B4,250.0,0.35,0.9,0.5,,,,-0.0592841565533149,-0.0156422316231658,0.0592841565533149,0.9054875708876682,0.8277951992584321,0.9855638784852268,4,6,6,0.9856,0.9301,0.9243,0.7819,0.8053,0.9341,0.7898,0.7819,0.000132010135521,0.000199433374004,9.065214942093008e-05,0.0001087812245831,65.3,28,4,65.3,r-strb_sl24_st24_sp336_bu250_no0.35_re0.9_re0.5,,,,,,,,
yahoo-a1,vgru-kl,strb,6,6,336,B4,1000.0,0.05,0.9,0.5,,,,-0.1178154553962509,-0.0524750191115711,0.1178154553962509,0.83799514610168,0.7390964882721459,0.9404380341880342,4,6,6,0.9379,0.9249,0.7958,0.6934,0.6335,0.8833,0.7461,0.6934,0.0001163471307426,0.0001757706008566,7.989612731487594e-05,9.58744735418198e-05,57.5,24,4,57.5,r-strb_sl6_st6_sp336_bu1000_no0.05_re0.9_re0.5,,,,,,,,
yahoo-a1,vgru-kl,strb,8,8,336,B4,1000.0,0.05,0.9,0.5,,,,-0.1097863268811421,-0.0503244455383124,0.1097863268811421,0.8621879888838193,0.7776236538209501,0.9764449811410768,4,6,6,0.9764,0.9466,0.8035,0.7223,0.7024,0.9305,0.7553,0.7223,0.0001227047414014,0.0001853753159741,8.426190902892914e-05,0.0001011134069451,60.7,25,4,60.7,r-strb_sl8_st8_sp336_bu1000_no0.05_re0.9_re0.5,,,,,,,,
yahoo-a1,vgru-kl,strb,10,10,336,B4,1000.0,0.05,0.9,0.5,,,,-0.0884245560115223,-0.043268312597338,0.0884245560115223,0.8694602474632989,0.7843204975872033,0.9741805896147075,4,6,6,0.9742,0.9383,0.8431,0.7222,0.7164,0.9269,0.7717,0.7222,0.0001287719087814,0.0001945412459722,8.84283312512303e-05,0.000106112914721,63.7,25,4,63.7,r-strb_sl10_st10_sp336_bu1000_no0.05_re0.9_re0.5,,,,,,,,
yahoo-a1,vgru-kl,strb,12,12,336,B4,1000.0,0.05,0.9,0.5,,,,-0.1034349872083892,-0.0354580229989749,0.1034349872083892,0.879023622589256,0.7771868088903664,0.9828375669248768,4,6,6,0.9828,0.9261,0.8837,0.7234,0.6649,0.9144,0.806,0.7234,0.0001009838718059,0.0001525606666091,6.934615723374818e-05,8.321450937539338e-05,49.9,27,4,49.9,r-strb_sl12_st12_sp336_bu1000_no0.05_re0.9_re0.5,,,,,,,,
yahoo-a1,vgru-kl,strb,16,16,336,B4,1000.0,0.05,0.9,0.5,,,,-0.0740881592059867,-0.0272461558826405,0.0740881592059867,0.8909994819978501,0.8042492822063398,0.9861100219121208,4,6,6,0.9861,0.9306,0.899,0.7483,0.7377,0.9305,0.8005,0.7483,0.0001385178801572,0.0002092649029607,9.512090081051509e-05,0.0001141440021502,68.5,27,4,68.5,r-strb_sl16_st16_sp336_bu1000_no0.05_re0.9_re0.5,,,,,,,,
yahoo-a1,vgru-kl,strb,24,24,336,B4,1000.0,0.05,0.9,0.5,,,,-0.0559299406826791,-0.0135809071166962,0.0559299406826791,0.907793611127594,0.8429750906734943,0.9855638784852268,4,6,6,0.9856,0.9283,0.9159,0.8014,0.8018,0.9369,0.8318,0.8014,0.0001394544436458,0.0002106798095948,9.57639968171457e-05,0.0001149158127776,69.0,28,4,69.0,r-strb_sl24_st24_sp336_bu1000_no0.05_re0.9_re0.5,,,,,,,,
yahoo-a1,vgru-kl,strb,6,6,336,B4,1000.0,0.2,0.9,0.5,,,,-0.1147056762304607,-0.0518781733658641,0.1147056762304607,0.8387832656303019,0.7440576115872147,0.9404380341880342,4,6,6,0.9379,0.9249,0.7967,0.6956,0.6442,0.8834,0.753,0.6956,0.0001008852414373,0.0001524116614808,6.927833113263155e-05,8.313333034825823e-05,49.9,24,4,49.9,r-strb_sl6_st6_sp336_bu1000_no0.2_re0.9_re0.5,,,,,,,,
yahoo-a1,vgru-kl,strb,8,8,336,B4,1000.0,0.2,0.9,0.5,,,,-0.1042344119651709,-0.0482732097270672,0.1042344119651709,0.8642659101710573,0.7836418281382699,0.9764449811410768,4,6,6,0.9764,0.9466,0.8094,0.7247,0.7128,0.9327,0.7644,0.7247,0.0001208711439496,0.0001826052216556,8.300280978049463e-05,9.960241187519084e-05,59.8,25,4,59.8,r-strb_sl8_st8_sp336_bu1000_no0.2_re0.9_re0.5,,,,,,,,
yahoo-a1,vgru-kl,strb,10,10,336,B4,1000.0,0.2,0.9,0.5,,,,-0.0877911066112306,-0.0426483162349332,0.0877911066112306,0.8705400169307774,0.7852186098882795,0.9741805896147075,4,6,6,0.9742,0.9383,0.8494,0.7203,0.719,0.9246,0.777,0.7203,0.0001288192824391,0.0001946128153888,8.846088032264055e-05,0.0001061519350662,63.7,25,4,63.7,r-strb_sl10_st10_sp336_bu1000_no0.2_re0.9_re0.5,,,,,,,,
yahoo-a1,vgru-kl,strb,16,16,336,B4,1000.0,0.2,0.9,0.5,,,,-0.0716655228127966,-0.0269333010313597,0.0716655228127966,0.8915189022714067,0.8075210629383252,0.9861100219121208,4,6,6,0.9861,0.9306,0.9009,0.7485,0.7438,0.9329,0.8049,0.7485,0.0001306669516376,0.0001974041684985,8.973043564991611e-05,0.0001076737328486,64.6,27,4,64.6,r-strb_sl16_st16_sp336_bu1000_no0.2_re0.9_re0.5,,,,,,,,
yahoo-a1,vgru-kl,strb,24,24,336,B4,1000.0,0.2,0.9,0.5,,,,-0.0568021587547118,-0.013288811288569,0.0568021587547118,0.9079566080684416,0.8411150214867927,0.9855638784852268,4,6,6,0.9856,0.9283,0.9157,0.8023,0.7966,0.936,0.8295,0.8023,0.0001433508617743,0.0002165662955895,9.843979010345518e-05,0.000118126505486,70.9,28,4,70.9,r-strb_sl24_st24_sp336_bu1000_no0.2_re0.9_re0.5,,,,,,,,
yahoo-a1,vgru-kl,strb,6,6,336,B4,1000.0,0.35,0.9,0.5,,,,-0.1148610625893445,-0.0516399216968191,0.1148610625893445,0.8391406431338693,0.7441819095524564,0.9404380341880342,4,6,6,0.9379,0.9249,0.7967,0.697,0.6431,0.8844,0.7523,0.697,0.0001066073691125,0.0001610563251972,7.32077118636678e-05,8.784861333357791e-05,52.7,24,4,52.7,r-strb_sl6_st6_sp336_bu1000_no0.35_re0.9_re0.5,,,,,,,,
yahoo-a1,vgru-kl,strb,8,8,336,B4,1000.0,0.35,0.9,0.5,,,,-0.1026689161604254,-0.0474466254334391,0.1026689161604254,0.8653584948937715,0.7852354452452945,0.9764449811410768,4,6,6,0.9764,0.9466,0.8161,0.7223,0.7169,0.9315,0.7702,0.7223,0.0001238902036791,0.0001871662446847,8.50760800343576e-05,0.0001020901646503,61.3,25,4,61.3,r-strb_sl8_st8_sp336_bu1000_no0.35_re0.9_re0.5,,,,,,,,
yahoo-a1,vgru-kl,strb,10,10,336,B4,1000.0,0.35,0.9,0.5,,,,-0.0877911066112306,-0.0426483162349332,0.0877911066112306,0.8705400169307774,0.7852186098882795,0.9741805896147075,4,6,6,0.9742,0.9383,0.8494,0.7203,0.719,0.9246,0.777,0.7203,0.0001075291739182,0.0001624489352559,7.384071608798372e-05,8.860821916799372e-05,53.2,25,4,53.2,r-strb_sl10_st10_sp336_bu1000_no0.35_re0.9_re0.5,,,,,,,,
yahoo-a1,vgru-kl,strb,12,12,336,B4,1000.0,0.35,0.9,0.5,,,,-0.1032482699791477,-0.0354810768687607,0.1032482699791477,0.8790091224200642,0.7774006398367601,0.9828375669248768,4,6,6,0.9828,0.9261,0.8838,0.7233,0.6654,0.9144,0.8064,0.7233,0.000119204559029,0.0001800874403316,8.185843269457109e-05,9.822900763712825e-05,58.9,27,4,59.0,r-strb_sl12_st12_sp336_bu1000_no0.35_re0.9_re0.5,,,,,,,,
yahoo-a1,vgru-kl,strb,16,16,336,B4,1000.0,0.35,0.9,0.5,,,,-0.0714853985450863,-0.0269123711511443,0.0714853985450863,0.8915411597932777,0.8077642637353658,0.9861100219121208,4,6,6,0.9861,0.9306,0.9009,0.7485,0.7444,0.933,0.8052,0.7485,0.0001342296230676,0.0002027864490406,9.217614716423365e-05,0.0001106103018764,66.4,27,4,66.4,r-strb_sl16_st16_sp336_bu1000_no0.35_re0.9_re0.5,,,,,,,,
yahoo-a1,vgru-kl,strb,24,24,336,B4,1000.0,0.35,0.9,0.5,,,,-0.0572543792294729,-0.0131209168360459,0.0572543792294729,0.9081079008819812,0.8406038569282526,0.9855638784852268,4,6,6,0.9856,0.9283,0.9155,0.803,0.794,0.9361,0.8293,0.803,0.0001468907565321,0.0002219141664357,0.000100870567478,0.0001210435989576,72.6,28,4,72.6,r-strb_sl24_st24_sp336_bu1000_no0.35_re0.9_re0.5,,,,,,,,
yahoo-a1,vgru-kl,naive,12,12,168,B5,,,,,,,,0.0023429019578056,-0.0514480064462888,-0.0023429019578056,0.9067341898550008,0.9049179975843656,0.9997011207970112,8,28,28,0.9575,0.9942,0.9993,0.9906,0.9847,0.9862,0.9992,0.9889,0.0001199582007248,0.0001812259991673,8.237589236167775e-05,9.88501068057182e-05,59.3,68,8,59.3,r-naive_sl12_st12_sp168,0.909,0.8562,0.8607,0.6863,0.8738,0.8547,0.8654,0.6863
yahoo-a1,vgru-kl,cumulative,12,12,168,B5,,,,,,,,0.0035487727914874,-0.0314318669987826,-0.0035487727914874,0.919491024230242,0.922592540311979,0.9997011207970112,8,28,28,0.9575,0.9944,0.9997,0.9925,0.9797,0.9927,0.9993,0.9968,0.0002118680713757,0.000320078183023,0.0001454905307301,0.0001745876522928,104.8,59,8,104.8,r-cumulative_sl12_st12_sp168,0.9262,0.8734,0.8696,0.7426,0.9355,0.835,0.8993,0.7426
yahoo-a1,vgru-kl,experts,12,12,168,B5,,,,,,,,0.008401461778632,-0.0364633043071452,-0.008401461778632,0.9227722110798742,0.9365401358229986,0.9997509339975094,8,28,28,0.9575,0.9913,0.9996,0.9957,0.9844,0.9802,0.9995,0.9962,0.0001256188368527,0.0001897777649658,8.626310920097037e-05,0.0001035146557648,62.1,71,8,62.1,r-experts_sl12_st12_sp168,0.9532,0.8102,0.894,0.7806,0.9542,0.8819,0.9153,0.7806
yahoo-a1,vgru-kl,strb,12,12,168,B5,50.0,0.2,0.9,0.5,,,,0.0075079428501772,-0.0297794850241785,-0.0075079428501772,0.9246443216255956,0.929572197413318,0.9995018679950188,8,28,28,0.9575,0.9919,0.9995,0.9907,0.9874,0.9932,0.9995,0.993,0.0001473305965893,0.0002225786516761,0.0001011726600117,0.0001214059916643,72.8,60,8,72.9,r-strb_sl12_st12_sp168_bu50_no0.2_re0.9_re0.5,0.9332,0.8755,0.8551,0.7938,0.9168,0.8846,0.8684,0.7938
yahoo-a1,vgru-kl,random-buffer,12,12,168,B5,50.0,,,0.5,,,,0.003141085396381,-0.0330061255123756,-0.003141085396381,0.9220111648279798,0.9221343052894012,0.9997011207970112,8,28,28,0.9575,0.9936,0.9997,0.9931,0.9824,0.9872,0.9992,0.9927,0.0001429955173366,0.0002160294615056,9.81957456025864e-05,0.0001178337159031,70.7,57,8,70.7,r-random-buffer_sl12_st12_sp168_bu50_re0.5,0.926,0.9001,0.8865,0.7196,0.9123,0.8946,0.889,0.7196
yahoo-a1,vgru-kl,reservoir,12,12,168,B5,50.0,,,0.5,,,,0.0042878722051445,-0.047049552769377,-0.0042878722051445,0.9141288814905086,0.915937774194153,0.9996513075965132,8,28,28,0.9575,0.9943,0.9995,0.9916,0.9879,0.9866,0.9993,0.9886,0.0001469370251745,0.0002219840664584,0.0001009024173616,0.0001210816490968,72.6,60,8,72.7,r-reservoir_sl12_st12_sp168_bu50_re0.5,0.9166,0.8748,0.8726,0.7061,0.9045,0.8735,0.8811,0.7061
yahoo-a1,vgru-kl,ewc,12,12,168,B5,,,,,1000.0,,,0.0097731859186951,-0.1245394781998031,-0.0097731859186951,0.8068319780747091,0.8176079048854676,0.9911332503113324,8,28,28,0.9683,0.9798,0.9892,0.8826,0.9722,0.9774,0.979,0.8967,0.0001372817333928,0.0002073974030221,9.427204566050528e-05,0.0001131253573616,67.9,72,8,67.9,r-ewc_sl12_st12_sp168_la1000,0.6323,0.6318,0.8474,0.5233,0.7112,0.6271,0.854,0.5233
yahoo-a1,vgru-kl,lwf,12,12,168,B5,,,,,,1.0,2.0,0.0050622750590909,-0.1224579919724619,-0.0050622750590909,0.8047591907407459,0.812666301563951,0.9921295143212951,8,28,28,0.9683,0.9836,0.9882,0.9016,0.9748,0.977,0.9794,0.8971,0.0001308631141184,0.0001977005195723,8.986448478083024e-05,0.0001078360347915,64.7,75,8,64.7,r-lwf_sl12_st12_sp168_al1.0_te2.0,0.6137,0.6391,0.8372,0.5064,0.6989,0.6166,0.8512,0.5064
yahoo-a1,vlstm-kl,naive,12,12,336,B1,,,,,,,,-0.2333632894053593,-0.0850960622824961,0.2333632894053593,0.8327728574949503,0.6286445844138897,0.9815552886800668,4,6,6,0.9816,0.9392,0.7351,0.6752,0.3638,0.8746,0.601,0.6752,9.137326400989434e-05,0.0001380415091866,6.274645474364256e-05,7.529505444302534e-05,45.2,24,4,45.2,r-naive_sl12_st12_sp336,,,,,,,,
yahoo-a1,vlstm-kl,cumulative,12,12,336,B1,,,,,,,,-0.0853160562939048,-0.0205032193997595,0.0853160562939048,0.8884788270924396,0.7821251689954284,0.9815552886800668,4,6,6,0.9816,0.9215,0.9147,0.7361,0.686,0.9058,0.8005,0.7361,0.0001492647126099,0.0002255006037079,0.0001025007530109,0.000122999850697,73.8,29,4,73.8,r-cumulative_sl12_st12_sp336,,,,,,,,
yahoo-a1,vlstm-kl,experts,12,12,336,B1,,,,,,,,-0.1189263880787311,-0.057291501878417,0.1189263880787311,0.8579591898688204,0.7883816530030372,0.9815552886800668,4,6,6,0.9816,0.9398,0.7888,0.7216,0.6647,0.9332,0.834,0.7216,7.90070765058841e-05,0.000119359379305,5.4254606945000375e-05,6.51047723600641e-05,39.1,27,4,39.1,r-experts_sl12_st12_sp336,,,,,,,,
yahoo-a1,vlstm-kl,strb,12,12,336,B1,50.0,0.2,0.9,0.5,,,,-0.1310682506068282,-0.0474926041748741,0.1310682506068282,0.859852205935751,0.7258288682218743,0.9815552886800668,4,6,6,0.9816,0.9234,0.8313,0.7032,0.592,0.8829,0.7252,0.7032,0.0001144127524899,0.0001728482526596,7.856776793810747e-05,9.428048472153025e-05,56.6,25,4,56.6,r-strb_sl12_st12_sp336_bu50_no0.2_re0.9_re0.5,,,,,,,,
yahoo-a1,vlstm-kl,strb,12,12,336,B1,100.0,0.2,0.9,0.5,,,,-0.1103861638450958,-0.0465605977880985,0.1103861638450958,0.86041604156491,0.7536409332578572,0.9815552886800668,4,6,6,0.9816,0.926,0.818,0.7161,0.6383,0.9228,0.7373,0.7161,0.0001163992517094,0.0001758493422368,7.993190827870018e-05,9.591743395819018e-05,57.6,25,4,57.6,r-strb_sl12_st12_sp336_bu100_no0.2_re0.9_re0.5,,,,,,,,
yahoo-a1,vlstm-kl,strb,12,12,336,B1,250.0,0.2,0.9,0.5,,,,-0.1323406529690207,-0.0473686787307796,0.1323406529690207,0.8599675514456403,0.724780271563891,0.9815552886800668,4,6,6,0.9816,0.9279,0.8174,0.713,0.5801,0.902,0.704,0.713,0.0001148103628006,0.0001734489396105,7.88408759282902e-05,9.46080636822929e-05,56.8,25,4,56.8,r-strb_sl12_st12_sp336_bu250_no0.2_re0.9_re0.5,,,,,,,,
yahoo-a1,vlstm-kl,strb,12,12,336,B1,500.0,0.2,0.9,0.5,,,,-0.1157018267535693,-0.0437634953147562,0.1157018267535693,0.8660468945982114,0.759890321239824,0.9815552886800668,4,6,6,0.9816,0.9234,0.8269,0.7323,0.6342,0.9146,0.7584,0.7323,0.0001240192208218,0.000187361156416,8.516469953918003e-05,0.0001021964568768,61.3,25,4,61.3,r-strb_sl12_st12_sp336_bu500_no0.2_re0.9_re0.5,,,,,,,,
yahoo-a1,vlstm-kl,strb,12,12,336,B1,1000.0,0.2,0.9,0.5,,,,-0.1124577780766571,-0.0365850116146136,0.1124577780766571,0.8755975697904932,0.7634975524878488,0.9815552886800668,4,6,6,0.9816,0.9318,0.8613,0.7278,0.6408,0.9109,0.7746,0.7278,0.0001154145881034,0.0001743617686922,7.925579403979808e-05,9.5105974652494e-05,57.1,24,4,57.1,r-strb_sl12_st12_sp336_bu1000_no0.2_re0.9_re0.5,,,,,,,,
yahoo-a1,vlstm-kl,strb,12,12,336,B1,50.0,0.05,0.9,0.5,,,,-0.122922262421003,-0.0432271591366439,0.122922262421003,0.8655897988218189,0.7384991118981699,0.9815552886800668,4,6,6,0.9816,0.9234,0.8438,0.7136,0.6113,0.8941,0.735,0.7136,0.0001138620665957,0.0001720163078588,7.818966313627446e-05,9.382664472252751e-05,56.3,25,4,56.3,r-strb_sl12_st12_sp336_bu50_no0.05_re0.9_re0.5,,,,,,,,
yahoo-a1,vlstm-kl,strb,12,12,336,B1,50.0,0.1,0.9,0.5,,,,-0.1197301923378978,-0.0419667277480378,0.1197301923378978,0.8674040351748882,0.7428510942625002,0.9815552886800668,4,6,6,0.9816,0.9234,0.8499,0.7148,0.6197,0.8956,0.7413,0.7148,0.0001148326102988,0.0001734825498602,7.885604756884276e-05,9.462650229145464e-05,56.8,25,4,56.8,r-strb_sl12_st12_sp336_bu50_no0.1_re0.9_re0.5,,,,,,,,
yahoo-a1,vlstm-kl,strb,12,12,336,B1,50.0,0.35,0.9,0.5,,,,-0.1310682506068282,-0.0474926041748741,0.1310682506068282,0.859852205935751,0.7258288682218743,0.9815552886800668,4,6,6,0.9816,0.9234,0.8313,0.7032,0.592,0.8829,0.7252,0.7032,0.0001167293193541,0.000176347989585,8.015871111225957e-05,9.618927847283582e-05,57.7,25,4,57.7,r-strb_sl12_st12_sp336_bu50_no0.35_re0.9_re0.5,,,,,,,,
yahoo-a1,vlstm-kl,strb,12,12,336,B1,50.0,0.2,0.5,0.5,,,,-0.1310682506068282,-0.0474926041748741,0.1310682506068282,0.859852205935751,0.7258288682218743,0.9815552886800668,4,6,6,0.9816,0.9234,0.8313,0.7032,0.592,0.8829,0.7252,0.7032,0.0001239263536807,0.0001872208580426,8.510087019660406e-05,0.000102119987846,61.3,25,4,61.4,r-strb_sl12_st12_sp336_bu50_no0.2_re0.5_re0.5,,,,,,,,
yahoo-a1,vlstm-kl,strb,12,12,336,B1,50.0,0.2,0.7,0.5,,,,-0.1310682506068282,-0.0474926041748741,0.1310682506068282,0.859852205935751,0.7258288682218743,0.9815552886800668,4,6,6,0.9816,0.9234,0.8313,0.7032,0.592,0.8829,0.7252,0.7032,0.0001177618070192,0.000177907812987,8.086758958460351e-05,9.704022340243684e-05,58.2,25,4,58.2,r-strb_sl12_st12_sp336_bu50_no0.2_re0.7_re0.5,,,,,,,,
yahoo-a1,vlstm-kl,strb,12,12,336,B1,50.0,0.2,0.9,,,,,-0.131534529195008,-0.0470652084659413,0.131534529195008,0.8727284909152532,0.7523502814378655,0.9815552886800668,4,6,6,0.9816,0.9359,0.8635,0.71,0.6512,0.868,0.7802,0.71,9.602444661977204e-05,0.0001450682502572,6.59405320617629e-05,7.91277181954744e-05,47.5,26,4,47.5,r-strb_sl12_st12_sp336_bu50_no0.2_re0.9,,,,,,,,
yahoo-a1,vlstm-kl,strb,12,12,336,B1,50.0,0.2,0.9,0.3,,,,-0.1637248016390165,-0.0628314189277692,0.1637248016390165,0.8481016818288383,0.6984463804644319,0.9815552886800668,4,6,6,0.9816,0.9312,0.7925,0.6872,0.5197,0.8838,0.7032,0.6872,0.0001081100598588,0.0001633265045621,7.423978032570126e-05,8.908672423645234e-05,53.5,25,4,53.5,r-strb_sl12_st12_sp336_bu50_no0.2_re0.9_re0.3,,,,,,,,
yahoo-a1,vlstm-kl,random-buffer,12,12,336,B1,50.0,,,0.5,,,,-0.0623316188414394,-0.0224543054606578,0.0623316188414394,0.8892994793218971,0.8156245883764615,0.9815552886800668,4,6,6,0.9816,0.9155,0.9255,0.7346,0.7952,0.8964,0.8363,0.7346,0.0001115869890935,0.0001685792506919,7.662729027668119e-05,9.195196041526892e-05,55.2,25,4,55.2,r-random-buffer_sl12_st12_sp336_bu50_re0.5,,,,,,,,
yahoo-a1,vlstm-kl,random-buffer,12,12,336,B1,100.0,,,0.5,,,,-0.1168118775080541,-0.0334617497900264,0.1168118775080541,0.878202448022395,0.7439741825841519,0.9815552886800668,4,6,6,0.9816,0.9281,0.8873,0.7158,0.6088,0.9191,0.7322,0.7158,0.000117789873959,0.0001779502149168,8.088684762608156e-05,9.706336729073276e-05,58.2,25,4,58.3,r-random-buffer_sl12_st12_sp336_bu100_re0.5,,,,,,,,
yahoo-a1,vlstm-kl,random-buffer,12,12,336,B1,250.0,,,0.5,,,,-0.1302603236258531,-0.0332865497019718,0.1302603236258531,0.8757778617605356,0.7153521550551907,0.9815552886800668,4,6,6,0.9816,0.9237,0.902,0.6959,0.5549,0.8887,0.722,0.6959,0.0001205751021416,0.0001821579785982,8.279944727934588e-05,9.935853131891538e-05,59.6,27,4,59.6,r-random-buffer_sl12_st12_sp336_bu250_re0.5,,,,,,,,
yahoo-a1,vlstm-kl,random-buffer,12,12,336,B1,500.0,,,0.5,,,,-0.1102900817707775,-0.0308282173524871,0.1102900817707775,0.8821780640647496,0.7519826576477897,0.9815552886800668,4,6,6,0.9816,0.9287,0.9105,0.7079,0.6309,0.8914,0.7777,0.7079,0.0001221196683742,0.0001844914210564,8.386016904066005e-05,0.0001006312520157,60.4,26,4,60.4,r-random-buffer_sl12_st12_sp336_bu500_re0.5,,,,,,,,
yahoo-a1,vlstm-kl,random-buffer,12,12,336,B1,1000.0,,,0.5,,,,-0.1252893180815604,-0.0394784299497361,0.1252893180815604,0.8730540616188956,0.7381497176659476,0.9815552886800668,4,6,6,0.9816,0.9308,0.8764,0.7035,0.6019,0.8866,0.7606,0.7035,0.000115806211612,0.0001749534111246,7.952462598461555e-05,9.542878514000524e-05,57.3,25,4,57.3,r-random-buffer_sl12_st12_sp336_bu1000_re0.5,,,,,,,,
yahoo-a1,vlstm-kl,random-buffer,12,12,336,B1,50.0,,,,,,,-0.1326203601135474,-0.0471910890024133,0.1326203601135474,0.8723938386345717,0.7492377943159184,0.9815552886800668,4,6,6,0.9816,0.9349,0.8653,0.7078,0.6453,0.8676,0.7763,0.7078,8.84370353162998e-05,0.0001336056225564,6.0730174709654726e-05,7.287544784679388e-05,43.7,26,4,43.7,r-random-buffer_sl12_st12_sp336_bu50,,,,,,,,
yahoo-a1,vlstm-kl,random-buffer,12,12,336,B1,50.0,,,0.3,,,,-0.1204756917142905,-0.0398710586090617,0.1204756917142905,0.8716307116413069,0.7414058968815966,0.9815552886800668,4,6,6,0.9816,0.9238,0.8808,0.7004,0.6163,0.8829,0.7661,0.7004,0.0001010913399409,0.0001527230233303,6.941999791500469e-05,8.330302541532243e-05,50.0,26,4,50.0,r-random-buffer_sl12_st12_sp336_bu50_re0.3,,,,,,,,
yahoo-a1,vlstm-kl,reservoir,12,12,336,B1,50.0,,,0.5,,,,-0.0640217516926858,-0.0237300735869079,0.0640217516926858,0.8936414464493097,0.8199479247969846,0.9815552886800668,4,6,6,0.9816,0.9301,0.9341,0.7288,0.7677,0.9242,0.8591,0.7288,0.0001145766413105,0.0001730958465305,7.868025416715278e-05,9.441559236341468e-05,56.6,24,4,56.7,r-reservoir_sl12_st12_sp336_bu50_re0.5,,,,,,,,
yahoo-a1,vlstm-kl,reservoir,12,12,336,B1,100.0,,,0.5,,,,-0.0908493310275973,-0.0320865858770841,0.0908493310275973,0.8794146741005898,0.7882035840907416,0.9815552886800668,4,6,6,0.9816,0.9254,0.8847,0.726,0.7044,0.8963,0.8262,0.726,0.0001200131682468,0.0001813090409604,8.241365734979303e-05,9.889538361070056e-05,59.3,27,4,59.4,r-reservoir_sl12_st12_sp336_bu100_re0.5,,,,,,,,
yahoo-a1,vlstm-kl,reservoir,12,12,336,B1,250.0,,,0.5,,,,-0.1102856413557516,-0.036812256004176,0.1102856413557516,0.8735254628780359,0.7530320055444157,0.9815552886800668,4,6,6,0.9816,0.9269,0.8806,0.705,0.6376,0.8991,0.7705,0.705,0.000120178592699,0.000181558954776,8.252720665315993e-05,9.903174812284608e-05,59.4,27,4,59.4,r-reservoir_sl12_st12_sp336_bu250_re0.5,,,,,,,,
yahoo-a1,vlstm-kl,reservoir,12,12,336,B1,500.0,,,0.5,,,,-0.0914560860543531,-0.0271919493063869,0.0914560860543531,0.8878125804016422,0.7857595419822406,0.9815552886800668,4,6,6,0.9816,0.9304,0.9108,0.7286,0.6912,0.9055,0.8177,0.7286,0.0001296218947663,0.0001958253562578,8.901216243975796e-05,0.000106813193818,64.1,27,4,64.1,r-reservoir_sl12_st12_sp336_bu500_re0.5,,,,,,,,
yahoo-a1,vlstm-kl,reservoir,12,12,336,B1,1000.0,,,0.5,,,,-0.1224639069575102,-0.0411013901304042,0.1224639069575102,0.8717928078546,0.7410053949106266,0.9815552886800668,4,6,6,0.9816,0.9291,0.8707,0.7059,0.6048,0.9014,0.7519,0.7059,0.0001038563938148,0.0001569003088182,7.131863715282332e-05,8.558167166542261e-05,51.3,24,4,51.4,r-reservoir_sl12_st12_sp336_bu1000_re0.5,,,,,,,,
yahoo-a1,vlstm-kl,reservoir,12,12,336,B1,50.0,,,,,,,-0.123764925399482,-0.0558731086736004,0.123764925399482,0.8633194209834374,0.7689261143822734,0.9815552886800668,4,6,6,0.9816,0.9359,0.8232,0.7127,0.6935,0.8651,0.8044,0.7127,9.383124680420036e-05,0.0001417548892235,6.443450248722608e-05,7.732038673634329e-05,46.4,25,4,46.4,r-reservoir_sl12_st12_sp336_bu50,,,,,,,,
yahoo-a1,vlstm-kl,reservoir,12,12,336,B1,50.0,,,0.3,,,,-0.1145218572019868,-0.0414460906629735,0.1145218572019868,0.8771834075750826,0.7609841645883797,0.9815552886800668,4,6,6,0.9816,0.9319,0.8835,0.7117,0.627,0.9182,0.787,0.7117,0.0001035937982951,0.0001565035945032,7.113839311318265e-05,8.536520139003794e-05,51.2,25,4,51.2,r-reservoir_sl12_st12_sp336_bu50_re0.3,,,,,,,,
yahoo-a1,vlstm-kl,ewc,12,12,336,B1,,,,,1000.0,,,-0.2432685362059991,-0.1157019329578441,0.2432685362059991,0.7043882013548142,0.5704910939612244,0.8526604446190118,4,6,6,0.8086,0.826,0.5302,0.6527,0.2734,0.8277,0.5281,0.6527,0.0001525318324981,0.0002304363818585,0.0001047444341458,0.0001256919477127,75.4,70,4,75.4,r-ewc_sl12_st12_sp336_la1000,,,,,,,,
yahoo-a1,vlstm-kl,ewc,12,12,336,B1,,,,,100.0,,,-0.23622830290429,-0.1205479943967857,0.23622830290429,0.7019384896968276,0.5820319444150841,0.8526604446190118,4,6,6,0.8086,0.8336,0.5279,0.6376,0.3211,0.8256,0.5437,0.6376,0.0001477381333447,0.0002231943349328,0.000101452336807,0.0001217419981257,73.0,72,4,73.1,r-ewc_sl12_st12_sp336_la100,,,,,,,,
yahoo-a1,vlstm-kl,ewc,12,12,336,B1,,,,,500.0,,,-0.2464299687405992,-0.1173872202457374,0.2464299687405992,0.7055608973818767,0.5719039149926773,0.8526604446190118,4,6,6,0.8086,0.8351,0.5262,0.6523,0.2799,0.8268,0.5287,0.6523,0.0001450291129554,0.0002191017016335,9.959219843860611e-05,0.0001195095031949,71.7,70,4,71.7,r-ewc_sl12_st12_sp336_la500,,,,,,,,
yahoo-a1,vlstm-kl,ewc,12,12,336,B1,,,,,5000.0,,,-0.2280349407365255,-0.1047253615233425,0.2280349407365255,0.707284728740686,0.5747231504510811,0.8526604446190118,4,6,6,0.8086,0.8286,0.5391,0.6528,0.2777,0.8384,0.53,0.6528,0.0001406453474637,0.0002124789590736,9.65818553238124e-05,0.0001158971037498,69.5,65,4,69.6,r-ewc_sl12_st12_sp336_la5000,,,,,,,,
yahoo-a1,vlstm-kl,ewc,12,12,336,B1,,,,,10000.0,,,-0.2143465089805151,-0.0925302390540619,0.2143465089805151,0.7117913032217975,0.5791774360434432,0.8526604446190118,4,6,6,0.8086,0.8371,0.5461,0.6553,0.2932,0.8348,0.5333,0.6553,0.0001320553454975,0.0001995016746547,9.068294618110586e-05,0.0001088187284736,65.3,60,4,65.3,r-ewc_sl12_st12_sp336_la10000,,,,,,,,
yahoo-a1,vlstm-kl,lwf,12,12,336,B1,,,,,,1.0,2.0,-0.2204048008228505,-0.1015940662782106,0.2204048008228505,0.7037433446066212,0.5831952841598782,0.8526604446190118,4,6,6,0.8086,0.8372,0.5275,0.6417,0.306,0.8325,0.5527,0.6417,0.0001494685485422,0.0002258085473938,0.0001026406189226,0.0001231679284712,73.9,69,4,73.9,r-lwf_sl12_st12_sp336_al1.0_te2.0,,,,,,,,
yahoo-a1,vlstm-kl,lwf,12,12,336,B1,,,,,,0.1,2.0,-0.233342653078927,-0.1204141993913572,0.233342653078927,0.7018872420186242,0.5846281584901353,0.8526604446190118,4,6,6,0.8086,0.8367,0.5273,0.6349,0.3322,0.8175,0.5539,0.6349,0.0001425007646623,0.0002152820174194,9.785597019751246e-05,0.0001174260472219,70.5,70,4,70.5,r-lwf_sl12_st12_sp336_al0.1_te2.0,,,,,,,,
yahoo-a1,vlstm-kl,lwf,12,12,336,B1,,,,,,0.5,2.0,-0.2298911748272472,-0.1178865148848664,0.2298911748272472,0.6998541805596605,0.5830430452687987,0.8526604446190118,4,6,6,0.8086,0.8279,0.5266,0.6363,0.3237,0.8218,0.5503,0.6363,0.0001499679640655,0.0002265630358462,0.000102983728068,0.0001235793077782,74.1,74,4,74.2,r-lwf_sl12_st12_sp336_al0.5_te2.0,,,,,,,,
yahoo-a1,vlstm-kl,lwf,12,12,336,B1,,,,,,2.0,2.0,-0.2038477733647108,-0.0883882000980056,0.2038477733647108,0.7117101294962099,0.5783809069078298,0.8526604446190118,4,6,6,0.8086,0.8248,0.5713,0.6422,0.3009,0.8344,0.5361,0.6422,0.000147652156942,0.0002230644466934,0.000101393435303,0.0001216710113904,73.0,67,4,73.0,r-lwf_sl12_st12_sp336_al2.0_te2.0,,,,,,,,
yahoo-a1,vlstm-kl,lwf,12,12,336,B1,,,,,,1.0,1.0,-0.177068602578778,-0.0621785595034641,0.177068602578778,0.7376761650702437,0.5945241075459339,0.8526604446190118,4,6,6,0.8086,0.8247,0.6695,0.6479,0.3372,0.8286,0.5644,0.6479,0.0001473420936193,0.0002225960207324,0.000101180636981,0.0001214153837513,72.9,67,4,72.9,r-lwf_sl12_st12_sp336_al1.0_te1.0,,,,,,,,
yahoo-a1,vlstm-kl,lwf,12,12,336,B1,,,,,,1.0,5.0,-0.2323243001054407,-0.1199357772995713,0.2323243001054407,0.7017028505255818,0.5844202120122313,0.8526604446190118,4,6,6,0.8086,0.8359,0.5274,0.6349,0.3311,0.818,0.5536,0.6349,0.0001433261346121,0.0002165289392049,9.842272864641726e-05,0.0001181062105585,70.9,70,4,70.9,r-lwf_sl12_st12_sp336_al1.0_te5.0,,,,,,,,
yahoo-a1,vlstm-kl,naive,6,6,336,B2,,,,,,,,-0.120680042694268,-0.0781845390516494,0.120680042694268,0.846308730224981,0.7467046080441498,0.9660239681775572,4,6,6,0.966,0.941,0.8171,0.6611,0.6739,0.893,0.7589,0.6611,6.211086354356844e-05,9.383354565853048e-05,4.265187725605857e-05,5.118166840247189e-05,30.7,25,4,30.7,r-naive_sl6_st6_sp336,,,,,,,,
yahoo-a1,vlstm-kl,cumulative,6,6,336,B2,,,,,,,,-0.1241457427667645,-0.0464178846094854,0.1241457427667645,0.8714158650848604,0.7515899738398258,0.9660239681775572,4,6,6,0.966,0.9514,0.8822,0.6861,0.6348,0.8719,0.8135,0.6861,0.0001254010740477,0.0001894487813558,8.611373489580324e-05,0.00010333504646,62.0,25,4,62.0,r-cumulative_sl6_st6_sp336,,,,,,,,
yahoo-a1,vlstm-kl,experts,6,6,336,B2,,,,,,,,-0.1209925181081176,-0.0714361617253683,0.1209925181081176,0.8508839203282964,0.7491349361355599,0.9660239681775572,4,6,6,0.966,0.947,0.8134,0.6771,0.6489,0.9263,0.7441,0.6771,7.399979609827153e-05,0.0001117946660174,5.08160056714486e-05,6.097866034600883e-05,36.6,29,4,36.6,r-experts_sl6_st6_sp336,,,,,,,,
yahoo-a1,vlstm-kl,strb,6,6,336,B2,50.0,0.2,0.9,0.5,,,,-0.1390316478086416,-0.0829216098575171,0.1390316478086416,0.8295484567143145,0.715884543947213,0.9660239681775572,4,6,6,0.966,0.9449,0.7583,0.649,0.6223,0.8898,0.7024,0.649,0.0001045141885011,0.0001578940674654,7.177027760383984e-05,8.612378986164305e-05,51.7,26,4,51.7,r-strb_sl6_st6_sp336_bu50_no0.2_re0.9_re0.5,,,,,,,,
yahoo-a1,vlstm-kl,random-buffer,6,6,336,B2,50.0,,,0.5,,,,-0.0970170307515069,-0.0676194354260252,0.0970170307515069,0.8592843264445622,0.7758002928320102,0.9660239681775572,4,6,6,0.966,0.9457,0.8653,0.6601,0.7474,0.8954,0.8002,0.6601,9.524762387976333e-05,0.0001438946708238,6.540705005884068e-05,7.848762076503288e-05,47.1,25,4,47.1,r-random-buffer_sl6_st6_sp336_bu50_re0.5,,,,,,,,
yahoo-a1,vlstm-kl,reservoir,6,6,336,B2,50.0,,,0.5,,,,-0.0887546177826421,-0.0697327566094153,0.0887546177826421,0.8514979609723814,0.7858422175524113,0.9660239681775572,4,6,6,0.966,0.9363,0.8203,0.6833,0.7469,0.9147,0.7984,0.6833,9.618295677360256e-05,0.0001453077183455,6.604940688638535e-05,7.925831145917377e-05,47.6,25,4,47.6,r-reservoir_sl6_st6_sp336_bu50_re0.5,,,,,,,,
yahoo-a1,vlstm-kl,ewc,6,6,336,B2,,,,,1000.0,,,-0.1843548964096937,-0.0749621957530154,0.1843548964096937,0.7199283508338459,0.592818470531699,0.8559022208973022,4,6,6,0.7931,0.8553,0.5982,0.6332,0.3413,0.846,0.5508,0.6332,0.0001034282125328,0.0001562534369896,7.102471782321422e-05,8.522871916648001e-05,51.1,41,4,51.1,r-ewc_sl6_st6_sp336_la1000,,,,,,,,
yahoo-a1,vlstm-kl,lwf,6,6,336,B2,,,,,,1.0,2.0,-0.1739000338758098,-0.0898825120510268,0.1739000338758098,0.7056003276290395,0.6057545330632769,0.8559022208973022,4,6,6,0.7931,0.8394,0.585,0.6049,0.3811,0.8464,0.5907,0.6049,0.0001089186029249,0.0001645480052527,7.479499386455346e-05,8.975301138823853e-05,53.9,48,4,53.9,r-lwf_sl6_st6_sp336_al1.0_te2.0,,,,,,,,
yahoo-a1,vlstm-kl,naive,8,8,336,B2,,,,,,,,-0.1841933643063457,-0.0778045524819198,0.1841933643063457,0.849929465850907,0.6866983378131167,0.9744323687702192,4,6,6,0.9744,0.9387,0.7915,0.6951,0.513,0.9027,0.636,0.6951,7.155752149127465e-05,0.0001081050170128,4.91388899306508e-05,5.896612708223984e-05,35.4,24,4,35.4,r-naive_sl8_st8_sp336,,,,,,,,
yahoo-a1,vlstm-kl,cumulative,8,8,336,B2,,,,,,,,-0.0971700609874631,-0.0356568453491124,0.0971700609874631,0.8767287275878938,0.769300899795227,0.9744323687702192,4,6,6,0.9744,0.9435,0.8777,0.7113,0.6805,0.9254,0.7601,0.7113,0.0001433226185943,0.0002165236274059,9.842028900360068e-05,0.0001181033384023,70.9,26,4,70.9,r-cumulative_sl8_st8_sp336,,,,,,,,
yahoo-a1,vlstm-kl,experts,8,8,336,B2,,,,,,,,-0.1141924764611027,-0.0475974982315501,0.1141924764611027,0.8722423660640135,0.7676960441499305,0.9744323687702192,4,6,6,0.9744,0.9486,0.8495,0.7165,0.669,0.92,0.7654,0.7165,7.609490550278723e-05,0.0001149598376597,5.225479884280099e-05,6.270503881697853e-05,37.6,29,4,37.6,r-experts_sl8_st8_sp336,,,,,,,,
yahoo-a1,vlstm-kl,strb,8,8,336,B2,50.0,0.2,0.9,0.5,,,,-0.2315770032273883,-0.0955981257035609,0.2315770032273884,0.8268795419491577,0.6382496481946042,0.9744323687702192,4,6,6,0.9744,0.9532,0.7145,0.6654,0.4147,0.8885,0.5844,0.6654,0.0001013220107645,0.0001530715076375,6.957825416530896e-05,8.349325347226113e-05,50.1,24,4,50.1,r-strb_sl8_st8_sp336_bu50_no0.2_re0.9_re0.5,,,,,,,,
yahoo-a1,vlstm-kl,random-buffer,8,8,336,B2,50.0,,,0.5,,,,-0.1277748775601574,-0.0546787392971479,0.1277748775601574,0.8581150928153032,0.738837801115017,0.9744323687702192,4,6,6,0.9744,0.9494,0.8257,0.6829,0.6346,0.8987,0.7391,0.6829,0.0001074365394797,0.0001623089884363,7.377716857655389e-05,8.853181985983005e-05,53.1,25,4,53.1,r-random-buffer_sl8_st8_sp336_bu50_re0.5,,,,,,,,
yahoo-a1,vlstm-kl,reservoir,8,8,336,B2,50.0,,,0.5,,,,-0.1762855893873158,-0.0673011405199782,0.1762855893873158,0.8461715546128686,0.6852546984155852,0.9744323687702192,4,6,6,0.9744,0.9475,0.769,0.6937,0.4893,0.9177,0.6403,0.6937,0.0001049416671957,0.0001585398778651,7.206397974385053e-05,8.647589812132841e-05,51.9,25,4,51.9,r-reservoir_sl8_st8_sp336_bu50_re0.5,,,,,,,,
yahoo-a1,vlstm-kl,ewc,8,8,336,B2,,,,,1000.0,,,-0.24404465625197,-0.1283567640127582,0.24404465625197,0.7160392929771583,0.5822232869044905,0.904519337905832,4,6,6,0.8666,0.8485,0.5332,0.6158,0.3071,0.8471,0.5588,0.6158,0.0001462969358041,0.0002210170559913,0.0001004627287025,0.0001205543272887,72.3,62,4,72.4,r-ewc_sl8_st8_sp336_la1000,,,,,,,,
yahoo-a1,vlstm-kl,lwf,8,8,336,B2,,,,,,1.0,2.0,-0.2355661179621698,-0.1190734726244306,0.2355661179621699,0.7124975045652873,0.577979232972454,0.904519337905832,4,6,6,0.8666,0.848,0.534,0.6013,0.3152,0.8423,0.5531,0.6013,0.0001287811719459,0.0001945552402322,8.843466481646626e-05,0.0001061205754157,63.7,59,4,63.7,r-lwf_sl8_st8_sp336_al1.0_te2.0,,,,,,,,
yahoo-a1,vlstm-kl,naive,10,10,336,B2,,,,,,,,-0.1783778977476024,-0.0866506114331057,0.1783778977476024,0.8375175286803018,0.6943866020510083,0.9723279884163673,4,6,6,0.9723,0.929,0.7615,0.6873,0.5423,0.8932,0.6547,0.6873,8.43677200854827e-05,0.0001274579334932,5.793576099353636e-05,6.952217249975851e-05,41.7,28,4,41.7,r-naive_sl10_st10_sp336,,,,,,,,
yahoo-a1,vlstm-kl,cumulative,10,10,336,B2,,,,,,,,-0.0994693660845232,-0.0378844597078851,0.0994693660845232,0.8726538673146755,0.7768261310941367,0.9723279884163673,4,6,6,0.9723,0.9412,0.85,0.7271,0.6832,0.9313,0.7658,0.7271,0.0001393841994515,0.0002105736886774,9.571586249965349e-05,0.0001148578261778,68.9,28,4,68.9,r-cumulative_sl10_st10_sp336,,,,,,,,
yahoo-a1,vlstm-kl,experts,10,10,336,B2,,,,,,,,-0.0919413228207725,-0.0441009315287929,0.0919413228207725,0.8759515130945867,0.8002139842361516,0.9723279884163673,4,6,6,0.9723,0.9425,0.8828,0.7061,0.753,0.9065,0.8351,0.7061,8.6462696239624e-05,0.0001306229038285,5.93743804971584e-05,7.124852333140248e-05,42.7,29,4,42.8,r-experts_sl10_st10_sp336,,,,,,,,
yahoo-a1,vlstm-kl,strb,10,10,336,B2,50.0,0.2,0.9,0.5,,,,-0.1637472113046711,-0.0774352152858102,0.1637472113046711,0.8393187449912274,0.719322623801053,0.9723279884163673,4,6,6,0.9723,0.9367,0.7362,0.712,0.5854,0.9032,0.6766,0.712,0.0001169530066812,0.0001766859236247,8.031221383134835e-05,9.63737097933578e-05,57.8,25,4,57.8,r-strb_sl10_st10_sp336_bu50_no0.2_re0.9_re0.5,,,,,,,,
yahoo-a1,vlstm-kl,random-buffer,10,10,336,B2,50.0,,,0.5,,,,-0.1555192288792092,-0.0641585469815662,0.1555192288792092,0.8489516263070478,0.7030453156955119,0.9723279884163673,4,6,6,0.9723,0.9281,0.7944,0.7011,0.5836,0.8874,0.6401,0.7011,0.000109156105767,0.0001649068109834,7.49580013313486e-05,8.99488096521236e-05,54.0,25,4,54.0,r-random-buffer_sl10_st10_sp336_bu50_re0.5,,,,,,,,
yahoo-a1,vlstm-kl,reservoir,10,10,336,B2,50.0,,,0.5,,,,-0.1432526659883149,-0.0697881768253045,0.1432526659883149,0.8462021303536387,0.7294356720112425,0.9723279884163673,4,6,6,0.9723,0.9309,0.7815,0.7001,0.6152,0.8995,0.7029,0.7001,0.0001097786836298,0.0001658473660648,7.538550300976365e-05,9.046186305504914e-05,54.3,25,4,54.3,r-reservoir_sl10_st10_sp336_bu50_re0.5,,,,,,,,
yahoo-a1,vlstm-kl,ewc,10,10,336,B2,,,,,1000.0,,,-0.2180349446266012,-0.1045490830556064,0.2180349446266012,0.6940410044108394,0.5613561546679522,0.8717618411072883,4,6,6,0.8041,0.8337,0.5352,0.6031,0.2667,0.8453,0.5303,0.6031,0.0001117406537298,0.0001688113984491,7.673283622781228e-05,9.207856222133464e-05,55.2,43,4,55.3,r-ewc_sl10_st10_sp336_la1000,,,,,,,,
yahoo-a1,vlstm-kl,lwf,10,10,336,B2,,,,,,1.0,2.0,-0.2208010634443849,-0.0903804799532832,0.2208010634443849,0.7105543278012518,0.5576231130959342,0.8717618411072883,4,6,6,0.8041,0.8297,0.5914,0.617,0.2683,0.8178,0.5274,0.617,0.0001133270624933,0.0001712080542135,7.782223310140478e-05,9.338582111212116e-05,56.0,46,4,56.0,r-lwf_sl10_st10_sp336_al1.0_te2.0,,,,,,,,
yahoo-a1,vlstm-kl,naive,16,16,336,B2,,,,,,,,-0.1912487491977354,-0.0869517219830571,0.1912487491977354,0.8269587236143541,0.6487350661364717,0.9856394879483336,4,6,6,0.9856,0.9214,0.7002,0.7006,0.4445,0.8833,0.5665,0.7006,0.0001128148407973,0.0001704342189268,7.747052968867744e-05,9.296368923814348e-05,55.8,26,4,55.8,r-naive_sl16_st16_sp336,,,,,,,,
yahoo-a1,vlstm-kl,cumulative,16,16,336,B2,,,,,,,,-0.0637761896713161,-0.0203388085896706,0.0637761896713161,0.8966725279182278,0.8100978651145161,0.9856394879483336,4,6,6,0.9856,0.9228,0.9266,0.7517,0.7489,0.9342,0.8056,0.7517,0.0001470148344006,0.0002221016161936,0.0001009556513312,0.0001211459648624,72.7,28,4,72.7,r-cumulative_sl16_st16_sp336,,,,,,,,
yahoo-a1,vlstm-kl,experts,16,16,336,B2,,,,,,,,-0.0766020698633144,-0.0320322435674077,0.0766020698633144,0.8885972109099632,0.8000183011368011,0.9856394879483336,4,6,6,0.9856,0.9207,0.9089,0.7391,0.7124,0.9386,0.8099,0.7391,0.0001105427942561,0.0001670017407627,7.591012951322935e-05,9.10916112495276e-05,54.7,31,4,54.7,r-experts_sl16_st16_sp336,,,,,,,,
yahoo-a1,vlstm-kl,strb,16,16,336,B2,50.0,0.2,0.9,0.5,,,,-0.1061153241845806,-0.04129961391378,0.1061153241845806,0.86943846014508,0.7592914075751008,0.9856394879483336,4,6,6,0.9856,0.9239,0.8066,0.7617,0.6504,0.9289,0.6962,0.7617,0.0001335499462352,0.0002017596320967,9.17094412628406e-05,0.0001100501908338,66.0,28,4,66.0,r-strb_sl16_st16_sp336_bu50_no0.2_re0.9_re0.5,,,,,,,,
yahoo-a1,vlstm-kl,random-buffer,16,16,336,B2,50.0,,,0.5,,,,-0.1294571777767625,-0.0483390068398371,0.1294571777767625,0.8665647759131793,0.7191071666975208,0.9856394879483336,4,6,6,0.9856,0.9207,0.8382,0.7217,0.6121,0.8962,0.6464,0.7217,0.0001170768969719,0.0001768730900008,8.039732187430166e-05,9.647576812654734e-05,57.9,27,4,57.9,r-random-buffer_sl16_st16_sp336_bu50_re0.5,,,,,,,,
yahoo-a1,vlstm-kl,reservoir,16,16,336,B2,50.0,,,0.5,,,,-0.1177108691423411,-0.0513062372513133,0.1177108691423411,0.8600261747444704,0.7486285827612065,0.9856394879483336,4,6,6,0.9856,0.922,0.7956,0.7369,0.6654,0.8983,0.6939,0.7369,0.0001407787502068,0.0002126804963196,9.667335972189904e-05,0.0001160071365977,69.6,29,4,69.6,r-reservoir_sl16_st16_sp336_bu50_re0.5,,,,,,,,
yahoo-a1,vlstm-kl,ewc,16,16,336,B2,,,,,1000.0,,,-0.2580583541279288,-0.133386642119824,0.2580583541279288,0.737169104202691,0.569026942342754,0.9125546480734358,4,6,6,0.8947,0.8745,0.5224,0.6571,0.2663,0.8393,0.5134,0.6571,0.0001576283619676,0.0002381359275321,0.0001082441418392,0.0001298917856928,77.9,89,4,77.9,r-ewc_sl16_st16_sp336_la1000,,,,,,,,
yahoo-a1,vlstm-kl,lwf,16,16,336,B2,,,,,,1.0,2.0,-0.2558720828151771,-0.135911850139783,0.255872082815177,0.7457925549473985,0.5728792183837086,0.9125546480734358,4,6,6,0.8947,0.8746,0.5407,0.6732,0.2807,0.8271,0.5105,0.6732,0.0001673070094667,0.0002527578754525,0.0001148904373267,0.0001378674381257,82.7,95,4,82.7,r-lwf_sl16_st16_sp336_al1.0_te2.0,,,,,,,,
yahoo-a1,vlstm-kl,naive,24,24,336,B2,,,,,,,,-0.121130304451764,-0.0484885332931872,0.121130304451764,0.8702978418014176,0.7530494733269499,0.9833624635871828,4,6,6,0.9834,0.9273,0.8201,0.7504,0.6538,0.9207,0.6872,0.7504,0.0001391985770358,0.0002102932609322,9.558831163061162e-05,0.0001147049493016,68.8,29,4,68.8,r-naive_sl24_st24_sp336,,,,,,,,
yahoo-a1,vlstm-kl,cumulative,24,24,336,B2,,,,,,,,-0.1284241807391136,-0.0475444285419376,0.1284241807391136,0.8624887035007011,0.7269641623905222,0.9833624635871828,4,6,6,0.9834,0.927,0.8052,0.7344,0.6091,0.9131,0.6514,0.7344,0.0001622888977437,0.0002451767988321,0.0001114445315415,0.0001337322672906,80.2,29,4,80.3,r-cumulative_sl24_st24_sp336,,,,,,,,
yahoo-a1,vlstm-kl,experts,24,24,336,B2,,,,,,,,-0.064648561943012,-0.0248492209264204,0.064648561943012,0.8979357325168259,0.8300116510237826,0.9833624635871828,4,6,6,0.9834,0.9262,0.9105,0.7717,0.7686,0.928,0.8518,0.7717,0.0001396364028609,0.0002109547031858,9.58890486696166e-05,0.0001150656545162,69.0,34,4,69.1,r-experts_sl24_st24_sp336,,,,,,,,
yahoo-a1,vlstm-kl,strb,24,24,336,B2,50.0,0.2,0.9,0.5,,,,-0.0943972307450485,-0.0252896285412621,0.0943972307450485,0.8906322565544571,0.7638069867989814,0.9846899708697462,4,6,6,0.9834,0.9326,0.8957,0.7509,0.6574,0.9334,0.7136,0.7509,0.0001464911619179,0.0002213104817123,0.0001005961188658,0.0001207143628465,72.4,29,4,72.4,r-strb_sl24_st24_sp336_bu50_no0.2_re0.9_re0.5,,,,,,,,
yahoo-a1,vlstm-kl,random-buffer,24,24,336,B2,50.0,,,0.5,,,,-0.0964687099818076,-0.0189964595304136,0.0964687099818076,0.8992501696704105,0.7652689062795117,0.9833624635871828,4,6,6,0.9834,0.9304,0.9233,0.76,0.6748,0.9242,0.7021,0.76,0.0001456105041481,0.0002199800342457,9.999144334384862e-05,0.0001199885909018,72.0,29,4,72.0,r-random-buffer_sl24_st24_sp336_bu50_re0.5,,,,,,,,
yahoo-a1,vlstm-kl,reservoir,24,24,336,B2,50.0,,,0.5,,,,-0.0774422702460101,-0.0207211715431021,0.0774422702460101,0.8944677894387679,0.7884878853182928,0.9860840615896797,4,6,6,0.9834,0.9295,0.9082,0.7568,0.7121,0.9308,0.7542,0.7568,0.0001507995556703,0.0002278193569527,0.0001035546718152,0.0001242646851375,74.6,29,4,74.6,r-reservoir_sl24_st24_sp336_bu50_re0.5,,,,,,,,
yahoo-a1,vlstm-kl,ewc,24,24,336,B2,,,,,1000.0,,,-0.2057938764337933,-0.1237106428837471,0.2057938764337933,0.808864459125778,0.6618089633813987,0.9694590095713692,4,6,6,0.9695,0.8836,0.6549,0.7275,0.5048,0.8346,0.5803,0.7275,0.0001666206682241,0.0002517209902982,0.0001144192446747,0.0001373017456235,82.4,90,4,82.4,r-ewc_sl24_st24_sp336_la1000,,,,,,,,
yahoo-a1,vlstm-kl,lwf,24,24,336,B2,,,,,,1.0,2.0,-0.2226627805300072,-0.1235731498944273,0.2226627805300072,0.7965028803715598,0.6297561076772817,0.9694590095713692,4,6,6,0.9695,0.8925,0.5932,0.7308,0.4509,0.8213,0.516,0.7308,0.0001738996461135,0.0002627176544107,0.0001194177411464,0.0001432999132643,86.0,96,4,86.0,r-lwf_sl24_st24_sp336_al1.0_te2.0,,,,,,,,
yahoo-a1,vlstm-kl,naive,8,4,336,B3,,,,,,,,-0.2151200692039071,-0.106322858612418,0.2151200692039071,0.8172253891728252,0.6463164218363924,0.9659843662258796,4,6,6,0.966,0.9385,0.7066,0.6578,0.4543,0.8546,0.6185,0.6578,0.0001113810075402,0.0001682680655243,7.648591336910612e-05,9.1782152155259e-05,55.1,25,4,55.1,r-naive_sl8_st4_sp336,,,,,,,,
yahoo-a1,vlstm-kl,cumulative,8,4,336,B3,,,,,,,,-0.1332108228879653,-0.0524309497481345,0.1332108228879653,0.8538543861311363,0.7198055309224021,0.9659843662258796,4,6,6,0.966,0.944,0.8002,0.7052,0.5683,0.9143,0.6914,0.7052,0.0002028841764478,0.0003065058276119,0.0001393215820581,0.0001671842455537,100.3,25,4,100.3,r-cumulative_sl8_st4_sp336,,,,,,,,
yahoo-a1,vlstm-kl,experts,8,4,336,B3,,,,,,,,-0.1573164015232458,-0.0777507098577726,0.1573164015232458,0.8453611413527831,0.7164530073472422,0.9659843662258796,4,6,6,0.966,0.9381,0.8136,0.6638,0.601,0.8691,0.7319,0.6638,0.0001174435692838,0.00017742703759,8.064902904960844e-05,9.67780085404714e-05,58.1,27,4,58.1,r-experts_sl8_st4_sp336,,,,,,,,
yahoo-a1,vlstm-kl,strb,8,4,336,B3,50.0,0.2,0.9,0.5,,,,-0.1553792429886668,-0.0702096668750297,0.1553792429886668,0.8499960210538435,0.7209056156857798,0.9659843662258796,4,6,6,0.966,0.9509,0.7962,0.6869,0.6122,0.8839,0.7006,0.6869,0.0001592264257017,0.0002405501909605,0.0001093415122104,0.0001312086787501,78.7,25,4,78.7,r-strb_sl8_st4_sp336_bu50_no0.2_re0.9_re0.5,,,,,,,,
yahoo-a1,vlstm-kl,random-buffer,8,4,336,B3,50.0,,,0.5,,,,-0.0909325933938967,-0.0468532599832189,0.0909325933938967,0.86470999714594,0.7827199962204262,0.9659843662258796,4,6,6,0.966,0.9447,0.8623,0.6859,0.7597,0.869,0.8163,0.6859,0.0001606769721162,0.0002427415936467,0.000110337729688,0.0001324038639587,79.4,25,4,79.5,r-random-buffer_sl8_st4_sp336_bu50_re0.5,,,,,,,,
yahoo-a1,vlstm-kl,reservoir,8,4,336,B3,50.0,,,0.5,,,,-0.1026325231261692,-0.0588098039030742,0.1026325231261692,0.8574006659025636,0.780986352789673,0.9659843662258796,4,6,6,0.966,0.9398,0.8233,0.7006,0.7235,0.9061,0.7939,0.7006,0.0001620926563655,0.0002448803285647,0.0001113096908556,0.0001335706377091,80.1,25,4,80.2,r-reservoir_sl8_st4_sp336_bu50_re0.5,,,,,,,,
yahoo-a1,vlstm-kl,ewc,8,4,336,B3,,,,,1000.0,,,-0.1395834257621373,-0.0599252059360598,0.1395834257621373,0.6659098165296404,0.5938658242383141,0.876831454177508,4,6,6,0.6326,0.8768,0.5361,0.6181,0.3337,0.8699,0.5537,0.6181,0.0002185792643962,0.0003302170701804,0.0001500992928211,0.0001801177773593,108.1,63,4,108.1,r-ewc_sl8_st4_sp336_la1000,,,,,,,,
yahoo-a1,vlstm-kl,lwf,8,4,336,B3,,,,,,1.0,2.0,-0.1214211940514094,-0.046756197734614,0.1214211940514094,0.6698004330447083,0.5941112879154363,0.8717953165654814,4,6,6,0.6326,0.8615,0.5672,0.6178,0.3322,0.8687,0.5576,0.6178,0.0001989790591106,0.0003006061993495,0.0001366397803248,0.0001639664190247,98.4,61,4,98.4,r-lwf_sl8_st4_sp336_al1.0_te2.0,,,,,,,,
yahoo-a1,vlstm-kl,naive,12,6,336,B3,,,,,,,,-0.2175114860716876,-0.0906024173409776,0.2175114860716876,0.8289382112737903,0.6344691236722468,0.9793495787141812,4,6,6,0.9793,0.9338,0.7176,0.6851,0.4192,0.8811,0.5526,0.6851,0.0001235472867085,0.0001866481853085,8.484069600494372e-05,0.0001018074893035,61.1,25,4,61.1,r-naive_sl12_st6_sp336,,,,,,,,
yahoo-a1,vlstm-kl,cumulative,12,6,336,B3,,,,,,,,-0.0857662033135451,-0.0362495062811206,0.0857662033135451,0.8825080654137999,0.7977745368586863,0.9793495787141812,4,6,6,0.9793,0.9395,0.8753,0.7359,0.7561,0.9073,0.7918,0.7359,0.0002000866257968,0.0003022794478488,0.0001374003725701,0.0001648790752786,98.9,26,4,98.9,r-cumulative_sl12_st6_sp336,,,,,,,,
yahoo-a1,vlstm-kl,experts,12,6,336,B3,,,,,,,,-0.1454057099957645,-0.0660584062319252,0.1454057099957645,0.8605192318985919,0.7773676965016036,0.9793495787141812,4,6,6,0.9793,0.9382,0.8007,0.7238,0.6559,0.9155,0.8143,0.7238,0.0001318343888602,0.0001991678659854,9.053129751118832e-05,0.0001086365684742,65.2,29,4,65.2,r-experts_sl12_st6_sp336,,,,,,,,
yahoo-a1,vlstm-kl,strb,12,6,336,B3,50.0,0.2,0.9,0.5,,,,-0.1146419708284431,-0.0575314576276134,0.1146419708284431,0.8500962644273713,0.7553700370141088,0.9800768410022824,4,6,6,0.9793,0.9241,0.7731,0.7239,0.6777,0.8931,0.7267,0.7239,0.000168775713602,0.0002549767097864,0.0001158991403399,0.0001390775694465,83.4,25,4,83.5,r-strb_sl12_st6_sp336_bu50_no0.2_re0.9_re0.5,,,,,,,,
yahoo-a1,vlstm-kl,random-buffer,12,6,336,B3,50.0,,,0.5,,,,-0.1048254133290089,-0.0513921821166155,0.1048254133290089,0.8638680461341506,0.7685830668257536,0.9793495787141812,4,6,6,0.9793,0.9302,0.8368,0.7092,0.7344,0.8568,0.774,0.7092,0.0001603963280776,0.0002423176126601,0.0001101449346053,0.0001321726780547,79.3,25,4,79.3,r-random-buffer_sl12_st6_sp336_bu50_re0.5,,,,,,,,
yahoo-a1,vlstm-kl,reservoir,12,6,336,B3,50.0,,,0.5,,,,-0.1118755304619042,-0.0613124181140264,0.1118755304619042,0.8555716476075048,0.7711083459204502,0.9793495787141812,4,6,6,0.9793,0.9281,0.7868,0.728,0.6869,0.907,0.7626,0.728,0.0001569864403626,0.0002371661490297,0.0001078033472243,0.0001293628018054,77.6,24,4,77.6,r-reservoir_sl12_st6_sp336_bu50_re0.5,,,,,,,,
yahoo-a1,vlstm-kl,ewc,12,6,336,B3,,,,,1000.0,,,-0.2390714169403808,-0.1074870099071321,0.2390714169403807,0.7162288717670706,0.5567976414814416,0.8891958670029602,4,6,6,0.8472,0.8335,0.5483,0.6359,0.2621,0.8115,0.5177,0.6359,0.0001751080211486,0.0002645431984068,0.0001202474760434,0.0001442957223633,86.6,53,4,86.6,r-ewc_sl12_st6_sp336_la1000,,,,,,,,
yahoo-a1,vlstm-kl,lwf,12,6,336,B3,,,,,,1.0,2.0,-0.2142002803831546,-0.1042397396723316,0.2142002803831546,0.7219079892284196,0.5891016532003688,0.8891958670029602,4,6,6,0.8472,0.8151,0.5854,0.64,0.3525,0.8129,0.551,0.64,0.0002096004020987,0.0003166523177798,0.0001439334468754,0.0001727188709044,103.6,69,4,103.6,r-lwf_sl12_st6_sp336_al1.0_te2.0,,,,,,,,
yahoo-a1,vlstm-kl,naive,24,12,336,B3,,,,,,,,-0.1230063363154642,-0.0408688435874056,0.1230063363154642,0.8805376873632773,0.7486669706376893,0.9856554307116104,4,6,6,0.9857,0.926,0.8567,0.7538,0.6186,0.8949,0.7274,0.7538,0.000147282127725,0.0002225054276838,0.000101139259143,0.0001213661685407,72.8,31,4,72.8,r-naive_sl24_st12_sp336,,,,,,,,
yahoo-a1,vlstm-kl,cumulative,24,12,336,B3,,,,,,,,-0.1231303261173062,-0.0239505435951859,0.1231303261173062,0.8952782803900374,0.728630451880817,0.9856554307116104,4,6,6,0.9857,0.9291,0.9001,0.7663,0.601,0.9151,0.6321,0.7663,0.0001875485661411,0.0002833376633356,0.0001287903506949,0.0001545473126407,92.7,25,4,92.7,r-cumulative_sl24_st12_sp336,,,,,,,,
yahoo-a1,vlstm-kl,experts,24,12,336,B3,,,,,,,,-0.0898726849828399,-0.0340375959761682,0.0898726849828399,0.8890847638758576,0.7976026420793914,0.9856554307116104,4,6,6,0.9857,0.93,0.8664,0.7743,0.689,0.9288,0.7983,0.7743,0.0001503435332938,0.0002271304243885,0.0001032420989022,0.0001238883254863,74.3,29,4,74.3,r-experts_sl24_st12_sp336,,,,,,,,
yahoo-a1,vlstm-kl,strb,24,12,336,B3,50.0,0.2,0.9,0.5,,,,-0.0511240806291995,-0.0221272240684807,0.0511240806291995,0.906208947290762,0.8420495558159089,0.9856554307116104,4,6,6,0.9857,0.926,0.9335,0.7796,0.819,0.9243,0.8452,0.7796,0.0001803491956798,0.0002724612655793,0.0001238465741897,0.0001486146913895,89.2,28,4,89.2,r-strb_sl24_st12_sp336_bu50_no0.2_re0.9_re0.5,,,,,,,,
yahoo-a1,vlstm-kl,random-buffer,24,12,336,B3,50.0,,,0.5,,,,-0.1531006083242971,-0.0332628315913565,0.1531006083242971,0.8891298348399963,0.6899973334314671,0.9856554307116104,4,6,6,0.9857,0.9285,0.9023,0.7401,0.5574,0.882,0.5805,0.7401,0.0001958582491516,0.0002958914578844,0.000134496692883,0.0001613947650014,96.8,25,4,96.9,r-random-buffer_sl24_st12_sp336_bu50_re0.5,,,,,,,,
yahoo-a1,vlstm-kl,reservoir,24,12,336,B3,50.0,,,0.5,,,,-0.0874476249638706,-0.0215280021410457,0.0874476249638706,0.9024645767772548,0.783882218221737,0.9856554307116104,4,6,6,0.9857,0.9267,0.9312,0.7662,0.6812,0.924,0.7641,0.7662,0.0002004656335069,0.0003028520310533,0.0001376606492467,0.0001651913818065,99.1,27,4,99.1,r-reservoir_sl24_st12_sp336_bu50_re0.5,,,,,,,,
yahoo-a1,vlstm-kl,ewc,24,12,336,B3,,,,,1000.0,,,-0.2442552773418282,-0.1323942495856098,0.2442552773418282,0.7896438472429901,0.6061581828793006,0.959891801914274,4,6,6,0.9599,0.8829,0.5946,0.7212,0.349,0.8375,0.5169,0.7212,0.0001980680401363,0.0002992298839089,0.0001360141571746,0.0001632157267342,97.9,72,4,97.9,r-ewc_sl24_st12_sp336_la1000,,,,,,,,
yahoo-a1,vlstm-kl,lwf,24,12,336,B3,,,,,,1.0,2.0,-0.2717490715526362,-0.1287122423131084,0.2717490715526362,0.7799869291152912,0.582313469168103,0.959891801914274,4,6,6,0.9599,0.8883,0.5417,0.7301,0.2769,0.8289,0.4934,0.7301,0.000195510788848,0.0002953665347002,0.0001342581171303,0.0001611084175699,96.7,69,4,96.7,r-lwf_sl24_st12_sp336_al1.0_te2.0,,,,,,,,
yahoo-a1,vlstm-kl,strb,6,6,336,B4,50.0,0.05,0.9,0.5,,,,-0.1399981380724142,-0.0836944563312331,0.1399981380724142,0.829810356070889,0.7214880575412101,0.9660239681775572,4,6,6,0.966,0.9449,0.7498,0.6585,0.6322,0.8921,0.7033,0.6585,0.0001006146894125,0.0001520029269323,6.909268304330503e-05,8.291024388900647e-05,49.7,26,4,49.8,r-strb_sl6_st6_sp336_bu50_no0.05_re0.9_re0.5,,,,,,,,
yahoo-a1,vlstm-kl,strb,8,8,336,B4,50.0,0.05,0.9,0.5,,,,-0.2327970792299399,-0.0970822258746159,0.2327970792299399,0.8244471832877562,0.6353879915919396,0.9744323687702192,4,6,6,0.9744,0.9532,0.7097,0.6604,0.4081,0.8868,0.5862,0.6604,0.000106206183535,0.0001604502369374,7.293234624085016e-05,8.751789069656904e-05,52.5,24,4,52.5,r-strb_sl8_st8_sp336_bu50_no0.05_re0.9_re0.5,,,,,,,,
yahoo-a1,vlstm-kl,strb,10,10,336,B4,50.0,0.05,0.9,0.5,,,,-0.1697506427713536,-0.0813617700149557,0.1697506427713536,0.8351335335780334,0.7099784837044024,0.9723279884163673,4,6,6,0.9723,0.9367,0.7283,0.7032,0.5865,0.8849,0.6653,0.7032,0.0001040097636772,0.0001571320112479,7.142402743015232e-05,8.570798381774996e-05,51.4,25,4,51.4,r-strb_sl10_st10_sp336_bu50_no0.05_re0.9_re0.5,,,,,,,,
yahoo-a1,vlstm-kl,strb,16,16,336,B4,50.0,0.05,0.9,0.5,,,,-0.1043115490492048,-0.0413124217509268,0.1043115490492048,0.869477820815336,0.7621138311967822,0.9856394879483336,4,6,6,0.9856,0.9239,0.8075,0.7609,0.6557,0.9293,0.7026,0.7609,0.000133325624761,0.0002014207400239,9.155542071805232e-05,0.0001098653193058,65.9,28,4,65.9,r-strb_sl16_st16_sp336_bu50_no0.05_re0.9_re0.5,,,,,,,,
yahoo-a1,vlstm-kl,strb,24,24,336,B4,50.0,0.05,0.9,0.5,,,,-0.0920996688074258,-0.0241999555542674,0.0920996688074258,0.8914309888316885,0.7663827428376886,0.9846899708697462,4,6,6,0.9834,0.9326,0.8998,0.75,0.6629,0.9337,0.7189,0.75,0.000129741416041,0.000196005922174,8.909417662071065e-05,0.0001069117455533,64.1,29,4,64.2,r-strb_sl24_st24_sp336_bu50_no0.05_re0.9_re0.5,,,,,,,,
yahoo-a1,vlstm-kl,strb,6,6,336,B4,50.0,0.35,0.9,0.5,,,,-0.1354046057087517,-0.0809041323091366,0.1354046057087517,0.8320822363510901,0.7200874956175384,0.9660239681775572,4,6,6,0.966,0.9449,0.7674,0.65,0.6241,0.9003,0.7061,0.65,0.0001008537955166,0.0001523641547796,6.925687436273115e-05,8.310728041687981e-05,49.9,26,4,49.9,r-strb_sl6_st6_sp336_bu50_no0.35_re0.9_re0.5,,,,,,,,
yahoo-a1,vlstm-kl,strb,8,8,336,B4,50.0,0.35,0.9,0.5,,,,-0.2315770032273883,-0.0955981257035609,0.2315770032273884,0.8268795419491577,0.6382496481946042,0.9744323687702192,4,6,6,0.9744,0.9532,0.7145,0.6654,0.4147,0.8885,0.5844,0.6654,0.0001040739990386,0.0001572290543634,7.14681413774896e-05,8.576091298600659e-05,51.5,24,4,51.5,r-strb_sl8_st8_sp336_bu50_no0.35_re0.9_re0.5,,,,,,,,
yahoo-a1,vlstm-kl,strb,10,10,336,B4,50.0,0.35,0.9,0.5,,,,-0.1637472113046711,-0.0774352152858102,0.1637472113046711,0.8393187449912274,0.719322623801053,0.9723279884163673,4,6,6,0.9723,0.9367,0.7362,0.712,0.5854,0.9032,0.6766,0.712,0.0001057820582627,0.0001598094926967,7.264110769675527e-05,8.716838499996812e-05,52.3,25,4,52.3,r-strb_sl10_st10_sp336_bu50_no0.35_re0.9_re0.5,,,,,,,,
yahoo-a1,vlstm-kl,strb,16,16,336,B4,50.0,0.35,0.9,0.5,,,,-0.1077345481877636,-0.0439630192677683,0.1077345481877636,0.8659693324993636,0.7610711823263054,0.9856394879483336,4,6,6,0.9856,0.9239,0.7934,0.761,0.6595,0.9288,0.695,0.761,0.0001335923296686,0.0002018236625674,9.173851319420569e-05,0.0001100851493732,66.1,28,4,66.1,r-strb_sl16_st16_sp336_bu50_no0.35_re0.9_re0.5,,,,,,,,
yahoo-a1,vlstm-kl,strb,24,24,336,B4,50.0,0.35,0.9,0.5,,,,-0.1117338497410834,-0.0275432417717395,0.1117338497410834,0.8877788255277071,0.7384228476485463,0.9846899708697462,4,6,6,0.9834,0.9326,0.8911,0.7441,0.5861,0.9259,0.6976,0.7441,0.0001427948172524,0.0002157262552799,9.805786875141269e-05,0.0001176683865285,70.6,28,4,70.6,r-strb_sl24_st24_sp336_bu50_no0.35_re0.9_re0.5,,,,,,,,
yahoo-a1,vlstm-kl,strb,6,6,336,B4,250.0,0.05,0.9,0.5,,,,-0.1503619881445305,-0.0884969244946515,0.1503619881445305,0.8329560294945895,0.7166992547075995,0.9660239681775572,4,6,6,0.966,0.9421,0.7551,0.6685,0.6044,0.9028,0.6911,0.6685,9.849784981815568e-05,0.00014880492656,6.763897690818541e-05,8.116594965181625e-05,48.7,25,4,48.7,r-strb_sl6_st6_sp336_bu250_no0.05_re0.9_re0.5,,,,,,,,
yahoo-a1,vlstm-kl,strb,8,8,336,B4,250.0,0.05,0.9,0.5,,,,-0.1360592011509414,-0.057681608165778,0.1360592011509414,0.8583548081370345,0.7484823440545058,0.9744323687702192,4,6,6,0.9744,0.9519,0.7948,0.7123,0.6387,0.9136,0.7293,0.7123,0.0001105109908035,0.0001669536939228,7.588836024321306e-05,9.106533367962886e-05,54.6,25,4,54.7,r-strb_sl8_st8_sp336_bu250_no0.05_re0.9_re0.5,,,,,,,,
yahoo-a1,vlstm-kl,strb,10,10,336,B4,250.0,0.05,0.9,0.5,,,,-0.1729575179395514,-0.0845657589472278,0.1729575179395514,0.8293778390882527,0.7097174044207493,0.9723279884163673,4,6,6,0.9723,0.9352,0.715,0.695,0.5556,0.8812,0.707,0.695,0.0001061869055279,0.0001604211128252,7.291900011607342e-05,8.750211270914103e-05,52.5,25,4,52.5,r-strb_sl10_st10_sp336_bu250_no0.05_re0.9_re0.5,,,,,,,,
yahoo-a1,vlstm-kl,strb,12,12,336,B4,250.0,0.05,0.9,0.5,,,,-0.1327794482822634,-0.0493753296862632,0.1327794482822634,0.8578627683341692,0.7230360965614221,0.9815552886800668,4,6,6,0.9816,0.9279,0.81,0.712,0.5884,0.8935,0.6983,0.712,0.00011844703603,0.0001789430178449,8.133818992840437e-05,9.760482791656008e-05,58.6,25,4,58.6,r-strb_sl12_st12_sp336_bu250_no0.05_re0.9_re0.5,,,,,,,,
yahoo-a1,vlstm-kl,strb,16,16,336,B4,250.0,0.05,0.9,0.5,,,,-0.1524226327433322,-0.0572433136016112,0.1524226327433322,0.8549434653176362,0.705404672977489,0.9856394879483336,4,6,6,0.9856,0.9229,0.784,0.7272,0.5145,0.9222,0.6576,0.7272,0.0001344818026447,0.0002031674275443,9.23493271978158e-05,0.0001108181003465,66.5,27,4,66.5,r-strb_sl16_st16_sp336_bu250_no0.05_re0.9_re0.5,,,,,,,,
yahoo-a1,vlstm-kl,strb,24,24,336,B4,250.0,0.05,0.9,0.5,,,,-0.0871589081589604,-0.0252327354356357,0.0871589081589604,0.8926763918448274,0.7802432208465223,0.9833624635871828,4,6,6,0.9834,0.9309,0.9088,0.7476,0.6941,0.9329,0.7464,0.7476,0.0001303723372708,0.0001969590819379,8.952742673314383e-05,0.0001074316552048,64.5,28,4,64.5,r-strb_sl24_st24_sp336_bu250_no0.05_re0.9_re0.5,,,,,,,,
yahoo-a1,vlstm-kl,strb,6,6,336,B4,250.0,0.2,0.9,0.5,,,,-0.149970475993034,-0.0881721531236617,0.149970475993034,0.8332795756652397,0.7175764893194112,0.9660239681775572,4,6,6,0.966,0.9421,0.7547,0.6702,0.6048,0.9043,0.6909,0.6702,0.0001057471118944,0.0001597566977191,7.261713987229288e-05,8.713955784682186e-05,52.3,25,4,52.3,r-strb_sl6_st6_sp336_bu250_no0.2_re0.9_re0.5,,,,,,,,
yahoo-a1,vlstm-kl,strb,8,8,336,B4,250.0,0.2,0.9,0.5,,,,-0.1384236774766119,-0.0620946236464338,0.1384236774766119,0.8545017179584142,0.7419883987428213,0.9744323687702192,4,6,6,0.9744,0.9519,0.7933,0.6983,0.6261,0.9159,0.7276,0.6983,0.0001066194998853,0.000161074651676,7.321613153908401e-05,8.78585201369909e-05,52.7,25,4,52.7,r-strb_sl8_st8_sp336_bu250_no0.2_re0.9_re0.5,,,,,,,,
yahoo-a1,vlstm-kl,strb,10,10,336,B4,250.0,0.2,0.9,0.5,,,,-0.1695701358694034,-0.0846718587447218,0.1695701358694034,0.8294186651190958,0.7131536732950133,0.9723279884163673,4,6,6,0.9723,0.9352,0.7118,0.6983,0.5549,0.8927,0.7067,0.6983,0.0001093178077937,0.0001651511011711,7.506899623937595e-05,9.008210493174071e-05,54.0,25,4,54.1,r-strb_sl10_st10_sp336_bu250_no0.2_re0.9_re0.5,,,,,,,,
yahoo-a1,vlstm-kl,strb,16,16,336,B4,250.0,0.2,0.9,0.5,,,,-0.1547166230571993,-0.0574905673357986,0.1547166230571993,0.8545304125696522,0.7016628376548031,0.9856394879483336,4,6,6,0.9856,0.9229,0.7828,0.7268,0.5066,0.9221,0.6511,0.7268,0.0001344198167935,0.0002030737828603,9.230669022072108e-05,0.0001107670926395,66.5,27,4,66.5,r-strb_sl16_st16_sp336_bu250_no0.2_re0.9_re0.5,,,,,,,,
yahoo-a1,vlstm-kl,strb,24,24,336,B4,250.0,0.2,0.9,0.5,,,,-0.080488131972323,-0.0237016503239135,0.080488131972323,0.8938410460257371,0.7888738554490287,0.9833624635871828,4,6,6,0.9834,0.9309,0.9082,0.7528,0.718,0.9316,0.753,0.7528,0.0001343249286656,0.0002029304312954,9.224161712853756e-05,0.0001106888141669,66.4,28,4,66.4,r-strb_sl24_st24_sp336_bu250_no0.2_re0.9_re0.5,,,,,,,,
yahoo-a1,vlstm-kl,strb,6,6,336,B4,250.0,0.35,0.9,0.5,,,,-0.149970475993034,-0.0881721531236617,0.149970475993034,0.8332795756652397,0.7175764893194112,0.9660239681775572,4,6,6,0.966,0.9421,0.7547,0.6702,0.6048,0.9043,0.6909,0.6702,0.0001003998243738,0.000151678321102,6.894505734995214e-05,8.273326375211278e-05,49.6,25,4,49.7,r-strb_sl6_st6_sp336_bu250_no0.35_re0.9_re0.5,,,,,,,,
yahoo-a1,vlstm-kl,strb,8,8,336,B4,250.0,0.35,0.9,0.5,,,,-0.1384236774766119,-0.0620946236464338,0.1384236774766119,0.8545017179584142,0.7419883987428213,0.9744323687702192,4,6,6,0.9744,0.9519,0.7933,0.6983,0.6261,0.9159,0.7276,0.6983,0.000107958032717,0.0001630968306383,7.41352832766198e-05,8.896154736168682e-05,53.4,25,4,53.4,r-strb_sl8_st8_sp336_bu250_no0.35_re0.9_re0.5,,,,,,,,
yahoo-a1,vlstm-kl,strb,10,10,336,B4,250.0,0.35,0.9,0.5,,,,-0.1695224070139471,-0.0847077186110868,0.1695224070139471,0.8293899757211547,0.7131541463987927,0.9723279884163673,4,6,6,0.9723,0.9352,0.7117,0.6984,0.5542,0.8933,0.7067,0.6984,0.0001107835796963,0.0001673655056552,7.607564288062146e-05,9.128986277462294e-05,54.8,25,4,54.8,r-strb_sl10_st10_sp336_bu250_no0.35_re0.9_re0.5,,,,,,,,
yahoo-a1,vlstm-kl,strb,12,12,336,B4,250.0,0.35,0.9,0.5,,,,-0.1316697135294777,-0.0473363410840214,0.1316697135294777,0.8600160579157775,0.7258351871933426,0.9815552886800668,4,6,6,0.9816,0.9279,0.8174,0.7132,0.5825,0.902,0.7057,0.7132,0.0001170499758683,0.0001768324191349,8.037880260510268e-05,9.645361652985835e-05,57.9,25,4,57.9,r-strb_sl12_st12_sp336_bu250_no0.35_re0.9_re0.5,,,,,,,,
yahoo-a1,vlstm-kl,strb,16,16,336,B4,250.0,0.35,0.9,0.5,,,,-0.1527972872187326,-0.0571435061877477,0.1527972872187326,0.8549954776319031,0.7043656476365203,0.9856394879483336,4,6,6,0.9856,0.9229,0.7849,0.7265,0.5118,0.9229,0.6562,0.7265,0.0001401931497834,0.0002117958046419,9.62713233227583e-05,0.0001155244813192,69.3,27,4,69.3,r-strb_sl16_st16_sp336_bu250_no0.35_re0.9_re0.5,,,,,,,,
yahoo-a1,vlstm-kl,strb,24,24,336,B4,250.0,0.35,0.9,0.5,,,,-0.0835305069574811,-0.0236845180770856,0.0835305069574811,0.8938765173697971,0.7842902661747304,0.9833624635871828,4,6,6,0.9834,0.9309,0.9082,0.753,0.705,0.9329,0.7464,0.753,0.0001613599727675,0.0002437734320264,0.0001108067044554,0.0001329667275709,79.8,28,4,79.8,r-strb_sl24_st24_sp336_bu250_no0.35_re0.9_re0.5,,,,,,,,
yahoo-a1,vlstm-kl,strb,6,6,336,B4,1000.0,0.05,0.9,0.5,,,,-0.1429302374622918,-0.0850907730176979,0.1429302374622918,0.8365824725962543,0.7236388624005591,0.9660239681775572,4,6,6,0.966,0.9431,0.7646,0.6726,0.6158,0.9114,0.6948,0.6726,0.0001188660690754,0.0001795760690401,8.162603431652921e-05,9.795003472361714e-05,58.8,25,4,58.8,r-strb_sl6_st6_sp336_bu1000_no0.05_re0.9_re0.5,,,,,,,,
yahoo-a1,vlstm-kl,strb,8,8,336,B4,1000.0,0.05,0.9,0.5,,,,-0.130113133549053,-0.0551923030870737,0.130113133549053,0.8636900087490503,0.7592682278026066,0.9744323687702192,4,6,6,0.9744,0.9466,0.8147,0.7191,0.6529,0.9249,0.7402,0.7191,0.0001150521980764,0.0001738142905346,7.9006780671706e-05,9.480750986297304e-05,56.9,24,4,56.9,r-strb_sl8_st8_sp336_bu1000_no0.05_re0.9_re0.5,,,,,,,,
yahoo-a1,vlstm-kl,strb,10,10,336,B4,1000.0,0.05,0.9,0.5,,,,-0.1348596046844853,-0.0562899416936307,0.1348596046844853,0.8531761953550092,0.7401122176266298,0.9723279884163673,4,6,6,0.9723,0.9339,0.7892,0.7173,0.6235,0.9007,0.7189,0.7173,0.0001245470301526,0.0001881585406112,8.552712054418711e-05,0.000102631420067,61.6,25,4,61.6,r-strb_sl10_st10_sp336_bu1000_no0.05_re0.9_re0.5,,,,,,,,
yahoo-a1,vlstm-kl,strb,12,12,336,B4,1000.0,0.05,0.9,0.5,,,,-0.1102058744232803,-0.0365587340296379,0.1102058744232803,0.8756914907499928,0.7672663472826109,0.9815552886800668,4,6,6,0.9816,0.9318,0.8608,0.7286,0.6496,0.91,0.7808,0.7286,0.0001193406223865,0.0001802929970821,8.195177152649395e-05,9.834122555563228e-05,59.0,24,4,59.0,r-strb_sl12_st12_sp336_bu1000_no0.05_re0.9_re0.5,,,,,,,,
yahoo-a1,vlstm-kl,strb,16,16,336,B4,1000.0,0.05,0.9,0.5,,,,-0.0955233107556473,-0.0310084366253545,0.0955233107556473,0.884079812532962,0.7705336320427327,0.9856394879483336,4,6,6,0.9856,0.9226,0.8837,0.7443,0.6658,0.9144,0.7575,0.7443,0.0001322160768132,0.0001997444983476,9.079336035970804e-05,0.0001089511379878,65.4,28,4,65.4,r-strb_sl16_st16_sp336_bu1000_no0.05_re0.9_re0.5,,,,,,,,
yahoo-a1,vlstm-kl,strb,24,24,336,B4,1000.0,0.05,0.9,0.5,,,,-0.0648345213129211,-0.0246668196025979,0.0648345213129211,0.8939624247598429,0.816399149277555,0.9833624635871828,4,6,6,0.9834,0.9281,0.8991,0.7653,0.7829,0.9279,0.7895,0.7653,0.0001588510991699,0.0002399831690701,0.0001090837542821,0.000130899414788,78.5,28,4,78.6,r-strb_sl24_st24_sp336_bu1000_no0.05_re0.9_re0.5,,,,,,,,
yahoo-a1,vlstm-kl,strb,6,6,336,B4,1000.0,0.2,0.9,0.5,,,,-0.1434919894595655,-0.0852312283999425,0.1434919894595655,0.8364657855808274,0.7229202087824649,0.9660239681775572,4,6,6,0.966,0.9431,0.7647,0.672,0.6157,0.9095,0.6945,0.672,0.0001225989451335,0.0001852154850142,8.418930098543772e-05,0.0001010261840287,60.6,25,4,60.6,r-strb_sl6_st6_sp336_bu1000_no0.2_re0.9_re0.5,,,,,,,,
yahoo-a1,vlstm-kl,strb,8,8,336,B4,1000.0,0.2,0.9,0.5,,,,-0.1264859235094494,-0.0558435866537296,0.1264859235094494,0.8635983066226105,0.7629032882675414,0.9744323687702192,4,6,6,0.9744,0.9466,0.8161,0.7173,0.659,0.9307,0.7447,0.7173,0.0001023133984726,0.0001545692395715,7.025908686466412e-05,8.431015270684536e-05,50.6,24,4,50.6,r-strb_sl8_st8_sp336_bu1000_no0.2_re0.9_re0.5,,,,,,,,
yahoo-a1,vlstm-kl,strb,10,10,336,B4,1000.0,0.2,0.9,0.5,,,,-0.1309492822963014,-0.0559060358553599,0.1309492822963014,0.8545938829662925,0.7434161172231029,0.9723279884163673,4,6,6,0.9723,0.9339,0.7934,0.7187,0.6277,0.91,0.7172,0.7187,0.0001269608493741,0.0001918052008444,8.718472007959564e-05,0.0001046204807648,62.8,25,4,62.8,r-strb_sl10_st10_sp336_bu1000_no0.2_re0.9_re0.5,,,,,,,,
yahoo-a1,vlstm-kl,strb,16,16,336,B4,1000.0,0.2,0.9,0.5,,,,-0.0927831939697035,-0.0281644720062236,0.0927831939697035,0.8865236884343917,0.775341715042424,0.9856394879483336,4,6,6,0.9856,0.9226,0.8876,0.7502,0.6755,0.9159,0.7597,0.7502,0.0001421619992863,0.0002147702300353,9.76238210071137e-05,0.0001171464090282,70.3,27,4,70.3,r-strb_sl16_st16_sp336_bu1000_no0.2_re0.9_re0.5,,,,,,,,
yahoo-a1,vlstm-kl,strb,24,24,336,B4,1000.0,0.2,0.9,0.5,,,,-0.0637404321737447,-0.029244836910205,0.0637404321737447,0.8919754956861912,0.827377932374032,0.9833624635871828,4,6,6,0.9834,0.9281,0.8836,0.7728,0.7991,0.9305,0.8072,0.7728,0.000154605264947,0.0002335688051943,0.0001061682174189,0.0001274005877754,76.4,27,4,76.5,r-strb_sl24_st24_sp336_bu1000_no0.2_re0.9_re0.5,,,,,,,,
yahoo-a1,vlstm-kl,strb,6,6,336,B4,1000.0,0.35,0.9,0.5,,,,-0.1435953067688153,-0.0853088361203754,0.1435953067688153,0.8363849834282714,0.7228260492342581,0.9660239681775572,4,6,6,0.966,0.9431,0.7645,0.6718,0.6158,0.909,0.6946,0.6718,0.0001291264095851,0.0001950768055418,8.867176325228581e-05,0.0001064050422896,63.8,25,4,63.9,r-strb_sl6_st6_sp336_bu1000_no0.35_re0.9_re0.5,,,,,,,,
yahoo-a1,vlstm-kl,strb,8,8,336,B4,1000.0,0.35,0.9,0.5,,,,-0.1264859235094494,-0.0558435866537296,0.1264859235094494,0.8635983066226105,0.7629032882675414,0.9744323687702192,4,6,6,0.9744,0.9466,0.8161,0.7173,0.659,0.9307,0.7447,0.7173,0.0001033645558685,0.0001561572681366,7.09809673025221e-05,8.517630083408828e-05,51.1,24,4,51.1,r-strb_sl8_st8_sp336_bu1000_no0.35_re0.9_re0.5,,,,,,,,
yahoo-a1,vlstm-kl,strb,10,10,336,B4,1000.0,0.35,0.9,0.5,,,,-0.1309799066885689,-0.0559035591453985,0.1309799066885689,0.854602287117249,0.7433604741503612,0.9723279884163673,4,6,6,0.9723,0.9339,0.7934,0.7188,0.6276,0.91,0.7171,0.7188,0.0001240670246646,0.0001874333757317,8.519756475773952e-05,0.0001022358109739,61.3,25,4,61.4,r-strb_sl10_st10_sp336_bu1000_no0.35_re0.9_re0.5,,,,,,,,
yahoo-a1,vlstm-kl,strb,12,12,336,B4,1000.0,0.35,0.9,0.5,,,,-0.1124577780766571,-0.0365850116146136,0.1124577780766571,0.8755975697904932,0.7634975524878488,0.9815552886800668,4,6,6,0.9816,0.9318,0.8613,0.7278,0.6408,0.9109,0.7746,0.7278,0.0001022391525551,0.0001544570730793,7.020806759246625e-05,8.424900548687826e-05,50.5,24,4,50.6,r-strb_sl12_st12_sp336_bu1000_no0.35_re0.9_re0.5,,,,,,,,
yahoo-a1,vlstm-kl,strb,16,16,336,B4,1000.0,0.35,0.9,0.5,,,,-0.0899553157858189,-0.0270883012996215,0.0899553157858189,0.88776144094012,0.7808423583863449,0.9856394879483336,4,6,6,0.9856,0.9226,0.8901,0.7527,0.6868,0.9147,0.7692,0.7527,0.0001408802284274,0.00021283380382,9.67430927085742e-05,0.0001160907111115,69.7,27,4,69.7,r-strb_sl16_st16_sp336_bu1000_no0.35_re0.9_re0.5,,,,,,,,
yahoo-a1,vlstm-kl,strb,24,24,336,B4,1000.0,0.35,0.9,0.5,,,,-0.0635261076341387,-0.0292123856253471,0.0635261076341387,0.8920241726134779,0.8277480961107279,0.9833624635871828,4,6,6,0.9834,0.9281,0.8836,0.773,0.7999,0.9303,0.8077,0.773,0.000139601072804,0.0002109013285534,9.586476209418228e-05,0.0001150365664592,69.0,27,4,69.0,r-strb_sl24_st24_sp336_bu1000_no0.35_re0.9_re0.5,,,,,,,,
yahoo-a1,vlstm-kl,naive,12,12,168,B5,,,,,,,,-0.0085643445723535,-0.0876047627023145,0.0085643445723535,0.8741518803848207,0.8549215535764172,0.9995516811955169,8,28,28,0.9681,0.9889,0.9992,0.9938,0.9847,0.9881,0.994,0.987,0.0001137036895305,0.0001717770408331,7.80808607633743e-05,9.36961800698191e-05,56.2,53,8,56.2,r-naive_sl12_st12_sp168,0.882,0.7616,0.8584,0.5414,0.6773,0.7946,0.8724,0.5414
yahoo-a1,vlstm-kl,cumulative,12,12,168,B5,,,,,,,,0.00165497619027,-0.037911708137545,-0.00165497619027,0.9174606710653418,0.9214883006329172,0.9995018679950188,8,28,28,0.9681,0.9951,0.9995,0.9934,0.9845,0.9927,0.9995,0.9961,0.0001985706635965,0.0002999892187291,0.0001363593487288,0.0001636298700002,98.2,54,8,98.2,r-cumulative_sl12_st12_sp168,0.9452,0.8468,0.8643,0.7272,0.9203,0.8385,0.9132,0.7272
yahoo-a1,vlstm-kl,experts,12,12,168,B5,,,,,,,,0.0059742734462422,-0.0301708887674036,-0.0059742734462422,0.9336526567947392,0.946306037008483,0.9995516811955169,8,28,28,0.9681,0.9932,0.9994,0.9938,0.9829,0.9926,0.9994,0.9938,0.000118439473911,0.0001789315934274,8.133299467671248e-05,9.759859875077382e-05,58.6,67,8,58.6,r-experts_sl12_st12_sp168,0.9609,0.8461,0.8956,0.8122,0.9602,0.8878,0.9416,0.8122
yahoo-a1,vlstm-kl,strb,12,12,168,B5,50.0,0.2,0.9,0.5,,,,-0.0023313221027171,-0.0821690042058698,0.0023313221027171,0.8725013110514215,0.870043410491024,0.9995516811955169,8,28,28,0.9681,0.9949,0.9993,0.9943,0.9796,0.9924,0.9984,0.9941,0.0001387695912933,0.0002096451737707,9.529373946586728e-05,0.0001143514343048,68.6,53,8,68.6,r-strb_sl12_st12_sp168_bu50_no0.2_re0.9_re0.5,0.9212,0.7078,0.7849,0.6095,0.8267,0.7455,0.8141,0.6095
yahoo-a1,vlstm-kl,random-buffer,12,12,168,B5,50.0,,,0.5,,,,-0.0024217731844443,-0.0507652937496451,0.0024217731844443,0.9018261995782236,0.8939323384103977,0.9995516811955169,8,28,28,0.9681,0.9947,0.9995,0.9932,0.9886,0.9885,0.9984,0.9938,0.0001282063386517,0.0001936868149185,8.803990248707123e-05,0.0001056469124314,63.4,50,8,63.4,r-random-buffer_sl12_st12_sp168_bu50_re0.5,0.9294,0.8266,0.8685,0.6346,0.8686,0.811,0.868,0.6346
yahoo-a1,vlstm-kl,reservoir,12,12,168,B5,50.0,,,0.5,,,,-0.0020981091569992,-0.0652595642369081,0.0020981091569992,0.8974099417726189,0.895170841290051,0.999651307596513,8,28,28,0.9681,0.9946,0.9995,0.994,0.9868,0.9818,0.9975,0.9946,0.0001418192656015,0.0002142524475569,9.738795109830486e-05,0.0001168644964586,70.1,53,8,70.1,r-reservoir_sl12_st12_sp168_bu50_re0.5,0.9221,0.8106,0.8545,0.6359,0.8809,0.8048,0.879,0.6359
yahoo-a1,vlstm-kl,ewc,12,12,168,B5,,,,,1000.0,,,-0.0250202101844835,-0.0903997869509751,0.0250202101844835,0.8706869437533682,0.8409383829273218,0.997708592777086,8,28,28,0.9871,0.9855,0.9956,0.9756,0.9904,0.9834,0.9897,0.9509,0.0001526824299525,0.0002306638958924,0.0001048477608212,0.0001258161350712,75.5,104,8,75.5,r-ewc_sl12_st12_sp168_la1000,0.8761,0.6673,0.8863,0.592,0.6577,0.6687,0.8946,0.592
yahoo-a1,vlstm-kl,lwf,12,12,168,B5,,,,,,1.0,2.0,-0.0114362728906614,-0.1057155064333893,0.0114362728906614,0.855311611464636,0.8474057025702373,0.997708592777086,8,28,28,0.9871,0.9824,0.9959,0.9694,0.9861,0.9755,0.9928,0.949,0.0001528164663025,0.0002308663903555,0.000104939901678,0.0001259264886775,75.6,115,8,75.6,r-lwf_sl12_st12_sp168_al1.0_te2.0,0.8162,0.6498,0.8704,0.5712,0.7577,0.6685,0.8785,0.5712
yahoo-a1,vtcn-kl,naive,12,12,336,B1,,,,,,,,-0.25065544192315,-0.0916391358020464,0.25065544192315,0.8225521083709384,0.620643194475818,0.9873207561613948,4,6,6,0.9873,0.9155,0.6922,0.6952,0.3461,0.8501,0.5911,0.6952,0.0001194282273578,0.0001804253456697,8.201179560144536e-05,9.841355006831388e-05,59.0,26,4,59.1,r-naive_sl12_st12_sp336,,,,,,,,
yahoo-a1,vtcn-kl,cumulative,12,12,336,B1,,,,,,,,-0.09911079416262,-0.0416315211171,0.09911079416262,0.8773039187832674,0.7922034824056559,0.9873207561613948,4,6,6,0.9873,0.9204,0.8658,0.7357,0.7098,0.9124,0.8109,0.7357,0.0001413027669907,0.0002134721509514,9.703322997859992e-05,0.0001164389209728,69.9,26,4,69.9,r-cumulative_sl12_st12_sp336,,,,,,,,
yahoo-a1,vtcn-kl,experts,12,12,336,B1,,,,,,,,-0.1256028644482452,-0.0584902028674057,0.1256028644482452,0.8560108347332785,0.7590472836435254,0.9873207561613948,4,6,6,0.9873,0.9248,0.8011,0.7108,0.6308,0.8956,0.799,0.7108,0.000117602269974,0.0001776667935299,8.075802158629005e-05,9.69087719436114e-05,58.1,32,4,58.2,r-experts_sl12_st12_sp336,,,,,,,,
yahoo-a1,vtcn-kl,strb,12,12,336,B1,50.0,0.2,0.9,0.5,,,,-0.1580565089339015,-0.0440483760309204,0.1580565089339015,0.8709368314908511,0.6917510503224573,0.9873207561613948,4,6,6,0.9873,0.9216,0.8679,0.7069,0.5288,0.8779,0.6534,0.7069,0.0001492962880182,0.0002255483060315,0.0001025223278356,0.0001230259781959,73.8,26,4,73.8,r-strb_sl12_st12_sp336_bu50_no0.2_re0.9_re0.5,,,,,,,,
yahoo-a1,vtcn-kl,strb,12,12,336,B1,100.0,0.2,0.9,0.5,,,,-0.1623579960115588,-0.0622416542519547,0.1623579960115588,0.8390616982658751,0.6958341248224504,0.9873207561613948,4,6,6,0.9873,0.9237,0.7322,0.713,0.5303,0.8736,0.6664,0.713,0.0001535958174037,0.0002320437894927,0.000105474922339,0.0001265688671536,75.9,25,4,76.0,r-strb_sl12_st12_sp336_bu100_no0.2_re0.9_re0.5,,,,,,,,
yahoo-a1,vtcn-kl,strb,12,12,336,B1,250.0,0.2,0.9,0.5,,,,-0.167221076060088,-0.0634794431515,0.167221076060088,0.8443368068047473,0.6931882032783546,0.9873207561613948,4,6,6,0.9873,0.9255,0.7559,0.7086,0.5341,0.8751,0.6549,0.7086,0.0001427087044793,0.00021559616102,9.799880011576332e-05,0.0001175973609043,70.6,25,4,70.6,r-strb_sl12_st12_sp336_bu250_no0.2_re0.9_re0.5,,,,,,,,
yahoo-a1,vtcn-kl,strb,12,12,336,B1,500.0,0.2,0.9,0.5,,,,-0.1573273025194288,-0.0642216077498039,0.1573273025194288,0.8398725119010748,0.701393442703872,0.9873207561613948,4,6,6,0.9873,0.9232,0.7358,0.7132,0.5397,0.9045,0.6482,0.7132,0.0001440860397785,0.0002176769605342,9.894446296319884e-05,0.000118732497571,71.2,25,4,71.3,r-strb_sl12_st12_sp336_bu500_no0.2_re0.9_re0.5,,,,,,,,
yahoo-a1,vtcn-kl,strb,12,12,336,B1,1000.0,0.2,0.9,0.5,,,,-0.128556047732583,-0.0486228236122801,0.128556047732583,0.8645034004627472,0.7431454327867087,0.9873207561613948,4,6,6,0.9873,0.9216,0.8406,0.7085,0.6333,0.8851,0.7457,0.7085,0.0001042798437835,0.0001575400328488,7.160943298755835e-05,8.593059986131265e-05,51.6,25,4,51.6,r-strb_sl12_st12_sp336_bu1000_no0.2_re0.9_re0.5,,,,,,,,
yahoo-a1,vtcn-kl,strb,12,12,336,B1,50.0,0.05,0.9,0.5,,,,-0.1709340172412623,-0.067594482206279,0.1709340172412623,0.8432756963975964,0.692509315923194,0.9873207561613948,4,6,6,0.9873,0.9216,0.7566,0.7077,0.5308,0.8771,0.6545,0.7077,0.0001572170843749,0.0002375145928319,0.0001079618042224,0.0001295527886094,77.7,25,4,77.8,r-strb_sl12_st12_sp336_bu50_no0.05_re0.9_re0.5,,,,,,,,
yahoo-a1,vtcn-kl,strb,12,12,336,B1,50.0,0.1,0.9,0.5,,,,-0.1703659936983538,-0.0674316829030069,0.1703659936983538,0.8435149403905012,0.6932271643728889,0.9873207561613948,4,6,6,0.9873,0.9216,0.7572,0.7079,0.5324,0.8773,0.6553,0.7079,0.0001319355990736,0.0001993207685959,9.060066081971552e-05,0.0001087201077762,65.2,25,4,65.2,r-strb_sl12_st12_sp336_bu50_no0.1_re0.9_re0.5,,,,,,,,
yahoo-a1,vtcn-kl,strb,12,12,336,B1,50.0,0.35,0.9,0.5,,,,-0.1580565089339015,-0.0440483760309204,0.1580565089339015,0.8709368314908511,0.6917510503224573,0.9873207561613948,4,6,6,0.9873,0.9216,0.8679,0.7069,0.5288,0.8779,0.6534,0.7069,0.0001428184620968,0.0002157619765606,9.807411093691674e-05,0.0001176878656237,70.6,26,4,70.6,r-strb_sl12_st12_sp336_bu50_no0.35_re0.9_re0.5,,,,,,,,
yahoo-a1,vtcn-kl,strb,12,12,336,B1,50.0,0.2,0.5,0.5,,,,-0.1580565089339015,-0.0440483760309204,0.1580565089339015,0.8709368314908511,0.6917510503224573,0.9873207561613948,4,6,6,0.9873,0.9216,0.8679,0.7069,0.5288,0.8779,0.6534,0.7069,0.0001384570147923,0.0002091729510434,9.508062743180846e-05,0.0001140923236116,68.5,26,4,68.5,r-strb_sl12_st12_sp336_bu50_no0.2_re0.5_re0.5,,,,,,,,
yahoo-a1,vtcn-kl,strb,12,12,336,B1,50.0,0.2,0.7,0.5,,,,-0.1580565089339015,-0.0440483760309204,0.1580565089339015,0.8709368314908511,0.6917510503224573,0.9873207561613948,4,6,6,0.9873,0.9216,0.8679,0.7069,0.5288,0.8779,0.6534,0.7069,9.542931712490816e-05,0.0001441691626026,6.553175121468182e-05,7.863741138794771e-05,47.2,26,4,47.2,r-strb_sl12_st12_sp336_bu50_no0.2_re0.7_re0.5,,,,,,,,
yahoo-a1,vtcn-kl,strb,12,12,336,B1,50.0,0.2,0.9,,,,,-0.1660196227994731,-0.0812161824709867,0.1660196227994731,0.8406358308180409,0.7480076963691695,0.9873207561613948,4,6,6,0.9873,0.9148,0.743,0.7175,0.6413,0.8693,0.764,0.7175,0.0001270152885747,0.0001918874444798,8.722199114595747e-05,0.0001046654533338,62.8,28,4,62.8,r-strb_sl12_st12_sp336_bu50_no0.2_re0.9,,,,,,,,
yahoo-a1,vtcn-kl,strb,12,12,336,B1,50.0,0.2,0.9,0.3,,,,-0.1692783416383101,-0.077547442370557,0.1692783416383101,0.834499702034496,0.7130612008243573,0.9873207561613948,4,6,6,0.9873,0.9228,0.7109,0.7171,0.5548,0.8876,0.6928,0.7171,9.371110488197632e-05,0.0001415733856684,6.43519081020107e-05,7.722147756644213e-05,46.3,26,4,46.4,r-strb_sl12_st12_sp336_bu50_no0.2_re0.9_re0.3,,,,,,,,
yahoo-a1,vtcn-kl,random-buffer,12,12,336,B1,50.0,,,0.5,,,,-0.1671713329017945,-0.0589178277141603,0.1671713329017945,0.8566882719099229,0.6850624409434719,0.9873207561613948,4,6,6,0.9873,0.9144,0.8401,0.6849,0.5272,0.8611,0.667,0.6849,0.0001546748266004,0.0002336738949677,0.0001062159331605,0.0001274579618071,76.5,25,4,76.5,r-random-buffer_sl12_st12_sp336_bu50_re0.5,,,,,,,,
yahoo-a1,vtcn-kl,random-buffer,12,12,336,B1,100.0,,,0.5,,,,-0.1991538043474441,-0.0593758452213685,0.1991538043474441,0.8543741533728556,0.6525375066430413,0.9873207561613948,4,6,6,0.9873,0.922,0.8141,0.6941,0.4409,0.8546,0.6205,0.6941,0.0001097690130203,0.0001658327562602,7.537881626049056e-05,9.045393999976417e-05,54.3,25,4,54.3,r-random-buffer_sl12_st12_sp336_bu100_re0.5,,,,,,,,
yahoo-a1,vtcn-kl,random-buffer,12,12,336,B1,250.0,,,0.5,,,,-0.1739220279437803,-0.0590570500407227,0.1739220279437803,0.8596049618031761,0.685998687821669,0.9873207561613948,4,6,6,0.9873,0.9221,0.8346,0.6944,0.5293,0.8588,0.6616,0.6944,0.0001604618595837,0.0002424166139172,0.0001101899165524,0.0001322266973648,79.3,25,4,79.3,r-random-buffer_sl12_st12_sp336_bu250_re0.5,,,,,,,,
yahoo-a1,vtcn-kl,random-buffer,12,12,336,B1,500.0,,,0.5,,,,-0.1316570515514825,-0.0487323896850099,0.1316570515514825,0.8637312402433709,0.7336203744326742,0.9873207561613948,4,6,6,0.9873,0.92,0.8352,0.7124,0.6174,0.8836,0.7211,0.7124,0.0001484325205166,0.0002242433754176,0.0001019292881945,0.0001223140872231,73.4,25,4,73.4,r-random-buffer_sl12_st12_sp336_bu500_re0.5,,,,,,,,
yahoo-a1,vtcn-kl,random-buffer,12,12,336,B1,1000.0,,,0.5,,,,-0.1305940595704897,-0.044289675449892,0.1305940595704897,0.8733988733137805,0.7369417275221104,0.9873207561613948,4,6,6,0.9873,0.9162,0.8803,0.7098,0.6129,0.8784,0.7467,0.7098,0.0001230552603916,0.0001859048600472,8.450280428256115e-05,0.0001014020557647,60.8,27,4,60.9,r-random-buffer_sl12_st12_sp336_bu1000_re0.5,,,,,,,,
yahoo-a1,vtcn-kl,random-buffer,12,12,336,B1,50.0,,,,,,,-0.1644673729916767,-0.0798825028078935,0.1644673729916767,0.8424101078252901,0.750160658806003,0.9873207561613948,4,6,6,0.9873,0.9145,0.7517,0.716,0.6465,0.8686,0.7696,0.716,0.0001263168767769,0.0001908323238201,8.674233194453541e-05,0.0001040899918756,62.5,28,4,62.5,r-random-buffer_sl12_st12_sp336_bu50,,,,,,,,
yahoo-a1,vtcn-kl,random-buffer,12,12,336,B1,50.0,,,0.3,,,,-0.169347563269846,-0.072317281133451,0.169347563269846,0.8461645177453352,0.7046978150030482,0.9873207561613948,4,6,6,0.9873,0.9168,0.7844,0.6961,0.5513,0.8694,0.702,0.6961,9.082458720616393e-05,0.000137212599605,6.236969155013665e-05,7.484290805490067e-05,44.9,27,4,44.9,r-random-buffer_sl12_st12_sp336_bu50_re0.3,,,,,,,,
yahoo-a1,vtcn-kl,reservoir,12,12,336,B1,50.0,,,0.5,,,,-0.1317722339875351,-0.0406722685105553,0.1317722339875351,0.8820304281925264,0.7346232755425979,0.9873207561613948,4,6,6,0.9873,0.925,0.904,0.7118,0.5988,0.8877,0.7402,0.7118,0.0001513754852966,0.0002286894385424,0.0001039502545137,0.0001247391840287,74.8,26,4,74.9,r-reservoir_sl12_st12_sp336_bu50_re0.5,,,,,,,,
yahoo-a1,vtcn-kl,reservoir,12,12,336,B1,100.0,,,0.5,,,,-0.1527674289865531,-0.0605853939525843,0.1527674289865531,0.8524621153502029,0.7207657120403773,0.9873207561613948,4,6,6,0.9873,0.9129,0.8017,0.708,0.5882,0.8577,0.7293,0.708,9.881806062161496e-05,0.0001492886827554,6.785875671258612e-05,8.142992604291067e-05,48.9,25,4,48.9,r-reservoir_sl12_st12_sp336_bu100_re0.5,,,,,,,,
yahoo-a1,vtcn-kl,reservoir,12,12,336,B1,250.0,,,0.5,,,,-0.1437658341238619,-0.055063499472916,0.1437658341238619,0.8625330545402183,0.7295928686353379,0.9873207561613948,4,6,6,0.9873,0.9224,0.8334,0.707,0.6041,0.8714,0.7359,0.707,0.000135684115502,0.0002049838131483,9.317486481547048e-05,0.0001118089483329,67.1,25,4,67.1,r-reservoir_sl12_st12_sp336_bu250_re0.5,,,,,,,,
yahoo-a1,vtcn-kl,reservoir,12,12,336,B1,500.0,,,0.5,,,,-0.1477321987323224,-0.0532020802552288,0.1477321987323224,0.8605300472783635,0.7144885484403188,0.9873207561613948,4,6,6,0.9873,0.9207,0.8267,0.7074,0.5831,0.8748,0.6926,0.7074,0.0001065213226267,0.0001609263310803,7.31486533005308e-05,8.777767777986204e-05,52.7,25,4,52.7,r-reservoir_sl12_st12_sp336_bu500_re0.5,,,,,,,,
yahoo-a1,vtcn-kl,reservoir,12,12,336,B1,1000.0,,,0.5,,,,-0.1455759668876077,-0.0471442384651771,0.1455759668876077,0.8683366654510365,0.7138734384979204,0.9873207561613948,4,6,6,0.9873,0.9167,0.8741,0.6952,0.5826,0.8673,0.7104,0.6952,0.0001438334616396,0.000217295379906,9.877107268548572e-05,0.0001185243072205,71.1,26,4,71.1,r-reservoir_sl12_st12_sp336_bu1000_re0.5,,,,,,,,
yahoo-a1,vtcn-kl,reservoir,12,12,336,B1,50.0,,,,,,,-0.1621979874795125,-0.0793633992723199,0.1621979874795125,0.8420320953450087,0.7535262284966837,0.9873207561613948,4,6,6,0.9873,0.9147,0.7485,0.7176,0.652,0.8697,0.7748,0.7176,0.0001269653132662,0.0001918119446377,8.71892698484266e-05,0.0001046226747892,62.8,28,4,62.8,r-reservoir_sl12_st12_sp336_bu50,,,,,,,,
yahoo-a1,vtcn-kl,reservoir,12,12,336,B1,50.0,,,0.3,,,,-0.1946850114300627,-0.0714844794840951,0.1946850114300627,0.8466883512986786,0.6747889282643569,0.9873207561613948,4,6,6,0.9873,0.925,0.7692,0.7052,0.47,0.8672,0.6568,0.7052,0.0001261805798228,0.0001906264141653,8.664890798520193e-05,0.0001039775061801,62.4,25,4,62.4,r-reservoir_sl12_st12_sp336_bu50_re0.3,,,,,,,,
yahoo-a1,vtcn-kl,ewc,12,12,336,B1,,,,,1000.0,,,-0.25773992186531,-0.1487002323807664,0.25773992186531,0.6630660879497088,0.5284435621630886,0.8563456001746559,4,6,6,0.7904,0.8188,0.4543,0.5888,0.277,0.7806,0.4674,0.5888,0.0001648886335843,0.0002491043312762,0.0001132298415526,0.0001358744897235,81.5,81,4,81.5,r-ewc_sl12_st12_sp336_la1000,,,,,,,,
yahoo-a1,vtcn-kl,ewc,12,12,336,B1,,,,,100.0,,,-0.2690798818889104,-0.1560375652640717,0.2690798818889104,0.6576194291678155,0.5105574027227023,0.8563456001746559,4,6,6,0.7904,0.8186,0.4488,0.5728,0.2576,0.768,0.444,0.5728,0.0001266580160845,0.0001913476976044,8.697672170108288e-05,0.0001043709759033,62.6,81,4,62.6,r-ewc_sl12_st12_sp336_la100,,,,,,,,
yahoo-a1,vtcn-kl,ewc,12,12,336,B1,,,,,500.0,,,-0.26190293358526,-0.1525599883415791,0.26190293358526,0.6605387025019975,0.5229341722916396,0.8563456001746559,4,6,6,0.7904,0.8183,0.4505,0.583,0.2718,0.7775,0.4595,0.583,0.0001716798469023,0.0002593641085292,0.0001178938101246,0.0001414702984046,84.9,81,4,84.9,r-ewc_sl12_st12_sp336_la500,,,,,,,,
yahoo-a1,vtcn-kl,ewc,12,12,336,B1,,,,,5000.0,,,-0.2058651218771816,-0.1085321011160032,0.2058651218771816,0.7077589985095327,0.5856496143504846,0.8563456001746559,4,6,6,0.7904,0.8218,0.6167,0.6022,0.368,0.8168,0.5556,0.6022,0.0001285086764694,0.0001941435696277,8.824763379525393e-05,0.0001058959358325,63.5,75,4,63.5,r-ewc_sl12_st12_sp336_la5000,,,,,,,,
yahoo-a1,vtcn-kl,ewc,12,12,336,B1,,,,,10000.0,,,-0.2134335844113418,-0.1119822711423499,0.2134335844113418,0.6946451268882704,0.582896957179915,0.8563456001746559,4,6,6,0.7904,0.8236,0.5278,0.6368,0.3409,0.8229,0.531,0.6368,0.0001645170286088,0.0002485429317006,0.0001129744814249,0.0001355684502756,81.3,81,4,81.4,r-ewc_sl12_st12_sp336_la10000,,,,,,,,
yahoo-a1,vtcn-kl,lwf,12,12,336,B1,,,,,,1.0,2.0,-0.2460491297580818,-0.1182813932793681,0.2460491297580818,0.673605121008122,0.5120095044502315,0.8563456001746559,4,6,6,0.7904,0.8365,0.469,0.5986,0.2451,0.7659,0.4384,0.5986,9.661251884442336e-05,0.000145956676191,6.634418188671893e-05,7.961249430431053e-05,47.8,74,4,47.8,r-lwf_sl12_st12_sp336_al1.0_te2.0,,,,,,,,
yahoo-a1,vtcn-kl,lwf,12,12,336,B1,,,,,,0.1,2.0,-0.260324887813762,-0.1320001993633424,0.260324887813762,0.6674516690802579,0.5051583501711554,0.8563456001746559,4,6,6,0.7904,0.8329,0.4692,0.5773,0.244,0.766,0.4334,0.5773,0.0001669152660074,0.0002521660518055,0.0001146215354176,0.0001375445163878,82.5,82,4,82.5,r-lwf_sl12_st12_sp336_al0.1_te2.0,,,,,,,,
yahoo-a1,vtcn-kl,lwf,12,12,336,B1,,,,,,0.5,2.0,-0.246421401570266,-0.1244876504625235,0.246421401570266,0.6687910703278861,0.513009575402266,0.8563456001746559,4,6,6,0.7904,0.8356,0.4694,0.5799,0.2561,0.7742,0.4418,0.5799,0.0001093883076122,0.0001652576082708,7.511757077299989e-05,9.014003749781598e-05,54.1,82,4,54.1,r-lwf_sl12_st12_sp336_al0.5_te2.0,,,,,,,,
yahoo-a1,vtcn-kl,lwf,12,12,336,B1,,,,,,2.0,2.0,-0.2214728771955307,-0.1082601826756091,0.2214728771955307,0.6755879853854031,0.5257064198310739,0.8563456001746559,4,6,6,0.7904,0.8376,0.4837,0.5907,0.2658,0.783,0.4633,0.5907,0.0001498759453977,0.0002264240192978,0.0001029204052678,0.00012350361403,74.1,85,4,74.1,r-lwf_sl12_st12_sp336_al2.0_te2.0,,,,,,,,
yahoo-a1,vtcn-kl,lwf,12,12,336,B1,,,,,,1.0,1.0,-0.1898452104636052,-0.0810712687825582,0.1898452104636052,0.6996212545707976,0.549410418837947,0.8563456001746559,4,6,6,0.7904,0.8423,0.5621,0.6036,0.3094,0.7914,0.4932,0.6036,0.0001525230506503,0.0002304231147444,0.0001047383644656,0.0001256847502787,75.4,73,4,75.4,r-lwf_sl12_st12_sp336_al1.0_te1.0,,,,,,,,
yahoo-a1,vtcn-kl,lwf,12,12,336,B1,,,,,,1.0,5.0,-0.2561296259145688,-0.1276766251767195,0.2561296259145688,0.6709364353080212,0.5079477156002735,0.8563456001746559,4,6,6,0.7904,0.834,0.4666,0.5928,0.2521,0.7589,0.428,0.5928,7.646256256289228e-05,0.0001155152729502,5.250729600666092e-05,6.3007976943627e-05,37.8,77,4,37.8,r-lwf_sl12_st12_sp336_al1.0_te5.0,,,,,,,,
yahoo-a1,vtcn-kl,naive,6,6,336,B2,,,,,,,,-0.1161654219578173,-0.0529745581646332,0.1161654219578173,0.8562086733115788,0.7601679822804661,0.9677569738275608,4,6,6,0.9678,0.9192,0.8414,0.6965,0.6743,0.8845,0.7854,0.6965,0.0001448891226614,0.0002188902122917,9.949598888892476e-05,0.0001193942234028,71.6,26,4,71.6,r-naive_sl6_st6_sp336,,,,,,,,
yahoo-a1,vtcn-kl,cumulative,6,6,336,B2,,,,,,,,-0.0742685110110903,-0.0268905086890595,0.0742685110110903,0.8847812093516524,0.8084060702504596,0.9677569738275608,4,6,6,0.9678,0.9228,0.924,0.7246,0.7647,0.9038,0.8405,0.7246,0.0001657443995016,0.0002503971735536,0.0001138172634831,0.0001365799100704,81.9,25,4,82.0,r-cumulative_sl6_st6_sp336,,,,,,,,
yahoo-a1,vtcn-kl,experts,6,6,336,B2,,,,,,,,-0.0962705849742576,-0.0404189025024928,0.0962705849742576,0.8669271468754656,0.7859573520948935,0.9677569738275608,4,6,6,0.9678,0.93,0.8645,0.7054,0.7099,0.8968,0.8318,0.7054,7.901292338908309e-05,0.0001193682124423,5.425854681719405e-05,6.510966562510778e-05,39.1,29,4,39.1,r-experts_sl6_st6_sp336,,,,,,,,
yahoo-a1,vtcn-kl,strb,6,6,336,B2,50.0,0.2,0.9,0.5,,,,-0.1298722691341886,-0.0450201221163256,0.1298722691341886,0.8561219967026851,0.7277482293678995,0.9677569738275608,4,6,6,0.9678,0.9292,0.8325,0.695,0.62,0.8737,0.7222,0.695,0.0001779705962738,0.000268867813432,0.0001222132064195,0.0001466546070125,88.0,27,4,88.0,r-strb_sl6_st6_sp336_bu50_no0.2_re0.9_re0.5,,,,,,,,
yahoo-a1,vtcn-kl,random-buffer,6,6,336,B2,50.0,,,0.5,,,,-0.1050661363593503,-0.0317133214122974,0.1050661363593503,0.8722651385988673,0.7614279076369267,0.9677569738275608,4,6,6,0.9678,0.9253,0.8873,0.7087,0.6854,0.871,0.7807,0.7087,9.65201935269423e-05,0.0001458171963738,6.628093686110029e-05,7.953625951272746e-05,47.7,25,4,47.7,r-random-buffer_sl6_st6_sp336_bu50_re0.5,,,,,,,,
yahoo-a1,vtcn-kl,reservoir,6,6,336,B2,50.0,,,0.5,,,,-0.0609902824955113,-0.026770436208233,0.0609902824955113,0.8808189045055317,0.8277627185484344,0.9677569738275608,4,6,6,0.9678,0.9264,0.8996,0.7296,0.8119,0.9025,0.8671,0.7296,0.0001639333251334,0.0002476611058236,0.0001125736972815,0.0001350874085421,81.1,25,4,81.1,r-reservoir_sl6_st6_sp336_bu50_re0.5,,,,,,,,
yahoo-a1,vtcn-kl,ewc,6,6,336,B2,,,,,1000.0,,,-0.1590815060029921,-0.0735230342160136,0.1590815060029921,0.6731140117434349,0.5833036769011457,0.8393322035563415,4,6,6,0.746,0.8338,0.4899,0.6228,0.3955,0.7655,0.5494,0.6228,0.0001603066365073,0.0002421821117577,0.0001100833283556,0.000132098783402,79.3,47,4,79.3,r-ewc_sl6_st6_sp336_la1000,,,,,,,,
yahoo-a1,vtcn-kl,lwf,6,6,336,B2,,,,,,1.0,2.0,-0.1892380073873212,-0.0870147184660759,0.1892380073873212,0.667009692558295,0.5184038416389648,0.8393322035563415,4,6,6,0.746,0.8327,0.5456,0.5438,0.2704,0.7903,0.4691,0.5438,0.0001542698469477,0.0002330620748358,0.0001059401258076,0.0001271219490282,76.3,48,4,76.3,r-lwf_sl6_st6_sp336_al1.0_te2.0,,,,,,,,
yahoo-a1,vtcn-kl,naive,8,8,336,B2,,,,,,,,-0.1469633450400004,-0.0657980484122575,0.1469633450400004,0.8399496187878199,0.66491951433918,0.9714507208133936,4,6,6,0.9715,0.9234,0.8556,0.6093,0.5991,0.8257,0.6255,0.6093,9.764379801888536e-05,0.0001475146738742,6.70525122084655e-05,8.046216166578234e-05,48.3,28,4,48.3,r-naive_sl8_st8_sp336,,,,,,,,
yahoo-a1,vtcn-kl,cumulative,8,8,336,B2,,,,,,,,-0.0614729017298182,-0.076211257638821,0.0614729017298182,0.84845289644388,0.8292809612833535,0.9714507208133936,4,6,6,0.9715,0.8992,0.8028,0.7203,0.8412,0.9063,0.8494,0.7203,0.0001579661994161,0.0002386463130562,0.0001084760597234,0.0001301702533328,78.1,27,4,78.1,r-cumulative_sl8_st8_sp336,,,,,,,,
yahoo-a1,vtcn-kl,experts,8,8,336,B2,,,,,,,,-0.0680266975828486,-0.0282299571517721,0.0680266975828486,0.884974983751853,0.8247757990573754,0.9714507208133936,4,6,6,0.9715,0.9257,0.8994,0.7434,0.7963,0.8997,0.8597,0.7434,3.239395618722779e-05,4.89389390766155e-05,2.2245113658330717e-05,2.669382541828479e-05,16.0,29,4,16.0,r-experts_sl8_st8_sp336,,,,,,,,
yahoo-a1,vtcn-kl,strb,8,8,336,B2,50.0,0.2,0.9,0.5,,,,-0.1563176044463336,-0.1192408412011857,0.1563176044463336,0.7847621037644243,0.6859274265971922,0.9714507208133936,4,6,6,0.9715,0.9294,0.5872,0.651,0.638,0.8576,0.5971,0.651,0.000157003914941,0.0002371925486249,0.0001078153082764,0.0001293772403484,77.6,26,4,77.6,r-strb_sl8_st8_sp336_bu50_no0.2_re0.9_re0.5,,,,,,,,
yahoo-a1,vtcn-kl,random-buffer,8,8,336,B2,50.0,,,0.5,,,,-0.078928397580496,-0.0676079272793325,0.078928397580496,0.8393697929274385,0.7813089055491642,0.9714507208133936,4,6,6,0.9715,0.9195,0.7907,0.6758,0.8011,0.8706,0.7777,0.6758,0.0001517051698964,0.0002291875072083,0.0001041765965851,0.0001250109106232,75.0,26,4,75.0,r-random-buffer_sl8_st8_sp336_bu50_re0.5,,,,,,,,
yahoo-a1,vtcn-kl,reservoir,8,8,336,B2,50.0,,,0.5,,,,-0.1087542018484416,-0.0861480902646201,0.1087542018484416,0.827834880803545,0.7401140504995509,0.9714507208133936,4,6,6,0.9715,0.913,0.7626,0.6643,0.7232,0.8841,0.6889,0.6643,0.0001553254915866,0.0002346568824711,0.0001066627452518,0.0001279941372193,76.8,26,4,76.8,r-reservoir_sl8_st8_sp336_bu50_re0.5,,,,,,,,
yahoo-a1,vtcn-kl,ewc,8,8,336,B2,,,,,1000.0,,,-0.0184871165294456,-0.0796015195971086,0.0184871165294456,0.5305206205298753,0.5121090188549682,0.8294189071986123,4,6,6,0.3616,0.7612,0.457,0.5422,0.3184,0.7373,0.4506,0.5422,8.571991276977302e-05,0.0001295007489806,5.8865625578780767e-05,7.063512340188026e-05,42.4,48,4,42.4,r-ewc_sl8_st8_sp336_la1000,,,,,,,,
yahoo-a1,vtcn-kl,lwf,8,8,336,B2,,,,,,1.0,2.0,-0.0648603337021462,-0.0918503816944427,0.0648603337021462,0.526312179634927,0.4742275385992048,0.8294189071986123,4,6,6,0.3616,0.8091,0.4005,0.534,0.2675,0.742,0.3535,0.534,0.0001777797489305,0.0002685794921646,0.0001220822082754,0.0001464972838891,87.9,49,4,87.9,r-lwf_sl8_st8_sp336_al1.0_te2.0,,,,,,,,
yahoo-a1,vtcn-kl,naive,10,10,336,B2,,,,,,,,-0.2189904946332799,-0.0917782563551947,0.2189904946332799,0.8361664337724366,0.6428409140854292,0.9711627997679372,4,6,6,0.9712,0.9204,0.7888,0.6643,0.4076,0.8661,0.6334,0.6643,0.0001293411870265,0.000195401279035,8.881919855226039e-05,0.0001065820804828,64.0,26,4,64.0,r-naive_sl10_st10_sp336,,,,,,,,
yahoo-a1,vtcn-kl,cumulative,10,10,336,B2,,,,,,,,-0.08819662585106,-0.0263560879253835,0.08819662585106,0.8841007177953237,0.7811703775997128,0.9711627997679372,4,6,6,0.9712,0.9359,0.9086,0.7207,0.6838,0.9151,0.8051,0.7207,0.0001719386693312,0.0002597551226742,0.0001180711550353,0.0001416839676389,85.0,27,4,85.0,r-cumulative_sl10_st10_sp336,,,,,,,,
yahoo-a1,vtcn-kl,experts,10,10,336,B2,,,,,,,,-0.088241965619875,-0.0528861187497533,0.088241965619875,0.8782870616842733,0.8255064988817542,0.9711627997679372,4,6,6,0.9712,0.9252,0.8782,0.7386,0.7831,0.9168,0.8635,0.7386,2.385949110361027e-05,3.604555660845815e-05,1.63844204281405e-05,1.966113618031765e-05,11.8,30,4,11.8,r-experts_sl10_st10_sp336,,,,,,,,
yahoo-a1,vtcn-kl,strb,10,10,336,B2,50.0,0.2,0.9,0.5,,,,-0.1784110706361692,-0.0737547708914574,0.1784110706361692,0.8306813909671293,0.6624543926109311,0.9711627997679372,4,6,6,0.9712,0.926,0.728,0.6975,0.4713,0.8883,0.5927,0.6975,0.0001674633148179,0.0002529940126509,0.0001149978343171,0.0001379961783338,82.8,25,4,82.8,r-strb_sl10_st10_sp336_bu50_no0.2_re0.9_re0.5,,,,,,,,
yahoo-a1,vtcn-kl,random-buffer,10,10,336,B2,50.0,,,0.5,,,,-0.1722557953222213,-0.0623492266934441,0.1722557953222213,0.8542947576681795,0.679021588012918,0.9711627997679372,4,6,6,0.9712,0.9282,0.8348,0.683,0.5011,0.8735,0.6586,0.683,0.0001526988507292,0.0002306887034642,0.0001048590674194,0.0001258296360448,75.5,25,4,75.5,r-random-buffer_sl10_st10_sp336_bu50_re0.5,,,,,,,,
yahoo-a1,vtcn-kl,reservoir,10,10,336,B2,50.0,,,0.5,,,,-0.1419488656019255,-0.0644659572872552,0.1419488656019255,0.8493335964644507,0.7331221674276505,0.9711627997679372,4,6,6,0.9712,0.9311,0.7995,0.6956,0.5949,0.8973,0.7448,0.6956,0.0001691869654422,0.000255598005581,0.0001161814349548,0.0001394165706261,83.7,25,4,83.7,r-reservoir_sl10_st10_sp336_bu50_re0.5,,,,,,,,
yahoo-a1,vtcn-kl,ewc,10,10,336,B2,,,,,1000.0,,,-0.1680107508726639,-0.0771612429801097,0.1680107508726639,0.7481366912857796,0.5930871819208194,0.8627002288329519,4,6,6,0.8125,0.837,0.7856,0.5574,0.4125,0.7835,0.6189,0.5574,0.0001583044027722,0.0002391572513728,0.000108708461167,0.0001304487902057,78.3,57,4,78.3,r-ewc_sl10_st10_sp336_la1000,,,,,,,,
yahoo-a1,vtcn-kl,lwf,10,10,336,B2,,,,,,1.0,2.0,-0.2485397638316568,-0.1125169438764844,0.2485397638316568,0.7098872788746629,0.5192954345939368,0.8627002288329519,4,6,6,0.8125,0.845,0.5994,0.5827,0.2634,0.7906,0.4404,0.5827,9.594102621434024e-05,0.0001449422234726,6.588326180612462e-05,7.905896166649957e-05,47.4,76,4,47.4,r-lwf_sl10_st10_sp336_al1.0_te2.0,,,,,,,,
yahoo-a1,vtcn-kl,naive,16,16,336,B2,,,,,,,,-0.1372756867807955,-0.0620031582604354,0.1372756867807955,0.8492896815234805,0.7181740072480497,0.9721785261215546,4,6,6,0.9722,0.9125,0.8105,0.702,0.6208,0.8577,0.6922,0.702,0.0001072992866897,0.0001621016347593,7.368296232760056e-05,8.8418672431726e-05,53.1,26,4,53.1,r-naive_sl16_st16_sp336,,,,,,,,
yahoo-a1,vtcn-kl,cumulative,16,16,336,B2,,,,,,,,-0.0548075668277216,-0.0184589353138985,0.0548075668277216,0.8893172538832234,0.8262140788404618,0.9721785261215546,4,6,6,0.9722,0.9218,0.9056,0.7577,0.8012,0.9212,0.8247,0.7577,0.0001396754714538,0.0002110137257847,9.591591377263992e-05,0.0001150978120121,69.1,27,4,69.1,r-cumulative_sl16_st16_sp336,,,,,,,,
yahoo-a1,vtcn-kl,experts,16,16,336,B2,,,,,,,,-0.0649441842961736,-0.0245816953600407,0.0649441842961736,0.8797432557467125,0.8142629730088171,0.9721785261215546,4,6,6,0.9722,0.9259,0.8723,0.7487,0.7764,0.9154,0.8166,0.7487,0.0001003861023309,0.0001516575906232,6.893570624848103e-05,8.272188437481722e-05,49.6,31,4,49.6,r-experts_sl16_st16_sp336,,,,,,,,
yahoo-a1,vtcn-kl,strb,16,16,336,B2,50.0,0.2,0.9,0.5,,,,-0.1251160597371381,-0.0519139524100676,0.1251160597371381,0.8438277852978843,0.725189282061845,0.9721785261215546,4,6,6,0.9722,0.9196,0.7567,0.7268,0.6376,0.8908,0.6455,0.7268,0.0001443347031059,0.0002180526268887,9.911530793114153e-05,0.0001189373189575,71.4,27,4,71.4,r-strb_sl16_st16_sp336_bu50_no0.2_re0.9_re0.5,,,,,,,,
yahoo-a1,vtcn-kl,random-buffer,16,16,336,B2,50.0,,,0.5,,,,-0.1318891092486616,-0.0400165351727734,0.1318891092486616,0.8625096225276534,0.7123255353601026,0.9721785261215546,4,6,6,0.9722,0.9244,0.8516,0.7018,0.6048,0.8679,0.6748,0.7018,7.942407207413714e-05,0.000119989352396,5.4540812674935704e-05,6.544853972115865e-05,39.3,25,4,39.3,r-random-buffer_sl16_st16_sp336_bu50_re0.5,,,,,,,,
yahoo-a1,vtcn-kl,reservoir,16,16,336,B2,50.0,,,0.5,,,,-0.0965381774967762,-0.0430711391626938,0.0965381774967762,0.8582967228264227,0.7685530936200597,0.9741021796793912,4,6,6,0.9722,0.9216,0.826,0.7134,0.7205,0.8683,0.772,0.7134,0.0001395723896786,0.0002108579957256,9.584500815835782e-05,0.0001150129875672,69.0,28,4,69.0,r-reservoir_sl16_st16_sp336_bu50_re0.5,,,,,,,,
yahoo-a1,vtcn-kl,ewc,16,16,336,B2,,,,,1000.0,,,-0.2218389479944033,-0.1379198816763837,0.2218389479944033,0.6409039044368202,0.5219351264508768,0.8732764617581371,4,6,6,0.6447,0.8574,0.4354,0.6261,0.2436,0.7997,0.4183,0.6261,0.000120263077994,0.0001816865903349,8.258524727942939e-05,9.910134305556616e-05,59.5,61,4,59.5,r-ewc_sl16_st16_sp336_la1000,,,,,,,,
yahoo-a1,vtcn-kl,lwf,16,16,336,B2,,,,,,1.0,2.0,-0.2273566585055915,-0.1365305223445261,0.2273566585055915,0.6324509982911978,0.4895532808205238,0.8812531273264258,4,6,6,0.6447,0.8813,0.4065,0.5974,0.2256,0.7715,0.3637,0.5974,0.0001579824532912,0.0002386708684826,0.0001084872596651,0.0001301836088175,78.1,54,4,78.1,r-lwf_sl16_st16_sp336_al1.0_te2.0,,,,,,,,
yahoo-a1,vtcn-kl,naive,24,24,336,B2,,,,,,,,-0.156024539261546,-0.0685988620489244,0.156024539261546,0.851383616681522,0.6990567654950998,0.9864461090303788,4,6,6,0.9864,0.9247,0.7604,0.7341,0.5887,0.8521,0.6214,0.7341,0.0001048334516132,0.0001583763919429,7.198966736129175e-05,8.638672458163152e-05,51.8,35,4,51.8,r-naive_sl24_st24_sp336,,,,,,,,
yahoo-a1,vtcn-kl,cumulative,24,24,336,B2,,,,,,,,-0.067430850621411,-0.0171614927305212,0.067430850621411,0.9074581617388808,0.8167014424460938,0.9864461090303788,4,6,6,0.9864,0.9295,0.9234,0.7905,0.7802,0.9181,0.778,0.7905,0.0001482461456982,0.0002239618109853,0.0001018013193873,0.0001221604915979,73.3,35,4,73.3,r-cumulative_sl24_st24_sp336,,,,,,,,
yahoo-a1,vtcn-kl,experts,24,24,336,B2,,,,,,,,-0.0612539320536819,-0.0302768793482736,0.0612539320536819,0.8972497766913492,0.8320261895832785,0.9864461090303788,4,6,6,0.9864,0.9256,0.9113,0.7657,0.8095,0.9083,0.8446,0.7657,8.650237837574807e-05,0.0001306828533336,5.940158645842327e-05,7.128126687525461e-05,42.8,42,4,42.8,r-experts_sl24_st24_sp336,,,,,,,,
yahoo-a1,vtcn-kl,strb,24,24,336,B2,50.0,0.2,0.9,0.5,,,,-0.0534635637444811,-0.0137356000015365,0.0534635637444811,0.9065238940721498,0.8316619515340447,0.9864461090303788,4,6,6,0.9864,0.9323,0.9326,0.7747,0.8224,0.9143,0.8152,0.7747,0.0001268556713011,0.0001916463038181,8.711247221993593e-05,0.0001045338315982,62.7,35,4,62.7,r-strb_sl24_st24_sp336_bu50_no0.2_re0.9_re0.5,,,,,,,,
yahoo-a1,vtcn-kl,random-buffer,24,24,336,B2,50.0,,,0.5,,,,-0.0513564903869968,-0.0199786853810491,0.0513564903869968,0.90445765428549,0.8443599145231173,0.9864461090303788,4,6,6,0.9864,0.9309,0.9193,0.7812,0.8371,0.9197,0.8395,0.7812,0.0001238290556682,0.0001870738657618,8.503402569331229e-05,0.0001020398400685,61.2,34,4,61.2,r-random-buffer_sl24_st24_sp336_bu50_re0.5,,,,,,,,
yahoo-a1,vtcn-kl,reservoir,24,24,336,B2,50.0,,,0.5,,,,-0.0635202016219706,-0.0204970938791284,0.0635202016219706,0.899094268135851,0.8208173666546102,0.9864461090303788,4,6,6,0.9864,0.93,0.9054,0.7746,0.8022,0.9044,0.8022,0.7746,9.606703561351592e-05,0.0001451325912768,6.596983252351897e-05,7.916275875332456e-05,47.5,35,4,47.5,r-reservoir_sl24_st24_sp336_bu50_re0.5,,,,,,,,
yahoo-a1,vtcn-kl,ewc,24,24,336,B2,,,,,1000.0,,,-0.2080062346605593,-0.1558130832969294,0.2080062346605593,0.6714397305959608,0.5175054812292862,0.9097206054708876,4,6,6,0.7453,0.8478,0.4499,0.6428,0.3332,0.7354,0.3586,0.6428,0.0001403581853366,0.000212045130931,9.638480711534308e-05,0.0001156603238157,69.4,56,4,69.4,r-ewc_sl24_st24_sp336_la1000,,,,,,,,
yahoo-a1,vtcn-kl,lwf,24,24,336,B2,,,,,,1.0,2.0,-0.2287275274296142,-0.1614904553605732,0.2287275274296142,0.6523214392347341,0.4879252545336434,0.9097206054708876,4,6,6,0.7453,0.8574,0.381,0.6256,0.3098,0.7023,0.314,0.6256,7.294274300477909e-05,0.0001101977305692,5.0090215915891655e-05,6.010751465335489e-05,36.1,47,4,36.1,r-lwf_sl24_st24_sp336_al1.0_te2.0,,,,,,,,
yahoo-a1,vtcn-kl,naive,8,4,336,B3,,,,,,,,-0.2174105333563806,-0.1161518219168697,0.2174105333563806,0.7754600304850119,0.5637655736205232,0.94330893351422,4,6,6,0.9433,0.9091,0.6741,0.5753,0.4228,0.7587,0.4983,0.5753,0.0001643800124271,0.0002483359354779,0.0001128805396425,0.0001354553958354,81.3,26,4,81.3,r-naive_sl8_st4_sp336,,,,,,,,
yahoo-a1,vtcn-kl,cumulative,8,4,336,B3,,,,,,,,-0.1215234325363625,-0.0344686054257168,0.1215234325363625,0.8539297294122127,0.696667661140226,0.94330893351422,4,6,6,0.9433,0.9251,0.8646,0.6827,0.5119,0.8846,0.7075,0.6827,0.0001843257220192,0.0002784687744842,0.0001265773761545,0.0001518913983297,91.1,26,4,91.1,r-cumulative_sl8_st4_sp336,,,,,,,,
yahoo-a1,vtcn-kl,experts,8,4,336,B3,,,,,,,,-0.1469076109009821,-0.1042056072172935,0.1469076109009821,0.806969891113847,0.7173629634409318,0.94330893351422,4,6,6,0.9433,0.8982,0.6723,0.714,0.5417,0.9015,0.7122,0.714,0.00015131332945,0.0002285955370389,0.0001039074505789,0.00012468808646,74.8,25,4,74.8,r-experts_sl8_st4_sp336,,,,,,,,
yahoo-a1,vtcn-kl,strb,8,4,336,B3,50.0,0.2,0.9,0.5,,,,-0.1547349803490912,-0.0985470214043995,0.1547349803490912,0.7758268932722703,0.6523926464471204,0.94330893351422,4,6,6,0.9433,0.9334,0.5945,0.6321,0.6004,0.8056,0.5714,0.6321,0.0001772537027244,0.0002677847715975,0.0001217208718745,0.000146063899723,87.6,25,4,87.6,r-strb_sl8_st4_sp336_bu50_no0.2_re0.9_re0.5,,,,,,,,
yahoo-a1,vtcn-kl,random-buffer,8,4,336,B3,50.0,,,0.5,,,,-0.0775563040263595,-0.0498386669376193,0.0775563040263595,0.8391404809124028,0.7665155863748113,0.94330893351422,4,6,6,0.9433,0.9176,0.8262,0.6695,0.7712,0.8617,0.7637,0.6695,0.0001787112852432,0.0002699868040283,0.0001227217996531,0.0001472650043751,88.4,25,4,88.4,r-random-buffer_sl8_st4_sp336_bu50_re0.5,,,,,,,,
yahoo-a1,vtcn-kl,reservoir,8,4,336,B3,50.0,,,0.5,,,,-0.1038365188299781,-0.0876360319767052,0.1038365188299781,0.8113967158798405,0.7370454223650235,0.94330893351422,4,6,6,0.9433,0.9136,0.7369,0.6518,0.7341,0.8702,0.692,0.6518,0.0001760982482149,0.0002660391769093,0.0001209275199637,0.0001451116569456,87.1,26,4,87.1,r-reservoir_sl8_st4_sp336_bu50_re0.5,,,,,,,,
yahoo-a1,vtcn-kl,ewc,8,4,336,B3,,,,,1000.0,,,-0.1477534976464617,-0.1047841098763234,0.1477534976464617,0.5717384777636122,0.4912641879548262,0.8111246024862677,4,6,6,0.5391,0.8111,0.4265,0.5102,0.2798,0.7595,0.4156,0.5102,0.0001798846381384,0.0002717594385753,0.0001235275355898,0.0001482319029855,88.9,47,4,88.9,r-ewc_sl8_st4_sp336_la1000,,,,,,,,
yahoo-a1,vtcn-kl,lwf,8,4,336,B3,,,,,,1.0,2.0,-0.1224177625919727,-0.0880071398791536,0.1224177625919727,0.5860883915159665,0.5339695694995658,0.8269152934374098,4,6,6,0.5391,0.8021,0.3983,0.6049,0.2943,0.8269,0.4097,0.6049,0.0001951524277575,0.0002948251432298,0.000134012084896,0.0001608130583337,96.5,58,4,96.5,r-lwf_sl8_st4_sp336_al1.0_te2.0,,,,,,,,
yahoo-a1,vtcn-kl,naive,12,6,336,B3,,,,,,,,-0.2561890433455854,-0.0973439774226521,0.2561890433455854,0.8169668534768915,0.6148353918284394,0.9671057353243732,4,6,6,0.9671,0.9164,0.7099,0.6744,0.3879,0.8167,0.5804,0.6744,0.0001438096515283,0.0002172594089495,9.875473443341131e-05,0.0001185046745161,71.1,24,4,71.1,r-naive_sl12_st6_sp336,,,,,,,,
yahoo-a1,vtcn-kl,cumulative,12,6,336,B3,,,,,,,,-0.1305188522963999,-0.0357543731852622,0.1305188522963999,0.8609148070294663,0.7272355145408376,0.9671057353243732,4,6,6,0.9671,0.9193,0.8303,0.727,0.588,0.8779,0.7161,0.727,0.0001708227480692,0.0002580692525588,0.000117304682002,0.0001407645705567,84.5,24,4,84.5,r-cumulative_sl12_st6_sp336,,,,,,,,
yahoo-a1,vtcn-kl,experts,12,6,336,B3,,,,,,,,-0.1909945274243037,-0.0648478861098549,0.1909945274243037,0.8543253190176796,0.7068206659258924,0.9671057353243732,4,6,6,0.9671,0.921,0.8245,0.7047,0.5814,0.8177,0.7235,0.7047,0.0001198044275606,0.0001809936874524,8.227031342620548e-05,9.872337402620662e-05,59.2,26,4,59.2,r-experts_sl12_st6_sp336,,,,,,,,
yahoo-a1,vtcn-kl,strb,12,6,336,B3,50.0,0.2,0.9,0.5,,,,-0.1021832149843336,-0.0364626402702965,0.1021832149843336,0.8690127020926011,0.7803279688594189,0.9671057353243732,4,6,6,0.9671,0.93,0.8507,0.7283,0.7137,0.8856,0.7938,0.7283,0.0001685136967481,0.0002545808696865,0.0001157191956596,0.0001388616740268,83.3,26,4,83.3,r-strb_sl12_st6_sp336_bu50_no0.2_re0.9_re0.5,,,,,,,,
yahoo-a1,vtcn-kl,random-buffer,12,6,336,B3,50.0,,,0.5,,,,-0.1080858921994264,-0.0589463905466127,0.1080858921994264,0.8380802622784639,0.7685493639603452,0.9671057353243732,4,6,6,0.9671,0.9251,0.7382,0.7219,0.704,0.8769,0.7714,0.7219,0.0001246759011109,0.0001883532314955,8.561572066262467e-05,0.0001027375108329,61.6,24,4,61.7,r-random-buffer_sl12_st6_sp336_bu50_re0.5,,,,,,,,
yahoo-a1,vtcn-kl,reservoir,12,6,336,B3,50.0,,,0.5,,,,-0.130659726727829,-0.0719590518441755,0.130659726727829,0.8232930868489714,0.7373052455027554,0.9671057353243732,4,6,6,0.9671,0.9256,0.68,0.7205,0.618,0.8932,0.7175,0.7205,0.0001695452374204,0.0002561392624257,0.0001164274999988,0.0001397117624268,83.8,24,4,83.8,r-reservoir_sl12_st6_sp336_bu50_re0.5,,,,,,,,
yahoo-a1,vtcn-kl,ewc,12,6,336,B3,,,,,1000.0,,,-0.2484276011556291,-0.1432868036141497,0.2484276011556291,0.6676981078394275,0.5218166346497022,0.8679165472730498,4,6,6,0.79,0.8414,0.4291,0.6103,0.2689,0.8086,0.3995,0.6103,0.000171507562844,0.0002591038316126,0.0001177750218181,0.0001413288097945,84.8,61,4,84.8,r-ewc_sl12_st6_sp336_la1000,,,,,,,,
yahoo-a1,vtcn-kl,lwf,12,6,336,B3,,,,,,1.0,2.0,-0.2431289971333996,-0.1295387059969165,0.2431289971333996,0.669442732243622,0.5164994122305118,0.8679165472730498,4,6,6,0.79,0.8672,0.4404,0.5801,0.2711,0.809,0.4058,0.5801,0.0001771995837371,0.0002677030117221,0.0001216837320004,0.0001460192797216,87.6,63,4,87.6,r-lwf_sl12_st6_sp336_al1.0_te2.0,,,,,,,,
yahoo-a1,vtcn-kl,naive,24,12,336,B3,,,,,,,,-0.1127316342482244,-0.0630541872978151,0.1127316342482244,0.8520176419851606,0.7555619641382297,0.9871743653766124,4,6,6,0.9872,0.9311,0.7529,0.7369,0.7431,0.8464,0.6958,0.7369,0.0001240745737896,0.0001874447805187,8.520269461765161e-05,0.000102242085901,61.3,30,4,61.4,r-naive_sl24_st12_sp336,,,,,,,,
yahoo-a1,vtcn-kl,cumulative,24,12,336,B3,,,,,,,,-0.0967398513370047,-0.0513546058472584,0.0967398513370047,0.8650879258934995,0.7746736904931496,0.9871743653766124,4,6,6,0.9872,0.9321,0.7777,0.7633,0.7189,0.9018,0.7147,0.7633,0.0001239447116172,0.0001872485921648,8.511353709424536e-05,0.0001021350550705,61.3,29,4,61.3,r-cumulative_sl24_st12_sp336,,,,,,,,
yahoo-a1,vtcn-kl,experts,24,12,336,B3,,,,,,,,-0.0830968792919301,-0.0283011537880029,0.0830968792919301,0.8958922836548069,0.789835779359884,0.9871743653766124,4,6,6,0.9872,0.9277,0.9091,0.7597,0.74,0.9,0.7597,0.7597,0.0001427314952497,0.0002156305920145,9.801451597272212e-05,0.0001176160760417,70.6,36,4,70.6,r-experts_sl24_st12_sp336,,,,,,,,
yahoo-a1,vtcn-kl,strb,24,12,336,B3,50.0,0.2,0.9,0.5,,,,-0.0870326650026884,-0.0372699501839072,0.0870326650026884,0.8800383673901512,0.8019422041772505,0.9871743653766124,4,6,6,0.9872,0.9305,0.8098,0.7926,0.7671,0.8931,0.7549,0.7926,0.0001234240219953,0.0001864619640192,8.475592853048713e-05,0.0001017060354887,61.0,29,4,61.0,r-strb_sl24_st12_sp336_bu50_no0.2_re0.9_re0.5,,,,,,,,
yahoo-a1,vtcn-kl,random-buffer,24,12,336,B3,50.0,,,0.5,,,,-0.1521152321331824,-0.0396868407081689,0.1521152321331824,0.883696283533974,0.6944682699117809,0.9871743653766124,4,6,6,0.9872,0.9299,0.8849,0.7329,0.5853,0.8354,0.6243,0.7329,0.0001636890214202,0.0002472920257252,0.000112406017249,0.0001348860084762,80.9,29,4,80.9,r-random-buffer_sl24_st12_sp336_bu50_re0.5,,,,,,,,
yahoo-a1,vtcn-kl,reservoir,24,12,336,B3,50.0,,,0.5,,,,-0.0979202765339976,-0.0354812504540417,0.0979202765339976,0.8836947634875593,0.7768175529563559,0.9871743653766124,4,6,6,0.9872,0.928,0.8409,0.7788,0.7281,0.8875,0.713,0.7788,0.0001425476264786,0.0002153528135753,9.788810156234024e-05,0.000117464712013,70.5,29,4,70.5,r-reservoir_sl24_st12_sp336_bu50_re0.5,,,,,,,,
yahoo-a1,vtcn-kl,ewc,24,12,336,B3,,,,,1000.0,,,-0.2689511435691558,-0.1626709684189425,0.2689511435691558,0.6882084172073822,0.5155982575840645,0.9352085658967946,4,6,6,0.8112,0.8549,0.4172,0.6696,0.2734,0.758,0.3613,0.6696,0.0001607124343887,0.0002427951680229,0.0001103619918395,0.0001324331761834,79.5,67,4,79.5,r-ewc_sl24_st12_sp336_la1000,,,,,,,,
yahoo-a1,vtcn-kl,lwf,24,12,336,B3,,,,,,1.0,2.0,-0.2796660554890038,-0.1605060744731005,0.2796660554890038,0.6815754305281456,0.4909532419287781,0.9352085658967946,4,6,6,0.8112,0.876,0.3913,0.6478,0.242,0.7374,0.3366,0.6478,6.001344741075204e-05,9.066488914282268e-05,4.121145080943178e-05,4.9453438333390895e-05,29.7,65,4,29.7,r-lwf_sl24_st12_sp336_al1.0_te2.0,,,,,,,,
yahoo-a1,vtcn-kl,strb,6,6,336,B4,50.0,0.05,0.9,0.5,,,,-0.1320230434886107,-0.0443235049609544,0.1320230434886107,0.8567578952211562,0.7242255077269596,0.9677569738275608,4,6,6,0.9678,0.9292,0.8357,0.6943,0.6203,0.8632,0.7191,0.6943,0.0001793414210445,0.0002709387772116,0.000123154651794,0.0001477841254176,88.7,27,4,88.7,r-strb_sl6_st6_sp336_bu50_no0.05_re0.9_re0.5,,,,,,,,
yahoo-a1,vtcn-kl,strb,8,8,336,B4,50.0,0.05,0.9,0.5,,,,-0.1577777955056143,-0.1204435123508563,0.1577777955056143,0.7834995413942858,0.6845763148303632,0.9714507208133936,4,6,6,0.9715,0.9294,0.5826,0.6505,0.6347,0.8576,0.5956,0.6505,7.490279373879563e-05,0.000113158863285,5.143843043867189e-05,6.172043284634129e-05,37.0,26,4,37.1,r-strb_sl8_st8_sp336_bu50_no0.05_re0.9_re0.5,,,,,,,,
yahoo-a1,vtcn-kl,strb,10,10,336,B4,50.0,0.05,0.9,0.5,,,,-0.1883798360711944,-0.0752138755139019,0.1883798360711944,0.8279057707958969,0.6502104316893418,0.9711627997679372,4,6,6,0.9712,0.926,0.7178,0.6966,0.4522,0.8738,0.5782,0.6966,0.0001435644688202,0.0002168890009159,9.858647424714743e-05,0.0001183025266688,71.0,25,4,71.0,r-strb_sl10_st10_sp336_bu50_no0.05_re0.9_re0.5,,,,,,,,
yahoo-a1,vtcn-kl,strb,16,16,336,B4,50.0,0.05,0.9,0.5,,,,-0.1243998899072972,-0.0504797870358991,0.1243998899072972,0.8456941370791888,0.726682275704864,0.9721785261215546,4,6,6,0.9722,0.9196,0.762,0.729,0.6377,0.8919,0.6481,0.729,0.0001119347304623,0.0001691045984933,7.686610682608767e-05,9.223849166727937e-05,55.3,27,4,55.4,r-strb_sl16_st16_sp336_bu50_no0.05_re0.9_re0.5,,,,,,,,
yahoo-a1,vtcn-kl,strb,24,24,336,B4,50.0,0.05,0.9,0.5,,,,-0.0543221620428483,-0.0135939680835062,0.0543221620428483,0.9065814779025376,0.8304454761904145,0.9864461090303788,4,6,6,0.9864,0.9323,0.9324,0.7752,0.8209,0.9133,0.8124,0.7752,0.0001307131685191,0.0001974739903238,8.976135323949469e-05,0.0001077126370843,64.6,35,4,64.7,r-strb_sl24_st24_sp336_bu50_no0.05_re0.9_re0.5,,,,,,,,
yahoo-a1,vtcn-kl,strb,6,6,336,B4,50.0,0.35,0.9,0.5,,,,-0.1298722691341886,-0.0450201221163256,0.1298722691341886,0.8561219967026851,0.7277482293678995,0.9677569738275608,4,6,6,0.9678,0.9292,0.8325,0.695,0.62,0.8737,0.7222,0.695,0.0001901743627078,0.0002873045668365,0.0001305935286438,0.0001567110381927,94.0,27,4,94.0,r-strb_sl6_st6_sp336_bu50_no0.35_re0.9_re0.5,,,,,,,,
yahoo-a1,vtcn-kl,strb,8,8,336,B4,50.0,0.35,0.9,0.5,,,,-0.1518422354332343,-0.1167457109290259,0.1518422354332343,0.7876711280503246,0.6940063967554622,0.9714507208133936,4,6,6,0.9715,0.9294,0.5949,0.6549,0.6498,0.8597,0.6116,0.6549,0.0001207954237595,0.0001824908279165,8.295084340303826e-05,9.953998451353984e-05,59.7,26,4,59.7,r-strb_sl8_st8_sp336_bu50_no0.35_re0.9_re0.5,,,,,,,,
yahoo-a1,vtcn-kl,strb,10,10,336,B4,50.0,0.35,0.9,0.5,,,,-0.1758163089223868,-0.0729556542084424,0.1758163089223868,0.8319142687366979,0.6654720765901041,0.9711627997679372,4,6,6,0.9712,0.926,0.7326,0.6978,0.4751,0.8917,0.5973,0.6978,0.0001603602302722,0.0002422630781571,0.0001101200734381,0.000132143004719,79.3,25,4,79.3,r-strb_sl10_st10_sp336_bu50_no0.35_re0.9_re0.5,,,,,,,,
yahoo-a1,vtcn-kl,strb,16,16,336,B4,50.0,0.35,0.9,0.5,,,,-0.1267303837339034,-0.0519559683636345,0.1267303837339034,0.8438575400902801,0.7233725064889557,0.9721785261215546,4,6,6,0.9722,0.9196,0.7562,0.7274,0.6335,0.8931,0.6395,0.7274,0.0001425078981038,0.0002152927942154,9.786090706087028e-05,0.0001174318871546,70.5,27,4,70.5,r-strb_sl16_st16_sp336_bu50_no0.35_re0.9_re0.5,,,,,,,,
yahoo-a1,vtcn-kl,strb,24,24,336,B4,50.0,0.35,0.9,0.5,,,,-0.0534698346950024,-0.0137577771344317,0.0534698346950024,0.906490628372807,0.83161927940892,0.9864461090303788,4,6,6,0.9864,0.9323,0.9326,0.7746,0.8222,0.9145,0.8152,0.7746,0.0001265004190265,0.0001911096089691,8.686841035895567e-05,0.0001042411986102,62.5,35,4,62.6,r-strb_sl24_st24_sp336_bu50_no0.35_re0.9_re0.5,,,,,,,,
yahoo-a1,vtcn-kl,strb,6,6,336,B4,250.0,0.05,0.9,0.5,,,,-0.1616365380378532,-0.0765179475594528,0.1616365380378532,0.8211630952695187,0.7043114876592156,0.9677569738275608,4,6,6,0.9678,0.9319,0.6922,0.6928,0.583,0.8643,0.6771,0.6928,0.0001746585446808,0.0002638641550276,0.000119938836343,0.0001439253186845,86.4,25,4,86.4,r-strb_sl6_st6_sp336_bu250_no0.05_re0.9_re0.5,,,,,,,,
yahoo-a1,vtcn-kl,strb,8,8,336,B4,250.0,0.05,0.9,0.5,,,,-0.0862681578041371,-0.0752173969430214,0.0862681578041371,0.8158836428807147,0.7723623864081268,0.9746112676476288,4,6,6,0.9715,0.9295,0.6488,0.7137,0.7726,0.8949,0.7082,0.7137,0.0001563580762444,0.0002362168524041,0.0001073719313639,0.0001288449210401,77.3,27,4,77.3,r-strb_sl8_st8_sp336_bu250_no0.05_re0.9_re0.5,,,,,,,,
yahoo-a1,vtcn-kl,strb,10,10,336,B4,250.0,0.05,0.9,0.5,,,,-0.1190511724009804,-0.0476819468148833,0.1190511724009804,0.8623198251451711,0.749792018275044,0.9711627997679372,4,6,6,0.9712,0.9297,0.8222,0.7262,0.6241,0.9146,0.7342,0.7262,8.61026211762777e-05,0.0001300789229857,5.9127071527634854e-05,7.095185145813351e-05,42.6,27,4,42.6,r-strb_sl10_st10_sp336_bu250_no0.05_re0.9_re0.5,,,,,,,,
yahoo-a1,vtcn-kl,strb,12,12,336,B4,250.0,0.05,0.9,0.5,,,,-0.1678234143552451,-0.0635493138475058,0.1678234143552451,0.8441936650020818,0.6924719490532403,0.9873207561613948,4,6,6,0.9873,0.9255,0.7559,0.7081,0.5329,0.8745,0.6543,0.7081,0.0001552638950176,0.0002345638258923,0.0001066204406838,0.0001279433852084,76.8,25,4,76.8,r-strb_sl12_st12_sp336_bu250_no0.05_re0.9_re0.5,,,,,,,,
yahoo-a1,vtcn-kl,strb,16,16,336,B4,250.0,0.05,0.9,0.5,,,,-0.0971368738255336,-0.0302263715548398,0.0971368738255336,0.8660368208060938,0.7606700838702634,0.9767962172759774,4,6,6,0.9722,0.926,0.8211,0.7448,0.7066,0.8947,0.6965,0.7448,9.900683566249776e-05,0.0001495738733068,6.798843171111205e-05,8.158544159571952e-05,49.0,26,4,49.0,r-strb_sl16_st16_sp336_bu250_no0.05_re0.9_re0.5,,,,,,,,
yahoo-a1,vtcn-kl,strb,24,24,336,B4,250.0,0.05,0.9,0.5,,,,-0.0712453880494511,-0.0287585577489896,0.0712453880494511,0.8943296438117132,0.8118016053518701,0.9864461090303788,4,6,6,0.9864,0.9312,0.8993,0.7604,0.7685,0.9177,0.8007,0.7604,0.0001232113337259,0.0001861406467278,8.460989276775054e-05,0.00010153075396,60.9,35,4,60.9,r-strb_sl24_st24_sp336_bu250_no0.05_re0.9_re0.5,,,,,,,,
yahoo-a1,vtcn-kl,strb,6,6,336,B4,250.0,0.2,0.9,0.5,,,,-0.1595665002924692,-0.0753506966241218,0.1595665002924692,0.8231760698955085,0.7085175675523384,0.9677569738275608,4,6,6,0.9678,0.9319,0.6987,0.6944,0.5888,0.8675,0.6834,0.6944,0.000184018859565,0.0002780051842124,0.0001263666383094,0.000151638545903,91.0,25,4,91.0,r-strb_sl6_st6_sp336_bu250_no0.2_re0.9_re0.5,,,,,,,,
yahoo-a1,vtcn-kl,strb,8,8,336,B4,250.0,0.2,0.9,0.5,,,,-0.0783507568957879,-0.0478876387768327,0.0783507568957879,0.8441602294710735,0.7709994123026094,0.9746112676476288,4,6,6,0.9715,0.9295,0.7621,0.7136,0.7588,0.905,0.7066,0.7136,0.0001009350947937,0.0001524869770846,6.931270833463512e-05,8.31742687500082e-05,49.9,28,4,49.9,r-strb_sl8_st8_sp336_bu250_no0.2_re0.9_re0.5,,,,,,,,
yahoo-a1,vtcn-kl,strb,10,10,336,B4,250.0,0.2,0.9,0.5,,,,-0.1187066681617892,-0.0475507138919812,0.1187066681617892,0.862214918053069,0.7502294786842448,0.9711627997679372,4,6,6,0.9712,0.9297,0.8208,0.7272,0.625,0.9147,0.7341,0.7272,0.000151281775061,0.00022854786647,0.0001038859190386,0.0001246619474313,74.8,27,4,74.8,r-strb_sl10_st10_sp336_bu250_no0.2_re0.9_re0.5,,,,,,,,
yahoo-a1,vtcn-kl,strb,16,16,336,B4,250.0,0.2,0.9,0.5,,,,-0.0983674735818958,-0.0311555645205257,0.0983674735818958,0.8657064723235882,0.7602968278243448,0.9767962172759774,4,6,6,0.9722,0.926,0.8197,0.7449,0.7021,0.8965,0.6977,0.7449,0.0001375407010913,0.0002077886366321,9.44497810767239e-05,0.0001133388555554,68.0,26,4,68.0,r-strb_sl16_st16_sp336_bu250_no0.2_re0.9_re0.5,,,,,,,,
yahoo-a1,vtcn-kl,strb,24,24,336,B4,250.0,0.2,0.9,0.5,,,,-0.0713951101103825,-0.0283466378568248,0.0713951101103825,0.8949071161620581,0.8118703837511655,0.9864461090303788,4,6,6,0.9864,0.9312,0.9003,0.7617,0.7683,0.9172,0.8003,0.7617,9.780088918778004e-05,0.0001477519982411,6.716039108836817e-05,8.05916071527948e-05,48.4,35,4,48.4,r-strb_sl24_st24_sp336_bu250_no0.2_re0.9_re0.5,,,,,,,,
yahoo-a1,vtcn-kl,strb,6,6,336,B4,250.0,0.35,0.9,0.5,,,,-0.1581027938068226,-0.0742091877496943,0.1581027938068226,0.824718627013804,0.710267831080776,0.9677569738275608,4,6,6,0.9678,0.9319,0.7042,0.6951,0.5912,0.8681,0.6867,0.6951,0.0001657234399978,0.0002503655091322,0.0001138029776054,0.0001365625315268,81.9,25,4,82.0,r-strb_sl6_st6_sp336_bu250_no0.35_re0.9_re0.5,,,,,,,,
yahoo-a1,vtcn-kl,strb,8,8,336,B4,250.0,0.35,0.9,0.5,,,,-0.0783556308357026,-0.0479110090627122,0.0783556308357026,0.8441251740422543,0.7709570459639181,0.9746112676476288,4,6,6,0.9715,0.9295,0.7621,0.7134,0.7588,0.905,0.7066,0.7134,0.0001402907079312,0.0002119431899203,9.633839693334368e-05,0.0001156047929869,69.4,28,4,69.4,r-strb_sl8_st8_sp336_bu250_no0.35_re0.9_re0.5,,,,,,,,
yahoo-a1,vtcn-kl,strb,10,10,336,B4,250.0,0.35,0.9,0.5,,,,-0.1187066681617892,-0.0475507138919812,0.1187066681617892,0.862214918053069,0.7502294786842448,0.9711627997679372,4,6,6,0.9712,0.9297,0.8208,0.7272,0.625,0.9147,0.7341,0.7272,0.0001687097995196,0.0002548771305549,0.0001158537576382,0.0001390233729166,83.4,27,4,83.4,r-strb_sl10_st10_sp336_bu250_no0.35_re0.9_re0.5,,,,,,,,
yahoo-a1,vtcn-kl,strb,12,12,336,B4,250.0,0.35,0.9,0.5,,,,-0.1672298561799006,-0.0635025663075152,0.1672298561799006,0.8443021220707245,0.6931403483646128,0.9873207561613948,4,6,6,0.9873,0.9255,0.7559,0.7085,0.534,0.8753,0.6548,0.7085,0.0001562736683251,0.00023608933374,0.0001073138233222,0.0001287755104177,77.3,25,4,77.3,r-strb_sl12_st12_sp336_bu250_no0.35_re0.9_re0.5,,,,,,,,
yahoo-a1,vtcn-kl,strb,16,16,336,B4,250.0,0.35,0.9,0.5,,,,-0.0942978220361434,-0.0289510545999187,0.0942978220361434,0.8685139658454779,0.7671049660939082,0.9767962172759774,4,6,6,0.9722,0.926,0.8303,0.7455,0.716,0.894,0.7129,0.7455,1.9475990927178748e-05,2.942321487172093e-05,1.3374261052942732e-05,1.6048953818778198e-05,9.6,26,4,9.6,r-strb_sl16_st16_sp336_bu250_no0.35_re0.9_re0.5,,,,,,,,
yahoo-a1,vtcn-kl,strb,24,24,336,B4,250.0,0.35,0.9,0.5,,,,-0.0713951101103825,-0.0283466378568248,0.0713951101103825,0.8949071161620581,0.8118703837511655,0.9864461090303788,4,6,6,0.9864,0.9312,0.9003,0.7617,0.7683,0.9172,0.8003,0.7617,0.000111645451335,0.0001686675721078,7.666740544114468e-05,9.200016666669398e-05,55.2,35,4,55.2,r-strb_sl24_st24_sp336_bu250_no0.35_re0.9_re0.5,,,,,,,,
yahoo-a1,vtcn-kl,strb,6,6,336,B4,1000.0,0.05,0.9,0.5,,,,-0.1127340989238107,-0.0424503803285878,0.1127340989238107,0.8553295586290446,0.7521924471043824,0.9677569738275608,4,6,6,0.9678,0.9301,0.8299,0.6936,0.6751,0.864,0.7761,0.6936,0.0001678408649144,0.0002535643937758,0.0001152571509275,0.0001383072428482,83.0,25,4,83.0,r-strb_sl6_st6_sp336_bu1000_no0.05_re0.9_re0.5,,,,,,,,
yahoo-a1,vtcn-kl,strb,8,8,336,B4,1000.0,0.05,0.9,0.5,,,,-0.077542010443714,-0.0549914034969741,0.077542010443714,0.8524802618534376,0.7867881026782669,0.9714507208133936,4,6,6,0.9715,0.9222,0.8014,0.7149,0.7955,0.9006,0.7362,0.7149,0.0001366821027044,0.0002064915152214,9.386030133140998e-05,0.00011263121389,67.6,28,4,67.6,r-strb_sl8_st8_sp336_bu1000_no0.05_re0.9_re0.5,,,,,,,,
yahoo-a1,vtcn-kl,strb,10,10,336,B4,1000.0,0.05,0.9,0.5,,,,-0.0872863295170166,-0.0318779395187791,0.0872863295170166,0.8879548411866593,0.8041226318118252,0.9711627997679372,4,6,6,0.9712,0.9326,0.8961,0.752,0.7281,0.9225,0.8139,0.752,0.0001741438189226,0.0002630865367468,0.000119585415567,0.0001435011211798,86.1,27,4,86.1,r-strb_sl10_st10_sp336_bu1000_no0.05_re0.9_re0.5,,,,,,,,
yahoo-a1,vtcn-kl,strb,12,12,336,B4,1000.0,0.05,0.9,0.5,,,,-0.1288475141063648,-0.0489502647605551,0.1288475141063648,0.8642547710910207,0.7421724470483371,0.9873207561613948,4,6,6,0.9873,0.9216,0.8404,0.7077,0.6317,0.8849,0.7444,0.7077,0.0001552057882244,0.0002344760414676,0.0001065806051496,0.0001278954363179,76.7,25,4,76.8,r-strb_sl12_st12_sp336_bu1000_no0.05_re0.9_re0.5,,,,,,,,
yahoo-a1,vtcn-kl,strb,16,16,336,B4,1000.0,0.05,0.9,0.5,,,,-0.0946573588489824,-0.0310256642942035,0.0946573588489824,0.8746433743848665,0.7660559661267405,0.9721785261215546,4,6,6,0.9722,0.9222,0.8819,0.7223,0.7034,0.885,0.7535,0.7223,1.9630134018070167e-05,2.96560854507455e-05,1.3480115450996283e-05,1.6175969999749214e-05,9.7,27,4,9.7,r-strb_sl16_st16_sp336_bu1000_no0.05_re0.9_re0.5,,,,,,,,
yahoo-a1,vtcn-kl,strb,24,24,336,B4,1000.0,0.05,0.9,0.5,,,,-0.0844436897813517,-0.0487381244326018,0.0844436897813517,0.8752394540224685,0.8094422296246803,0.9864461090303788,4,6,6,0.9864,0.9245,0.8276,0.7625,0.7687,0.908,0.7986,0.7625,0.0001163809786609,0.0001758217363587,7.991944427291553e-05,9.590229208581147e-05,57.5,33,4,57.6,r-strb_sl24_st24_sp336_bu1000_no0.05_re0.9_re0.5,,,,,,,,
yahoo-a1,vtcn-kl,strb,6,6,336,B4,1000.0,0.2,0.9,0.5,,,,-0.1133953720186327,-0.0428718593808065,0.1133953720186327,0.8547576515145141,0.7505377384839119,0.9677569738275608,4,6,6,0.9678,0.9301,0.829,0.6922,0.6691,0.8698,0.771,0.6922,0.0001530651898488,0.0002312421476855,0.0001051105487283,0.0001261315989571,75.7,25,4,75.7,r-strb_sl6_st6_sp336_bu1000_no0.2_re0.9_re0.5,,,,,,,,
yahoo-a1,vtcn-kl,strb,8,8,336,B4,1000.0,0.2,0.9,0.5,,,,-0.0765190601623103,-0.0557035491714289,0.0765190601623103,0.8519773489543947,0.7889788488303981,0.9714507208133936,4,6,6,0.9715,0.9222,0.7986,0.7157,0.7932,0.9055,0.7416,0.7157,6.501118015749044e-05,9.821517836962204e-05,4.464345815940761e-05,5.3571720210214464e-05,32.1,28,4,32.2,r-strb_sl8_st8_sp336_bu1000_no0.2_re0.9_re0.5,,,,,,,,
yahoo-a1,vtcn-kl,strb,10,10,336,B4,1000.0,0.2,0.9,0.5,,,,-0.0868821390928998,-0.0317819590814853,0.0868821390928998,0.8880384053815912,0.8047312919648746,0.9711627997679372,4,6,6,0.9712,0.9326,0.8964,0.7521,0.7291,0.9225,0.8152,0.7521,0.0001632583988735,0.0002466414657734,0.0001121103548005,0.0001345311109729,80.7,27,4,80.7,r-strb_sl10_st10_sp336_bu1000_no0.2_re0.9_re0.5,,,,,,,,
yahoo-a1,vtcn-kl,strb,16,16,336,B4,1000.0,0.2,0.9,0.5,,,,-0.0937710146526801,-0.0312819772302753,0.0937710146526801,0.8746260369467775,0.7669993583735908,0.9721785261215546,4,6,6,0.9722,0.9222,0.8836,0.7206,0.7059,0.886,0.7555,0.7206,0.0001414337403554,0.0002136700180313,9.71231167819092e-05,0.0001165469012494,69.9,27,4,69.9,r-strb_sl16_st16_sp336_bu1000_no0.2_re0.9_re0.5,,,,,,,,
yahoo-a1,vtcn-kl,strb,24,24,336,B4,1000.0,0.2,0.9,0.5,,,,-0.0847245078530702,-0.0487234077240434,0.0847245078530702,0.8751703773102708,0.8083825204056339,0.9864461090303788,4,6,6,0.9864,0.9245,0.8275,0.7623,0.7664,0.9078,0.797,0.7623,9.497580414374334e-05,0.0001434840210895,6.522032962917971e-05,7.826369146040332e-05,47.0,33,4,47.0,r-strb_sl24_st24_sp336_bu1000_no0.2_re0.9_re0.5,,,,,,,,
yahoo-a1,vtcn-kl,strb,6,6,336,B4,1000.0,0.35,0.9,0.5,,,,-0.1120915400182348,-0.0423643983450626,0.1120915400182348,0.8554524362968208,0.7525364965166579,0.9677569738275608,4,6,6,0.9678,0.9301,0.8297,0.6943,0.6709,0.8727,0.7722,0.6943,0.0001574882917824,0.0002379243174953,0.0001081478687481,0.0001297764487471,77.9,25,4,77.9,r-strb_sl6_st6_sp336_bu1000_no0.35_re0.9_re0.5,,,,,,,,
yahoo-a1,vtcn-kl,strb,8,8,336,B4,1000.0,0.35,0.9,0.5,,,,-0.0763834183999988,-0.0557096372290949,0.0763834183999988,0.8519682168678956,0.7891731793873663,0.9714507208133936,4,6,6,0.9715,0.9222,0.7986,0.7157,0.7932,0.9059,0.7419,0.7157,0.0001104915802226,0.0001669243695257,7.587513431790286e-05,9.10492352078048e-05,54.6,28,4,54.6,r-strb_sl8_st8_sp336_bu1000_no0.35_re0.9_re0.5,,,,,,,,
yahoo-a1,vtcn-kl,strb,10,10,336,B4,1000.0,0.35,0.9,0.5,,,,-0.0868821390928998,-0.0317819590814853,0.0868821390928998,0.8880384053815912,0.8047312919648746,0.9711627997679372,4,6,6,0.9712,0.9326,0.8964,0.7521,0.7291,0.9225,0.8152,0.7521,0.0001712172190834,0.0002586651968398,0.0001175756939253,0.0001410895029144,84.7,27,4,84.7,r-strb_sl10_st10_sp336_bu1000_no0.35_re0.9_re0.5,,,,,,,,
yahoo-a1,vtcn-kl,strb,12,12,336,B4,1000.0,0.35,0.9,0.5,,,,-0.128556047732583,-0.0486228236122801,0.128556047732583,0.8645034004627472,0.7431454327867087,0.9873207561613948,4,6,6,0.9873,0.9216,0.8406,0.7085,0.6333,0.8851,0.7457,0.7085,0.0001349377059595,0.000203856180237,9.266233183184846e-05,0.0001111938484051,66.7,25,4,66.7,r-strb_sl12_st12_sp336_bu1000_no0.35_re0.9_re0.5,,,,,,,,
yahoo-a1,vtcn-kl,strb,16,16,336,B4,1000.0,0.35,0.9,0.5,,,,-0.0939339596304155,-0.0314756567188365,0.0939339596304155,0.8743671468239629,0.7665098724531356,0.9721785261215546,4,6,6,0.9722,0.9222,0.8837,0.7194,0.7054,0.8859,0.7553,0.7194,4.97862805953488e-05,7.521426956389203e-05,3.418845081145668e-05,4.102581875243535e-05,24.6,27,4,24.6,r-strb_sl16_st16_sp336_bu1000_no0.35_re0.9_re0.5,,,,,,,,
yahoo-a1,vtcn-kl,strb,24,24,336,B4,1000.0,0.35,0.9,0.5,,,,-0.0843570046189067,-0.0488248354733408,0.0843570046189067,0.8751229192712621,0.809065571091573,0.9864461090303788,4,6,6,0.9864,0.9245,0.827,0.7626,0.7673,0.9087,0.7977,0.7626,0.0001174785846104,0.0001774799367458,8.067306834337716e-05,9.68068684024426e-05,58.1,33,4,58.1,r-strb_sl24_st24_sp336_bu1000_no0.35_re0.9_re0.5,,,,,,,,
yahoo-a1,vtcn-kl,naive,12,12,168,B5,,,,,,,,0.0003606190423359,-0.0828612561169025,-0.0003606190423359,0.8857158206134126,0.8896940775713139,0.9996014943960148,8,28,28,0.9594,0.9908,0.9986,0.9915,0.9602,0.9823,0.9944,0.9889,0.000172161375791,0.0002600915748755,0.0001182239235546,0.0001418676513208,85.1,60,8,85.1,r-naive_sl12_st12_sp168,0.8306,0.8671,0.7938,0.6539,0.8218,0.884,0.8321,0.6539
yahoo-a1,vtcn-kl,cumulative,12,12,168,B5,,,,,,,,0.002153005537875,-0.0671615917511789,-0.002153005537875,0.8839539783195762,0.8711097578224499,0.9996014943960148,8,28,28,0.9594,0.995,0.9972,0.9933,0.9731,0.9937,0.9959,0.9918,0.0001643027992461,0.0002482192862134,0.000112827400867,0.0001353918853464,81.2,51,8,81.2,r-cumulative_sl12_st12_sp168,0.86,0.8539,0.8312,0.5816,0.7517,0.8163,0.8648,0.5816
yahoo-a1,vtcn-kl,experts,12,12,168,B5,,,,,,,,-0.0009228845982196,-0.0438990436556534,0.0009228845982196,0.9144295134754644,0.9130662998322248,0.9996014943960148,8,28,28,0.9594,0.9924,0.9994,0.9952,0.9789,0.9909,0.9972,0.9932,0.0001080225242562,0.0001631942607727,7.417957841276398e-05,8.901468235999346e-05,53.4,64,8,53.4,r-experts_sl12_st12_sp168,0.9147,0.8491,0.9161,0.6891,0.8339,0.8833,0.9381,0.6891
yahoo-a1,vtcn-kl,strb,12,12,168,B5,50.0,0.2,0.9,0.5,,,,-0.0008290301821119,-0.049117273024805,0.0008290301821119,0.905620596100559,0.897335842920953,0.9996014943960148,8,28,28,0.9594,0.9929,0.999,0.9922,0.9831,0.9894,0.9974,0.991,0.0001733729541971,0.0002619219583415,0.0001190559495926,0.0001428660087489,85.7,58,8,85.7,r-strb_sl12_st12_sp168_bu50_no0.2_re0.9_re0.5,0.8691,0.9043,0.815,0.7131,0.809,0.8946,0.8011,0.7131
yahoo-a1,vtcn-kl,random-buffer,12,12,168,B5,50.0,,,0.5,,,,-0.0017114394286084,-0.0529901135113907,0.0017114394286084,0.9020944819060182,0.8998561006354939,0.9996014943960148,8,28,28,0.9594,0.9943,0.9987,0.9939,0.9723,0.9834,0.9965,0.992,0.0001718442808054,0.0002596125258797,0.0001180064959503,0.0001416060299294,85.0,55,8,85.0,r-random-buffer_sl12_st12_sp168_bu50_re0.5,0.876,0.8916,0.8145,0.6884,0.8521,0.8834,0.8307,0.6884
yahoo-a1,vtcn-kl,reservoir,12,12,168,B5,50.0,,,0.5,,,,-0.0036922133503365,-0.0710449956457703,0.0036922133503365,0.8875761187885004,0.885215704377582,0.9996014943960148,8,28,28,0.9594,0.9918,0.9982,0.9926,0.963,0.9868,0.9948,0.9912,0.000155540900782,0.0002349823103821,0.0001068108029508,0.0001281715074313,76.9,58,8,76.9,r-reservoir_sl12_st12_sp168_bu50_re0.5,0.8946,0.8497,0.7454,0.6689,0.8473,0.8501,0.7797,0.6689
yahoo-a1,vtcn-kl,ewc,12,12,168,B5,,,,,1000.0,,,0.0015207728371296,-0.1348757153992193,-0.0015207728371296,0.7898991002653863,0.790956414428212,0.9950684931506848,8,28,28,0.982,0.986,0.9923,0.9459,0.9763,0.984,0.9861,0.9034,7.602073890990819e-05,0.0001148477910067,5.220382065939096e-05,6.264397034732004e-05,37.6,81,8,37.6,r-ewc_sl12_st12_sp168_la1000,0.5446,0.6118,0.7305,0.5262,0.6147,0.5965,0.7405,0.5262
yahoo-a1,vtcn-kl,lwf,12,12,168,B5,,,,,,1.0,2.0,0.0037684939847943,-0.1394563545961788,-0.0037684939847943,0.7938108183551621,0.7939799382895203,0.994769613947696,8,28,28,0.982,0.9856,0.9927,0.9613,0.9806,0.9826,0.9868,0.9142,0.0001549595903814,0.000234104099826,0.0001064114303806,0.0001276926694453,76.6,80,8,76.6,r-lwf_sl12_st12_sp168_al1.0_te2.0,0.5434,0.6231,0.7686,0.4938,0.566,0.6343,0.7935,0.4938
yahoo-a1,gru,strb,12,12,336,B1,2000.0,0.2,0.9,0.5,,,,-0.0895278640552734,-0.0493176876132507,0.0895278640552734,0.7336498659610595,0.6746809380558367,0.8289498983613401,4,6,6,0.7548,0.8287,0.7136,0.6375,0.5356,0.8287,0.697,0.6375,0.0001083720662074,0.0001637223287912,7.441947864911831e-05,8.930285014212131e-05,53.6,69,4,53.6,r-strb_sl12_st12_sp336_bu2000_no0.2_re0.9_re0.5,,,,,,,,
yahoo-a1,gru,strb,12,12,336,B1,4000.0,0.2,0.9,0.5,,,,-0.0895278640552734,-0.0493176876132507,0.0895278640552734,0.7336498659610595,0.6746809380558367,0.8289498983613401,4,6,6,0.7548,0.8287,0.7136,0.6375,0.5356,0.8287,0.697,0.6375,0.0001178368823656,0.0001780212325329,8.09189880195643e-05,9.710224451341976e-05,58.3,69,4,58.3,r-strb_sl12_st12_sp336_bu4000_no0.2_re0.9_re0.5,,,,,,,,
yahoo-a1,gru,strb,12,12,336,B1,50.0,0.01,0.9,0.5,,,,-0.1180900985200405,-0.0588089971053452,0.1180900985200405,0.7259043302436347,0.6547714115313944,0.8317273186240397,4,6,6,0.7548,0.8284,0.6769,0.6435,0.4922,0.8223,0.6611,0.6435,0.0001546018638818,0.0002335636670592,0.0001061656063655,0.0001273980606937,76.4,91,4,76.4,r-strb_sl12_st12_sp336_bu50_no0.01_re0.9_re0.5,,,,,,,,
yahoo-a1,gru,strb,12,12,336,B1,50.0,0.5,0.9,0.5,,,,-0.099953481145586,-0.0560131226126263,0.099953481145586,0.7289536761536956,0.6790037994596182,0.8387353828100481,4,6,6,0.7548,0.8284,0.6824,0.6501,0.5404,0.8387,0.6867,0.6501,0.0001246326781992,0.0001882879327889,8.558569438755512e-05,0.0001027022384013,61.6,81,4,61.6,r-strb_sl12_st12_sp336_bu50_no0.5_re0.9_re0.5,,,,,,,,
yahoo-a1,gru,strb,12,12,336,B1,50.0,0.2,0.3,0.5,,,,-0.1000218963376467,-0.0563773474401442,0.1000218963376467,0.7284711014497766,0.6793344910941875,0.8388909356366068,4,6,6,0.7548,0.8284,0.68,0.6507,0.5402,0.8389,0.6876,0.6507,0.0001283897822189,0.0001939639509839,8.816572181854605e-05,0.0001057982291653,63.5,82,4,63.5,r-strb_sl12_st12_sp336_bu50_no0.2_re0.3_re0.5,,,,,,,,
yahoo-a1,gru,strb,12,12,336,B1,50.0,0.2,0.95,0.5,,,,-0.1000877038873572,-0.0555863296593755,0.1000877038873572,0.7294696003522795,0.6790017531306585,0.8377529439054674,4,6,6,0.7548,0.8284,0.6844,0.6502,0.5409,0.8378,0.6871,0.6502,0.0001227802939781,0.0001854894564922,8.431365156171119e-05,0.0001011758049305,60.7,81,4,60.7,r-strb_sl12_st12_sp336_bu50_no0.2_re0.95_re0.5,,,,,,,,
yahoo-a1,gru,strb,12,12,336,B1,50.0,0.2,0.9,0.7,,,,-0.1272915011489762,-0.0647551437774396,0.1272915011489762,0.7191883731177329,0.6584972476716452,0.8330044891999945,4,6,6,0.7548,0.833,0.6266,0.6624,0.4854,0.8292,0.6571,0.6624,0.0003145333332853,0.0004751789977812,0.0002159912930568,0.0002591877047244,155.5,97,4,155.5,r-strb_sl12_st12_sp336_bu50_no0.2_re0.9_re0.7,,,,,,,,
yahoo-a1,gru,strb,12,12,336,B1,50.0,0.2,0.9,0.9,,,,-0.2163217147929142,-0.0999671063291158,0.2163217147929142,0.6999208101687872,0.5904241702565453,0.8512341888738795,4,6,6,0.7548,0.8512,0.5189,0.6748,0.3234,0.847,0.5166,0.6748,0.0009468157548787,0.0014303951723889,0.0006501819728019,0.0007802131995869,468.1,126,4,468.1,r-strb_sl12_st12_sp336_bu50_no0.2_re0.9_re0.9,,,,,,,,
yahoo-a1,gru,strb,12,12,336,B6,50.0,0.01,0.3,0.5,,,,-0.1121829005301019,-0.0527062587426317,0.1121829005301019,0.7342520829185418,0.6631864562822326,0.8293994842195751,4,6,6,0.7548,0.8284,0.7074,0.6464,0.5059,0.8207,0.6798,0.6464,0.0001411512244339,0.0002132432091109,9.692899265145468e-05,0.0001163142164594,69.8,88,4,69.8,r-strb_sl12_st12_sp336_bu50_no0.01_re0.3_re0.5,,,,,,,,
yahoo-a1,gru,strb,12,12,336,B6,50.0,0.05,0.3,0.5,,,,-0.1142728414838735,-0.0588059448511694,0.1142728414838735,0.7259352481597576,0.6602259611312661,0.8332664729078826,4,6,6,0.7548,0.8284,0.6759,0.6446,0.5,0.8253,0.671,0.6446,0.0001635828278036,0.0002471315944738,0.000112333189471,0.0001347984050028,80.9,85,4,80.9,r-strb_sl12_st12_sp336_bu50_no0.05_re0.3_re0.5,,,,,,,,
yahoo-a1,gru,strb,12,12,336,B6,50.0,0.1,0.3,0.5,,,,-0.105700747795218,-0.0548579359601199,0.105700747795218,0.7301162443208689,0.6724880008831828,0.8353405105953307,4,6,6,0.7548,0.8284,0.6835,0.6538,0.5259,0.8353,0.675,0.6538,0.000191670257601,0.0002895644794147,0.0001316209855301,0.0001579434938845,94.8,81,4,94.8,r-strb_sl12_st12_sp336_bu50_no0.1_re0.3_re0.5,,,,,,,,
yahoo-a1,gru,strb,12,12,336,B6,50.0,0.35,0.3,0.5,,,,-0.099953481145586,-0.0560131226126263,0.099953481145586,0.7289536761536956,0.6790037994596182,0.8387353828100481,4,6,6,0.7548,0.8284,0.6824,0.6501,0.5404,0.8387,0.6867,0.6501,0.0001291396865582,0.0001950968636347,8.868065127171577e-05,0.000106416212363,63.9,81,4,63.9,r-strb_sl12_st12_sp336_bu50_no0.35_re0.3_re0.5,,,,,,,,
yahoo-a1,gru,strb,12,12,336,B6,50.0,0.5,0.3,0.5,,,,-0.099953481145586,-0.0560131226126263,0.099953481145586,0.7289536761536956,0.6790037994596182,0.8387353828100481,4,6,6,0.7548,0.8284,0.6824,0.6501,0.5404,0.8387,0.6867,0.6501,0.0001971757473938,0.00029788185899,0.000135401549826,0.0001624803091639,97.5,81,4,97.5,r-strb_sl12_st12_sp336_bu50_no0.5_re0.3_re0.5,,,,,,,,
yahoo-a1,gru,strb,12,12,336,B6,50.0,0.01,0.5,0.5,,,,-0.1232998933975046,-0.063495558241859,0.1232998933975046,0.718870707120493,0.649201761853667,0.8344972505355657,4,6,6,0.7548,0.8284,0.6442,0.648,0.4771,0.8192,0.6525,0.648,0.0002248050152007,0.00033962257896,0.0001543746236129,0.0001852479553471,111.2,89,4,111.2,r-strb_sl12_st12_sp336_bu50_no0.01_re0.5_re0.5,,,,,,,,
yahoo-a1,gru,strb,12,12,336,B6,50.0,0.05,0.5,0.5,,,,-0.1293304152844649,-0.0616776693417203,0.1293304152844649,0.7221530177900144,0.6422197168456437,0.8333237818439833,4,6,6,0.7548,0.8284,0.6552,0.6502,0.4599,0.8233,0.6355,0.6502,0.0002436538197062,0.0003680982764029,0.0001673182690386,0.0002007800073642,120.5,97,4,120.5,r-strb_sl12_st12_sp336_bu50_no0.05_re0.5_re0.5,,,,,,,,
yahoo-a1,gru,strb,12,12,336,B6,50.0,0.1,0.5,0.5,,,,-0.0997974427132277,-0.0556613986177217,0.0997974427132277,0.7290529187202439,0.6804273185581085,0.8366367841499857,4,6,6,0.7548,0.8284,0.6818,0.6512,0.5413,0.8366,0.6926,0.6512,0.0001570948176442,0.0002373298792376,0.0001078775625022,0.0001294523167354,77.7,81,4,77.7,r-strb_sl12_st12_sp336_bu50_no0.1_re0.5_re0.5,,,,,,,,
yahoo-a1,gru,strb,12,12,336,B6,50.0,0.35,0.5,0.5,,,,-0.099953481145586,-0.0560131226126263,0.099953481145586,0.7289536761536956,0.6790037994596182,0.8387353828100481,4,6,6,0.7548,0.8284,0.6824,0.6501,0.5404,0.8387,0.6867,0.6501,0.0001243880072563,0.0001879182979009,8.5417686514039e-05,0.0001025006113868,61.5,81,4,61.5,r-strb_sl12_st12_sp336_bu50_no0.35_re0.5_re0.5,,,,,,,,
yahoo-a1,gru,strb,12,12,336,B6,50.0,0.5,0.5,0.5,,,,-0.099953481145586,-0.0560131226126263,0.099953481145586,0.7289536761536956,0.6790037994596182,0.8387353828100481,4,6,6,0.7548,0.8284,0.6824,0.6501,0.5404,0.8387,0.6867,0.6501,0.0001285938506276,0.0001942722458819,8.830582789378241e-05,0.0001059664179881,63.6,81,4,63.6,r-strb_sl12_st12_sp336_bu50_no0.5_re0.5_re0.5,,,,,,,,
yahoo-a1,gru,strb,12,12,336,B6,50.0,0.01,0.7,0.5,,,,-0.1275822427689889,-0.0647742359289082,0.1275822427689889,0.7156105478557189,0.6422129606145499,0.8318037305388405,4,6,6,0.7548,0.8284,0.6364,0.6428,0.4629,0.8245,0.6387,0.6428,0.0001462895122786,0.0002210058409529,0.0001004574771996,0.0001205483637532,72.3,93,4,72.3,r-strb_sl12_st12_sp336_bu50_no0.01_re0.7_re0.5,,,,,,,,
yahoo-a1,gru,strb,12,12,336,B6,50.0,0.05,0.7,0.5,,,,-0.1160334173725567,-0.0575906690748031,0.1160334173725567,0.7265531933013553,0.6605151265077578,0.8289498983613401,4,6,6,0.7548,0.8284,0.6807,0.6423,0.5028,0.8195,0.6774,0.6423,0.0002325502424606,0.0003513236259954,0.0001596932839104,0.000191630342085,115.0,86,4,115.0,r-strb_sl12_st12_sp336_bu50_no0.05_re0.7_re0.5,,,,,,,,
yahoo-a1,gru,strb,12,12,336,B6,50.0,0.1,0.7,0.5,,,,-0.1030221904846905,-0.0554522470636892,0.1030221904846905,0.7293666460512928,0.675903924231963,0.8377201959419815,4,6,6,0.7548,0.8284,0.6818,0.6524,0.5322,0.8377,0.6813,0.6524,0.0002118987266912,0.000320124495323,0.0001455118056723,0.0001746126896507,104.8,81,4,104.8,r-strb_sl12_st12_sp336_bu50_no0.1_re0.7_re0.5,,,,,,,,
yahoo-a1,gru,strb,12,12,336,B6,50.0,0.35,0.7,0.5,,,,-0.099953481145586,-0.0560131226126263,0.099953481145586,0.7289536761536956,0.6790037994596182,0.8387353828100481,4,6,6,0.7548,0.8284,0.6824,0.6501,0.5404,0.8387,0.6867,0.6501,0.0002166420955728,0.0003272905061484,0.0001487692029499,0.0001785213031984,107.1,81,4,107.1,r-strb_sl12_st12_sp336_bu50_no0.35_re0.7_re0.5,,,,,,,,
yahoo-a1,gru,strb,12,12,336,B6,50.0,0.5,0.7,0.5,,,,-0.099953481145586,-0.0560131226126263,0.099953481145586,0.7289536761536956,0.6790037994596182,0.8387353828100481,4,6,6,0.7548,0.8284,0.6824,0.6501,0.5404,0.8387,0.6867,0.6501,0.0002070338483775,0.0003127749149868,0.0001421710608203,0.0001706038541664,102.4,81,4,102.4,r-strb_sl12_st12_sp336_bu50_no0.5_re0.7_re0.5,,,,,,,,
yahoo-a1,gru,strb,12,12,336,B6,50.0,0.01,0.95,0.5,,,,-0.1169115904359494,-0.0576462967176555,0.1169115904359494,0.7269666823685093,0.6563815558721307,0.8341670419037484,4,6,6,0.7548,0.8284,0.6787,0.646,0.4943,0.8201,0.6652,0.646,0.0002183765172917,0.0003299107714332,0.000149960208796,0.0001799505626371,108.0,90,4,108.0,r-strb_sl12_st12_sp336_bu50_no0.01_re0.95_re0.5,,,,,,,,
yahoo-a1,gru,strb,12,12,336,B6,50.0,0.05,0.95,0.5,,,,-0.1204741723518837,-0.0572783072788441,0.1204741723518837,0.7271728623363933,0.649332640622474,0.8303109692032693,4,6,6,0.7548,0.8284,0.685,0.6405,0.474,0.8303,0.6525,0.6405,0.0002354660616645,0.0003557286791341,0.0001616957078138,0.0001940329713203,116.4,95,4,116.4,r-strb_sl12_st12_sp336_bu50_no0.05_re0.95_re0.5,,,,,,,,
yahoo-a1,gru,strb,12,12,336,B6,50.0,0.1,0.95,0.5,,,,-0.0993840522951047,-0.0550114075268012,0.0993840522951047,0.7305896415753106,0.6809473874882686,0.8387299248161337,4,6,6,0.7548,0.8284,0.683,0.6562,0.5423,0.8387,0.6866,0.6562,0.0002182176771702,0.0003296708048486,0.0001498510854732,0.0001798197193754,107.9,81,4,107.9,r-strb_sl12_st12_sp336_bu50_no0.1_re0.95_re0.5,,,,,,,,
yahoo-a1,gru,strb,12,12,336,B6,50.0,0.35,0.95,0.5,,,,-0.099953481145586,-0.0560131226126263,0.099953481145586,0.7289536761536956,0.6790037994596182,0.8387353828100481,4,6,6,0.7548,0.8284,0.6824,0.6501,0.5404,0.8387,0.6867,0.6501,0.0002065993098337,0.0003121184389701,0.0001418728738997,0.0001702455650704,102.1,81,4,102.2,r-strb_sl12_st12_sp336_bu50_no0.35_re0.95_re0.5,,,,,,,,
yahoo-a1,gru,strb,12,12,336,B6,50.0,0.5,0.95,0.5,,,,-0.099953481145586,-0.0560131226126263,0.099953481145586,0.7289536761536956,0.6790037994596182,0.8387353828100481,4,6,6,0.7548,0.8284,0.6824,0.6501,0.5404,0.8387,0.6867,0.6501,6.60672818471656e-07,0.0002779184069095,0.000126327159202,0.0001515912477074,91.0,81,4,91.0,r-strb_sl12_st12_sp336_bu50_no0.5_re0.95_re0.5,,,,,,,,
yahoo-a1,lstm,strb,12,12,336,B1,2000.0,0.2,0.9,0.5,,,,-0.1910496820517714,-0.1163029770181196,0.1910496820517714,0.7207808113275096,0.6162398832542842,0.8834677033775704,4,6,6,0.8527,0.8223,0.5667,0.6415,0.4112,0.8309,0.5813,0.6415,0.0001770703215324,0.0002675077297649,0.0001215950949065,0.0001459126348583,87.5,63,4,87.6,r-strb_sl12_st12_sp336_bu2000_no0.2_re0.9_re0.5,,,,,,,,
yahoo-a1,lstm,strb,12,12,336,B1,4000.0,0.2,0.9,0.5,,,,-0.1910496820517714,-0.1163029770181196,0.1910496820517714,0.7207808113275096,0.6162398832542842,0.8834677033775704,4,6,6,0.8527,0.8223,0.5667,0.6415,0.4112,0.8309,0.5813,0.6415,0.0001766075364244,0.0002668085804522,0.0001212771359391,0.000145531444513,87.3,63,4,87.3,r-strb_sl12_st12_sp336_bu4000_no0.2_re0.9_re0.5,,,,,,,,
yahoo-a1,lstm,strb,12,12,336,B1,50.0,0.01,0.9,0.5,,,,-0.2418299268483799,-0.1344109243339989,0.2418299268483799,0.7138234509998453,0.5850114681364593,0.8834677033775704,4,6,6,0.8527,0.85,0.5217,0.6309,0.3202,0.8421,0.5468,0.6309,0.0002089575620846,0.0003156811517973,0.0001434921715874,0.0001721889802099,103.3,89,4,103.3,r-strb_sl12_st12_sp336_bu50_no0.01_re0.9_re0.5,,,,,,,,
yahoo-a1,lstm,strb,12,12,336,B1,50.0,0.5,0.9,0.5,,,,-0.2362402498400157,-0.1314894234882443,0.2362402498400157,0.7192698455555468,0.5929608745732982,0.8834677033775704,4,6,6,0.8527,0.85,0.5414,0.633,0.3415,0.839,0.5584,0.633,0.0001823777811554,0.0002755259366687,0.0001252397329869,0.0001502862036818,90.2,70,4,90.2,r-strb_sl12_st12_sp336_bu50_no0.5_re0.9_re0.5,,,,,,,,
yahoo-a1,lstm,strb,12,12,336,B1,50.0,0.2,0.3,0.5,,,,-0.2446864183423829,-0.1309868136220882,0.2446864183423829,0.7207844774160193,0.5781544028620509,0.8834677033775704,4,6,6,0.8527,0.85,0.5558,0.6247,0.3214,0.8344,0.5321,0.6247,0.0002040012766734,0.0003081934788382,0.0001400887193268,0.0001681047595113,100.9,81,4,100.9,r-strb_sl12_st12_sp336_bu50_no0.2_re0.3_re0.5,,,,,,,,
yahoo-a1,lstm,strb,12,12,336,B1,50.0,0.2,0.95,0.5,,,,-0.2458638425537485,-0.1326136367208944,0.2458638425537485,0.718979781841597,0.5767455500930427,0.8834677033775704,4,6,6,0.8527,0.85,0.5466,0.6267,0.312,0.8403,0.5279,0.6267,0.0002021313880244,0.0003053685578515,0.0001388044843773,0.0001665640734741,99.9,83,4,100.0,r-strb_sl12_st12_sp336_bu50_no0.2_re0.95_re0.5,,,,,,,,
yahoo-a1,lstm,strb,12,12,336,B1,50.0,0.2,0.9,0.7,,,,-0.2951971655300547,-0.1406102889341539,0.2951971655300547,0.728023747465221,0.5589001250824497,0.8834677033775704,4,6,6,0.8527,0.8391,0.5965,0.6238,0.2608,0.8227,0.5284,0.6238,0.0003376634235256,0.0005101226172195,0.0002318746215262,0.0002782479956932,166.9,113,4,167.0,r-strb_sl12_st12_sp336_bu50_no0.2_re0.9_re0.7,,,,,,,,
yahoo-a1,lstm,strb,12,12,336,B1,50.0,0.2,0.9,0.9,,,,-0.255422012355284,-0.11950632004581,0.255422012355284,0.716405346914573,0.568043870466272,0.8834677033775704,4,6,6,0.8527,0.845,0.521,0.6469,0.2713,0.8385,0.5154,0.6469,0.0016117805846506,0.002434986062869,0.0011068146148133,0.0013281714480556,796.9,219,4,796.9,r-strb_sl12_st12_sp336_bu50_no0.2_re0.9_re0.9,,,,,,,,
yahoo-a1,lstm,strb,12,12,336,B6,50.0,0.01,0.3,0.5,,,,-0.2290980294836726,-0.1372351983966088,0.2290980294836726,0.7122372926089926,0.6044477764278791,0.8834677033775704,4,6,6,0.8527,0.85,0.5155,0.6308,0.3645,0.8464,0.5761,0.6308,0.0002226334257697,0.0003363418656613,0.0001528834324666,0.0001834584331947,110.1,97,4,110.1,r-strb_sl12_st12_sp336_bu50_no0.01_re0.3_re0.5,,,,,,,,
yahoo-a1,lstm,strb,12,12,336,B6,50.0,0.05,0.3,0.5,,,,-0.2356627237214272,-0.1366241690377112,0.2356627237214272,0.7112525655691915,0.5920337324475854,0.8834677033775704,4,6,6,0.8527,0.85,0.5169,0.6255,0.3458,0.842,0.5549,0.6255,0.0002035993314143,0.0003075862428946,0.0001398125067133,0.0001677737361813,100.7,88,4,100.7,r-strb_sl12_st12_sp336_bu50_no0.05_re0.3_re0.5,,,,,,,,
yahoo-a1,lstm,strb,12,12,336,B6,50.0,0.1,0.3,0.5,,,,-0.2418018598424945,-0.1333205586128085,0.2418018598424945,0.7157132673686406,0.5822444104034337,0.8834677033775704,4,6,6,0.8527,0.85,0.5282,0.6319,0.3164,0.8378,0.5428,0.6319,0.0001980477201211,0.0002991991855905,0.0001360003314239,0.0001631988541665,97.9,79,4,97.9,r-strb_sl12_st12_sp336_bu50_no0.1_re0.3_re0.5,,,,,,,,
yahoo-a1,lstm,strb,12,12,336,B6,50.0,0.35,0.3,0.5,,,,-0.2362402498400157,-0.1314894234882443,0.2362402498400157,0.7192698455555468,0.5929608745732982,0.8834677033775704,4,6,6,0.8527,0.85,0.5414,0.633,0.3415,0.839,0.5584,0.633,0.0001787275940481,0.0002700114424393,0.0001227329586212,0.0001472784838181,88.4,70,4,88.4,r-strb_sl12_st12_sp336_bu50_no0.35_re0.3_re0.5,,,,,,,,
yahoo-a1,lstm,strb,12,12,336,B6,50.0,0.5,0.3,0.5,,,,-0.2362402498400157,-0.1314894234882443,0.2362402498400157,0.7192698455555468,0.5929608745732982,0.8834677033775704,4,6,6,0.8527,0.85,0.5414,0.633,0.3415,0.839,0.5584,0.633,0.0001846967506028,0.0002790293032798,0.0001268321742504,0.0001521971290294,91.3,70,4,91.3,r-strb_sl12_st12_sp336_bu50_no0.5_re0.3_re0.5,,,,,,,,
yahoo-a1,lstm,strb,12,12,336,B6,50.0,0.01,0.5,0.5,,,,-0.2290980294836726,-0.1372351983966088,0.2290980294836726,0.7122372926089926,0.6044477764278791,0.8834677033775704,4,6,6,0.8527,0.85,0.5155,0.6308,0.3645,0.8464,0.5761,0.6308,0.0002342064731939,0.0003538257648044,0.0001608305568877,0.0001929952079166,115.8,97,4,115.8,r-strb_sl12_st12_sp336_bu50_no0.01_re0.5_re0.5,,,,,,,,
yahoo-a1,lstm,strb,12,12,336,B6,50.0,0.05,0.5,0.5,,,,-0.2356627237214272,-0.1366241690377112,0.2356627237214272,0.7112525655691915,0.5920337324475854,0.8834677033775704,4,6,6,0.8527,0.85,0.5169,0.6255,0.3458,0.842,0.5549,0.6255,0.0002106815444494,0.0003182856459021,0.0001446761180536,0.0001736095278485,104.2,88,4,104.2,r-strb_sl12_st12_sp336_bu50_no0.05_re0.5_re0.5,,,,,,,,
yahoo-a1,lstm,strb,12,12,336,B6,50.0,0.1,0.5,0.5,,,,-0.2418018598424945,-0.1333205586128085,0.2418018598424945,0.7157132673686406,0.5822444104034337,0.8834677033775704,4,6,6,0.8527,0.85,0.5282,0.6319,0.3164,0.8378,0.5428,0.6319,0.0001998223393826,0.000301880179027,0.0001372188788198,0.0001646613002071,98.8,79,4,98.8,r-strb_sl12_st12_sp336_bu50_no0.1_re0.5_re0.5,,,,,,,,
yahoo-a1,lstm,strb,12,12,336,B6,50.0,0.35,0.5,0.5,,,,-0.2362402498400157,-0.1314894234882443,0.2362402498400157,0.7192698455555468,0.5929608745732982,0.8834677033775704,4,6,6,0.8527,0.85,0.5414,0.633,0.3415,0.839,0.5584,0.633,0.0001822900565528,0.0002753934073489,0.0001251795111676,0.0001502138961812,90.1,70,4,90.1,r-strb_sl12_st12_sp336_bu50_no0.35_re0.5_re0.5,,,,,,,,
yahoo-a1,lstm,strb,12,12,336,B6,50.0,0.5,0.5,0.5,,,,-0.2362402498400157,-0.1314894234882443,0.2362402498400157,0.7192698455555468,0.5929608745732982,0.8834677033775704,4,6,6,0.8527,0.85,0.5414,0.633,0.3415,0.839,0.5584,0.633,0.0001864125741987,0.0002816214715825,0.0001280103760984,0.000153611095484,92.2,70,4,92.2,r-strb_sl12_st12_sp336_bu50_no0.5_re0.5_re0.5,,,,,,,,
yahoo-a1,lstm,strb,12,12,336,B6,50.0,0.01,0.7,0.5,,,,-0.2290980294836726,-0.1372351983966088,0.2290980294836726,0.7122372926089926,0.6044477764278791,0.8834677033775704,4,6,6,0.8527,0.85,0.5155,0.6308,0.3645,0.8464,0.5761,0.6308,0.000224710934236,0.0003394804468113,0.0001543100166063,0.0001851704302049,111.1,97,4,111.1,r-strb_sl12_st12_sp336_bu50_no0.01_re0.7_re0.5,,,,,,,,
yahoo-a1,lstm,strb,12,12,336,B6,50.0,0.05,0.7,0.5,,,,-0.2356627237214272,-0.1366241690377112,0.2356627237214272,0.7112525655691915,0.5920337324475854,0.8834677033775704,4,6,6,0.8527,0.85,0.5169,0.6255,0.3458,0.842,0.5549,0.6255,0.000208477023832,0.0003149551820476,0.00014316201059,0.0001717931714576,103.1,88,4,103.1,r-strb_sl12_st12_sp336_bu50_no0.05_re0.7_re0.5,,,,,,,,
yahoo-a1,lstm,strb,12,12,336,B6,50.0,0.1,0.7,0.5,,,,-0.2418018598424945,-0.1333205586128085,0.2418018598424945,0.7157132673686406,0.5822444104034337,0.8834677033775704,4,6,6,0.8527,0.85,0.5282,0.6319,0.3164,0.8378,0.5428,0.6319,0.0002054003630618,0.0003103071386557,0.0001410494466409,0.0001692576920147,101.6,79,4,101.6,r-strb_sl12_st12_sp336_bu50_no0.1_re0.7_re0.5,,,,,,,,
yahoo-a1,lstm,strb,12,12,336,B6,50.0,0.35,0.7,0.5,,,,-0.2362402498400157,-0.1314894234882443,0.2362402498400157,0.7192698455555468,0.5929608745732982,0.8834677033775704,4,6,6,0.8527,0.85,0.5414,0.633,0.3415,0.839,0.5584,0.633,0.0001851726575193,0.0002797482762715,0.0001271588335641,0.0001525894427074,91.6,70,4,91.6,r-strb_sl12_st12_sp336_bu50_no0.35_re0.7_re0.5,,,,,,,,
yahoo-a1,lstm,strb,12,12,336,B6,50.0,0.5,0.7,0.5,,,,-0.2362402498400157,-0.1314894234882443,0.2362402498400157,0.7192698455555468,0.5929608745732982,0.8834677033775704,4,6,6,0.8527,0.85,0.5414,0.633,0.3415,0.839,0.5584,0.633,0.0001967610916797,0.000297255420817,0.0001351168049176,0.0001621386158994,97.3,70,4,97.3,r-strb_sl12_st12_sp336_bu50_no0.5_re0.7_re0.5,,,,,,,,
yahoo-a1,lstm,strb,12,12,336,B6,50.0,0.01,0.95,0.5,,,,-0.2387035102397528,-0.1351578239667756,0.2387035102397528,0.7137175648239804,0.5886991882058615,0.8834677033775704,4,6,6,0.8527,0.85,0.5204,0.6318,0.3296,0.8514,0.5419,0.6318,0.0002158118182907,0.0003260361706455,0.0001481989828688,0.0001778371877766,106.7,83,4,106.7,r-strb_sl12_st12_sp336_bu50_no0.01_re0.95_re0.5,,,,,,,,
yahoo-a1,lstm,strb,12,12,336,B6,50.0,0.05,0.95,0.5,,,,-0.2318751135782086,-0.1343347159783971,0.2318751135782086,0.7139054258864899,0.5983538756782748,0.8834677033775704,4,6,6,0.8527,0.85,0.5167,0.6363,0.349,0.851,0.5572,0.6363,0.0002061688997126,0.0003114681999387,0.0001415770985522,0.0001698911013865,101.9,87,4,102.0,r-strb_sl12_st12_sp336_bu50_no0.05_re0.95_re0.5,,,,,,,,
yahoo-a1,lstm,strb,12,12,336,B6,50.0,0.1,0.95,0.5,,,,-0.2411402047496114,-0.1347218407960315,0.2411402047496114,0.7137406946808387,0.5809915345116197,0.8834677033775704,4,6,6,0.8527,0.85,0.5245,0.6278,0.3053,0.838,0.553,0.6278,0.0002094704838739,0.000316456044745,0.0001438442929395,0.0001726117518055,103.6,83,4,103.6,r-strb_sl12_st12_sp336_bu50_no0.1_re0.95_re0.5,,,,,,,,
yahoo-a1,lstm,strb,12,12,336,B6,50.0,0.35,0.95,0.5,,,,-0.2362402498400157,-0.1314894234882443,0.2362402498400157,0.7192698455555468,0.5929608745732982,0.8834677033775704,4,6,6,0.8527,0.85,0.5414,0.633,0.3415,0.839,0.5584,0.633,0.0001841236682151,0.0002781635231357,0.0001264385218169,0.0001517250013188,91.0,70,4,91.1,r-strb_sl12_st12_sp336_bu50_no0.35_re0.95_re0.5,,,,,,,,
yahoo-a1,lstm,strb,12,12,336,B6,50.0,0.5,0.95,0.5,,,,-0.2362402498400157,-0.1314894234882443,0.2362402498400157,0.7192698455555468,0.5929608745732982,0.8834677033775704,4,6,6,0.8527,0.85,0.5414,0.633,0.3415,0.839,0.5584,0.633,0.0001956262815239,0.0002955410144395,0.0001343374931162,0.0001612035213232,96.7,70,4,96.7,r-strb_sl12_st12_sp336_bu50_no0.5_re0.95_re0.5,,,,,,,,
yahoo-a1,tcn,strb,12,12,336,B1,2000.0,0.2,0.9,0.5,,,,-0.2241547752037018,-0.1096388457331047,0.2241547752037018,0.6982722217324834,0.5384160757667065,0.879670337167574,4,6,6,0.7988,0.8365,0.5594,0.5984,0.2775,0.7971,0.4807,0.5984,0.0001796424141492,0.0002713935004053,0.0001233611889481,0.0001480323114572,88.8,53,4,88.8,r-strb_sl12_st12_sp336_bu2000_no0.2_re0.9_re0.5,,,,,,,,
yahoo-a1,tcn,strb,12,12,336,B1,4000.0,0.2,0.9,0.5,,,,-0.2241547752037018,-0.1096388457331047,0.2241547752037018,0.6982722217324834,0.5384160757667065,0.879670337167574,4,6,6,0.7988,0.8365,0.5594,0.5984,0.2775,0.7971,0.4807,0.5984,0.0001911692289695,0.0002888075539706,0.0001312769089689,0.0001575306450016,94.5,53,4,94.5,r-strb_sl12_st12_sp336_bu4000_no0.2_re0.9_re0.5,,,,,,,,
yahoo-a1,tcn,strb,12,12,336,B1,50.0,0.01,0.9,0.5,,,,-0.2427093695080255,-0.1222201038266805,0.2427093695080255,0.691835197987603,0.5401566202333565,0.879670337167574,4,6,6,0.7988,0.8364,0.5249,0.6072,0.2719,0.8086,0.4728,0.6072,9.077695682078315e-05,0.0001371406423388,6.233691226872098e-05,7.480373007012532e-05,44.9,66,4,44.9,r-strb_sl12_st12_sp336_bu50_no0.01_re0.9_re0.5,,,,,,,,
yahoo-a1,tcn,strb,12,12,336,B1,50.0,0.5,0.9,0.5,,,,-0.2301013735070303,-0.1114490625911322,0.2301013735070303,0.7025965885817913,0.54665511752283,0.879670337167574,4,6,6,0.7988,0.8364,0.5717,0.6034,0.277,0.81,0.4961,0.6034,0.0002233699433997,0.0003374545544362,0.000153389110129,0.0001840654443072,110.4,55,4,110.5,r-strb_sl12_st12_sp336_bu50_no0.5_re0.9_re0.5,,,,,,,,
yahoo-a1,tcn,strb,12,12,336,B1,50.0,0.2,0.3,0.5,,,,-0.2356637039153098,-0.1147415118984251,0.2356637039153098,0.6999867467623866,0.5396100678047125,0.879670337167574,4,6,6,0.7988,0.8364,0.5617,0.603,0.2691,0.8081,0.4782,0.603,0.0001874772710455,0.0002832299547767,0.0001287414986672,0.0001544884561095,92.7,56,4,92.7,r-strb_sl12_st12_sp336_bu50_no0.2_re0.3_re0.5,,,,,,,,
yahoo-a1,tcn,strb,12,12,336,B1,50.0,0.2,0.95,0.5,,,,-0.2387644345233475,-0.1149241260116316,0.2387644345233475,0.6989541948311295,0.5395850726205401,0.879670337167574,4,6,6,0.7988,0.8364,0.5585,0.6021,0.2714,0.8007,0.4841,0.6021,0.0001864118346646,0.0002816203543366,0.000128009865797,0.0001536104885395,92.2,57,4,92.2,r-strb_sl12_st12_sp336_bu50_no0.2_re0.95_re0.5,,,,,,,,
yahoo-a1,tcn,strb,12,12,336,B1,50.0,0.2,0.9,0.7,,,,-0.1023399520873601,-0.0514668739236596,0.1023399520873601,0.7539215409690003,0.6669264296877178,0.879670337167574,4,6,6,0.7988,0.8666,0.7337,0.6167,0.5174,0.8511,0.6826,0.6167,0.0002276718115218,0.0003439535711271,0.00015634327182,0.000187610299307,112.6,95,4,112.6,r-strb_sl12_st12_sp336_bu50_no0.2_re0.9_re0.7,,,,,,,,
yahoo-a1,tcn,strb,12,12,336,B1,50.0,0.2,0.9,0.9,,,,-0.2092611100421463,-0.0880018714358455,0.2092611100421463,0.7319325596282599,0.598206472705711,0.8818153287759083,4,6,6,0.7988,0.8818,0.6164,0.6307,0.3486,0.8679,0.5457,0.6307,0.0003679221581055,0.0005558357854285,0.0002526534888324,0.0003031822965961,181.9,129,4,181.9,r-strb_sl12_st12_sp336_bu50_no0.2_re0.9_re0.9,,,,,,,,
yahoo-a1,tcn,strb,12,12,336,B6,50.0,0.01,0.3,0.5,,,,-0.239387364569734,-0.1246845804481999,0.239387364569734,0.6880654625626443,0.5411748769720529,0.879670337167574,4,6,6,0.7988,0.8364,0.5124,0.6046,0.2695,0.8064,0.4842,0.6046,0.0001150833579751,0.0001738613651302,7.902829832293922e-05,9.483306680728372e-05,56.9,71,4,56.9,r-strb_sl12_st12_sp336_bu50_no0.01_re0.3_re0.5,,,,,,,,
yahoo-a1,tcn,strb,12,12,336,B6,50.0,0.05,0.3,0.5,,,,-0.2574221306865906,-0.1247140458816179,0.2574221306865906,0.6869919362532073,0.5080459666933907,0.879670337167574,4,6,6,0.7988,0.8364,0.531,0.5817,0.2467,0.7627,0.4411,0.5817,0.0001923642447686,0.0002906129155957,0.0001320973817116,0.000158515533884,95.1,68,4,95.1,r-strb_sl12_st12_sp336_bu50_no0.05_re0.3_re0.5,,,,,,,,
yahoo-a1,tcn,strb,12,12,336,B6,50.0,0.1,0.3,0.5,,,,-0.2454257997160265,-0.1245671970837902,0.2454257997160264,0.6882094607499745,0.5311350274416448,0.879670337167574,4,6,6,0.7988,0.8364,0.5226,0.595,0.2747,0.7741,0.4807,0.595,0.0001597322434492,0.0002413143515276,0.0001096888906244,0.0001316254609031,79.0,61,4,79.0,r-strb_sl12_st12_sp336_bu50_no0.1_re0.3_re0.5,,,,,,,,
yahoo-a1,tcn,strb,12,12,336,B6,50.0,0.35,0.3,0.5,,,,-0.2301013735070303,-0.1114490625911322,0.2301013735070303,0.7025965885817913,0.54665511752283,0.879670337167574,4,6,6,0.7988,0.8364,0.5717,0.6034,0.277,0.81,0.4961,0.6034,0.0001861156933786,0.0002811729609936,0.0001278064828708,0.0001533664781227,92.0,55,4,92.0,r-strb_sl12_st12_sp336_bu50_no0.35_re0.3_re0.5,,,,,,,,
yahoo-a1,tcn,strb,12,12,336,B6,50.0,0.5,0.3,0.5,,,,-0.2301013735070303,-0.1114490625911322,0.2301013735070303,0.7025965885817913,0.54665511752283,0.879670337167574,4,6,6,0.7988,0.8364,0.5717,0.6034,0.277,0.81,0.4961,0.6034,5.049670293946527e-05,7.628753507108841e-05,3.467628993158643e-05,4.161124513950199e-05,25.0,55,4,25.0,r-strb_sl12_st12_sp336_bu50_no0.5_re0.3_re0.5,,,,,,,,
yahoo-a1,tcn,strb,12,12,336,B6,50.0,0.01,0.5,0.5,,,,-0.251229619010332,-0.1201151755385291,0.251229619010332,0.6927448631826647,0.5177967941339436,0.879670337167574,4,6,6,0.7988,0.8364,0.5473,0.5885,0.2522,0.7702,0.4603,0.5885,0.000199524553325,0.000301430300857,0.0001370146120381,0.0001644156888189,98.7,67,4,98.7,r-strb_sl12_st12_sp336_bu50_no0.01_re0.5_re0.5,,,,,,,,
yahoo-a1,tcn,strb,12,12,336,B6,50.0,0.05,0.5,0.5,,,,-0.2411630458223836,-0.1205321791530953,0.2411630458223836,0.694663600355755,0.5444777815817294,0.879670337167574,4,6,6,0.7988,0.8364,0.5335,0.61,0.2741,0.8179,0.476,0.61,0.0001999229579364,0.000302032187792,0.0001372881266799,0.000164744061112,98.8,66,4,98.9,r-strb_sl12_st12_sp336_bu50_no0.05_re0.5_re0.5,,,,,,,,
yahoo-a1,tcn,strb,12,12,336,B6,50.0,0.1,0.5,0.5,,,,-0.2341709329744336,-0.1253614843245844,0.2341709329744336,0.6849069552879185,0.5490060478364225,0.879670337167574,4,6,6,0.7988,0.8364,0.5004,0.604,0.2924,0.8043,0.4953,0.604,0.0001289329528872,0.0001947845422105,8.853892227958163e-05,0.0001062456199309,63.7,64,4,63.8,r-strb_sl12_st12_sp336_bu50_no0.1_re0.5_re0.5,,,,,,,,
yahoo-a1,tcn,strb,12,12,336,B6,50.0,0.35,0.5,0.5,,,,-0.2301013735070303,-0.1114490625911322,0.2301013735070303,0.7025965885817913,0.54665511752283,0.879670337167574,4,6,6,0.7988,0.8364,0.5717,0.6034,0.277,0.81,0.4961,0.6034,0.0002023478236261,0.0003056955363985,0.0001389533884842,0.0001667421479142,100.0,55,4,100.1,r-strb_sl12_st12_sp336_bu50_no0.35_re0.5_re0.5,,,,,,,,
yahoo-a1,tcn,strb,12,12,336,B6,50.0,0.5,0.5,0.5,,,,-0.2301013735070303,-0.1114490625911322,0.2301013735070303,0.7025965885817913,0.54665511752283,0.879670337167574,4,6,6,0.7988,0.8364,0.5717,0.6034,0.277,0.81,0.4961,0.6034,0.000122119351941,0.0001844909430072,8.386010752163e-05,0.0001006308354856,60.4,55,4,60.4,r-strb_sl12_st12_sp336_bu50_no0.5_re0.5_re0.5,,,,,,,,
yahoo-a1,tcn,strb,12,12,336,B6,50.0,0.01,0.7,0.5,,,,-0.2424982378500411,-0.1248901474380311,0.2424982378500411,0.6899735448182001,0.5434552335088697,0.879670337167574,4,6,6,0.7988,0.8364,0.5117,0.613,0.2709,0.8149,0.4751,0.613,0.0002114139418631,0.0003193921100895,0.0001451790175924,0.000174213092497,104.5,67,4,104.5,r-strb_sl12_st12_sp336_bu50_no0.01_re0.7_re0.5,,,,,,,,
yahoo-a1,tcn,strb,12,12,336,B6,50.0,0.05,0.7,0.5,,,,-0.2379145969775336,-0.1194226742454294,0.2379145969775336,0.6958305360046104,0.5446102183711278,0.879670337167574,4,6,6,0.7988,0.8364,0.5365,0.6117,0.2685,0.8166,0.4816,0.6117,0.0001992094436808,0.0003009542512015,0.0001367994686323,0.0001641547825691,98.5,69,4,98.5,r-strb_sl12_st12_sp336_bu50_no0.05_re0.7_re0.5,,,,,,,,
yahoo-a1,tcn,strb,12,12,336,B6,50.0,0.1,0.7,0.5,,,,-0.2517327086607721,-0.1207702513831605,0.2517327086607721,0.6957598606024571,0.5161414104698806,0.879670337167574,4,6,6,0.7988,0.8364,0.5601,0.5878,0.2645,0.7624,0.4499,0.5878,0.0001121529912066,0.0001694343343616,7.701601394672051e-05,9.241832041492064e-05,55.5,68,4,55.5,r-strb_sl12_st12_sp336_bu50_no0.1_re0.7_re0.5,,,,,,,,
yahoo-a1,tcn,strb,12,12,336,B6,50.0,0.35,0.7,0.5,,,,-0.2301013735070303,-0.1114490625911322,0.2301013735070303,0.7025965885817913,0.54665511752283,0.879670337167574,4,6,6,0.7988,0.8364,0.5717,0.6034,0.277,0.81,0.4961,0.6034,0.000202104392188,0.0003053277740835,0.0001387859635992,0.0001665418104842,99.9,55,4,99.9,r-strb_sl12_st12_sp336_bu50_no0.35_re0.7_re0.5,,,,,,,,
yahoo-a1,tcn,strb,12,12,336,B6,50.0,0.5,0.7,0.5,,,,-0.2301013735070303,-0.1114490625911322,0.2301013735070303,0.7025965885817913,0.54665511752283,0.879670337167574,4,6,6,0.7988,0.8364,0.5717,0.6034,0.277,0.81,0.4961,0.6034,0.0001957922417025,0.0002957917375999,0.0001344515221089,0.0001613402154909,96.8,55,4,96.8,r-strb_sl12_st12_sp336_bu50_no0.5_re0.7_re0.5,,,,,,,,
yahoo-a1,tcn,strb,12,12,336,B6,50.0,0.01,0.95,0.5,,,,-0.2296595202546911,-0.1181453855471804,0.2296595202546911,0.6972016840190987,0.5508457414560183,0.879670337167574,4,6,6,0.7988,0.8364,0.5629,0.5907,0.2928,0.8117,0.5082,0.5907,0.0001759038182769,0.0002657454432624,0.000120794045832,0.0001449513974304,87.0,69,4,87.0,r-strb_sl12_st12_sp336_bu50_no0.01_re0.95_re0.5,,,,,,,,
yahoo-a1,tcn,strb,12,12,336,B6,50.0,0.05,0.95,0.5,,,,-0.2248905019849577,-0.1166084241043724,0.2248905019849577,0.6984660625876773,0.5559004214232817,0.879670337167574,4,6,6,0.7988,0.8364,0.5641,0.5946,0.3017,0.8083,0.5191,0.5946,0.0002025394982518,0.0003059851074769,0.0001390848813656,0.0001669002261113,100.1,58,4,100.2,r-strb_sl12_st12_sp336_bu50_no0.05_re0.95_re0.5,,,,,,,,
yahoo-a1,tcn,strb,12,12,336,B6,50.0,0.1,0.95,0.5,,,,-0.2321978164143991,-0.1164490052461575,0.2321978164143991,0.698804029327591,0.5476079742764739,0.879670337167574,4,6,6,0.7988,0.8364,0.5613,0.5987,0.2863,0.7966,0.5088,0.5987,0.0001979666726452,0.0002990767436922,0.0001359446471647,0.0001631320965274,97.9,62,4,97.9,r-strb_sl12_st12_sp336_bu50_no0.1_re0.95_re0.5,,,,,,,,
yahoo-a1,tcn,strb,12,12,336,B6,50.0,0.35,0.95,0.5,,,,-0.2301013735070303,-0.1114490625911322,0.2301013735070303,0.7025965885817913,0.54665511752283,0.879670337167574,4,6,6,0.7988,0.8364,0.5717,0.6034,0.277,0.81,0.4961,0.6034,0.000199520774606,0.000301424592184,0.0001370119324646,0.0001644126597194,98.6,55,4,98.7,r-strb_sl12_st12_sp336_bu50_no0.35_re0.95_re0.5,,,,,,,,
yahoo-a1,tcn,strb,12,12,336,B6,50.0,0.5,0.95,0.5,,,,-0.2301013735070303,-0.1114490625911322,0.2301013735070303,0.7025965885817913,0.54665511752283,0.879670337167574,4,6,6,0.7988,0.8364,0.5717,0.6034,0.277,0.81,0.4961,0.6034,0.0001081821377904,0.0001634353957851,7.428909502212062e-05,8.914630076304699e-05,53.5,55,4,53.5,r-strb_sl12_st12_sp336_bu50_no0.5_re0.95_re0.5,,,,,,,,
yahoo-a1,vgru,strb,12,12,336,B1,2000.0,0.2,0.9,0.5,,,,-0.0061732014273409,-0.0106584037095596,0.0061732014273409,0.9044428654896792,0.8984590469146858,0.9840241527633574,4,6,6,0.984,0.9162,0.9483,0.7692,0.9666,0.9116,0.9464,0.7692,0.0001979897516825,0.0002991116101838,0.0001359604480327,0.000163151162151,97.9,43,4,97.9,r-strb_sl12_st12_sp336_bu2000_no0.2_re0.9_re0.5,,,,,,,,
yahoo-a1,vgru,strb,12,12,336,B1,4000.0,0.2,0.9,0.5,,,,-0.0061732014273409,-0.0106584037095596,0.0061732014273409,0.9044428654896792,0.8984590469146858,0.9840241527633574,4,6,6,0.984,0.9162,0.9483,0.7692,0.9666,0.9116,0.9464,0.7692,0.0001899127598548,0.0002869093521856,0.000130413966144,0.0001564953860415,93.9,43,4,93.9,r-strb_sl12_st12_sp336_bu4000_no0.2_re0.9_re0.5,,,,,,,,
yahoo-a1,vgru,strb,12,12,336,B1,50.0,0.01,0.9,0.5,,,,-0.0052742124512707,-0.0089194733747345,0.0052742124512707,0.9055762244756907,0.90024490315265,0.9840241527633574,4,6,6,0.984,0.9167,0.9509,0.7707,0.9702,0.9111,0.949,0.7707,0.0001927193283027,0.0002911493555211,0.0001323428279506,0.0001588065275705,95.3,46,4,95.3,r-strb_sl12_st12_sp336_bu50_no0.01_re0.9_re0.5,,,,,,,,
yahoo-a1,vgru,strb,12,12,336,B1,50.0,0.5,0.9,0.5,,,,-0.0055115720660914,-0.0094859292795804,0.0055115720660914,0.905403805688026,0.9004760732479735,0.9840241527633574,4,6,6,0.984,0.9167,0.9498,0.7712,0.9705,0.9114,0.9488,0.7712,0.0001905570808621,0.000287882755568,0.0001308565284157,0.0001570262271522,94.2,47,4,94.2,r-strb_sl12_st12_sp336_bu50_no0.5_re0.9_re0.5,,,,,,,,
yahoo-a1,vgru,strb,12,12,336,B1,50.0,0.2,0.3,0.5,,,,-0.0075965931270494,-0.0107641966590699,0.0075965931270494,0.903438680511076,0.895435312093767,0.9840241527633574,4,6,6,0.984,0.9167,0.95,0.7631,0.9636,0.9076,0.9475,0.7631,0.0001743669679157,0.0002634236575021,0.0001197386618069,0.0001436849956951,86.2,42,4,86.2,r-strb_sl12_st12_sp336_bu50_no0.2_re0.3_re0.5,,,,,,,,
yahoo-a1,vgru,strb,12,12,336,B1,50.0,0.2,0.95,0.5,,,,-0.0059462013774835,-0.0098466109380703,0.0059462013774835,0.90513661004784,0.9001194717965356,0.9840241527633574,4,6,6,0.984,0.9167,0.9494,0.7705,0.97,0.9116,0.9484,0.7705,0.0001591577781093,0.0002404464820981,0.0001092944023742,0.0001311520797239,78.7,37,4,78.7,r-strb_sl12_st12_sp336_bu50_no0.2_re0.95_re0.5,,,,,,,,
yahoo-a1,vgru,strb,12,12,336,B1,50.0,0.2,0.9,0.7,,,,0.0003732328860813,-0.0022468960907618,-0.0003732328860813,0.9089137932932662,0.9086554935312176,0.985555231264623,4,6,6,0.984,0.9114,0.9526,0.7875,0.9801,0.9146,0.9524,0.7875,0.0002259037335254,0.0003412824598602,0.0001551292520811,0.000186153207779,111.7,48,4,111.7,r-strb_sl12_st12_sp336_bu50_no0.2_re0.9_re0.7,,,,,,,,
yahoo-a1,vgru,strb,12,12,336,B1,50.0,0.2,0.9,0.9,,,,0.0018194504110871,0.0016289418824074,-0.0018194504110871,0.9127481118862224,0.9137196401246528,0.9873638177442428,4,6,6,0.984,0.9093,0.9606,0.7971,0.9872,0.9103,0.9604,0.7971,0.0004011142955016,0.0006059805710934,0.0002754466681107,0.0003305339029827,198.3,45,4,198.3,r-strb_sl12_st12_sp336_bu50_no0.2_re0.9_re0.9,,,,,,,,
yahoo-a1,vgru,strb,12,12,336,B6,50.0,0.01,0.3,0.5,,,,-0.0040295807996555,-0.0084207535403765,0.0040295807996555,0.9060804679391724,0.9020864018270468,0.9840241527633574,4,6,6,0.984,0.9167,0.9509,0.7727,0.9737,0.9124,0.9495,0.7727,0.0001552198862249,0.0002344973399215,0.0001065904879062,0.0001279068520152,76.7,45,4,76.8,r-strb_sl12_st12_sp336_bu50_no0.01_re0.3_re0.5,,,,,,,,
yahoo-a1,vgru,strb,12,12,336,B6,50.0,0.05,0.3,0.5,,,,-0.0064001598176959,-0.0097781844139419,0.0064001598176959,0.9044237674032848,0.8977994958586379,0.9840241527633574,4,6,6,0.984,0.9167,0.9505,0.7665,0.9666,0.9103,0.9478,0.7665,0.0001767120894121,0.0002669665331353,0.0001213489794566,0.0001456175536786,87.4,41,4,87.4,r-strb_sl12_st12_sp336_bu50_no0.05_re0.3_re0.5,,,,,,,,
yahoo-a1,vgru,strb,12,12,336,B6,50.0,0.1,0.3,0.5,,,,-0.0051291862561889,-0.0089695424272398,0.0051291862561889,0.9057006233144326,0.9007065008763455,0.9840241527633574,4,6,6,0.984,0.9167,0.9505,0.7716,0.9707,0.9115,0.949,0.7716,0.000163986766618,0.0002477418421666,0.0001126105527199,0.0001351312894467,81.1,40,4,81.1,r-strb_sl12_st12_sp336_bu50_no0.1_re0.3_re0.5,,,,,,,,
yahoo-a1,vgru,strb,12,12,336,B6,50.0,0.35,0.3,0.5,,,,-0.0055115720660914,-0.0094859292795804,0.0055115720660914,0.905403805688026,0.9004760732479735,0.9840241527633574,4,6,6,0.984,0.9167,0.9498,0.7712,0.9705,0.9114,0.9488,0.7712,0.0001739500288356,0.0002627937697501,0.0001194523193297,0.0001433414504203,86.0,47,4,86.0,r-strb_sl12_st12_sp336_bu50_no0.35_re0.3_re0.5,,,,,,,,
yahoo-a1,vgru,strb,12,12,336,B6,50.0,0.5,0.3,0.5,,,,-0.0055115720660914,-0.0094859292795804,0.0055115720660914,0.905403805688026,0.9004760732479735,0.9840241527633574,4,6,6,0.984,0.9167,0.9498,0.7712,0.9705,0.9114,0.9488,0.7712,0.0001797562420457,0.0002715654650908,0.0001234393804392,0.0001481260846516,88.9,47,4,88.9,r-strb_sl12_st12_sp336_bu50_no0.5_re0.3_re0.5,,,,,,,,
yahoo-a1,vgru,strb,12,12,336,B6,50.0,0.01,0.5,0.5,,,,-0.0038837828081663,-0.0085212642601349,0.0038837828081663,0.9066223533900964,0.9037565304778143,0.9840241527633574,4,6,6,0.984,0.9167,0.9502,0.7756,0.9766,0.9124,0.9504,0.7756,0.0001672352618844,0.0002526494833025,0.0001148413049729,0.0001378081783295,82.7,42,4,82.7,r-strb_sl12_st12_sp336_bu50_no0.01_re0.5_re0.5,,,,,,,,
yahoo-a1,vgru,strb,12,12,336,B6,50.0,0.05,0.5,0.5,,,,-0.0037891484198581,-0.0084487121182111,0.0037891484198581,0.9071082802901778,0.9049788356114006,0.9840241527633574,4,6,6,0.984,0.9167,0.9496,0.7781,0.9779,0.9133,0.9505,0.7781,0.000161231691171,0.0002435796315163,0.0001107187059617,0.0001328609255546,79.7,38,4,79.7,r-strb_sl12_st12_sp336_bu50_no0.05_re0.5_re0.5,,,,,,,,
yahoo-a1,vgru,strb,12,12,336,B6,50.0,0.1,0.5,0.5,,,,-0.0065155937134175,-0.0100392267055696,0.0065155937134175,0.9041299992685392,0.8970168635321298,0.9840241527633574,4,6,6,0.984,0.9167,0.9507,0.7651,0.9657,0.9094,0.9479,0.7651,0.0001784068244265,0.0002695268420133,0.0001225127427082,0.0001470140993051,88.2,46,4,88.2,r-strb_sl12_st12_sp336_bu50_no0.1_re0.5_re0.5,,,,,,,,
yahoo-a1,vgru,strb,12,12,336,B6,50.0,0.35,0.5,0.5,,,,-0.0055115720660914,-0.0094859292795804,0.0055115720660914,0.905403805688026,0.9004760732479735,0.9840241527633574,4,6,6,0.984,0.9167,0.9498,0.7712,0.9705,0.9114,0.9488,0.7712,0.0001821191783966,0.0002751352543889,0.0001250622766784,0.0001500729777105,90.0,47,4,90.1,r-strb_sl12_st12_sp336_bu50_no0.35_re0.5_re0.5,,,,,,,,
yahoo-a1,vgru,strb,12,12,336,B6,50.0,0.5,0.5,0.5,,,,-0.0055115720660914,-0.0094859292795804,0.0055115720660914,0.905403805688026,0.9004760732479735,0.9840241527633574,4,6,6,0.984,0.9167,0.9498,0.7712,0.9705,0.9114,0.9488,0.7712,0.000179526955759,0.0002712190724628,0.0001232820883671,0.0001479369840957,88.8,47,4,88.8,r-strb_sl12_st12_sp336_bu50_no0.5_re0.5_re0.5,,,,,,,,
yahoo-a1,vgru,strb,12,12,336,B6,50.0,0.01,0.7,0.5,,,,-0.0053589316039212,-0.0092392721453861,0.0053589316039212,0.9055182196649384,0.9004508200197423,0.9840241527633574,4,6,6,0.984,0.9167,0.9503,0.7711,0.9703,0.9116,0.9488,0.7711,0.0001663214345346,0.0002512689251285,0.0001142136986697,0.0001370552264588,82.2,40,4,82.2,r-strb_sl12_st12_sp336_bu50_no0.01_re0.7_re0.5,,,,,,,,
yahoo-a1,vgru,strb,12,12,336,B6,50.0,0.05,0.7,0.5,,,,-0.005912669498818,-0.0095223189729544,0.005912669498818,0.9045371289543772,0.8979498013358294,0.9840241527633574,4,6,6,0.984,0.9167,0.9508,0.7667,0.9667,0.9103,0.9481,0.7667,0.0001743518407683,0.0002634008042717,0.0001197281852435,0.0001436726190281,86.2,43,4,86.2,r-strb_sl12_st12_sp336_bu50_no0.05_re0.7_re0.5,,,,,,,,
yahoo-a1,vgru,strb,12,12,336,B6,50.0,0.1,0.7,0.5,,,,-0.0049099887060896,-0.0083342426707706,0.0049099887060896,0.9054615134061405,0.8998346830431345,0.9840241527633574,4,6,6,0.984,0.9167,0.9511,0.7701,0.9696,0.911,0.9487,0.7701,0.0001754896319122,0.0002651197141557,0.000120509638947,0.0001446100752086,86.8,43,4,86.8,r-strb_sl12_st12_sp336_bu50_no0.1_re0.7_re0.5,,,,,,,,
yahoo-a1,vgru,strb,12,12,336,B6,50.0,0.35,0.7,0.5,,,,-0.0055115720660914,-0.0094859292795804,0.0055115720660914,0.905403805688026,0.9004760732479735,0.9840241527633574,4,6,6,0.984,0.9167,0.9498,0.7712,0.9705,0.9114,0.9488,0.7712,0.0001909902498365,0.0002885371625175,0.0001311541027234,0.000157383059794,94.4,47,4,94.4,r-strb_sl12_st12_sp336_bu50_no0.35_re0.7_re0.5,,,,,,,,
yahoo-a1,vgru,strb,12,12,336,B6,50.0,0.5,0.7,0.5,,,,-0.0055115720660914,-0.0094859292795804,0.0055115720660914,0.905403805688026,0.9004760732479735,0.9840241527633574,4,6,6,0.984,0.9167,0.9498,0.7712,0.9705,0.9114,0.9488,0.7712,0.0001832891452569,0.0002769027735078,0.0001258656397565,0.0001510371337512,90.6,47,4,90.6,r-strb_sl12_st12_sp336_bu50_no0.5_re0.7_re0.5,,,,,,,,
yahoo-a1,vgru,strb,12,12,336,B6,50.0,0.01,0.95,0.5,,,,-0.0057226918040094,-0.0095543009239926,0.0057226918040094,0.905155728810996,0.8997230334315172,0.9840241527633574,4,6,6,0.984,0.9167,0.9503,0.7697,0.9693,0.9111,0.9488,0.7697,0.0001768673399876,0.0002672010768388,0.0001214555835053,0.0001457454933334,87.4,46,4,87.5,r-strb_sl12_st12_sp336_bu50_no0.01_re0.95_re0.5,,,,,,,,
yahoo-a1,vgru,strb,12,12,336,B6,50.0,0.05,0.95,0.5,,,,-0.0062977813212706,-0.0101688956638513,0.0062977813212706,0.904891281922799,0.8997258750351206,0.9840241527633574,4,6,6,0.984,0.9167,0.9491,0.7698,0.9693,0.9112,0.9487,0.7698,0.0001838004074459,0.0002776751592261,0.000126216662212,0.000151458497014,90.9,42,4,90.9,r-strb_sl12_st12_sp336_bu50_no0.05_re0.95_re0.5,,,,,,,,
yahoo-a1,vgru,strb,12,12,336,B6,50.0,0.1,0.95,0.5,,,,-0.0057336607167129,-0.0094960982251501,0.0057336607167129,0.9052438152216812,0.8998765630087866,0.9840241527633574,4,6,6,0.984,0.9167,0.9503,0.77,0.9696,0.9111,0.9488,0.77,0.0001857690156763,0.0002806492201188,0.0001275684334512,0.0001530807866676,91.8,41,4,91.9,r-strb_sl12_st12_sp336_bu50_no0.1_re0.95_re0.5,,,,,,,,
yahoo-a1,vgru,strb,12,12,336,B6,50.0,0.35,0.95,0.5,,,,-0.0055115720660914,-0.0094859292795804,0.0055115720660914,0.905403805688026,0.9004760732479735,0.9840241527633574,4,6,6,0.984,0.9167,0.9498,0.7712,0.9705,0.9114,0.9488,0.7712,0.000199188667871,0.0003009228642945,0.0001367838538788,0.0001641390104157,98.5,47,4,98.5,r-strb_sl12_st12_sp336_bu50_no0.35_re0.95_re0.5,,,,,,,,
yahoo-a1,vgru,strb,12,12,336,B6,50.0,0.5,0.95,0.5,,,,-0.0055115720660914,-0.0094859292795804,0.0055115720660914,0.905403805688026,0.9004760732479735,0.9840241527633574,4,6,6,0.984,0.9167,0.9498,0.7712,0.9705,0.9114,0.9488,0.7712,0.0001909908588345,0.0002885380825568,0.0001311543715859,0.0001573837109709,94.4,47,4,94.5,r-strb_sl12_st12_sp336_bu50_no0.5_re0.95_re0.5,,,,,,,,
yahoo-a1,vlstm,strb,12,12,336,B1,2000.0,0.2,0.9,0.5,,,,-0.0070978209062909,-0.0109156753508637,0.0070978209062909,0.9038115121403268,0.8972291184190964,0.9843925685277244,4,6,6,0.9844,0.9163,0.9479,0.7666,0.9654,0.9109,0.946,0.7666,0.000181633393669,0.0002744013585643,0.0001247285780089,0.0001496727805553,89.8,32,4,89.8,r-strb_sl12_st12_sp336_bu2000_no0.2_re0.9_re0.5,,,,,,,,
yahoo-a1,vlstm,strb,12,12,336,B1,4000.0,0.2,0.9,0.5,,,,-0.0070978209062909,-0.0109156753508637,0.0070978209062909,0.9038115121403268,0.8972291184190964,0.9843925685277244,4,6,6,0.9844,0.9163,0.9479,0.7666,0.9654,0.9109,0.946,0.7666,0.0001640719933608,0.0002478705978626,0.0001126690471661,0.0001352015506965,81.1,32,4,81.1,r-strb_sl12_st12_sp336_bu4000_no0.2_re0.9_re0.5,,,,,,,,
yahoo-a1,vlstm,strb,12,12,336,B1,50.0,0.01,0.9,0.5,,,,-0.0229069041105709,-0.026039888238995,0.0229069041105709,0.8947661652813108,0.8766625803392667,0.9843925685277244,4,6,6,0.9844,0.9112,0.9423,0.7411,0.9285,0.9,0.937,0.7411,0.0001452926536203,0.0002194998438199,9.977318819469978e-05,0.0001197266556252,71.8,32,4,71.9,r-strb_sl12_st12_sp336_bu50_no0.01_re0.9_re0.5,,,,,,,,
yahoo-a1,vlstm,strb,12,12,336,B1,50.0,0.5,0.9,0.5,,,,-0.0231430180395723,-0.0261772363085592,0.0231430180395723,0.8945601431769645,0.8761023873414182,0.9843925685277244,4,6,6,0.9844,0.9112,0.9423,0.7403,0.9277,0.8998,0.9366,0.7403,0.0001428637498476,0.0002158303947081,9.81052719315307e-05,0.0001177251227766,70.6,32,4,70.7,r-strb_sl12_st12_sp336_bu50_no0.5_re0.9_re0.5,,,,,,,,
yahoo-a1,vlstm,strb,12,12,336,B1,50.0,0.2,0.3,0.5,,,,-0.0150962253799662,-0.0186202636411237,0.0150962253799662,0.8987518509067789,0.883433043155142,0.9843925685277244,4,6,6,0.9844,0.9112,0.9477,0.7516,0.9405,0.9024,0.9392,0.7516,0.0001625722881412,0.000245604928861,0.0001116391844879,0.000133965744373,80.4,35,4,80.4,r-strb_sl12_st12_sp336_bu50_no0.2_re0.3_re0.5,,,,,,,,
yahoo-a1,vlstm,strb,12,12,336,B1,50.0,0.2,0.95,0.5,,,,-0.0231430180395723,-0.0261772363085592,0.0231430180395723,0.8945601431769645,0.8761023873414182,0.9843925685277244,4,6,6,0.9844,0.9112,0.9423,0.7403,0.9277,0.8998,0.9366,0.7403,0.0001510838853145,0.0002282489059419,0.000103750071009,0.0001244988349328,74.7,32,4,74.7,r-strb_sl12_st12_sp336_bu50_no0.2_re0.95_re0.5,,,,,,,,
yahoo-a1,vlstm,strb,12,12,336,B1,50.0,0.2,0.9,0.7,,,,-0.0242106970708039,-0.0288002343458207,0.0242106970708039,0.8944322724415339,0.8779324286447872,0.9843925685277244,4,6,6,0.9844,0.9084,0.941,0.744,0.928,0.9012,0.9386,0.744,0.0001917257731215,0.0002896483490927,0.0001316590979766,0.0001579892511161,94.8,30,4,94.8,r-strb_sl12_st12_sp336_bu50_no0.2_re0.9_re0.7,,,,,,,,
yahoo-a1,vlstm,strb,12,12,336,B1,50.0,0.2,0.9,0.9,,,,-0.0198650444427673,-0.0294358710339224,0.0198650444427673,0.8948496876820174,0.8843762637145491,0.9843925685277244,4,6,6,0.9844,0.9051,0.9423,0.7476,0.9434,0.905,0.9415,0.7476,0.000418148905098,0.0006317154864713,0.0002871448255752,0.0003445706608961,206.7,37,4,206.8,r-strb_sl12_st12_sp336_bu50_no0.2_re0.9_re0.9,,,,,,,,
yahoo-a1,vlstm,strb,12,12,336,B6,50.0,0.01,0.3,0.5,,,,-0.0174197068738727,-0.0193861523591313,0.0174197068738727,0.8972355682791042,0.8781226202163217,0.9843925685277244,4,6,6,0.9844,0.9112,0.9483,0.745,0.9304,0.9002,0.9369,0.745,0.0001549250590435,0.0002340519318527,0.0001063878931726,0.0001276640386801,76.6,35,4,76.6,r-strb_sl12_st12_sp336_bu50_no0.01_re0.3_re0.5,,,,,,,,
yahoo-a1,vlstm,strb,12,12,336,B6,50.0,0.05,0.3,0.5,,,,-0.056980404420992,-0.0278750006559419,0.056980404420992,0.8849325951657508,0.8068130987612281,0.9843925685277244,4,6,6,0.9844,0.9112,0.9474,0.6967,0.7858,0.8641,0.8807,0.6967,0.0001451500461448,0.0002192844005899,9.967517864424735e-05,0.0001196092219456,71.8,29,4,71.8,r-strb_sl12_st12_sp336_bu50_no0.05_re0.3_re0.5,,,,,,,,
yahoo-a1,vlstm,strb,12,12,336,B6,50.0,0.1,0.3,0.5,,,,-0.018023792562275,-0.0193778147917195,0.018023792562275,0.8967095484967091,0.8761583340708088,0.9843925685277244,4,6,6,0.9844,0.9112,0.9491,0.7421,0.927,0.8999,0.9356,0.7421,0.0001498254943011,0.0002263478006623,0.0001028858727432,0.000123461927919,74.1,33,4,74.1,r-strb_sl12_st12_sp336_bu50_no0.1_re0.3_re0.5,,,,,,,,
yahoo-a1,vlstm,strb,12,12,336,B6,50.0,0.35,0.3,0.5,,,,-0.0552659425713769,-0.0291275975879179,0.0552659425713769,0.8840329567321163,0.8102298815353024,0.9843925685277244,4,6,6,0.9844,0.9112,0.9466,0.6939,0.7959,0.8654,0.8857,0.6939,0.0001716625926357,0.0002593380417686,0.0001178815102418,0.0001414565315268,84.9,40,4,84.9,r-strb_sl12_st12_sp336_bu50_no0.35_re0.3_re0.5,,,,,,,,
yahoo-a1,vlstm,strb,12,12,336,B6,50.0,0.5,0.3,0.5,,,,-0.0073679095656559,-0.0143656715258763,0.0073679095656559,0.9045626145119052,0.9003732977547729,0.9843925685277244,4,6,6,0.9844,0.9112,0.9484,0.7742,0.9687,0.9121,0.9464,0.7742,0.0001361752655809,0.0002057258146393,9.35121847795219e-05,0.0001122136298598,67.3,35,4,67.3,r-strb_sl12_st12_sp336_bu50_no0.5_re0.3_re0.5,,,,,,,,
yahoo-a1,vlstm,strb,12,12,336,B6,50.0,0.01,0.5,0.5,,,,-0.0169050614857069,-0.0190571145469575,0.0169050614857069,0.8977093051493519,0.8791658296917948,0.9843925685277244,4,6,6,0.9844,0.9112,0.9485,0.7467,0.9326,0.9007,0.9366,0.7467,0.0001501419261192,0.0002268258477825,0.0001031032288214,0.000123722618961,74.2,35,4,74.3,r-strb_sl12_st12_sp336_bu50_no0.01_re0.5_re0.5,,,,,,,,
yahoo-a1,vlstm,strb,12,12,336,B6,50.0,0.05,0.5,0.5,,,,-0.0144661896667137,-0.0190609561054598,0.0144661896667137,0.8994281303762086,0.8873705472324622,0.9843925685277244,4,6,6,0.9844,0.9112,0.9467,0.7554,0.9473,0.9051,0.9417,0.7554,0.0001500322524164,0.0002266601590153,0.0001030277611681,0.0001236323978472,74.2,35,4,74.2,r-strb_sl12_st12_sp336_bu50_no0.05_re0.5_re0.5,,,,,,,,
yahoo-a1,vlstm,strb,12,12,336,B6,50.0,0.1,0.5,0.5,,,,-0.0162774706668503,-0.0205344738431443,0.0162774706668503,0.8970426045872505,0.8815160908816887,0.9843925685277244,4,6,6,0.9844,0.9112,0.947,0.7456,0.9371,0.9028,0.9405,0.7456,0.0001424959716177,0.0002152747763613,9.785265914138614e-05,0.0001174221172199,70.5,32,4,70.5,r-strb_sl12_st12_sp336_bu50_no0.1_re0.5_re0.5,,,,,,,,
yahoo-a1,vlstm,strb,12,12,336,B6,50.0,0.35,0.5,0.5,,,,-0.0393861606130109,-0.0259246733543365,0.0393861606130109,0.8886631370499525,0.8380435134232203,0.9843925685277244,4,6,6,0.9844,0.9112,0.9471,0.712,0.8506,0.8812,0.9084,0.712,0.0001703567158644,0.0002573651977175,0.0001169847009832,0.0001403804967342,84.2,40,4,84.2,r-strb_sl12_st12_sp336_bu50_no0.35_re0.5_re0.5,,,,,,,,
yahoo-a1,vlstm,strb,12,12,336,B6,50.0,0.5,0.5,0.5,,,,-0.0105061456134038,-0.0170773182315786,0.0105061456134038,0.9023631651285826,0.8960448623549098,0.9843925685277244,4,6,6,0.9844,0.9112,0.9469,0.7669,0.9625,0.9096,0.9452,0.7669,0.0001276592622575,0.0001928603231442,8.766425231329373e-05,0.0001051960708309,63.1,33,4,63.1,r-strb_sl12_st12_sp336_bu50_no0.5_re0.5_re0.5,,,,,,,,
yahoo-a1,vlstm,strb,12,12,336,B6,50.0,0.01,0.7,0.5,,,,-0.0135235435657559,-0.0210126802140669,0.0135235435657559,0.8986486506354501,0.8892737489025755,0.9843925685277244,4,6,6,0.9844,0.9112,0.9456,0.7534,0.9523,0.9069,0.9446,0.7534,0.0001381695817472,0.0002087387136133,9.48817371526578e-05,0.0001138569764606,68.3,29,4,68.3,r-strb_sl12_st12_sp336_bu50_no0.01_re0.7_re0.5,,,,,,,,
yahoo-a1,vlstm,strb,12,12,336,B6,50.0,0.05,0.7,0.5,,,,-0.0133524817931166,-0.0208968947794665,0.0133524817931166,0.8986906311130535,0.8892504592783753,0.9843925685277244,4,6,6,0.9844,0.9112,0.9459,0.7533,0.952,0.9071,0.9446,0.7533,0.0001419353711928,0.0002144278532538,9.746776533623537e-05,0.0001169600879175,70.2,29,4,70.2,r-strb_sl12_st12_sp336_bu50_no0.05_re0.7_re0.5,,,,,,,,
yahoo-a1,vlstm,strb,12,12,336,B6,50.0,0.1,0.7,0.5,,,,-0.0177133936276759,-0.0233775383968703,0.0177133936276759,0.8964775388607835,0.8826325077018804,0.9843925685277244,4,6,6,0.9844,0.9112,0.9435,0.7468,0.9399,0.9039,0.9399,0.7468,0.0001569143488182,0.0002370572372414,0.0001077539408553,0.0001293032963861,77.6,35,4,77.6,r-strb_sl12_st12_sp336_bu50_no0.1_re0.7_re0.5,,,,,,,,
yahoo-a1,vlstm,strb,12,12,336,B6,50.0,0.35,0.7,0.5,,,,-0.0142853997959775,-0.0211726019671178,0.0142853997959775,0.89875613692105,0.8885998133481404,0.9843925685277244,4,6,6,0.9844,0.9112,0.945,0.7543,0.9506,0.9069,0.9426,0.7543,0.000146939247629,0.0002219874240157,0.0001009039358222,0.0001210834881934,72.7,32,4,72.7,r-strb_sl12_st12_sp336_bu50_no0.35_re0.7_re0.5,,,,,,,,
yahoo-a1,vlstm,strb,12,12,336,B6,50.0,0.5,0.7,0.5,,,,-0.0147653147325277,-0.0214693652348131,0.0147653147325277,0.8984372131568534,0.8877456679620106,0.9843925685277244,4,6,6,0.9844,0.9112,0.945,0.7531,0.9491,0.9063,0.9424,0.7531,0.0001405967461976,0.0002124055350562,9.654839241864264e-05,0.0001158571426376,69.5,32,4,69.5,r-strb_sl12_st12_sp336_bu50_no0.5_re0.7_re0.5,,,,,,,,
yahoo-a1,vlstm,strb,12,12,336,B6,50.0,0.01,0.95,0.5,,,,-0.0231430180395723,-0.0261772363085592,0.0231430180395723,0.8945601431769645,0.8761023873414182,0.9843925685277244,4,6,6,0.9844,0.9112,0.9423,0.7403,0.9277,0.8998,0.9366,0.7403,0.0001501609437708,0.0002268545785644,0.0001031161526619,0.0001237384259025,74.2,32,4,74.3,r-strb_sl12_st12_sp336_bu50_no0.01_re0.95_re0.5,,,,,,,,
yahoo-a1,vlstm,strb,12,12,336,B6,50.0,0.05,0.95,0.5,,,,-0.0231430180395723,-0.0261772363085592,0.0231430180395723,0.8945601431769645,0.8761023873414182,0.9843925685277244,4,6,6,0.9844,0.9112,0.9423,0.7403,0.9277,0.8998,0.9366,0.7403,0.0001457438474368,0.0002201814816714,0.0001000833957721,0.0001200980858993,72.1,32,4,72.1,r-strb_sl12_st12_sp336_bu50_no0.05_re0.95_re0.5,,,,,,,,
yahoo-a1,vlstm,strb,12,12,336,B6,50.0,0.1,0.95,0.5,,,,-0.0231430180395723,-0.0261772363085592,0.0231430180395723,0.8945601431769645,0.8761023873414182,0.9843925685277244,4,6,6,0.9844,0.9112,0.9423,0.7403,0.9277,0.8998,0.9366,0.7403,0.0001463255436122,0.0002210602750342,0.0001004823296874,0.0001205779453467,72.3,32,4,72.4,r-strb_sl12_st12_sp336_bu50_no0.1_re0.95_re0.5,,,,,,,,
yahoo-a1,vlstm,strb,12,12,336,B6,50.0,0.35,0.95,0.5,,,,-0.0231430180395723,-0.0261772363085592,0.0231430180395723,0.8945601431769645,0.8761023873414182,0.9843925685277244,4,6,6,0.9844,0.9112,0.9423,0.7403,0.9277,0.8998,0.9366,0.7403,0.0001461398630207,0.0002207797594002,0.0001003549363431,0.000120424823057,72.3,32,4,72.3,r-strb_sl12_st12_sp336_bu50_no0.35_re0.95_re0.5,,,,,,,,
yahoo-a1,vlstm,strb,12,12,336,B6,50.0,0.5,0.95,0.5,,,,-0.0231430180395723,-0.0261772363085592,0.0231430180395723,0.8945601431769645,0.8761023873414182,0.9843925685277244,4,6,6,0.9844,0.9112,0.9423,0.7403,0.9277,0.8998,0.9366,0.7403,0.0001500703260919,0.0002267176785501,0.000103054080844,0.000123663597706,74.2,32,4,74.2,r-strb_sl12_st12_sp336_bu50_no0.5_re0.95_re0.5,,,,,,,,
yahoo-a1,vtcn,strb,12,12,336,B1,2000.0,0.2,0.9,0.5,,,,-0.0110026279309912,-0.0149180352499184,0.0110026279309912,0.9010130985509828,0.8896387657882924,0.9890049425127868,4,6,6,0.989,0.9128,0.9494,0.7529,0.9548,0.9045,0.9465,0.7529,0.000185302644659,0.000279944653419,0.000127248222798,0.000152696430621,91.6,38,4,91.6,r-strb_sl12_st12_sp336_bu2000_no0.2_re0.9_re0.5,,,,,,,,
yahoo-a1,vtcn,strb,12,12,336,B1,4000.0,0.2,0.9,0.5,,,,-0.0110026279309912,-0.0149180352499184,0.0110026279309912,0.9010130985509828,0.8896387657882924,0.9890049425127868,4,6,6,0.989,0.9128,0.9494,0.7529,0.9548,0.9045,0.9465,0.7529,0.0001572097250239,0.0002375034747448,0.0001079567703703,0.0001295467043745,77.7,38,4,77.7,r-strb_sl12_st12_sp336_bu4000_no0.2_re0.9_re0.5,,,,,,,,
yahoo-a1,vtcn,strb,12,12,336,B1,50.0,0.01,0.9,0.5,,,,-0.0059872728893056,-0.0094565519557772,0.0059872728893056,0.907277638262736,0.9018839172489048,0.9890049425127868,4,6,6,0.989,0.9164,0.9499,0.7739,0.9722,0.9136,0.9479,0.7739,0.0001750704776272,0.0002644864797986,0.0001202216541051,0.0001442648256934,86.6,41,4,86.6,r-strb_sl12_st12_sp336_bu50_no0.01_re0.9_re0.5,,,,,,,,
yahoo-a1,vtcn,strb,12,12,336,B1,50.0,0.5,0.9,0.5,,,,-0.0059743422670599,-0.0094471636067184,0.0059743422670599,0.9072917207863244,0.9019173957058616,0.9890049425127868,4,6,6,0.989,0.9164,0.9499,0.7739,0.9722,0.9136,0.9479,0.7739,0.000168558996244,0.000254649305578,0.0001157502186329,0.000138899086945,83.3,41,4,83.4,r-strb_sl12_st12_sp336_bu50_no0.5_re0.9_re0.5,,,,,,,,
yahoo-a1,vtcn,strb,12,12,336,B1,50.0,0.2,0.3,0.5,,,,-0.002325200610911,-0.0064826362571677,0.002325200610911,0.910322175040138,0.908947086646656,0.9890049425127868,4,6,6,0.989,0.9164,0.9504,0.7856,0.9819,0.9187,0.9497,0.7856,0.0001220821571022,0.0001844347511689,8.38343951967545e-05,0.0001006003559722,60.4,41,4,60.4,r-strb_sl12_st12_sp336_bu50_no0.2_re0.3_re0.5,,,,,,,,
yahoo-a1,vtcn,strb,12,12,336,B1,50.0,0.2,0.95,0.5,,,,-0.0059707824298449,-0.0092731314324984,0.0059707824298449,0.907552769047654,0.902183783723014,0.9890049425127868,4,6,6,0.989,0.9164,0.9499,0.775,0.9714,0.9148,0.9476,0.775,0.0001709151914292,0.0002582089107078,0.0001173683673033,0.0001408405434045,84.5,40,4,84.5,r-strb_sl12_st12_sp336_bu50_no0.2_re0.95_re0.5,,,,,,,,
yahoo-a1,vtcn,strb,12,12,336,B1,50.0,0.2,0.9,0.7,,,,-0.0040018116871423,-0.0067889998490507,0.0040018116871423,0.9124064381142452,0.9103516604586358,0.9890049425127868,4,6,6,0.989,0.9187,0.9502,0.7917,0.9813,0.918,0.9504,0.7917,0.0001553788130991,0.0002347374375672,0.0001066995038165,0.0001280379337506,76.8,36,4,76.8,r-strb_sl12_st12_sp336_bu50_no0.2_re0.9_re0.7,,,,,,,,
yahoo-a1,vtcn,strb,12,12,336,B1,50.0,0.2,0.9,0.9,,,,-0.0013313473055691,-0.0030998414228031,0.0013313473055691,0.9133578481503176,0.912569087301068,0.9890049425127868,4,6,6,0.989,0.9142,0.9554,0.7949,0.9843,0.916,0.9551,0.7949,0.0002361360675286,0.0003567408857313,0.0001621556064243,0.000194585279307,116.8,43,4,116.8,r-strb_sl12_st12_sp336_bu50_no0.2_re0.9_re0.9,,,,,,,,
yahoo-a1,vtcn,strb,12,12,336,B6,50.0,0.01,0.3,0.5,,,,-0.0025190244078834,-0.0065400920936934,0.0025190244078834,0.9097537952461896,0.9080151829164642,0.9890049425127868,4,6,6,0.989,0.9164,0.9505,0.7832,0.9809,0.9188,0.9492,0.7832,0.0001267705666501,0.0001915177325715,8.705400868137884e-05,0.0001044637238901,62.7,41,4,62.7,r-strb_sl12_st12_sp336_bu50_no0.01_re0.3_re0.5,,,,,,,,
yahoo-a1,vtcn,strb,12,12,336,B6,50.0,0.05,0.3,0.5,,,,-0.0027046628002087,-0.0067311382605876,0.0027046628002087,0.9099019587147664,0.9079819545770018,0.9890049425127868,4,6,6,0.989,0.9164,0.9502,0.7841,0.9805,0.9183,0.9491,0.7841,0.0001825117326564,0.0002757283029468,0.0001253316401018,0.0001503966628449,90.2,41,4,90.3,r-strb_sl12_st12_sp336_bu50_no0.05_re0.3_re0.5,,,,,,,,
yahoo-a1,vtcn,strb,12,12,336,B6,50.0,0.1,0.3,0.5,,,,-0.0024797756485943,-0.0068311959969545,0.0024797756485943,0.9098178513411016,0.9080616295241652,0.9890049425127868,4,6,6,0.989,0.9164,0.9501,0.7838,0.9808,0.9182,0.9494,0.7838,0.0001774268336972,0.0002680463279841,0.0001218399774302,0.0001462063505539,87.7,41,4,87.7,r-strb_sl12_st12_sp336_bu50_no0.1_re0.3_re0.5,,,,,,,,
yahoo-a1,vtcn,strb,12,12,336,B6,50.0,0.35,0.3,0.5,,,,-0.0059823568613295,-0.0094844261234933,0.0059823568613295,0.9070970880750704,0.9014845174949218,0.9890049425127868,4,6,6,0.989,0.9164,0.9498,0.7732,0.9712,0.9138,0.9477,0.7732,0.0001738102364489,0.0002625825793955,0.0001193561561328,0.0001432264232627,85.9,41,4,86.0,r-strb_sl12_st12_sp336_bu50_no0.35_re0.3_re0.5,,,,,,,,
yahoo-a1,vtcn,strb,12,12,336,B6,50.0,0.5,0.3,0.5,,,,-0.0067145246718968,-0.0097887951974698,0.0067145246718968,0.9067792734001971,0.9002946747124791,0.9890049425127868,4,6,6,0.989,0.9164,0.9499,0.7719,0.9689,0.9131,0.9474,0.7719,0.000178443983728,0.000269582980164,0.0001225381630789,0.000147044817085,88.2,41,4,88.2,r-strb_sl12_st12_sp336_bu50_no0.5_re0.3_re0.5,,,,,,,,
yahoo-a1,vtcn,strb,12,12,336,B6,50.0,0.01,0.5,0.5,,,,-0.0025225852265648,-0.0065133349132302,0.0025225852265648,0.9102432678343384,0.9084031437607748,0.9890049425127868,4,6,6,0.989,0.9164,0.9504,0.7852,0.981,0.9179,0.9496,0.7852,0.0001933094423109,0.0002920408660649,0.0001327465137725,0.0001592943522923,95.6,41,4,95.6,r-strb_sl12_st12_sp336_bu50_no0.01_re0.5_re0.5,,,,,,,,
yahoo-a1,vtcn,strb,12,12,336,B6,50.0,0.05,0.5,0.5,,,,-0.0040352288408459,-0.0069597325779158,0.0040352288408459,0.909095387110258,0.9048698099206074,0.9890049425127868,4,6,6,0.989,0.9164,0.9507,0.7803,0.975,0.9165,0.9476,0.7803,5.067629113824663e-05,7.655884666601195e-05,3.479961041593924e-05,4.175923625007272e-05,25.1,37,4,25.1,r-strb_sl12_st12_sp336_bu50_no0.05_re0.5_re0.5,,,,,,,,
yahoo-a1,vtcn,strb,12,12,336,B6,50.0,0.1,0.5,0.5,,,,-0.0024146310429363,-0.0063404919307991,0.0024146310429363,0.9102404408967596,0.908628062961127,0.9890049425127868,4,6,6,0.989,0.9164,0.9503,0.7853,0.9816,0.918,0.9497,0.7853,0.000175454328197,0.0002650663793189,0.0001204853787623,0.0001445810005565,86.7,41,4,86.8,r-strb_sl12_st12_sp336_bu50_no0.1_re0.5_re0.5,,,,,,,,
yahoo-a1,vtcn,strb,12,12,336,B6,50.0,0.35,0.5,0.5,,,,-0.0063353659797047,-0.0095272106365702,0.0063353659797047,0.90697710278605,0.9008711244841724,0.9890049425127868,4,6,6,0.989,0.9164,0.9499,0.7726,0.97,0.9135,0.9474,0.7726,0.0001679132867098,0.0002536738044884,0.0001153068740735,0.0001383669304149,83.0,41,4,83.0,r-strb_sl12_st12_sp336_bu50_no0.35_re0.5_re0.5,,,,,,,,
yahoo-a1,vtcn,strb,12,12,336,B6,50.0,0.5,0.5,0.5,,,,-0.0064875295047614,-0.0095457412718359,0.0064875295047614,0.907143854288648,0.9009997483516328,0.9890049425127868,4,6,6,0.989,0.9164,0.9499,0.7733,0.9701,0.9134,0.9472,0.7733,0.0001668985820332,0.00025214084661,0.0001146100270257,0.0001375308195843,82.5,41,4,82.6,r-strb_sl12_st12_sp336_bu50_no0.5_re0.5_re0.5,,,,,,,,
yahoo-a1,vtcn,strb,12,12,336,B6,50.0,0.01,0.7,0.5,,,,-0.0023344520595055,-0.0064742645270669,0.0023344520595055,0.9099490279614562,0.9083828456424786,0.9890049425127868,4,6,6,0.989,0.9164,0.9505,0.7839,0.9813,0.9187,0.9495,0.7839,0.0001994072314292,0.0003012530576366,0.000136933809372,0.0001643192482646,98.6,41,4,98.6,r-strb_sl12_st12_sp336_bu50_no0.01_re0.7_re0.5,,,,,,,,
yahoo-a1,vtcn,strb,12,12,336,B6,50.0,0.05,0.7,0.5,,,,-0.0036010056283983,-0.0068068899142585,0.0036010056283983,0.9096501138731162,0.9062876439112012,0.9890049425127868,4,6,6,0.989,0.9164,0.9504,0.7828,0.977,0.9167,0.9487,0.7828,0.0001722829064821,0.0002602751765034,0.0001183074931698,0.0001419676833335,85.2,37,4,85.2,r-strb_sl12_st12_sp336_bu50_no0.05_re0.7_re0.5,,,,,,,,
yahoo-a1,vtcn,strb,12,12,336,B6,50.0,0.1,0.7,0.5,,,,-0.0024288190012953,-0.0065198303447032,0.0024288190012953,0.9100389772316322,0.9085239580147538,0.9890049425127868,4,6,6,0.989,0.9164,0.9505,0.7843,0.9815,0.9188,0.9495,0.7843,0.0001759982798535,0.0002658881504179,0.0001208587638891,0.0001450293865287,87.0,41,4,87.0,r-strb_sl12_st12_sp336_bu50_no0.1_re0.7_re0.5,,,,,,,,
yahoo-a1,vtcn,strb,12,12,336,B6,50.0,0.35,0.7,0.5,,,,-0.005617705863629,-0.0090147879343114,0.005617705863629,0.9076742810716016,0.9026886344079804,0.9890049425127868,4,6,6,0.989,0.9164,0.9499,0.7754,0.9732,0.9141,0.9481,0.7754,0.0001711764253753,0.0002586035680353,0.0001175477483807,0.0001410558196545,84.6,41,4,84.6,r-strb_sl12_st12_sp336_bu50_no0.35_re0.7_re0.5,,,,,,,,
yahoo-a1,vtcn,strb,12,12,336,B6,50.0,0.5,0.7,0.5,,,,-0.0062622894810788,-0.009344587200335,0.0062622894810788,0.9074455853958994,0.9016393394944084,0.9890049425127868,4,6,6,0.989,0.9164,0.9499,0.7745,0.9709,0.9136,0.9475,0.7745,0.000203595750846,0.0003075808335766,0.0001398103425337,0.0001677704910429,100.7,41,4,100.7,r-strb_sl12_st12_sp336_bu50_no0.5_re0.7_re0.5,,,,,,,,
yahoo-a1,vtcn,strb,12,12,336,B6,50.0,0.01,0.95,0.5,,,,-0.0059707824298449,-0.0092731314324984,0.0059707824298449,0.907552769047654,0.902183783723014,0.9890049425127868,4,6,6,0.989,0.9164,0.9499,0.775,0.9714,0.9148,0.9476,0.775,0.000199248234208,0.0003010128537147,0.0001368244862837,0.000164188367431,98.5,40,4,98.5,r-strb_sl12_st12_sp336_bu50_no0.01_re0.95_re0.5,,,,,,,,
yahoo-a1,vtcn,strb,12,12,336,B6,50.0,0.05,0.95,0.5,,,,-0.0059707824298449,-0.0092731314324984,0.0059707824298449,0.907552769047654,0.902183783723014,0.9890049425127868,4,6,6,0.989,0.9164,0.9499,0.775,0.9714,0.9148,0.9476,0.775,0.0001865398045514,0.0002818136839335,0.0001280980459492,0.0001537156379843,92.2,40,4,92.2,r-strb_sl12_st12_sp336_bu50_no0.05_re0.95_re0.5,,,,,,,,
yahoo-a1,vtcn,strb,12,12,336,B6,50.0,0.1,0.95,0.5,,,,-0.0059707824298449,-0.0092731314324984,0.0059707824298449,0.907552769047654,0.902183783723014,0.9890049425127868,4,6,6,0.989,0.9164,0.9499,0.775,0.9714,0.9148,0.9476,0.775,0.0001479410237444,0.0002235008501622,0.0001015918203687,0.0001219090297934,73.1,40,4,73.2,r-strb_sl12_st12_sp336_bu50_no0.1_re0.95_re0.5,,,,,,,,
yahoo-a1,vtcn,strb,12,12,336,B6,50.0,0.35,0.95,0.5,,,,-0.0059707824298449,-0.0092731314324984,0.0059707824298449,0.907552769047654,0.902183783723014,0.9890049425127868,4,6,6,0.989,0.9164,0.9499,0.775,0.9714,0.9148,0.9476,0.775,0.0001424606952316,0.0002152214828116,9.782843802111328e-05,0.0001173930447905,70.4,40,4,70.5,r-strb_sl12_st12_sp336_bu50_no0.35_re0.95_re0.5,,,,,,,,
yahoo-a1,vtcn,strb,12,12,336,B6,50.0,0.5,0.95,0.5,,,,-0.0059707824298449,-0.0092731314324984,0.0059707824298449,0.907552769047654,0.902183783723014,0.9890049425127868,4,6,6,0.989,0.9164,0.9499,0.775,0.9714,0.9148,0.9476,0.775,0.0001564663160321,0.0002363803748941,0.000107446162325,0.0001289342125691,77.4,40,4,77.4,r-strb_sl12_st12_sp336_bu50_no0.5_re0.95_re0.5,,,,,,,,
yahoo-a1,vgru-kl,strb,12,12,336,B1,2000.0,0.2,0.9,0.5,,,,-0.1029218858257224,-0.0363491604151917,0.1029218858257224,0.8794830502631832,0.7765607003700525,0.9828375669248768,4,6,6,0.9828,0.9253,0.8883,0.7215,0.6661,0.9066,0.8121,0.7215,0.0001326522641818,0.0002004034653145,9.109301302297456e-05,0.0001093104522915,65.6,28,4,65.6,r-strb_sl12_st12_sp336_bu2000_no0.2_re0.9_re0.5,,,,,,,,
yahoo-a1,vgru-kl,strb,12,12,336,B1,4000.0,0.2,0.9,0.5,,,,-0.1029218858257224,-0.0363491604151917,0.1029218858257224,0.8794830502631832,0.7765607003700525,0.9828375669248768,4,6,6,0.9828,0.9253,0.8883,0.7215,0.6661,0.9066,0.8121,0.7215,0.0001279222106971,0.0001932575706304,8.784465306412636e-05,0.0001054129175663,63.2,28,4,63.3,r-strb_sl12_st12_sp336_bu4000_no0.2_re0.9_re0.5,,,,,,,,
yahoo-a1,vgru-kl,strb,12,12,336,B1,50.0,0.01,0.9,0.5,,,,-0.1441041785459167,-0.05374745397175,0.1441041785459167,0.8599751006141816,0.7256544695447282,0.9828375669248768,4,6,6,0.9828,0.9237,0.8291,0.7043,0.5787,0.881,0.7386,0.7043,0.0001503661538076,0.000227164598169,0.0001032572185174,0.0001239073796515,74.3,26,4,74.4,r-strb_sl12_st12_sp336_bu50_no0.01_re0.9_re0.5,,,,,,,,
yahoo-a1,vgru-kl,strb,12,12,336,B1,50.0,0.5,0.9,0.5,,,,-0.145940535293282,-0.0562332404036693,0.145940535293282,0.8569328135974917,0.723027084120766,0.9828375669248768,4,6,6,0.9828,0.9237,0.8228,0.6984,0.5773,0.8764,0.7401,0.6984,0.0001284263737511,0.000194019231381,8.819100978240992e-05,0.0001058282215986,63.5,26,4,63.5,r-strb_sl12_st12_sp336_bu50_no0.5_re0.9_re0.5,,,,,,,,
yahoo-a1,vgru-kl,strb,12,12,336,B1,50.0,0.2,0.3,0.5,,,,-0.145940535293282,-0.0562332404036693,0.145940535293282,0.8569328135974917,0.723027084120766,0.9828375669248768,4,6,6,0.9828,0.9237,0.8228,0.6984,0.5773,0.8764,0.7401,0.6984,0.0001143028931936,0.0001726822835085,7.849225711801814e-05,9.419002639052146e-05,56.5,26,4,56.5,r-strb_sl12_st12_sp336_bu50_no0.2_re0.3_re0.5,,,,,,,,
yahoo-a1,vgru-kl,strb,12,12,336,B1,50.0,0.2,0.95,0.5,,,,-0.145940535293282,-0.0562332404036693,0.145940535293282,0.8569328135974917,0.723027084120766,0.9828375669248768,4,6,6,0.9828,0.9237,0.8228,0.6984,0.5773,0.8764,0.7401,0.6984,0.0001158796120178,0.0001750643002659,7.95750882521841e-05,9.548921201378108e-05,57.3,26,4,57.3,r-strb_sl12_st12_sp336_bu50_no0.2_re0.95_re0.5,,,,,,,,
yahoo-a1,vgru-kl,strb,12,12,336,B1,50.0,0.2,0.9,0.7,,,,-0.1525985336232361,-0.0593427685453803,0.1525985336232361,0.8418477461433849,0.707596126215887,0.9828375669248768,4,6,6,0.9828,0.923,0.74,0.7216,0.5451,0.8814,0.6824,0.7216,0.0001713583180565,0.0002588783611106,0.0001176725600703,0.0001412058010402,84.7,26,4,84.7,r-strb_sl12_st12_sp336_bu50_no0.2_re0.9_re0.7,,,,,,,,
yahoo-a1,vgru-kl,strb,12,12,336,B1,50.0,0.2,0.9,0.9,,,,-0.0429408720475412,-0.0083928181786595,0.0429408720475412,0.9054529116277604,0.8419149399496133,0.9828375669248768,4,6,6,0.9828,0.9177,0.9461,0.7752,0.8791,0.8943,0.8191,0.7752,0.0003341478325102,0.0005048114630793,0.0002294607693271,0.0002753506937522,165.2,26,4,165.2,r-strb_sl12_st12_sp336_bu50_no0.2_re0.9_re0.9,,,,,,,,
yahoo-a1,vgru-kl,strb,12,12,336,B6,50.0,0.01,0.3,0.5,,,,-0.1451181214143464,-0.0527732426219476,0.1451181214143464,0.861019679255663,0.7239127692719003,0.9828375669248768,4,6,6,0.9828,0.9237,0.8301,0.7074,0.5764,0.8776,0.7342,0.7074,0.0001231575922129,0.000186059457119,8.457298454854431e-05,0.0001014864725704,60.9,26,4,60.9,r-strb_sl12_st12_sp336_bu50_no0.01_re0.3_re0.5,,,,,,,,
yahoo-a1,vgru-kl,strb,12,12,336,B6,50.0,0.05,0.3,0.5,,,,-0.1441725078489053,-0.053471368871619,0.1441725078489053,0.8602204987687931,0.7245697905287413,0.9828375669248768,4,6,6,0.9828,0.9237,0.8315,0.7028,0.58,0.8779,0.7375,0.7028,0.0001125298440463,0.0001700036621107,7.727476516415158e-05,9.272889694664628e-05,55.6,26,4,55.7,r-strb_sl12_st12_sp336_bu50_no0.05_re0.3_re0.5,,,,,,,,
yahoo-a1,vgru-kl,strb,12,12,336,B6,50.0,0.1,0.3,0.5,,,,-0.1153740355166364,-0.0364289953814239,0.1153740355166364,0.8796399061200371,0.7567137513391973,0.9828375669248768,4,6,6,0.9828,0.9237,0.8896,0.7224,0.6562,0.8689,0.7794,0.7224,0.0001455020770172,0.0002198162287283,9.991698831048174e-05,0.0001198992404178,71.9,28,4,72.0,r-strb_sl12_st12_sp336_bu50_no0.1_re0.3_re0.5,,,,,,,,
yahoo-a1,vgru-kl,strb,12,12,336,B6,50.0,0.35,0.3,0.5,,,,-0.145940535293282,-0.0562332404036693,0.145940535293282,0.8569328135974917,0.723027084120766,0.9828375669248768,4,6,6,0.9828,0.9237,0.8228,0.6984,0.5773,0.8764,0.7401,0.6984,0.000110972201097,0.0001676504640957,7.620511944341059e-05,9.144534465235967e-05,54.9,26,4,54.9,r-strb_sl12_st12_sp336_bu50_no0.35_re0.3_re0.5,,,,,,,,
yahoo-a1,vgru-kl,strb,12,12,336,B6,50.0,0.5,0.3,0.5,,,,-0.145940535293282,-0.0562332404036693,0.145940535293282,0.8569328135974917,0.723027084120766,0.9828375669248768,4,6,6,0.9828,0.9237,0.8228,0.6984,0.5773,0.8764,0.7401,0.6984,0.0001297125114793,0.0001959622548129,8.907424432820537e-05,0.0001068880104847,64.1,26,4,64.1,r-strb_sl12_st12_sp336_bu50_no0.5_re0.3_re0.5,,,,,,,,
yahoo-a1,vgru-kl,strb,12,12,336,B6,50.0,0.01,0.5,0.5,,,,-0.1438191176862635,-0.0531837137566694,0.1438191176862635,0.8605012462813288,0.725347183315511,0.9828375669248768,4,6,6,0.9828,0.9237,0.8321,0.7034,0.5858,0.8709,0.7413,0.7034,0.0001393756747801,0.0002105608100907,9.570994953521424e-05,0.0001148508605555,68.9,26,4,68.9,r-strb_sl12_st12_sp336_bu50_no0.01_re0.5_re0.5,,,,,,,,
yahoo-a1,vgru-kl,strb,12,12,336,B6,50.0,0.05,0.5,0.5,,,,-0.1452393182004246,-0.0542044132548596,0.1452393182004246,0.8596675427391346,0.7226584721830995,0.9828375669248768,4,6,6,0.9828,0.9237,0.8328,0.6993,0.5854,0.8665,0.7394,0.6993,0.0001311006989112,0.0001980594491094,9.002757077622744e-05,0.0001080318783332,64.8,26,4,64.8,r-strb_sl12_st12_sp336_bu50_no0.05_re0.5_re0.5,,,,,,,,
yahoo-a1,vgru-kl,strb,12,12,336,B6,50.0,0.1,0.5,0.5,,,,-0.1437098390773238,-0.0555778680654349,0.1437098390773238,0.8576115331228532,0.728188360700749,0.9828375669248768,4,6,6,0.9828,0.9237,0.821,0.7029,0.5951,0.8672,0.7475,0.7029,0.0001419680627727,0.0002144772418257,9.749014328570209e-05,0.00011698709854,70.2,26,4,70.2,r-strb_sl12_st12_sp336_bu50_no0.1_re0.5_re0.5,,,,,,,,
yahoo-a1,vgru-kl,strb,12,12,336,B6,50.0,0.35,0.5,0.5,,,,-0.145940535293282,-0.0562332404036693,0.145940535293282,0.8569328135974917,0.723027084120766,0.9828375669248768,4,6,6,0.9828,0.9237,0.8228,0.6984,0.5773,0.8764,0.7401,0.6984,0.0001264408103299,0.0001910195555544,8.682763576184192e-05,0.0001041919197925,62.5,26,4,62.5,r-strb_sl12_st12_sp336_bu50_no0.35_re0.5_re0.5,,,,,,,,
yahoo-a1,vgru-kl,strb,12,12,336,B6,50.0,0.5,0.5,0.5,,,,-0.145940535293282,-0.0562332404036693,0.145940535293282,0.8569328135974917,0.723027084120766,0.9828375669248768,4,6,6,0.9828,0.9237,0.8228,0.6984,0.5773,0.8764,0.7401,0.6984,0.000132037020235,0.0001994739898947,9.067042517255887e-05,0.0001088035647221,65.3,26,4,65.3,r-strb_sl12_st12_sp336_bu50_no0.5_re0.5_re0.5,,,,,,,,
yahoo-a1,vgru-kl,strb,12,12,336,B6,50.0,0.01,0.7,0.5,,,,-0.144519190689398,-0.0517932155024775,0.144519190689398,0.8627677193819988,0.7249098040884672,0.9828375669248768,4,6,6,0.9828,0.9237,0.8366,0.708,0.5715,0.8857,0.7345,0.708,0.0001317803407766,0.0001990862132272,9.049417204740976e-05,0.0001085920411798,65.2,26,4,65.2,r-strb_sl12_st12_sp336_bu50_no0.01_re0.7_re0.5,,,,,,,,
yahoo-a1,vgru-kl,strb,12,12,336,B6,50.0,0.05,0.7,0.5,,,,-0.1450836227392834,-0.053996327362888,0.1450836227392834,0.8593863800740693,0.7223673066012396,0.9828375669248768,4,6,6,0.9828,0.9237,0.8312,0.6998,0.5778,0.8743,0.7376,0.6998,0.0001335067600436,0.0002016943888646,9.168073969906092e-05,0.0001100136491656,66.0,26,4,66.0,r-strb_sl12_st12_sp336_bu50_no0.05_re0.7_re0.5,,,,,,,,
yahoo-a1,vgru-kl,strb,12,12,336,B6,50.0,0.1,0.7,0.5,,,,-0.114017739976824,-0.0352131110359715,0.114017739976824,0.8808253249022161,0.7571539158396757,0.9828375669248768,4,6,6,0.9828,0.9237,0.8886,0.7282,0.6489,0.8777,0.7739,0.7282,0.0001412785463366,0.0002134355597705,9.701657928397052e-05,0.0001164189804865,69.9,28,4,69.9,r-strb_sl12_st12_sp336_bu50_no0.1_re0.7_re0.5,,,,,,,,
yahoo-a1,vgru-kl,strb,12,12,336,B6,50.0,0.35,0.7,0.5,,,,-0.145940535293282,-0.0562332404036693,0.145940535293282,0.8569328135974917,0.723027084120766,0.9828375669248768,4,6,6,0.9828,0.9237,0.8228,0.6984,0.5773,0.8764,0.7401,0.6984,0.0001388350108954,0.0002097440059696,9.533865486155264e-05,0.000114405351108,68.6,26,4,68.7,r-strb_sl12_st12_sp336_bu50_no0.35_re0.7_re0.5,,,,,,,,
yahoo-a1,vgru-kl,strb,12,12,336,B6,50.0,0.5,0.7,0.5,,,,-0.145940535293282,-0.0562332404036693,0.145940535293282,0.8569328135974917,0.723027084120766,0.9828375669248768,4,6,6,0.9828,0.9237,0.8228,0.6984,0.5773,0.8764,0.7401,0.6984,0.0001325949424386,0.0002003168668984,9.105369050974132e-05,0.0001092631763887,65.6,26,4,65.6,r-strb_sl12_st12_sp336_bu50_no0.5_re0.7_re0.5,,,,,,,,
yahoo-a1,vgru-kl,strb,12,12,336,B6,50.0,0.01,0.95,0.5,,,,-0.1461675557138013,-0.0557848291306792,0.1461675557138013,0.8576075168067677,0.7227157752696753,0.9828375669248768,4,6,6,0.9828,0.9237,0.8252,0.6987,0.5774,0.8744,0.7403,0.6987,0.0001424302596667,0.0002151755024984,9.78075618066618e-05,0.0001173679406917,70.4,26,4,70.4,r-strb_sl12_st12_sp336_bu50_no0.01_re0.95_re0.5,,,,,,,,
yahoo-a1,vgru-kl,strb,12,12,336,B6,50.0,0.05,0.95,0.5,,,,-0.1460764389456622,-0.0557485766204176,0.1460764389456622,0.857694754793866,0.7226471617779346,0.9828375669248768,4,6,6,0.9828,0.9237,0.8255,0.6987,0.5775,0.8746,0.7398,0.6987,0.0001351829119537,0.0002042266234499,9.283081851899624e-05,0.0001113958049309,66.8,26,4,66.9,r-strb_sl12_st12_sp336_bu50_no0.05_re0.95_re0.5,,,,,,,,
yahoo-a1,vgru-kl,strb,12,12,336,B6,50.0,0.1,0.95,0.5,,,,-0.145684934234066,-0.0559481984384873,0.145684934234066,0.8573635059949508,0.7235126964060715,0.9828375669248768,4,6,6,0.9828,0.9237,0.8239,0.699,0.5789,0.8751,0.741,0.699,0.0001312653516026,0.0001983081969927,9.014058310292764e-05,0.0001081676138898,64.9,26,4,64.9,r-strb_sl12_st12_sp336_bu50_no0.1_re0.95_re0.5,,,,,,,,
yahoo-a1,vgru-kl,strb,12,12,336,B6,50.0,0.35,0.95,0.5,,,,-0.145940535293282,-0.0562332404036693,0.145940535293282,0.8569328135974917,0.723027084120766,0.9828375669248768,4,6,6,0.9828,0.9237,0.8228,0.6984,0.5773,0.8764,0.7401,0.6984,0.000130721807353,0.0001974870413808,8.976744693419379e-05,0.0001077195944466,64.6,26,4,64.6,r-strb_sl12_st12_sp336_bu50_no0.35_re0.95_re0.5,,,,,,,,
yahoo-a1,vgru-kl,strb,12,12,336,B6,50.0,0.5,0.95,0.5,,,,-0.145940535293282,-0.0562332404036693,0.145940535293282,0.8569328135974917,0.723027084120766,0.9828375669248768,4,6,6,0.9828,0.9237,0.8228,0.6984,0.5773,0.8764,0.7401,0.6984,0.0001325743696717,0.000200285786737,9.103941875186542e-05,0.0001092463679852,65.5,26,4,65.6,r-strb_sl12_st12_sp336_bu50_no0.5_re0.95_re0.5,,,,,,,,
yahoo-a1,vlstm-kl,strb,12,12,336,B1,2000.0,0.2,0.9,0.5,,,,-0.102637798642905,-0.0424169828061611,0.102637798642905,0.8659084626261455,0.7692858844334882,0.9815552886800668,4,6,6,0.9816,0.9251,0.8439,0.7131,0.6602,0.9079,0.7959,0.7131,0.0001516184932829,0.0002290565611305,0.0001041171846057,0.0001249393765248,75.0,27,4,75.0,r-strb_sl12_st12_sp336_bu2000_no0.2_re0.9_re0.5,,,,,,,,
yahoo-a1,vlstm-kl,strb,12,12,336,B1,4000.0,0.2,0.9,0.5,,,,-0.102637798642905,-0.0424169828061611,0.102637798642905,0.8659084626261455,0.7692858844334882,0.9815552886800668,4,6,6,0.9816,0.9251,0.8439,0.7131,0.6602,0.9079,0.7959,0.7131,0.0001446601485928,0.000218544291345,9.933885405254034e-05,0.0001192054372925,71.5,27,4,71.5,r-strb_sl12_st12_sp336_bu4000_no0.2_re0.9_re0.5,,,,,,,,
yahoo-a1,vlstm-kl,strb,12,12,336,B1,50.0,0.01,0.9,0.5,,,,-0.1218443598423608,-0.0425260048314129,0.1218443598423608,0.866890582317198,0.7411065637372286,0.9815552886800668,4,6,6,0.9816,0.9234,0.8466,0.7161,0.613,0.8974,0.7379,0.7161,0.0001278843038232,0.0001932003030901,8.781872968797365e-05,0.0001053815734021,63.2,25,4,63.2,r-strb_sl12_st12_sp336_bu50_no0.01_re0.9_re0.5,,,,,,,,
yahoo-a1,vlstm-kl,strb,12,12,336,B1,50.0,0.5,0.9,0.5,,,,-0.1310682506068282,-0.0474926041748741,0.1310682506068282,0.859852205935751,0.7258288682218743,0.9815552886800668,4,6,6,0.9816,0.9234,0.8313,0.7032,0.592,0.8829,0.7252,0.7032,0.0001264817479846,0.0001910814018253,8.685559536808999e-05,0.0001042258064573,62.5,25,4,62.6,r-strb_sl12_st12_sp336_bu50_no0.5_re0.9_re0.5,,,,,,,,
yahoo-a1,vlstm-kl,strb,12,12,336,B1,50.0,0.2,0.3,0.5,,,,-0.1310682506068282,-0.0474926041748741,0.1310682506068282,0.859852205935751,0.7258288682218743,0.9815552886800668,4,6,6,0.9816,0.9234,0.8313,0.7032,0.592,0.8829,0.7252,0.7032,0.0001396421329629,0.0002109633598966,9.589290711964068e-05,0.000115070452777,69.0,25,4,69.1,r-strb_sl12_st12_sp336_bu50_no0.2_re0.3_re0.5,,,,,,,,
yahoo-a1,vlstm-kl,strb,12,12,336,B1,50.0,0.2,0.95,0.5,,,,-0.1310682506068282,-0.0474926041748741,0.1310682506068282,0.859852205935751,0.7258288682218743,0.9815552886800668,4,6,6,0.9816,0.9234,0.8313,0.7032,0.592,0.8829,0.7252,0.7032,0.000131114746466,0.000198080671353,9.003736406124922e-05,0.0001080433072918,64.8,25,4,64.8,r-strb_sl12_st12_sp336_bu50_no0.2_re0.95_re0.5,,,,,,,,
yahoo-a1,vlstm-kl,strb,12,12,336,B1,50.0,0.2,0.9,0.7,,,,-0.1320026838641405,-0.051427126251872,0.1320026838641405,0.8513875845660666,0.7248309326266353,0.9815552886800668,4,6,6,0.9816,0.925,0.7753,0.7238,0.5597,0.942,0.6739,0.7238,0.0001610063986034,0.0002432392723709,0.000110563947164,0.0001326753252069,79.6,24,4,79.6,r-strb_sl12_st12_sp336_bu50_no0.2_re0.9_re0.7,,,,,,,,
yahoo-a1,vlstm-kl,strb,12,12,336,B1,50.0,0.2,0.9,0.9,,,,-0.0058102243419897,-0.0060035865466492,0.0058102243419897,0.90684735531592,0.8984765410305176,0.9815552886800668,4,6,6,0.9816,0.9178,0.9383,0.7897,0.9752,0.9238,0.9053,0.7897,0.0002965908185052,0.0004480724710998,0.0002036702191554,0.0002444022519444,146.6,24,4,146.7,r-strb_sl12_st12_sp336_bu50_no0.2_re0.9_re0.9,,,,,,,,
yahoo-a1,vlstm-kl,strb,12,12,336,B6,50.0,0.01,0.3,0.5,,,,-0.1261424988759959,-0.0434667169740709,0.1261424988759959,0.8654443077942404,0.7336571006596179,0.9815552886800668,4,6,6,0.9816,0.9234,0.8469,0.71,0.6061,0.8854,0.7332,0.71,0.0001099793413719,0.0001661505083226,7.552325422552208e-05,9.06272540971016e-05,54.4,25,4,54.4,r-strb_sl12_st12_sp336_bu50_no0.01_re0.3_re0.5,,,,,,,,
yahoo-a1,vlstm-kl,strb,12,12,336,B6,50.0,0.05,0.3,0.5,,,,-0.1230810895083583,-0.0422295959966555,0.1230810895083583,0.867001648390272,0.7401770645476966,0.9815552886800668,4,6,6,0.9816,0.9234,0.8448,0.7183,0.6064,0.9025,0.7336,0.7183,0.0001240702754921,0.0001874382868962,8.519967523041285e-05,0.0001022386116658,61.3,25,4,61.4,r-strb_sl12_st12_sp336_bu50_no0.05_re0.3_re0.5,,,,,,,,
yahoo-a1,vlstm-kl,strb,12,12,336,B6,50.0,0.1,0.3,0.5,,,,-0.1244316635568487,-0.0427875184959645,0.1244316635568487,0.866486576384047,0.7371969191947291,0.9815552886800668,4,6,6,0.9816,0.9234,0.8446,0.7164,0.6045,0.8976,0.7303,0.7164,0.0001303980103343,0.0001969978673361,8.954485636527856e-05,0.0001074530109708,64.5,25,4,64.5,r-strb_sl12_st12_sp336_bu50_no0.1_re0.3_re0.5,,,,,,,,
yahoo-a1,vlstm-kl,strb,12,12,336,B6,50.0,0.35,0.3,0.5,,,,-0.1310682506068282,-0.0474926041748741,0.1310682506068282,0.859852205935751,0.7258288682218743,0.9815552886800668,4,6,6,0.9816,0.9234,0.8313,0.7032,0.592,0.8829,0.7252,0.7032,0.0001270692843189,0.0001919690181665,8.7259101851507e-05,0.000104709916315,62.8,25,4,62.8,r-strb_sl12_st12_sp336_bu50_no0.35_re0.3_re0.5,,,,,,,,
yahoo-a1,vlstm-kl,strb,12,12,336,B6,50.0,0.5,0.3,0.5,,,,-0.1310682506068282,-0.0474926041748741,0.1310682506068282,0.859852205935751,0.7258288682218743,0.9815552886800668,4,6,6,0.9816,0.9234,0.8313,0.7032,0.592,0.8829,0.7252,0.7032,0.0001227516611351,0.0001854461996283,8.429423379582457e-05,0.0001011519658324,60.7,25,4,60.7,r-strb_sl12_st12_sp336_bu50_no0.5_re0.3_re0.5,,,,,,,,
yahoo-a1,vlstm-kl,strb,12,12,336,B6,50.0,0.01,0.5,0.5,,,,-0.1219447807408477,-0.0423422114856638,0.1219447807408477,0.8669148732110243,0.7407870381843968,0.9815552886800668,4,6,6,0.9816,0.9234,0.8499,0.7129,0.6175,0.8903,0.7425,0.7129,0.0001311803921967,0.0001981798451741,9.00823644097222e-05,0.0001080974807644,64.9,25,4,64.9,r-strb_sl12_st12_sp336_bu50_no0.01_re0.5_re0.5,,,,,,,,
yahoo-a1,vlstm-kl,strb,12,12,336,B6,50.0,0.05,0.5,0.5,,,,-0.1273561465223264,-0.0436986148882823,0.1273561465223264,0.864736313421528,0.7309463511866883,0.9815552886800668,4,6,6,0.9816,0.9234,0.8445,0.7095,0.6011,0.8855,0.7277,0.7095,0.000135896020608,0.0002053039472811,9.332044172462904e-05,0.0001119835055565,67.2,25,4,67.2,r-strb_sl12_st12_sp336_bu50_no0.05_re0.5_re0.5,,,,,,,,
yahoo-a1,vlstm-kl,strb,12,12,336,B6,50.0,0.1,0.5,0.5,,,,-0.1256867475439293,-0.0442734390141107,0.1256867475439293,0.8644000855675532,0.7351767123860045,0.9815552886800668,4,6,6,0.9816,0.9234,0.8422,0.7104,0.6063,0.8897,0.7343,0.7104,0.0001297609952673,0.000196035501351,8.910762031122835e-05,0.0001069278810398,64.2,25,4,64.2,r-strb_sl12_st12_sp336_bu50_no0.1_re0.5_re0.5,,,,,,,,
yahoo-a1,vlstm-kl,strb,12,12,336,B6,50.0,0.35,0.5,0.5,,,,-0.1310682506068282,-0.0474926041748741,0.1310682506068282,0.859852205935751,0.7258288682218743,0.9815552886800668,4,6,6,0.9816,0.9234,0.8313,0.7032,0.592,0.8829,0.7252,0.7032,0.0001420756122106,0.0002146397213746,9.756393269635736e-05,0.0001170757886782,70.2,25,4,70.3,r-strb_sl12_st12_sp336_bu50_no0.35_re0.5_re0.5,,,,,,,,
yahoo-a1,vlstm-kl,strb,12,12,336,B6,50.0,0.5,0.5,0.5,,,,-0.1310682506068282,-0.0474926041748741,0.1310682506068282,0.859852205935751,0.7258288682218743,0.9815552886800668,4,6,6,0.9816,0.9234,0.8313,0.7032,0.592,0.8829,0.7252,0.7032,0.0001344733189377,0.0002031546108442,9.234331522085188e-05,0.0001108112956234,66.5,25,4,66.5,r-strb_sl12_st12_sp336_bu50_no0.5_re0.5_re0.5,,,,,,,,
yahoo-a1,vlstm-kl,strb,12,12,336,B6,50.0,0.01,0.7,0.5,,,,-0.1264323720224246,-0.0444932587615148,0.1264323720224246,0.8640374967247411,0.7322216959568237,0.9815552886800668,4,6,6,0.9816,0.9234,0.8432,0.708,0.6025,0.8868,0.7315,0.708,0.0001242238978711,0.0001876703708135,8.530524456226784e-05,0.0001023651262512,61.4,25,4,61.5,r-strb_sl12_st12_sp336_bu50_no0.01_re0.7_re0.5,,,,,,,,
yahoo-a1,vlstm-kl,strb,12,12,336,B6,50.0,0.05,0.7,0.5,,,,-0.1258122900332953,-0.0436238317713178,0.1258122900332953,0.8656558861160333,0.7348196385741896,0.9815552886800668,4,6,6,0.9816,0.9234,0.8447,0.7131,0.6045,0.8933,0.7283,0.7131,0.0001282840163179,0.0001938041659006,8.809329999882417e-05,0.0001057108659017,63.4,25,4,63.5,r-strb_sl12_st12_sp336_bu50_no0.05_re0.7_re0.5,,,,,,,,
yahoo-a1,vlstm-kl,strb,12,12,336,B6,50.0,0.1,0.7,0.5,,,,-0.126619264154969,-0.0444438060233617,0.126619264154969,0.8640561281000395,0.7337456809105976,0.9815552886800668,4,6,6,0.9816,0.9234,0.8399,0.7114,0.6004,0.8932,0.7299,0.7114,0.0001415871208854,0.0002139017365769,9.72286022009535e-05,0.0001166731343759,70.0,25,4,70.0,r-strb_sl12_st12_sp336_bu50_no0.1_re0.7_re0.5,,,,,,,,
yahoo-a1,vlstm-kl,strb,12,12,336,B6,50.0,0.35,0.7,0.5,,,,-0.1310682506068282,-0.0474926041748741,0.1310682506068282,0.859852205935751,0.7258288682218743,0.9815552886800668,4,6,6,0.9816,0.9234,0.8313,0.7032,0.592,0.8829,0.7252,0.7032,0.0001297575222538,0.0001960302545206,8.910499924548073e-05,0.0001069252552751,64.2,25,4,64.2,r-strb_sl12_st12_sp336_bu50_no0.35_re0.7_re0.5,,,,,,,,
yahoo-a1,vlstm-kl,strb,12,12,336,B6,50.0,0.5,0.7,0.5,,,,-0.1310682506068282,-0.0474926041748741,0.1310682506068282,0.859852205935751,0.7258288682218743,0.9815552886800668,4,6,6,0.9816,0.9234,0.8313,0.7032,0.592,0.8829,0.7252,0.7032,0.0001349231404646,0.0002038341755191,9.265244044945576e-05,0.0001111817350696,66.7,25,4,66.7,r-strb_sl12_st12_sp336_bu50_no0.5_re0.7_re0.5,,,,,,,,
yahoo-a1,vlstm-kl,strb,12,12,336,B6,50.0,0.01,0.95,0.5,,,,-0.130673911307346,-0.0477818036384513,0.130673911307346,0.8599965725699239,0.7276416271761893,0.9815552886800668,4,6,6,0.9816,0.9234,0.8294,0.7057,0.5971,0.881,0.7268,0.7057,0.0001306694756361,0.0001974079816114,8.97314096639295e-05,0.0001076765719475,64.6,25,4,64.6,r-strb_sl12_st12_sp336_bu50_no0.01_re0.95_re0.5,,,,,,,,
yahoo-a1,vlstm-kl,strb,12,12,336,B6,50.0,0.05,0.95,0.5,,,,-0.1302926146322992,-0.0477253060320492,0.1302926146322992,0.8600980093778541,0.7281704511573704,0.9815552886800668,4,6,6,0.9816,0.9234,0.8301,0.7054,0.5983,0.881,0.7279,0.7054,0.0001248979311159,0.0001886886617476,8.576804751193977e-05,0.0001029206142357,61.8,25,4,61.8,r-strb_sl12_st12_sp336_bu50_no0.05_re0.95_re0.5,,,,,,,,
yahoo-a1,vlstm-kl,strb,12,12,336,B6,50.0,0.1,0.95,0.5,,,,-0.1304640432748889,-0.0480023791881119,0.1304640432748889,0.859731166901371,0.7278022834361753,0.9815552886800668,4,6,6,0.9816,0.9234,0.8293,0.7048,0.5974,0.8813,0.7278,0.7048,0.0001321555433568,0.0001996530478586,9.075178605336178e-05,0.0001089012618052,65.3,25,4,65.4,r-strb_sl12_st12_sp336_bu50_no0.1_re0.95_re0.5,,,,,,,,
yahoo-a1,vlstm-kl,strb,12,12,336,B6,50.0,0.35,0.95,0.5,,,,-0.1310682506068282,-0.0474926041748741,0.1310682506068282,0.859852205935751,0.7258288682218743,0.9815552886800668,4,6,6,0.9816,0.9234,0.8313,0.7032,0.592,0.8829,0.7252,0.7032,0.0001355328787033,0.0002047553332296,9.307102621597652e-05,0.0001116843070136,67.0,25,4,67.0,r-strb_sl12_st12_sp336_bu50_no0.35_re0.95_re0.5,,,,,,,,
yahoo-a1,vlstm-kl,strb,12,12,336,B6,50.0,0.5,0.95,0.5,,,,-0.1310682506068282,-0.0474926041748741,0.1310682506068282,0.859852205935751,0.7258288682218743,0.9815552886800668,4,6,6,0.9816,0.9234,0.8313,0.7032,0.592,0.8829,0.7252,0.7032,0.0001316421869526,0.0001988774983195,9.039934033515036e-05,0.0001084781579844,65.1,25,4,65.1,r-strb_sl12_st12_sp336_bu50_no0.5_re0.95_re0.5,,,,,,,,
yahoo-a1,vtcn-kl,strb,12,12,336,B1,2000.0,0.2,0.9,0.5,,,,-0.1573689936166401,-0.0631044867258923,0.1573689936166401,0.8579877535667753,0.71836338574035,0.9873207561613948,4,6,6,0.9873,0.9162,0.8243,0.7041,0.5879,0.872,0.7095,0.7041,0.0001857723530006,0.0002806542619577,0.0001275708329301,0.0001530834290276,91.9,25,4,91.9,r-strb_sl12_st12_sp336_bu2000_no0.2_re0.9_re0.5,,,,,,,,
yahoo-a1,vtcn-kl,strb,12,12,336,B1,4000.0,0.2,0.9,0.5,,,,-0.1573689936166401,-0.0631044867258923,0.1573689936166401,0.8579877535667753,0.71836338574035,0.9873207561613948,4,6,6,0.9873,0.9162,0.8243,0.7041,0.5879,0.872,0.7095,0.7041,0.0001902469497014,0.0002874142271211,0.0001306434918421,0.000156770735279,94.1,25,4,94.1,r-strb_sl12_st12_sp336_bu4000_no0.2_re0.9_re0.5,,,,,,,,
yahoo-a1,vtcn-kl,strb,12,12,336,B1,50.0,0.01,0.9,0.5,,,,-0.1705933113820375,-0.0675629512584741,0.1705933113820375,0.843354808891114,0.6929643746416702,0.9873207561613948,4,6,6,0.9873,0.9216,0.7569,0.7077,0.5317,0.8772,0.6552,0.7077,4.506419648042406e-05,6.808041454849041e-05,3.0945843923190197e-05,3.713457062530021e-05,22.3,25,4,22.3,r-strb_sl12_st12_sp336_bu50_no0.01_re0.9_re0.5,,,,,,,,
yahoo-a1,vtcn-kl,strb,12,12,336,B1,50.0,0.5,0.9,0.5,,,,-0.1580565089339015,-0.0440483760309204,0.1580565089339015,0.8709368314908511,0.6917510503224573,0.9873207561613948,4,6,6,0.9873,0.9216,0.8679,0.7069,0.5288,0.8779,0.6534,0.7069,0.0001821290584228,0.0002751501805683,0.0001250687367483,0.0001500814438199,90.0,26,4,90.1,r-strb_sl12_st12_sp336_bu50_no0.5_re0.9_re0.5,,,,,,,,
yahoo-a1,vtcn-kl,strb,12,12,336,B1,50.0,0.2,0.3,0.5,,,,-0.1580565089339015,-0.0440483760309204,0.1580565089339015,0.8709368314908511,0.6917510503224573,0.9873207561613948,4,6,6,0.9873,0.9216,0.8679,0.7069,0.5288,0.8779,0.6534,0.7069,0.0001791016861344,0.0002705765994,0.0001229899162045,0.0001475866831955,88.6,26,4,88.6,r-strb_sl12_st12_sp336_bu50_no0.2_re0.3_re0.5,,,,,,,,
yahoo-a1,vtcn-kl,strb,12,12,336,B1,50.0,0.2,0.95,0.5,,,,-0.1580565089339015,-0.0440483760309204,0.1580565089339015,0.8709368314908511,0.6917510503224573,0.9873207561613948,4,6,6,0.9873,0.9216,0.8679,0.7069,0.5288,0.8779,0.6534,0.7069,0.0001789934054383,0.000270413015108,0.0001229155928847,0.0001474974222232,88.5,26,4,88.5,r-strb_sl12_st12_sp336_bu50_no0.2_re0.95_re0.5,,,,,,,,
yahoo-a1,vtcn-kl,strb,12,12,336,B1,50.0,0.2,0.9,0.7,,,,-0.1422068800359496,-0.0676784482056934,0.1422068800359496,0.8371171002276612,0.7214040319608951,0.9873207561613948,4,6,6,0.9873,0.917,0.7169,0.7273,0.5873,0.9021,0.6689,0.7273,9.161129493116335e-05,0.0001384011127092,6.290983055627698e-05,7.549128215294332e-05,45.3,25,4,45.3,r-strb_sl12_st12_sp336_bu50_no0.2_re0.9_re0.7,,,,,,,,
yahoo-a1,vtcn-kl,strb,12,12,336,B1,50.0,0.2,0.9,0.9,,,,-0.0030374080029487,-0.0035749281068005,0.0030374080029487,0.9111178860700796,0.9083260856436411,0.9873207561613948,4,6,6,0.9873,0.9139,0.9523,0.7909,0.9777,0.9207,0.944,0.7909,0.0002237107731931,0.0003379694606242,0.0001536231500006,0.0001843463106236,110.6,26,4,110.6,r-strb_sl12_st12_sp336_bu50_no0.2_re0.9_re0.9,,,,,,,,
yahoo-a1,vtcn-kl,strb,12,12,336,B6,50.0,0.01,0.3,0.5,,,,-0.1724235008238822,-0.0682526418707058,0.1724235008238822,0.842283501938953,0.6889094652330479,0.9873207561613948,4,6,6,0.9873,0.9216,0.7572,0.703,0.5316,0.8679,0.6531,0.703,0.0001372901645374,0.0002074101403139,9.427791788410912e-05,0.0001131322224298,67.9,25,4,67.9,r-strb_sl12_st12_sp336_bu50_no0.01_re0.3_re0.5,,,,,,,,
yahoo-a1,vtcn-kl,strb,12,12,336,B6,50.0,0.05,0.3,0.5,,,,-0.1703287664242424,-0.0676264174417089,0.1703287664242424,0.8432674332404777,0.6929929773777357,0.9873207561613948,4,6,6,0.9873,0.9216,0.757,0.7072,0.5324,0.879,0.6534,0.7072,0.0001753325413658,0.0002648823907292,0.0001204017588538,0.0001444806318753,86.7,25,4,86.7,r-strb_sl12_st12_sp336_bu50_no0.05_re0.3_re0.5,,,,,,,,
yahoo-a1,vtcn-kl,strb,12,12,336,B6,50.0,0.1,0.3,0.5,,,,-0.172479201651632,-0.0681703084991463,0.172479201651632,0.8424487279921091,0.6887724655561369,0.9873207561613948,4,6,6,0.9873,0.9216,0.757,0.7039,0.5305,0.8686,0.652,0.7039,0.0001813915820125,0.0002740360433229,0.0001245624118633,0.0001494736314595,89.7,25,4,89.7,r-strb_sl12_st12_sp336_bu50_no0.1_re0.3_re0.5,,,,,,,,
yahoo-a1,vtcn-kl,strb,12,12,336,B6,50.0,0.35,0.3,0.5,,,,-0.1580565089339015,-0.0440483760309204,0.1580565089339015,0.8709368314908511,0.6917510503224573,0.9873207561613948,4,6,6,0.9873,0.9216,0.8679,0.7069,0.5288,0.8779,0.6534,0.7069,0.0001766998649823,0.0002669480651649,0.0001213406932883,0.0001456073718766,87.4,26,4,87.4,r-strb_sl12_st12_sp336_bu50_no0.35_re0.3_re0.5,,,,,,,,
yahoo-a1,vtcn-kl,strb,12,12,336,B6,50.0,0.5,0.3,0.5,,,,-0.1580565089339015,-0.0440483760309204,0.1580565089339015,0.8709368314908511,0.6917510503224573,0.9873207561613948,4,6,6,0.9873,0.9216,0.8679,0.7069,0.5288,0.8779,0.6534,0.7069,0.0001720523848411,0.0002599269175726,0.0001181490204866,0.0001417778970859,85.1,26,4,85.1,r-strb_sl12_st12_sp336_bu50_no0.5_re0.3_re0.5,,,,,,,,
yahoo-a1,vtcn-kl,strb,12,12,336,B6,50.0,0.01,0.5,0.5,,,,-0.1722245384341315,-0.0681642234580897,0.1722245384341315,0.842457855553694,0.6891635879439726,0.9873207561613948,4,6,6,0.9873,0.9216,0.757,0.704,0.5311,0.869,0.6525,0.704,0.0001650319234627,0.0002493208054415,0.0001133293200238,0.0001359914854176,81.6,25,4,81.6,r-strb_sl12_st12_sp336_bu50_no0.01_re0.5_re0.5,,,,,,,,
yahoo-a1,vtcn-kl,strb,12,12,336,B6,50.0,0.05,0.5,0.5,,,,-0.1725093293880166,-0.0682102204416252,0.1725093293880166,0.8423471340825739,0.6888443545304673,0.9873207561613948,4,6,6,0.9873,0.9216,0.7572,0.7033,0.531,0.8681,0.6531,0.7033,0.0001623584157326,0.0002452818226397,0.0001114924947912,0.0001337893278485,80.3,25,4,80.3,r-strb_sl12_st12_sp336_bu50_no0.05_re0.5_re0.5,,,,,,,,
yahoo-a1,vtcn-kl,strb,12,12,336,B6,50.0,0.1,0.5,0.5,,,,-0.1703997558817931,-0.0676010341275869,0.1703997558817931,0.8433055082116607,0.6929245681625926,0.9873207561613948,4,6,6,0.9873,0.9216,0.757,0.7074,0.5319,0.8791,0.6533,0.7074,0.0001609977744283,0.0002432262434598,0.000110557997973,0.0001326682454867,79.6,25,4,79.6,r-strb_sl12_st12_sp336_bu50_no0.1_re0.5_re0.5,,,,,,,,
yahoo-a1,vtcn-kl,strb,12,12,336,B6,50.0,0.35,0.5,0.5,,,,-0.1580565089339015,-0.0440483760309204,0.1580565089339015,0.8709368314908511,0.6917510503224573,0.9873207561613948,4,6,6,0.9873,0.9216,0.8679,0.7069,0.5288,0.8779,0.6534,0.7069,0.0001693547462808,0.0002558514792905,0.0001162967722791,0.0001395547070113,83.7,26,4,83.7,r-strb_sl12_st12_sp336_bu50_no0.35_re0.5_re0.5,,,,,,,,
yahoo-a1,vtcn-kl,strb,12,12,336,B6,50.0,0.5,0.5,0.5,,,,-0.1580565089339015,-0.0440483760309204,0.1580565089339015,0.8709368314908511,0.6917510503224573,0.9873207561613948,4,6,6,0.9873,0.9216,0.8679,0.7069,0.5288,0.8779,0.6534,0.7069,0.0001544063639429,0.000233268316916,0.0001060314546914,0.0001272368622245,76.3,26,4,76.4,r-strb_sl12_st12_sp336_bu50_no0.5_re0.5_re0.5,,,,,,,,
yahoo-a1,vtcn-kl,strb,12,12,336,B6,50.0,0.01,0.7,0.5,,,,-0.1706980962656095,-0.0675198874580048,0.1706980962656095,0.843276493056145,0.6926180118359248,0.9873207561613948,4,6,6,0.9873,0.9216,0.7566,0.7076,0.5314,0.8788,0.6526,0.7076,0.0001739802604459,0.0002628394419406,0.0001194731798598,0.0001433662620807,86.0,25,4,86.0,r-strb_sl12_st12_sp336_bu50_no0.01_re0.7_re0.5,,,,,,,,
yahoo-a1,vtcn-kl,strb,12,12,336,B6,50.0,0.05,0.7,0.5,,,,-0.1727021430122393,-0.0682965220858995,0.1727021430122393,0.8422226365781655,0.6888040674472977,0.9873207561613948,4,6,6,0.9873,0.9216,0.7566,0.7035,0.5303,0.8691,0.6524,0.7035,0.0001756703615769,0.0002653927502121,0.0001206336659728,0.0001447590842392,86.9,25,4,86.9,r-strb_sl12_st12_sp336_bu50_no0.05_re0.7_re0.5,,,,,,,,
yahoo-a1,vtcn-kl,strb,12,12,336,B6,50.0,0.1,0.7,0.5,,,,-0.1732638554928265,-0.0684427800322033,0.1732638554928265,0.8421495514315432,0.6880529066515954,0.9873207561613948,4,6,6,0.9873,0.9216,0.7563,0.7034,0.5295,0.8679,0.6514,0.7034,0.0001533669227064,0.0002316979884555,0.0001053178028332,0.0001263801856222,75.8,25,4,75.8,r-strb_sl12_st12_sp336_bu50_no0.1_re0.7_re0.5,,,,,,,,
yahoo-a1,vtcn-kl,strb,12,12,336,B6,50.0,0.35,0.7,0.5,,,,-0.1580565089339015,-0.0440483760309204,0.1580565089339015,0.8709368314908511,0.6917510503224573,0.9873207561613948,4,6,6,0.9873,0.9216,0.8679,0.7069,0.5288,0.8779,0.6534,0.7069,0.0001768000065022,0.0002670993532544,0.0001214094386002,0.0001456899146541,87.4,26,4,87.4,r-strb_sl12_st12_sp336_bu50_no0.35_re0.7_re0.5,,,,,,,,
yahoo-a1,vtcn-kl,strb,12,12,336,B6,50.0,0.5,0.7,0.5,,,,-0.1580565089339015,-0.0440483760309204,0.1580565089339015,0.8709368314908511,0.6917510503224573,0.9873207561613948,4,6,6,0.9873,0.9216,0.8679,0.7069,0.5288,0.8779,0.6534,0.7069,0.0001835551611118,0.0002773046550699,0.0001260482694442,0.0001512563856256,90.8,26,4,90.8,r-strb_sl12_st12_sp336_bu50_no0.5_re0.7_re0.5,,,,,,,,
yahoo-a1,vtcn-kl,strb,12,12,336,B6,50.0,0.01,0.95,0.5,,,,-0.1570713871598214,-0.0437343295008602,0.1570713871598214,0.8715813249560557,0.6927261939024719,0.9873207561613948,4,6,6,0.9873,0.9216,0.8706,0.7068,0.5299,0.8788,0.6554,0.7068,0.0001796807657919,0.0002714514398768,0.0001233876388325,0.0001480638010442,88.8,26,4,88.9,r-strb_sl12_st12_sp336_bu50_no0.01_re0.95_re0.5,,,,,,,,
yahoo-a1,vtcn-kl,strb,12,12,336,B6,50.0,0.05,0.95,0.5,,,,-0.1570713871598214,-0.0437343295008602,0.1570713871598214,0.8715813249560557,0.6927261939024719,0.9873207561613948,4,6,6,0.9873,0.9216,0.8706,0.7068,0.5299,0.8788,0.6554,0.7068,0.0001735360292772,0.0002621683228597,0.000119167989178,0.0001430003336817,85.8,26,4,85.8,r-strb_sl12_st12_sp336_bu50_no0.05_re0.95_re0.5,,,,,,,,
yahoo-a1,vtcn-kl,strb,12,12,336,B6,50.0,0.1,0.95,0.5,,,,-0.1570345410235726,-0.0436095644747958,0.1570345410235726,0.8717546507590379,0.6929270646214014,0.9873207561613948,4,6,6,0.9873,0.9216,0.8712,0.707,0.5302,0.8787,0.6558,0.707,0.0001835144083753,0.0002772430881628,0.0001260204275429,0.0001512226606199,90.7,26,4,90.8,r-strb_sl12_st12_sp336_bu50_no0.1_re0.95_re0.5,,,,,,,,
yahoo-a1,vtcn-kl,strb,12,12,336,B6,50.0,0.35,0.95,0.5,,,,-0.1580565089339015,-0.0440483760309204,0.1580565089339015,0.8709368314908511,0.6917510503224573,0.9873207561613948,4,6,6,0.9873,0.9216,0.8679,0.7069,0.5288,0.8779,0.6534,0.7069,0.0001812854298749,0.0002738756747354,0.0001244896075817,0.0001493860671537,89.6,26,4,89.7,r-strb_sl12_st12_sp336_bu50_no0.35_re0.95_re0.5,,,,,,,,
yahoo-a1,vtcn-kl,strb,12,12,336,B6,50.0,0.5,0.95,0.5,,,,-0.1580565089339015,-0.0440483760309204,0.1580565089339015,0.8709368314908511,0.6917510503224573,0.9873207561613948,4,6,6,0.9873,0.9216,0.8679,0.7069,0.5288,0.8779,0.6534,0.7069,0.0001857562562374,0.000280629943887,0.0001275598020836,0.0001530701418034,91.8,26,4,91.9,r-strb_sl12_st12_sp336_bu50_no0.5_re0.95_re0.5,,,,,,,,
yahoo-a1,gru,gdumb,12,12,336,B1,50.0,,,0.5,,,,-0.1004037175755446,-0.0564513099085951,0.1004037175755446,0.7343850387999795,0.6628113267258171,0.8449656828632636,4,6,6,0.7548,0.8424,0.7064,0.634,0.5123,0.8336,0.6714,0.634,0.0002196111666463,0.0003317760091707,0.0001508079263899,0.0001809680827807,108.6,94,4,108.6,r-gdumb_sl12_st12_sp336_bu50_re0.5,,,,,,,,
yahoo-a1,gru,gdumb,12,12,336,B1,100.0,,,0.5,,,,-0.1216065914529056,-0.0632492111467335,0.1216065914529056,0.7221010459760158,0.6463926504254819,0.831211538199135,4,6,6,0.7548,0.829,0.6745,0.6301,0.4714,0.8284,0.6556,0.6301,0.000196961284635,0.0002975578609014,0.0001352543128466,0.0001623035480547,97.4,76,4,97.4,r-gdumb_sl12_st12_sp336_bu100_re0.5,,,,,,,,
yahoo-a1,gru,gdumb,12,12,336,B1,250.0,,,0.5,,,,-0.0921785807850928,-0.0418746489409579,0.0921785807850928,0.7381523323796968,0.6639539639993803,0.834082442998076,4,6,6,0.7548,0.8341,0.722,0.6417,0.5129,0.824,0.6772,0.6417,0.0001819950108593,0.0002749476691644,0.0001249771854148,0.0001499704837496,90.0,67,4,90.0,r-gdumb_sl12_st12_sp336_bu250_re0.5,,,,,,,,
yahoo-a1,gru,gdumb,12,12,336,B1,500.0,,,0.5,,,,-0.1011938502859492,-0.0529890859484549,0.1011938502859492,0.7279042481287814,0.6556418400920272,0.8398952065168448,4,6,6,0.7548,0.8239,0.6936,0.6394,0.4837,0.8399,0.6596,0.6394,0.0001760344913956,0.0002659428567478,0.0001208836940388,0.0001450591627089,87.0,67,4,87.1,r-gdumb_sl12_st12_sp336_bu500_re0.5,,,,,,,,
yahoo-a1,gru,gdumb,12,12,336,B1,1000.0,,,0.5,,,,-0.1042346389931342,-0.0598693450026003,0.1042346389931342,0.7218189923065511,0.660838972329821,0.8303955681089416,4,6,6,0.7548,0.8218,0.6736,0.6371,0.5042,0.8304,0.6717,0.6371,0.0001740263892456,0.0002629091306968,0.0001195047885418,0.0001434043421549,86.0,66,4,86.1,r-gdumb_sl12_st12_sp336_bu1000_re0.5,,,,,,,,
yahoo-a1,gru,gdumb,12,12,336,B1,50.0,,,,,,,-0.1308740961984728,-0.0595733080198536,0.1308740961984728,0.7217008038647249,0.6204861892838589,0.8322458280459017,4,6,6,0.7548,0.8322,0.6624,0.6374,0.4151,0.8205,0.609,0.6374,0.0001465107691322,0.000221340103172,0.0001006094994211,0.0001207306037509,72.4,68,4,72.5,r-gdumb_sl12_st12_sp336_bu50,,,,,,,,
yahoo-a1,gru,gdumb,12,12,336,B1,50.0,,,0.3,,,,-0.1033413329573704,-0.0589264579630804,0.1033413329573704,0.7290438074942999,0.6651860168305922,0.8391993122927668,4,6,6,0.7548,0.8392,0.6918,0.6304,0.5175,0.8331,0.6796,0.6304,0.0001761680062074,0.0002661445633007,0.000120975326217,0.0001451692370837,87.1,77,4,87.1,r-gdumb_sl12_st12_sp336_bu50_re0.3,,,,,,,,
yahoo-a1,gru,derpp,12,12,336,B1,50.0,,,0.5,,0.5,0.5,-0.0936754160718815,-0.0619419025392177,0.0936754160718815,0.7247418110716358,0.6744327483181197,0.8289498983613401,4,6,6,0.7548,0.8281,0.6793,0.6368,0.545,0.8273,0.6886,0.6368,0.000290581374925,0.0004389937469219,0.0001995435094907,0.0002394502374312,143.7,91,4,143.7,r-derpp_sl12_st12_sp336_bu50_re0.5_al0.5_te0.5,,,,,,,,
yahoo-a1,gru,derpp,12,12,336,B1,100.0,,,0.5,,0.5,0.5,-0.0975764728419428,-0.0580989190848701,0.0975764728419428,0.7242445627042516,0.6665415525239946,0.8304501480480848,4,6,6,0.7548,0.8305,0.6711,0.6407,0.5236,0.8291,0.6729,0.6407,0.00025963611026,0.0003922434082662,0.000178293159377,0.0002139502488891,128.4,83,4,128.4,r-derpp_sl12_st12_sp336_bu100_re0.5_al0.5_te0.5,,,,,,,,
yahoo-a1,gru,derpp,12,12,336,B1,250.0,,,0.5,,0.5,0.5,-0.0963510586492533,-0.053111542249569,0.0963510586492533,0.7262396094454271,0.6623778229507994,0.8354332964918745,4,6,6,0.7548,0.8306,0.684,0.6356,0.5046,0.8354,0.6739,0.6356,0.0002200770287917,0.0003324798070958,0.0001511278770275,0.0001813519300683,108.8,68,4,108.8,r-derpp_sl12_st12_sp336_bu250_re0.5_al0.5_te0.5,,,,,,,,
yahoo-a1,gru,derpp,12,12,336,B1,500.0,,,0.5,,0.5,0.5,-0.0864711329585925,-0.0435929028848754,0.0864711329585925,0.7336382190104945,0.6660432770510133,0.8358208140597922,4,6,6,0.7548,0.8295,0.7123,0.638,0.5187,0.8304,0.677,0.638,0.0002219091203062,0.0003352476263302,0.0001523858954276,0.0001828617309026,109.7,67,4,109.7,r-derpp_sl12_st12_sp336_bu500_re0.5_al0.5_te0.5,,,,,,,,
yahoo-a1,gru,derpp,12,12,336,B1,1000.0,,,0.5,,0.5,0.5,-0.0945090113763768,-0.0472026680461735,0.0945090113763768,0.7325867386719648,0.6654162002451067,0.8311269392934626,4,6,6,0.7548,0.8266,0.7073,0.6416,0.5141,0.8276,0.6782,0.6416,0.0002131412974876,0.0003220017003224,0.0001463651598379,0.0001756365404844,105.4,67,4,105.4,r-derpp_sl12_st12_sp336_bu1000_re0.5_al0.5_te0.5,,,,,,,,
yahoo-a1,gru,derpp,12,12,336,B1,50.0,,,,,0.5,0.5,-0.1188939320935793,-0.0574444633256402,0.1188939320935793,0.7219997740196377,0.6332276359329192,0.8289498983613401,4,6,6,0.7548,0.8233,0.6692,0.6407,0.4415,0.8247,0.6259,0.6407,0.0001693187170862,0.0002557970484408,0.0001162719533002,0.0001395250951405,83.7,64,4,83.7,r-derpp_sl12_st12_sp336_bu50_al0.5_te0.5,,,,,,,,
yahoo-a1,gru,derpp,12,12,336,B1,50.0,,,0.3,,0.5,0.5,-0.0969129823810157,-0.0623900388537384,0.0969129823810157,0.7232386691445248,0.6617815000755797,0.830725776740759,4,6,6,0.7548,0.8216,0.6862,0.6304,0.5107,0.8307,0.6754,0.6304,0.0002142779270733,0.0003237188553907,0.0001471456567116,0.000176573198679,105.9,73,4,105.9,r-derpp_sl12_st12_sp336_bu50_re0.3_al0.5_te0.5,,,,,,,,
yahoo-a1,gru,derpp,12,12,336,B1,50.0,,,0.5,,0.1,0.5,-0.0977867932704581,-0.06451087087616,0.0977867932704581,0.7238912806444231,0.6680719503832584,0.8303328011789266,4,6,6,0.7548,0.8235,0.6876,0.6297,0.5272,0.8303,0.6851,0.6297,0.0002700199072689,0.0004079306557968,0.0001854239876731,0.0002225066681237,133.5,85,4,133.5,r-derpp_sl12_st12_sp336_bu50_re0.5_al0.1_te0.5,,,,,,,,
yahoo-a1,gru,derpp,12,12,336,B1,50.0,,,0.5,,1.0,0.5,-0.1168206995725928,-0.0700471719776973,0.1168206995725928,0.7228391604041483,0.6652162139898715,0.8332992208713688,4,6,6,0.7548,0.8333,0.6566,0.6466,0.5198,0.8231,0.6713,0.6466,0.0002908814890944,0.0004394471422703,0.0001997496219914,0.0002396975202788,143.8,95,4,143.8,r-derpp_sl12_st12_sp336_bu50_re0.5_al1.0_te0.5,,,,,,,,
yahoo-a1,gru,derpp,12,12,336,B1,50.0,,,0.5,,0.5,0.1,-0.109849044919131,-0.0676460645254626,0.109849044919131,0.7225239065047716,0.6616469791158717,0.8289498983613401,4,6,6,0.7548,0.8275,0.6685,0.6394,0.5114,0.8242,0.6716,0.6394,0.0002773421112741,0.0004189926234566,0.0001904521455425,0.0002285404779141,137.1,89,4,137.1,r-derpp_sl12_st12_sp336_bu50_re0.5_al0.5_te0.1,,,,,,,,
yahoo-a1,gru,derpp,12,12,336,B1,50.0,,,0.5,,0.5,1.0,-0.0861483963409293,-0.0584587287332713,0.0861483963409293,0.7270162354798899,0.6790759138056606,0.8291675194782158,4,6,6,0.7548,0.8251,0.6947,0.6334,0.5566,0.8292,0.6971,0.6334,0.0002777196778528,0.0004195630294819,0.0001907114189247,0.0002288516105571,137.3,91,4,137.3,r-derpp_sl12_st12_sp336_bu50_re0.5_al0.5_te1.0,,,,,,,,
yahoo-a1,gru,gdumb,6,6,336,B2,50.0,,,0.5,,,,-0.094210897814137,-0.0394721306961068,0.094210897814137,0.7561580490882032,0.6860544449092172,0.8859539247470282,4,6,6,0.7986,0.8677,0.7403,0.618,0.5481,0.8738,0.7043,0.618,0.0001982035849231,0.0002994346572322,0.0001361073173019,0.0001633273399303,98.0,66,4,98.0,r-gdumb_sl6_st6_sp336_bu50_re0.5,,,,,,,,
yahoo-a1,gru,derpp,6,6,336,B2,50.0,,,0.5,,0.5,0.5,-0.1200711859465676,-0.0470279139875685,0.1200711859465676,0.749626800757795,0.6698710049795146,0.8859539247470282,4,6,6,0.7986,0.8823,0.7023,0.6153,0.5118,0.8775,0.6748,0.6153,0.0002607255314687,0.0003938892436145,0.0001790413916686,0.0002148478519458,128.9,62,4,128.9,r-derpp_sl6_st6_sp336_bu50_re0.5_al0.5_te0.5,,,,,,,,
yahoo-a1,gru,gdumb,8,8,336,B2,50.0,,,0.5,,,,-0.0925527641189896,-0.0591515520615135,0.0925527641189896,0.7188004087350117,0.682148106800285,0.8585414859786065,4,6,6,0.7608,0.8479,0.6731,0.5934,0.5629,0.8519,0.7205,0.5934,0.0002235739919707,0.0003377628193645,0.0001535292872124,0.0001842335321521,110.5,94,4,110.6,r-gdumb_sl8_st8_sp336_bu50_re0.5,,,,,,,,
yahoo-a1,gru,derpp,8,8,336,B2,50.0,,,0.5,,0.5,0.5,-0.1175776737766623,-0.052475903257892,0.1175776737766623,0.7314996171107524,0.6524718257276678,0.8558759757155248,4,6,6,0.7608,0.8559,0.7027,0.6066,0.4926,0.845,0.6657,0.6066,0.0003093695296415,0.000467377818127,0.0002124452884794,0.0002549325296476,153.0,93,4,153.0,r-derpp_sl8_st8_sp336_bu50_re0.5_al0.5_te0.5,,,,,,,,
yahoo-a1,gru,gdumb,10,10,336,B2,50.0,,,0.5,,,,-0.0282445179007007,-0.0137446583459,0.0282445179007007,0.6964933779875052,0.6739881521050376,0.8481817347560212,4,6,6,0.5855,0.8482,0.7162,0.6361,0.515,0.8443,0.7006,0.6361,0.0002078522703794,0.0003140113402093,0.0001427329982643,0.0001712783419449,102.8,73,4,102.8,r-gdumb_sl10_st10_sp336_bu50_re0.5,,,,,,,,
yahoo-a1,gru,derpp,10,10,336,B2,50.0,,,0.5,,0.5,0.5,-0.0050286677969031,0.0034065789430556,0.0050286677969031,0.7037706669676116,0.6916421369876917,0.8515994115700456,4,6,6,0.5855,0.8516,0.7375,0.6405,0.5686,0.836,0.7215,0.6405,0.0002759081709599,0.0004168263083184,0.0001894674108208,0.0002273588974975,136.4,66,4,136.4,r-derpp_sl10_st10_sp336_bu50_re0.5_al0.5_te0.5,,,,,,,,
yahoo-a1,gru,gdumb,16,16,336,B2,50.0,,,0.5,,,,-0.1067566631022575,-0.0576801150032382,0.1067566631022575,0.732377285939347,0.6578447904427823,0.8694858370251041,4,6,6,0.7264,0.8695,0.6642,0.6694,0.5011,0.843,0.6179,0.6694,0.0002074490852712,0.0003134022311727,0.0001424562049208,0.0001709460262519,102.6,75,4,102.6,r-gdumb_sl16_st16_sp336_bu50_re0.5,,,,,,,,
yahoo-a1,gru,derpp,16,16,336,B2,50.0,,,0.5,,0.5,0.5,-0.1092695785676173,-0.0637836923872268,0.1092695785676173,0.7262559715289297,0.6507533485085993,0.8670132659661454,4,6,6,0.7264,0.8636,0.637,0.6779,0.4903,0.8362,0.5986,0.6779,0.0002537907816702,0.0003834126196436,0.0001742792813107,0.0002091333383329,125.5,75,4,125.5,r-derpp_sl16_st16_sp336_bu50_re0.5_al0.5_te0.5,,,,,,,,
yahoo-a1,gru,gdumb,24,24,336,B2,50.0,,,0.5,,,,-0.1331451476341967,-0.0812731905921257,0.1331451476341967,0.7656538899286447,0.6918785341792242,0.8936366657314382,4,6,6,0.817,0.8787,0.6341,0.7327,0.5486,0.8665,0.6197,0.7327,0.0002441878493247,0.0003689050578535,0.0001676850815381,0.0002012199763154,120.7,93,4,120.7,r-gdumb_sl24_st24_sp336_bu50_re0.5,,,,,,,,
yahoo-a1,gru,derpp,24,24,336,B2,50.0,,,0.5,,0.5,0.5,-0.1389321549827581,-0.0717342527847975,0.1389321549827581,0.7682713782264577,0.6945287361883429,0.8936366657314382,4,6,6,0.817,0.8827,0.6352,0.7381,0.538,0.8687,0.6333,0.7381,0.000286969509985,0.0004335371476344,0.0001970632229142,0.0002364739247201,141.9,86,4,141.9,r-derpp_sl24_st24_sp336_bu50_re0.5_al0.5_te0.5,,,,,,,,
yahoo-a1,gru,gdumb,12,12,168,B5,50.0,,,0.5,,,,-0.0079558033556097,-0.0753449743654536,0.0079558033556097,0.8313615573160694,0.8232146842378723,0.9949688667496884,8,28,28,0.9893,0.9723,0.9923,0.9417,0.9733,0.9752,0.988,0.9325,0.0001704522586942,0.0002575095383687,0.0001170504651051,0.0001404590732635,84.3,89,8,84.3,r-gdumb_sl12_st12_sp168_bu50_re0.5,0.6596,0.6467,0.888,0.5611,0.6089,0.6577,0.8891,0.5611
yahoo-a1,gru,derpp,12,12,168,B5,50.0,,,0.5,,0.5,0.5,-0.0096861679752762,-0.0802857673626903,0.0096861679752762,0.8286324621123782,0.8181345918983217,0.9945205479452056,8,28,28,0.9893,0.9682,0.9899,0.9478,0.9724,0.9545,0.9883,0.9354,0.0002252445302847,0.0003402865732494,0.0001546765004038,0.0001856100728455,111.4,78,8,111.4,r-derpp_sl12_st12_sp168_bu50_re0.5_al0.5_te0.5,0.6959,0.6203,0.8671,0.5505,0.6593,0.6149,0.8698,0.5505
yahoo-a1,gru,strb,12,12,168,B7,100.0,0.2,0.9,0.5,,,,-0.0101513390140482,-0.0867424726483635,0.0101513390140482,0.8253457136596046,0.8148171258748417,0.9945205479452056,8,28,28,0.9893,0.9715,0.9884,0.9438,0.9792,0.9666,0.9855,0.9278,0.0001432023899983,0.0002163419929091,9.833766880975518e-05,0.0001180043240993,70.8,73,8,70.8,r-strb_sl12_st12_sp168_bu100_no0.2_re0.9_re0.5,0.6343,0.6588,0.8787,0.5379,0.5652,0.6743,0.882,0.5379
yahoo-a1,gru,strb,12,12,168,B7,250.0,0.2,0.9,0.5,,,,-0.0114752386743341,-0.0799696073049977,0.0114752386743341,0.829561615392813,0.8169078851362587,0.9945205479452056,8,28,28,0.9893,0.9719,0.989,0.9382,0.9756,0.9673,0.987,0.9324,0.0001473926241824,0.0002226723594215,0.0001012151129634,0.0001214572464581,72.9,69,8,72.9,r-strb_sl12_st12_sp168_bu250_no0.2_re0.9_re0.5,0.6466,0.6793,0.8805,0.5417,0.5639,0.6839,0.8834,0.5417
yahoo-a1,gru,strb,12,12,168,B7,500.0,0.2,0.9,0.5,,,,-0.0113271588020267,-0.0815181087038196,0.0113271588020267,0.8294580844025965,0.8172711011509429,0.9945205479452056,8,28,28,0.9893,0.9722,0.9899,0.9348,0.9692,0.9667,0.9876,0.931,0.0001448752463798,0.0002188692487979,9.948655983834112e-05,0.0001193826889595,71.6,67,8,71.7,r-strb_sl12_st12_sp168_bu500_no0.2_re0.9_re0.5,0.6692,0.6646,0.8792,0.5364,0.5873,0.6773,0.8826,0.5364
yahoo-a1,gru,strb,12,12,168,B7,1000.0,0.2,0.9,0.5,,,,-0.0156393380141337,-0.0796055583479331,0.0156393380141337,0.8305204905770885,0.8136964725042298,0.9945205479452056,8,28,28,0.9893,0.9736,0.99,0.9435,0.9681,0.9675,0.9872,0.9232,0.0001592122374102,0.0002405287561,0.0001093319149875,0.0001311968411124,78.7,71,8,78.8,r-strb_sl12_st12_sp168_bu1000_no0.2_re0.9_re0.5,0.6871,0.6424,0.8761,0.5422,0.5762,0.667,0.878,0.5422
yahoo-a1,gru,strb,12,12,168,B7,2000.0,0.2,0.9,0.5,,,,-0.0156393380141337,-0.0796055583479331,0.0156393380141337,0.8305204905770885,0.8136964725042298,0.9945205479452056,8,28,28,0.9893,0.9736,0.99,0.9435,0.9681,0.9675,0.9872,0.9232,0.0001606420428259,0.0002426888244697,0.0001103135575242,0.0001323752669454,79.4,71,8,79.4,r-strb_sl12_st12_sp168_bu2000_no0.2_re0.9_re0.5,0.6871,0.6424,0.8761,0.5422,0.5762,0.667,0.878,0.5422
yahoo-a1,gru,strb,12,12,168,B7,4000.0,0.2,0.9,0.5,,,,-0.0156393380141337,-0.0796055583479331,0.0156393380141337,0.8305204905770885,0.8136964725042298,0.9945205479452056,8,28,28,0.9893,0.9736,0.99,0.9435,0.9681,0.9675,0.9872,0.9232,0.0001540290736653,0.0002326983283105,0.0001057724261565,0.0001269259021539,76.2,71,8,76.2,r-strb_sl12_st12_sp168_bu4000_no0.2_re0.9_re0.5,0.6871,0.6424,0.8761,0.5422,0.5762,0.667,0.878,0.5422
yahoo-a1,gru,strb,12,12,168,B7,50.0,0.01,0.9,0.5,,,,-0.001827435726644,-0.1039685370542234,0.001827435726644,0.8143466955038173,0.8151632323476462,0.9945205479452056,8,28,28,0.9893,0.9688,0.9857,0.9312,0.9739,0.965,0.9853,0.9256,0.000168865206301,0.0002551119102453,0.0001159604348973,0.000139151475348,83.5,83,8,83.5,r-strb_sl12_st12_sp168_bu50_no0.01_re0.9_re0.5,0.5865,0.6154,0.8754,0.5625,0.5955,0.6351,0.8783,0.5625
yahoo-a1,gru,strb,12,12,168,B7,50.0,0.05,0.9,0.5,,,,0.001411859360657,-0.1037395161376054,-0.001411859360657,0.81440516880227,0.8175957245369406,0.9945205479452056,8,28,28,0.9893,0.9688,0.9867,0.9379,0.9759,0.9661,0.9859,0.9364,0.0001736018112899,0.0002622677025678,0.0001192132795119,0.0001430544230559,85.8,87,8,85.8,r-strb_sl12_st12_sp168_bu50_no0.05_re0.9_re0.5,0.5665,0.6212,0.8757,0.5692,0.5863,0.6447,0.8762,0.5692
yahoo-a1,gru,strb,12,12,168,B7,50.0,0.1,0.9,0.5,,,,-0.0032659391447977,-0.1023024981847081,0.0032659391447977,0.8169775037836942,0.8153831511166234,0.9945205479452056,8,28,28,0.9893,0.9688,0.9872,0.9433,0.978,0.9696,0.9857,0.9402,0.0001727131890348,0.0002609252228117,0.0001186030862839,0.0001423221365277,85.4,84,8,85.4,r-strb_sl12_st12_sp168_bu50_no0.1_re0.9_re0.5,0.5687,0.624,0.8742,0.5804,0.5606,0.6322,0.8764,0.5804
yahoo-a1,gru,strb,12,12,168,B7,50.0,0.35,0.9,0.5,,,,-0.0005695758762596,-0.0947159835213233,0.0005695758762596,0.8202986065542363,0.8240088517490507,0.9945205479452056,8,28,28,0.9893,0.9688,0.9875,0.9392,0.9768,0.9682,0.9862,0.9349,0.0001752759893106,0.0002647969551137,0.000120362895253,0.0001444340598606,86.7,84,8,86.7,r-strb_sl12_st12_sp168_bu50_no0.35_re0.9_re0.5,0.5577,0.6557,0.8861,0.5781,0.5635,0.6952,0.8892,0.5781
yahoo-a1,gru,strb,12,12,168,B7,50.0,0.5,0.9,0.5,,,,-0.0005695758762596,-0.0947159835213233,0.0005695758762596,0.8202986065542363,0.8240088517490507,0.9945205479452056,8,28,28,0.9893,0.9688,0.9875,0.9392,0.9768,0.9682,0.9862,0.9349,0.0001699164005414,0.0002566999944728,0.0001166824738443,0.0001400175206285,84.0,84,8,84.0,r-strb_sl12_st12_sp168_bu50_no0.5_re0.9_re0.5,0.5577,0.6557,0.8861,0.5781,0.5635,0.6952,0.8892,0.5781
yahoo-a1,gru,strb,12,12,168,B7,50.0,0.2,0.3,0.5,,,,-0.0026597255038412,-0.0995670159325411,0.0026597255038412,0.8189834517677462,0.8174506383604261,0.9945205479452056,8,28,28,0.9893,0.9688,0.9874,0.9387,0.9773,0.9673,0.9859,0.9352,0.0001665545638107,0.0002516211235255,0.000114373901791,0.0001372472217345,82.3,84,8,82.4,r-strb_sl12_st12_sp168_bu50_no0.2_re0.3_re0.5,0.5582,0.675,0.8839,0.5505,0.5654,0.672,0.886,0.5505
yahoo-a1,gru,strb,12,12,168,B7,50.0,0.2,0.5,0.5,,,,-0.0032651824573371,-0.1000835027122611,0.0032651824573371,0.8185971634156204,0.8161827988885804,0.9945205479452056,8,28,28,0.9893,0.9688,0.9877,0.939,0.9778,0.966,0.986,0.9356,0.000175886565192,0.0002657193782871,0.0001207821696763,0.0001449372086107,87.0,84,8,87.0,r-strb_sl12_st12_sp168_bu50_no0.2_re0.5_re0.5,0.5614,0.6724,0.8831,0.5471,0.5637,0.6682,0.885,0.5471
yahoo-a1,gru,strb,12,12,168,B7,50.0,0.2,0.7,0.5,,,,-0.0039855362534441,-0.1028388773250223,0.0039855362534441,0.8167624001242852,0.8129822871164776,0.9945205479452056,8,28,28,0.9893,0.9688,0.9877,0.9387,0.9769,0.9656,0.9865,0.9348,0.0001683238718301,0.0002542940930409,0.0001155888729728,0.000138705220068,83.2,84,8,83.2,r-strb_sl12_st12_sp168_bu50_no0.2_re0.7_re0.5,0.5595,0.6612,0.8827,0.5462,0.5561,0.6541,0.8838,0.5462
yahoo-a1,gru,strb,12,12,168,B7,50.0,0.2,0.95,0.5,,,,-0.003796607945064,-0.1006952128277053,0.003796607945064,0.8182882210799771,0.8145452182478536,0.9945205479452056,8,28,28,0.9893,0.9688,0.988,0.9406,0.9761,0.9686,0.9862,0.9369,0.0001727841232697,0.0002610323862029,0.0001186517311357,0.0001423806550671,85.4,85,8,85.4,r-strb_sl12_st12_sp168_bu50_no0.2_re0.95_re0.5,0.5539,0.6741,0.8823,0.5494,0.5546,0.6609,0.8837,0.5494
yahoo-a1,gru,strb,12,12,168,B7,50.0,0.2,0.9,,,,,-0.0070961132116269,-0.0858454598021425,0.0070961132116269,0.8234874639564098,0.8141762371692043,0.9945205479452056,8,28,28,0.9893,0.9756,0.9902,0.9391,0.953,0.9743,0.9862,0.8894,0.0001243218242274,0.0001878183123603,8.537228333168767e-05,0.0001024460290287,61.5,70,8,61.5,r-strb_sl12_st12_sp168_bu50_no0.2_re0.9,0.6294,0.6283,0.8639,0.5721,0.612,0.6465,0.8799,0.5721
yahoo-a1,gru,strb,12,12,168,B7,50.0,0.2,0.9,0.3,,,,-0.0046790918904442,-0.0929784103338272,0.0046790918904442,0.8215400774449741,0.8242052821284225,0.9945205479452056,8,28,28,0.9893,0.9711,0.9894,0.9331,0.9723,0.9685,0.9862,0.9172,0.000133406075701,0.0002015422807097,9.161067598486423e-05,0.0001099316047248,66.0,68,8,66.0,r-strb_sl12_st12_sp168_bu50_no0.2_re0.9_re0.3,0.6234,0.6379,0.8767,0.5515,0.6361,0.6792,0.8826,0.5515
yahoo-a1,gru,strb,12,12,168,B7,50.0,0.2,0.9,0.7,,,,-0.0053056611171619,-0.0728843631883938,0.0053056611171619,0.834561203233763,0.8329765736141856,0.9945205479452056,8,28,28,0.9893,0.9669,0.9867,0.9276,0.9655,0.965,0.9858,0.92,0.0002277730769045,0.0003441065570842,0.0001564186159721,0.000187687941112,112.6,93,8,112.6,r-strb_sl12_st12_sp168_bu50_no0.2_re0.9_re0.7,0.6793,0.6157,0.873,0.6379,0.6921,0.6228,0.8747,0.6379
yahoo-a1,gru,strb,12,12,168,B7,50.0,0.2,0.9,0.9,,,,-0.004177229104118,-0.0882291910240414,0.004177229104118,0.8353337909525568,0.8334958927118165,0.9945205479452056,8,28,28,0.9893,0.9613,0.9855,0.9497,0.9749,0.9584,0.9855,0.9564,0.0006257634365323,0.000945367664259,0.0004297137644665,0.0005156538997924,309.4,147,8,309.4,r-strb_sl12_st12_sp168_bu50_no0.2_re0.9_re0.9,0.8131,0.59,0.8306,0.5633,0.8097,0.589,0.8307,0.5633
yahoo-a1,gru,random-buffer,12,12,168,B7,100.0,,,0.5,,,,-0.0139780715091086,-0.082078047877968,0.0139780715091086,0.8289625236482268,0.8138322640028188,0.9945205479452056,8,28,28,0.9893,0.9723,0.9933,0.9354,0.9727,0.9666,0.988,0.9246,0.0001484075875565,0.0002242057081252,0.0001019120284731,0.0001222936796521,73.4,76,8,73.4,r-random-buffer_sl12_st12_sp168_bu100_re0.5,0.6921,0.6276,0.8749,0.5469,0.6007,0.6341,0.8771,0.5469
yahoo-a1,gru,random-buffer,12,12,168,B7,250.0,,,0.5,,,,-0.0085065261077211,-0.0856032444977315,0.0085065261077211,0.8218913744394356,0.8140444967330983,0.9945205479452056,8,28,28,0.9893,0.9743,0.9908,0.9471,0.9685,0.9654,0.9845,0.9213,0.0001500390516896,0.0002266704309691,0.0001030325493044,0.0001236378816647,74.2,72,8,74.2,r-random-buffer_sl12_st12_sp168_bu250_re0.5,0.6181,0.6378,0.8726,0.5451,0.6307,0.6218,0.8751,0.5451
yahoo-a1,gru,random-buffer,12,12,168,B7,500.0,,,0.5,,,,-0.0064516579871772,-0.0898103435037383,0.0064516579871772,0.8188013532205027,0.8121582034947383,0.9945205479452056,8,28,28,0.9893,0.971,0.9904,0.9392,0.9714,0.968,0.9865,0.9266,0.0001468734792519,0.0002218880649075,0.0001008586407399,0.0001210294241675,72.6,67,8,72.6,r-random-buffer_sl12_st12_sp168_bu500_re0.5,0.6154,0.6318,0.8746,0.5386,0.5905,0.6378,0.8778,0.5386
yahoo-a1,gru,random-buffer,12,12,168,B7,1000.0,,,0.5,,,,-0.0115517422817073,-0.0824277875335535,0.0115517422817073,0.8246124161568397,0.8132643325509727,0.9945205479452056,8,28,28,0.9893,0.9741,0.9883,0.9031,0.9582,0.9669,0.9879,0.8872,0.0002051148085009,0.0003098757391323,0.0001408532522573,0.0001690224868749,101.4,91,8,101.4,r-random-buffer_sl12_st12_sp168_bu1000_re0.5,0.635,0.6735,0.8879,0.5457,0.5981,0.6743,0.8878,0.5457
yahoo-a1,gru,random-buffer,12,12,168,B7,50.0,,,,,,,-0.0147993251108353,-0.0855734227168319,0.0147993251108353,0.8274844909586032,0.8067991342432497,0.9945205479452056,8,28,28,0.9893,0.9763,0.9907,0.9451,0.9603,0.9721,0.986,0.8658,0.0001223824654583,0.0001848884398835,8.404069745253461e-05,0.000100847742431,60.5,75,8,60.5,r-random-buffer_sl12_st12_sp168_bu50,0.6741,0.6182,0.8735,0.5526,0.6248,0.6121,0.8806,0.5526
yahoo-a1,gru,random-buffer,12,12,168,B7,50.0,,,0.3,,,,-0.0200284834101366,-0.0746418940720414,0.0200284834101366,0.8393583131172796,0.8142849397211617,0.9945205479452056,8,28,28,0.9893,0.9723,0.9926,0.9488,0.9678,0.9643,0.9867,0.9156,0.0001522780237058,0.0002300529420295,0.0001045701409159,0.0001254828011135,75.3,91,8,75.3,r-random-buffer_sl12_st12_sp168_bu50_re0.3,0.7592,0.6179,0.8779,0.5569,0.6057,0.6365,0.8808,0.5569
yahoo-a1,gru,reservoir,12,12,168,B7,100.0,,,0.5,,,,-0.0124925264168918,-0.0955105739164032,0.0124925264168918,0.8173144199324104,0.8041921803808331,0.9945205479452056,8,28,28,0.9893,0.972,0.9905,0.9399,0.9765,0.9644,0.9865,0.92,0.0001526702331542,0.0002306454696661,0.0001048394405671,0.000125806029099,75.5,67,8,75.5,r-reservoir_sl12_st12_sp168_bu100_re0.5,0.6182,0.6306,0.8709,0.5271,0.5311,0.6551,0.8729,0.5271
yahoo-a1,gru,reservoir,12,12,168,B7,250.0,,,0.5,,,,-0.0127602944773153,-0.0811072578328891,0.0127602944773153,0.8293482451060693,0.8123527652740138,0.9945205479452056,8,28,28,0.9893,0.973,0.9905,0.9424,0.9778,0.9699,0.9868,0.9301,0.000140135011159,0.0002117079721283,9.62314199067704e-05,0.0001154765522216,69.3,66,8,69.3,r-reservoir_sl12_st12_sp168_bu250_re0.5,0.6664,0.6558,0.8762,0.5412,0.5527,0.6609,0.8794,0.5412
yahoo-a1,gru,reservoir,12,12,168,B7,500.0,,,0.5,,,,-0.011757653812146,-0.0850744807570095,0.011757653812146,0.8285007089829279,0.8144783333508205,0.9945205479452056,8,28,28,0.9893,0.9723,0.9898,0.9443,0.9757,0.9687,0.9875,0.9357,0.0001468283593798,0.0002218199003813,0.0001008276925344,0.0001209922078469,72.6,71,8,72.6,r-reservoir_sl12_st12_sp168_bu500_re0.5,0.6838,0.637,0.8776,0.534,0.5863,0.6478,0.88,0.534
yahoo-a1,gru,reservoir,12,12,168,B7,1000.0,,,0.5,,,,-0.0126146363746264,-0.0833285054691899,0.0126146363746264,0.828240991209253,0.8150849975530904,0.9945205479452056,8,28,28,0.9893,0.9741,0.9888,0.9159,0.9592,0.9674,0.9879,0.8913,0.0001983502198287,0.0002996561848736,0.0001362079902202,0.0001634481946534,98.1,85,8,98.1,r-reservoir_sl12_st12_sp168_bu1000_re0.5,0.659,0.6678,0.8867,0.5444,0.6128,0.6704,0.8873,0.5444
yahoo-a1,gru,reservoir,12,12,168,B7,50.0,,,,,,,-0.0101770601675861,-0.0832111179014899,0.0101770601675861,0.8284187160809264,0.811831649675444,0.9945205479452056,8,28,28,0.9893,0.9761,0.9901,0.9487,0.9612,0.9695,0.9861,0.8847,0.0001251564505381,0.0001890792181272,8.594551909870157e-05,0.0001031336990285,61.9,74,8,61.9,r-reservoir_sl12_st12_sp168_bu50,0.6415,0.6305,0.8764,0.5747,0.624,0.6156,0.8789,0.5747
yahoo-a1,gru,reservoir,12,12,168,B7,50.0,,,0.3,,,,-0.0176257123917091,-0.0795381969804982,0.0176257123917091,0.8338370361934488,0.8123018731209088,0.9945205479452056,8,28,28,0.9893,0.974,0.9903,0.9505,0.9703,0.9643,0.9858,0.9262,0.0001379254167726,0.0002083698431133,9.471409380849864e-05,0.0001136557493048,68.2,68,8,68.2,r-reservoir_sl12_st12_sp168_bu50_re0.3,0.7276,0.6104,0.8699,0.5588,0.5994,0.6192,0.8746,0.5588
yahoo-a1,gru,ewc,12,12,168,B7,,,,,100.0,,,-0.0104069013129294,-0.0820919457115191,0.0104069013129294,0.8365583380339916,0.8262681415260978,0.9945205479452056,8,28,28,0.9893,0.9765,0.9917,0.9407,0.9584,0.9702,0.9851,0.8862,0.0001359156315111,0.0002053335743136,9.333399230252124e-05,0.000111999582011,67.2,69,8,67.2,r-ewc_sl12_st12_sp168_la100,0.6875,0.6594,0.8692,0.5782,0.7319,0.6209,0.8793,0.5782
yahoo-a1,gru,ewc,12,12,168,B7,,,,,500.0,,,-0.0104090056699258,-0.0797438849078846,0.0104090056699258,0.8400742600883019,0.8297742270479138,0.9945205479452056,8,28,28,0.9893,0.9766,0.9919,0.9421,0.9644,0.9697,0.9822,0.9042,0.0001284029113176,0.0001939837856764,8.81748212992938e-05,0.0001058089643771,63.5,64,8,63.5,r-ewc_sl12_st12_sp168_la500,0.6914,0.6581,0.8696,0.6016,0.7432,0.6033,0.8697,0.6016
yahoo-a1,gru,ewc,12,12,168,B7,,,,,5000.0,,,-0.0136018553682599,-0.0706423254441182,0.0136018553682599,0.8454765860357838,0.8308972909160124,0.9945205479452056,8,28,28,0.9893,0.9771,0.9927,0.9477,0.9833,0.971,0.9863,0.9365,0.0001353416808424,0.0002044664824201,9.293980908567189e-05,0.0001115266733344,66.9,68,8,66.9,r-ewc_sl12_st12_sp168_la5000,0.7206,0.6701,0.8764,0.5899,0.6816,0.6234,0.8752,0.5899
yahoo-a1,gru,ewc,12,12,168,B7,,,,,10000.0,,,-0.0174627671568993,-0.0660518141291895,0.0174627671568993,0.8452854343640575,0.8196414399289972,0.9945205479452056,8,28,28,0.9893,0.9774,0.993,0.9493,0.9811,0.9742,0.9883,0.9444,0.0001276809096686,0.0001928930268166,8.7679165566159e-05,0.0001052138612504,63.1,64,8,63.1,r-ewc_sl12_st12_sp168_la10000,0.7433,0.6732,0.879,0.5578,0.5969,0.6348,0.8795,0.5578
yahoo-a1,gru,lwf,12,12,168,B7,,,,,,0.1,2.0,-0.011347347376034,-0.0822754007445398,0.011347347376034,0.8357683424626343,0.8210463678788512,0.9945205479452056,8,28,28,0.9893,0.9765,0.9917,0.941,0.9515,0.9705,0.9851,0.8717,0.0001278946308187,0.0001932159045251,8.782590897042408e-05,0.0001053899955547,63.2,69,8,63.2,r-lwf_sl12_st12_sp168_al0.1_te2.0,0.6821,0.6578,0.8704,0.5773,0.7189,0.6127,0.8805,0.5773
yahoo-a1,gru,lwf,12,12,168,B7,,,,,,0.5,2.0,-0.0079073558336827,-0.089929900206089,0.0079073558336827,0.830486859343556,0.8219002867957533,0.9945205479452056,8,28,28,0.9893,0.9756,0.9902,0.9416,0.9565,0.9693,0.9854,0.8798,0.0001336106896532,0.0002018513997836,9.175097401861826e-05,0.000110100425765,66.1,75,8,66.1,r-lwf_sl12_st12_sp168_al0.5_te2.0,0.6523,0.6501,0.8734,0.5714,0.7103,0.6219,0.8806,0.5714
yahoo-a1,gru,lwf,12,12,168,B7,,,,,,2.0,2.0,-0.0077789917441471,-0.080305302366277,0.0077789917441471,0.8292187348440189,0.8248609083264749,0.9945205479452056,8,28,28,0.9893,0.978,0.9906,0.945,0.9696,0.9699,0.9853,0.9002,0.0001296764306127,0.0001959077459002,8.90494805553721e-05,0.0001068582653448,64.1,71,8,64.1,r-lwf_sl12_st12_sp168_al2.0_te2.0,0.6603,0.6341,0.8678,0.5687,0.6915,0.6389,0.8748,0.5687
yahoo-a1,gru,lwf,12,12,168,B7,,,,,,1.0,1.0,-0.0122196267359756,-0.0721616581989125,0.0122196267359756,0.8377159239299042,0.828372597602554,0.9945205479452056,8,28,28,0.9893,0.98,0.9919,0.9515,0.9696,0.9694,0.9839,0.9036,0.0001329795665813,0.0002008979350884,9.131770474422308e-05,0.0001095802303442,65.7,69,8,65.8,r-lwf_sl12_st12_sp168_al1.0_te1.0,0.6938,0.6454,0.8709,0.5788,0.72,0.6282,0.8735,0.5788
yahoo-a1,gru,lwf,12,12,168,B7,,,,,,1.0,5.0,-0.0112160162600576,-0.0819320071393254,0.0112160162600576,0.8357488373141333,0.8214824759394808,0.9945205479452056,8,28,28,0.9893,0.9766,0.9917,0.9415,0.952,0.9705,0.9851,0.872,0.0001295858680677,0.000195770929179,8.898723015057234e-05,0.0001067836990285,64.1,69,8,64.1,r-lwf_sl12_st12_sp168_al1.0_te5.0,0.6813,0.6569,0.8704,0.5782,0.7208,0.6129,0.8804,0.5782
yahoo-a1,gru,gdumb,12,12,168,B7,100.0,,,0.5,,,,-0.0175126531640373,-0.0756286428579331,0.0175126531640373,0.834626152041374,0.8177111829178654,0.9945205479452056,8,28,28,0.9893,0.9723,0.992,0.9479,0.9739,0.9698,0.9867,0.9323,0.0001544367891588,0.0002333142815946,0.0001060525364565,0.000127261745138,76.4,67,8,76.4,r-gdumb_sl12_st12_sp168_bu100_re0.5,0.7296,0.6217,0.8744,0.5498,0.5802,0.6698,0.8791,0.5498
yahoo-a1,gru,gdumb,12,12,168,B7,250.0,,,0.5,,,,-0.0111841950728377,-0.0842921268653585,0.0111841950728377,0.824344689636394,0.8118810722323904,0.9945205479452056,8,28,28,0.9893,0.9743,0.9902,0.9413,0.9748,0.968,0.987,0.9342,0.0001582476039305,0.0002390714429264,0.0001086695152179,0.0001304019277084,78.2,72,8,78.3,r-gdumb_sl12_st12_sp168_bu250_re0.5,0.6511,0.6434,0.8788,0.5264,0.5725,0.6505,0.8817,0.5264
yahoo-a1,gru,gdumb,12,12,168,B7,500.0,,,0.5,,,,-0.0141684694691421,-0.0826629873404122,0.0141684694691421,0.8308702517367845,0.8151100648431494,0.9945205479452056,8,28,28,0.9893,0.971,0.9907,0.9445,0.975,0.9689,0.9871,0.9303,0.0001502973780848,0.0002270606957346,0.0001032097803849,0.0001238509153497,74.3,67,8,74.3,r-gdumb_sl12_st12_sp168_bu500_re0.5,0.6964,0.6359,0.8782,0.5409,0.5838,0.6536,0.8813,0.5409
yahoo-a1,gru,gdumb,12,12,168,B7,1000.0,,,0.5,,,,-0.0102555257741212,-0.0859830125931399,0.0102555257741212,0.823140262602784,0.8137288543874072,0.9945205479452056,8,28,28,0.9893,0.9741,0.9891,0.9157,0.9625,0.9668,0.9882,0.8981,0.0001966174742209,0.0002970384517618,0.0001350182144689,0.0001620202372929,97.2,89,8,97.2,r-gdumb_sl12_st12_sp168_bu1000_re0.5,0.6406,0.655,0.8843,0.5369,0.6105,0.6618,0.8851,0.5369
yahoo-a1,gru,gdumb,12,12,168,B7,50.0,,,,,,,-0.0155820622476684,-0.0820102730418195,0.0155820622476684,0.8262898300616419,0.8040319626469915,0.9945205479452056,8,28,28,0.9893,0.9763,0.9908,0.9485,0.9628,0.9714,0.9858,0.8592,0.0001358316332587,0.0002052066745508,9.327628524430716e-05,0.0001119303893065,67.2,80,8,67.2,r-gdumb_sl12_st12_sp168_bu50,0.6719,0.6116,0.8791,0.5428,0.6201,0.6096,0.8806,0.5428
yahoo-a1,gru,gdumb,12,12,168,B7,50.0,,,0.3,,,,-0.0142485245787726,-0.0744767728308708,0.0142485245787726,0.8298495474176174,0.8138700166780066,0.9945205479452056,8,28,28,0.9893,0.9723,0.9918,0.948,0.9625,0.9709,0.9863,0.8749,0.0001547632077147,0.0002338074161081,0.0001062766947899,0.0001275307213181,76.5,86,8,76.5,r-gdumb_sl12_st12_sp168_bu50_re0.3,0.6675,0.6383,0.8791,0.5524,0.6243,0.6576,0.8822,0.5524
yahoo-a1,gru,derpp,12,12,168,B7,100.0,,,0.5,,0.5,0.5,-0.0098265341850263,-0.0857907154985252,0.0098265341850263,0.82022227040222,0.8094551462024158,0.9945205479452056,8,28,28,0.9893,0.9716,0.9914,0.9433,0.9742,0.9636,0.9891,0.9322,0.0002102885695884,0.0003176919619239,0.0001444060914347,0.0001732858704891,104.0,71,8,104.0,r-derpp_sl12_st12_sp168_bu100_re0.5_al0.5_te0.5,0.6421,0.6318,0.8681,0.5242,0.5749,0.6473,0.8701,0.5242
yahoo-a1,gru,derpp,12,12,168,B7,250.0,,,0.5,,0.5,0.5,-0.0090318222841818,-0.0761210689570199,0.0090318222841818,0.8294973737090425,0.8209090345946758,0.9945205479452056,8,28,28,0.9893,0.9743,0.9901,0.944,0.9732,0.9692,0.9885,0.9349,0.0001999129845777,0.0003020171206113,0.0001372812802657,0.0001647358403455,98.8,70,8,98.9,r-derpp_sl12_st12_sp168_bu250_re0.5_al0.5_te0.5,0.6679,0.6464,0.8758,0.5482,0.6062,0.6682,0.8789,0.5482
yahoo-a1,gru,derpp,12,12,168,B7,500.0,,,0.5,,0.5,0.5,-0.0088162492831589,-0.0791818810989851,0.0088162492831589,0.8322034373983951,0.8229121047222311,0.9945205479452056,8,28,28,0.9893,0.9728,0.9901,0.945,0.9718,0.9697,0.989,0.9356,0.0002048273816247,0.000309441511022,0.00014065607859,0.000168785432432,101.3,73,8,101.3,r-derpp_sl12_st12_sp168_bu500_re0.5_al0.5_te0.5,0.6622,0.6759,0.8786,0.5438,0.6197,0.6734,0.8803,0.5438
yahoo-a1,gru,derpp,12,12,168,B7,1000.0,,,0.5,,0.5,0.5,-0.0111120717377308,-0.0732940465295782,0.0111120717377308,0.8354469626954666,0.8246226496659309,0.9945205479452056,8,28,28,0.9893,0.9748,0.9887,0.9203,0.9623,0.9669,0.9889,0.9005,0.0002738733631452,0.0004137522368742,0.00018807017361,0.0002256820632641,135.4,88,8,135.4,r-derpp_sl12_st12_sp168_bu1000_re0.5_al0.5_te0.5,0.6839,0.6916,0.886,0.549,0.655,0.6877,0.8866,0.549
yahoo-a1,gru,derpp,12,12,168,B7,50.0,,,,,0.5,0.5,-0.0132650955083888,-0.0823684106241402,0.0132650955083888,0.8260943569649399,0.8087017555943206,0.9945205479452056,8,28,28,0.9893,0.9765,0.9915,0.9528,0.9641,0.9672,0.9872,0.9012,0.0001519367550595,0.0002295373728476,0.0001043357881943,0.0001252015846533,75.1,71,8,75.1,r-derpp_sl12_st12_sp168_bu50_al0.5_te0.5,0.6404,0.6284,0.871,0.5589,0.5826,0.6377,0.8707,0.5589
yahoo-a1,gru,derpp,12,12,168,B7,50.0,,,0.3,,0.5,0.5,-0.0120228665917041,-0.0787894883209748,0.0120228665917041,0.8331099469776722,0.8206192594206883,0.9945205479452056,8,28,28,0.9893,0.9727,0.9897,0.9534,0.9702,0.9606,0.9875,0.9186,0.00019129425604,0.0002889964377287,0.0001313627644648,0.0001576336732638,94.6,75,8,94.6,r-derpp_sl12_st12_sp168_bu50_re0.3_al0.5_te0.5,0.6918,0.6272,0.8671,0.5735,0.6493,0.6386,0.8668,0.5735
yahoo-a1,gru,derpp,12,12,168,B7,50.0,,,0.5,,0.1,0.5,-0.0127445040542086,-0.0865576173132217,0.0127445040542086,0.8280041874437041,0.8135079883366072,0.9945205479452056,8,28,28,0.9893,0.9748,0.9908,0.9516,0.9771,0.9636,0.9883,0.9405,0.0002041585525105,0.0003084310821913,0.0001401965137163,0.0001682345684749,100.9,67,8,101.0,r-derpp_sl12_st12_sp168_bu50_re0.5_al0.1_te0.5,0.6837,0.626,0.8668,0.541,0.6132,0.6147,0.8696,0.541
yahoo-a1,gru,derpp,12,12,168,B7,50.0,,,0.5,,1.0,0.5,-0.0071940472202566,-0.0805619007398893,0.0071940472202566,0.826507925580015,0.8199635221067902,0.9945205479452056,8,28,28,0.9893,0.9655,0.9891,0.9445,0.973,0.9501,0.9882,0.9335,0.0002297758010841,0.0003471321584046,0.00015778811348,0.0001893440449245,113.6,84,8,113.6,r-derpp_sl12_st12_sp168_bu50_re0.5_al1.0_te0.5,0.666,0.6274,0.8722,0.5581,0.6677,0.6157,0.8734,0.5581
yahoo-a1,gru,derpp,12,12,168,B7,50.0,,,0.5,,0.5,0.1,-0.0094689494114355,-0.0860964855156051,0.0094689494114355,0.8264982126496314,0.8175198295565729,0.9945205479452056,8,28,28,0.9893,0.9653,0.989,0.946,0.9714,0.9496,0.9877,0.9295,0.0002249984477281,0.000339914805776,0.0001545075176503,0.0001854072881257,111.2,83,8,111.3,r-derpp_sl12_st12_sp168_bu50_re0.5_al0.5_te0.1,0.6787,0.63,0.8735,0.5401,0.6695,0.6174,0.875,0.5401
yahoo-a1,gru,derpp,12,12,168,B7,50.0,,,0.5,,0.5,1.0,-0.0088830747061796,-0.0781375683038357,0.0088830747061796,0.8314564061019094,0.8199052482625081,0.9945205479452056,8,28,28,0.9893,0.9705,0.9902,0.9437,0.9766,0.962,0.9889,0.9409,0.0002147145294852,0.0003243784493814,0.0001474455777161,0.0001769328716653,106.2,74,8,106.2,r-derpp_sl12_st12_sp168_bu50_re0.5_al0.5_te1.0,0.7113,0.6284,0.8673,0.551,0.6503,0.6203,0.8694,0.551
yahoo-a1,gru,naive,6,6,168,B7,,,,,,,,0.0162686029868472,-0.0713390710292962,-0.0162686029868472,0.8413539207407165,0.8556143986865561,0.9940064545873676,8,28,28,0.9657,0.9721,0.9938,0.9586,0.9524,0.9773,0.9888,0.9484,9.777911370630796e-05,0.0001477191010872,6.714545115699163e-05,8.057364993030206e-05,48.3,77,8,48.4,r-naive_sl6_st6_sp168,0.6364,0.69,0.9367,0.5774,0.7908,0.6734,0.9364,0.5774
yahoo-a1,gru,cumulative,6,6,168,B7,,,,,,,,-0.0038318194994273,-0.0891709976348396,0.0038318194994273,0.8376080498136528,0.849591500713854,0.993453204241586,8,28,28,0.9657,0.9892,0.9898,0.9485,0.9635,0.979,0.9873,0.9555,0.0005409343459068,0.0008172127185015,0.0003714616723947,0.0004457510461068,267.5,198,8,267.5,r-cumulative_sl6_st6_sp168,0.6801,0.6635,0.9444,0.5198,0.7446,0.703,0.9442,0.5198
yahoo-a1,gru,experts,6,6,168,B7,,,,,,,,0.0168178626386669,-0.0933065115029098,-0.0168178626386669,0.8136952166793265,0.842533990194676,0.9935454126325496,8,28,28,0.9657,0.9773,0.9902,0.9218,0.9584,0.9677,0.9739,0.9091,0.0001804000882055,0.0002725381511008,0.000123881649365,0.0001486565017358,89.2,197,8,89.2,r-experts_sl6_st6_sp168,0.5245,0.6909,0.8617,0.5774,0.7697,0.7081,0.8761,0.5774
yahoo-a1,gru,strb,6,6,168,B7,50.0,0.2,0.9,0.5,,,,-0.0057757029782099,-0.0538346122259475,0.0057757029782099,0.8631839969151628,0.8666489853154624,0.9959428307976026,8,28,28,0.9657,0.9788,0.9944,0.9419,0.9671,0.978,0.9942,0.9588,0.0001454606665025,0.0002197536680875,9.988852413112503e-05,0.0001198651439564,71.9,84,8,71.9,r-strb_sl6_st6_sp168_bu50_no0.2_re0.9_re0.5,0.7592,0.7374,0.9408,0.5873,0.7723,0.7328,0.9427,0.5873
yahoo-a1,gru,random-buffer,6,6,168,B7,50.0,,,0.5,,,,0.0055011651493332,-0.0343804276179105,-0.0055011651493332,0.8700559833951358,0.8778797247017813,0.9935454126325496,8,28,28,0.9657,0.9753,0.9935,0.9523,0.9841,0.9766,0.9931,0.9504,0.0001834315125463,0.0002771178538784,0.0001259634181132,0.0001511544357651,90.7,113,8,90.7,r-random-buffer_sl6_st6_sp168_bu50_re0.5,0.7454,0.7502,0.9471,0.631,0.7704,0.7693,0.9482,0.631
yahoo-a1,gru,reservoir,6,6,168,B7,50.0,,,0.5,,,,0.0008682404615595,-0.058632865429684,-0.0008682404615595,0.8629134985689237,0.8687684760548662,0.9922544951590596,8,28,28,0.9657,0.9763,0.9923,0.9345,0.943,0.9719,0.9885,0.9369,0.0001534047668254,0.0002317551611894,0.0001053438468163,0.000126411314373,75.8,91,8,75.9,r-reservoir_sl6_st6_sp168_bu50_re0.5,0.7491,0.7159,0.9315,0.638,0.8432,0.6918,0.9369,0.638
yahoo-a1,gru,ewc,6,6,168,B7,,,,,1000.0,,,0.0159460912116505,-0.0637291547385305,-0.0159460912116505,0.8471023876786674,0.8633666098378431,0.993914246196404,8,28,28,0.9657,0.9724,0.9938,0.9582,0.9509,0.9784,0.9888,0.9586,0.0001130106486612,0.0001707300342655,7.760507412927433e-05,9.31249601362894e-05,55.9,77,8,55.9,r-ewc_sl6_st6_sp168_la1000,0.6664,0.6962,0.9396,0.5846,0.8272,0.6806,0.9378,0.5846
yahoo-a1,gru,lwf,6,6,168,B7,,,,,,1.0,2.0,0.0138237362097482,-0.0630319552326783,-0.0138237362097482,0.8443067764282066,0.8565475164988579,0.994098662978331,8,28,28,0.9657,0.9731,0.9941,0.9578,0.9423,0.9783,0.9888,0.9474,0.0001090289580952,0.000164714723542,7.487078888872121e-05,8.984393465332686e-05,53.9,78,8,53.9,r-lwf_sl6_st6_sp168_al1.0_te2.0,0.6416,0.7072,0.9379,0.5771,0.7943,0.6869,0.9372,0.5771
yahoo-a1,gru,gdumb,6,6,168,B7,50.0,,,0.5,,,,0.0028011194832028,-0.0324144043191002,-0.0028011194832028,0.8804651713796392,0.8885933265184855,0.9935454126325496,8,28,28,0.9657,0.9753,0.9923,0.9452,0.9698,0.9743,0.9929,0.9248,0.0001567727411289,0.0002368433044312,0.0001076566951944,0.0001291866092368,77.5,94,8,77.5,r-gdumb_sl6_st6_sp168_bu50_re0.5,0.7899,0.7717,0.9479,0.6557,0.8452,0.7961,0.95,0.6557
yahoo-a1,gru,derpp,6,6,168,B7,50.0,,,0.5,,0.5,0.5,0.0067268839809054,-0.0587474277206477,-0.0067268839809054,0.8609346779996929,0.8710521963304039,0.991701244813278,8,28,28,0.9657,0.9744,0.9909,0.9302,0.9537,0.9712,0.9885,0.9393,0.0002365260482451,0.0003573300463271,0.0001624236159104,0.0001949064304167,116.9,87,8,116.9,r-derpp_sl6_st6_sp168_bu50_re0.5_al0.5_te0.5,0.7299,0.7302,0.9343,0.6319,0.8297,0.7199,0.9342,0.6319
yahoo-a1,gru,naive,8,8,168,B7,,,,,,,,-0.0093210340744282,-0.0439146160784751,0.0093210340744282,0.8472274066454519,0.8321052895322475,0.9888859251355916,8,28,28,0.9555,0.9741,0.984,0.9536,0.9424,0.9767,0.9766,0.9313,0.0001037154911309,0.00015668744109,7.122197963116277e-05,8.546546145885563e-05,51.3,71,8,51.3,r-naive_sl8_st8_sp168,0.7515,0.7025,0.9041,0.5525,0.6777,0.6916,0.908,0.5525
yahoo-a1,gru,cumulative,8,8,168,B7,,,,,,,,-0.0042828828710538,-0.0684854017963,0.0042828828710538,0.8265292545810372,0.8126168829255289,0.9884413621410152,8,28,28,0.9555,0.976,0.9757,0.9129,0.9509,0.9807,0.9724,0.9199,0.0005596612212206,0.0008455042122845,0.0003843213854758,0.0004611828268086,276.7,235,8,276.7,r-cumulative_sl8_st8_sp168,0.604,0.7681,0.9089,0.5109,0.5999,0.659,0.907,0.5109
yahoo-a1,gru,experts,8,8,168,B7,,,,,,,,0.0079933687405577,-0.0705709951700548,-0.0079933687405577,0.8191028491197838,0.8151331480604816,0.9884413621410152,8,28,28,0.9555,0.9748,0.9813,0.9495,0.9776,0.9634,0.9755,0.8327,0.0001595080494724,0.0002409756520704,0.0001095349830439,0.0001314406690265,78.9,184,8,78.9,r-experts_sl8_st8_sp168,0.5996,0.6635,0.8838,0.5449,0.6752,0.6731,0.8787,0.5449
yahoo-a1,gru,strb,8,8,168,B7,50.0,0.2,0.9,0.5,,,,-0.0125963228200483,-0.0285548157656224,0.0125963228200483,0.8480980060812513,0.8333344915100803,0.9884413621410152,8,28,28,0.9555,0.975,0.9847,0.954,0.9386,0.9734,0.9818,0.9383,0.0001593676405746,0.000240763530326,0.0001094385897003,0.0001313249406257,78.8,90,8,78.8,r-strb_sl8_st8_sp168_bu50_no0.2_re0.9_re0.5,0.7257,0.7255,0.9205,0.5439,0.65,0.7201,0.9206,0.5439
yahoo-a1,gru,random-buffer,8,8,168,B7,50.0,,,0.5,,,,-0.0054557579774735,-0.0565501414360946,0.0054557579774735,0.8300807548884832,0.8246556232884057,0.9884413621410152,8,28,28,0.9555,0.981,0.9852,0.9016,0.9453,0.9799,0.9828,0.9047,0.0001634164305271,0.0002468802109708,0.0001122189510426,0.0001346612599282,80.8,95,8,80.8,r-random-buffer_sl8_st8_sp168_bu50_re0.5,0.6132,0.739,0.924,0.5412,0.5731,0.7445,0.9257,0.5412
yahoo-a1,gru,reservoir,8,8,168,B7,50.0,,,0.5,,,,-0.0101899102395221,-0.0221209308517275,0.0101899102395221,0.8543714129521802,0.8419942931059929,0.9884413621410152,8,28,28,0.9555,0.984,0.9849,0.9307,0.9332,0.9806,0.9828,0.9364,0.0001544103312439,0.0002332743104878,0.0001060343593759,0.0001272399511118,76.3,92,8,76.4,r-reservoir_sl8_st8_sp168_bu50_re0.5,0.7861,0.7196,0.9137,0.5605,0.7243,0.7044,0.9137,0.5605
yahoo-a1,gru,ewc,8,8,168,B7,,,,,1000.0,,,0.0121587549594967,-0.0525542832351619,-0.0121587549594967,0.8308864115766218,0.8488297039785824,0.9892415755312528,8,28,28,0.9555,0.9753,0.9848,0.9417,0.9567,0.9803,0.98,0.9338,0.0001140871162963,0.0001723563000945,7.834421863598335e-05,9.401208145854372e-05,56.4,80,8,56.4,r-ewc_sl8_st8_sp168_la1000,0.6302,0.6658,0.9043,0.5894,0.7472,0.6924,0.9108,0.5894
yahoo-a1,gru,lwf,8,8,168,B7,,,,,,1.0,2.0,-0.0009321765749645,-0.0481917433791299,0.0009321765749645,0.832647699224121,0.8298763393336677,0.9884413621410152,8,28,28,0.9555,0.9723,0.9833,0.9449,0.9352,0.9766,0.9774,0.9252,0.0001096126820508,0.0001655965803592,7.527146730313284e-05,9.032511305607234e-05,54.2,83,8,54.2,r-lwf_sl8_st8_sp168_al1.0_te2.0,0.6798,0.6816,0.9055,0.5382,0.7129,0.6652,0.9082,0.5382
yahoo-a1,gru,gdumb,8,8,168,B7,50.0,,,0.5,,,,-0.0057119576802204,-0.0447932539186235,0.0057119576802204,0.8390690521670536,0.8320874229374595,0.9884413621410152,8,28,28,0.9555,0.981,0.9843,0.952,0.9432,0.9801,0.982,0.9329,0.0001508549616816,0.0002279030611905,0.0001035928409139,0.0001243102202766,74.6,88,8,74.6,r-gdumb_sl8_st8_sp168_bu50_re0.5,0.6419,0.74,0.9237,0.5341,0.61,0.7507,0.9238,0.5341
yahoo-a1,gru,derpp,8,8,168,B7,50.0,,,0.5,,0.5,0.5,-0.0017566523508041,-0.0204006484688628,0.0017566523508041,0.8599932683657213,0.8565460492827649,0.9884413621410152,8,28,28,0.9555,0.9819,0.984,0.9331,0.9625,0.9783,0.9846,0.9297,0.0002364920847839,0.0003572787362695,0.0001624001780052,0.0001948785582642,116.9,85,8,116.9,r-derpp_sl8_st8_sp168_bu50_re0.5_al0.5_te0.5,0.8178,0.7004,0.9136,0.5936,0.787,0.7025,0.9142,0.5936
yahoo-a1,gru,naive,10,10,168,B7,,,,,,,,-0.0183095603254564,-0.0660002015425946,0.0183095603254564,0.8161004436575778,0.7966436922754133,0.9906209739757794,8,28,28,0.9777,0.9751,0.9867,0.8689,0.9659,0.9687,0.9829,0.8353,0.0001033408101687,0.0001561213944893,7.096469699042953e-05,8.51566974989449e-05,51.1,70,8,51.1,r-naive_sl10_st10_sp168,0.705,0.626,0.8777,0.5118,0.6029,0.625,0.8806,0.5118
yahoo-a1,gru,cumulative,10,10,168,B7,,,,,,,,-0.0044175998116291,-0.0675192711796078,0.0044175998116291,0.8033761239221399,0.8040085793205954,0.9906209739757794,8,28,28,0.9777,0.9701,0.9838,0.8962,0.9385,0.9736,0.9791,0.9048,0.0004572293071506,0.0006907559261165,0.0003139810593772,0.0003767748667392,226.1,176,8,226.0,r-cumulative_sl10_st10_sp168,0.538,0.6193,0.8961,0.5458,0.5359,0.6599,0.8944,0.5458
yahoo-a1,gru,experts,10,10,168,B7,,,,,,,,-0.0170042516924051,-0.0546772800866287,0.0170042516924051,0.8356101845076468,0.8322233696567323,0.9944859572275186,8,28,28,0.9777,0.9718,0.9883,0.9351,0.9687,0.9748,0.9877,0.9115,0.0001974140719653,0.0002982419061425,0.0001355652918392,0.0001626766143032,97.6,225,8,97.6,r-experts_sl10_st10_sp168,0.7936,0.6241,0.844,0.5503,0.7212,0.6536,0.89,0.5503
yahoo-a1,gru,strb,10,10,168,B7,50.0,0.2,0.9,0.5,,,,-0.00917469830806,-0.0576709882955833,0.00917469830806,0.8196006507894604,0.809780956149017,0.9906209739757794,8,28,28,0.9777,0.9744,0.985,0.8636,0.9658,0.9729,0.9853,0.8532,0.0001623283231234,0.0002452363604442,0.0001114718370391,0.0001337645234051,80.3,89,8,80.3,r-strb_sl10_st10_sp168_bu50_no0.2_re0.9_re0.5,0.7288,0.6141,0.8757,0.5375,0.6707,0.6159,0.877,0.5375
yahoo-a1,gru,random-buffer,10,10,168,B7,50.0,,,0.5,,,,-0.0094247834859367,-0.0517477658267203,0.0094247834859367,0.8164286141486132,0.8053378369904571,0.9906209739757794,8,28,28,0.9777,0.9753,0.9869,0.8848,0.9705,0.9686,0.9859,0.8738,0.000156478013,0.0002363980460051,0.000107454353644,0.0001289436923611,77.4,83,8,77.4,r-random-buffer_sl10_st10_sp168_bu50_re0.5,0.6537,0.6268,0.8831,0.5432,0.5905,0.6277,0.8825,0.5432
yahoo-a1,gru,reservoir,10,10,168,B7,50.0,,,0.5,,,,-0.0156585981547608,-0.0443027561029967,0.0156585981547608,0.8314584308513584,0.8132622299926153,0.9906209739757794,8,28,28,0.9777,0.9754,0.9885,0.9184,0.9763,0.9682,0.9887,0.9076,0.0001635041054997,0.0002470126653126,0.0001122791234377,0.0001347335418748,80.8,88,8,80.9,r-reservoir_sl10_st10_sp168_bu50_re0.5,0.7262,0.6407,0.8777,0.5471,0.5974,0.6421,0.8785,0.5471
yahoo-a1,gru,ewc,10,10,168,B7,,,,,1000.0,,,-0.0154897416200265,-0.0640957735537354,0.0154897416200265,0.8155690393179837,0.7979996625672426,0.9906209739757794,8,28,28,0.9777,0.9755,0.987,0.874,0.9687,0.9698,0.9832,0.8452,0.0001180972742137,0.0001784146176669,8.109798912062412e-05,9.73166285462988e-05,58.4,70,8,58.4,r-ewc_sl10_st10_sp168_la1000,0.685,0.6299,0.8799,0.5155,0.5986,0.6211,0.8819,0.5155
yahoo-a1,gru,lwf,10,10,168,B7,,,,,,1.0,2.0,-0.0186766743376545,-0.0595581620590648,0.0186766743376545,0.8211132753606063,0.8041464119277674,0.9906209739757794,8,28,28,0.9777,0.9759,0.9876,0.8715,0.9667,0.9692,0.9837,0.8415,0.0001129607851739,0.0001706547033564,7.757061273118275e-05,9.308409062524635e-05,55.9,70,8,55.9,r-lwf_sl10_st10_sp168_al1.0_te2.0,0.7269,0.6265,0.877,0.5258,0.6364,0.6281,0.8818,0.5258
yahoo-a1,gru,gdumb,10,10,168,B7,50.0,,,0.5,,,,-0.0201087151935782,-0.0337095467612305,0.0201087151935782,0.8354817377215732,0.8107128892581215,0.9906209739757794,8,28,28,0.9777,0.9753,0.9886,0.915,0.9697,0.9676,0.9872,0.9224,0.0001411788366603,0.0002132849240856,9.69482142930954e-05,0.0001163367097925,69.8,72,8,69.8,r-gdumb_sl10_st10_sp168_bu50_re0.5,0.7677,0.6369,0.8792,0.5436,0.5809,0.6324,0.8819,0.5436
yahoo-a1,gru,derpp,10,10,168,B7,50.0,,,0.5,,0.5,0.5,-0.0011935186042127,-0.0390361795420821,0.0011935186042127,0.8319502028959165,0.831495286778769,0.9906209739757794,8,28,28,0.9777,0.9755,0.9892,0.9213,0.9741,0.9695,0.9894,0.924,0.0002457013222235,0.0003711915262787,0.0001687243345471,0.0002024671917315,121.5,92,8,121.5,r-derpp_sl10_st10_sp168_bu50_re0.5_al0.5_te0.5,0.6964,0.6397,0.8742,0.5816,0.6956,0.6432,0.8745,0.5816
yahoo-a1,gru,naive,16,16,168,B7,,,,,,,,-0.0059833740787483,-0.0914070043526136,0.0059833740787483,0.8342576108461932,0.8255662703703699,0.9941317684715923,8,28,28,0.9897,0.9785,0.9913,0.9616,0.9581,0.9752,0.9796,0.9242,0.0001338577110119,0.0002022245855457,9.19207882530625e-05,0.0001103037972926,66.2,88,8,66.2,r-naive_sl16_st16_sp168,0.6326,0.7026,0.8656,0.5523,0.6793,0.67,0.8658,0.5523
yahoo-a1,gru,cumulative,16,16,168,B7,,,,,,,,-0.0059226358562431,-0.1141525356937268,0.0059226358562431,0.8145412682943243,0.8072796010267727,0.9928869920867788,8,28,28,0.9897,0.975,0.9888,0.9091,0.9651,0.9687,0.9825,0.9266,0.0005732926973349,0.0008660978679413,0.0003936821314816,0.0004724157364596,283.5,266,8,283.5,r-cumulative_sl16_st16_sp168,0.5859,0.6849,0.8522,0.5307,0.5662,0.6523,0.8661,0.5307
yahoo-a1,gru,experts,16,16,168,B7,,,,,,,,-0.0112988275322519,-0.0892214154446128,0.0112988275322519,0.844024132323085,0.835758403341743,0.9928869920867788,8,28,28,0.9897,0.9791,0.9878,0.9595,0.9795,0.9766,0.9865,0.9585,0.000241597619789,0.000364991886992,0.0001659062265036,0.0001990856604883,119.5,305,8,119.5,r-experts_sl16_st16_sp168,0.7182,0.7235,0.8256,0.5687,0.6312,0.7117,0.8733,0.5687
yahoo-a1,gru,strb,16,16,168,B7,50.0,0.2,0.9,0.5,,,,-0.0091289138021524,-0.089744912261343,0.0091289138021524,0.8379830409203864,0.8261233274615664,0.9928869920867788,8,28,28,0.9897,0.9752,0.992,0.9572,0.9843,0.9754,0.9911,0.9548,0.0001689798053731,0.0002552850399789,0.0001160393060172,0.0001392457339617,83.5,93,8,83.6,r-strb_sl16_st16_sp168_bu50_no0.2_re0.9_re0.5,0.6448,0.7455,0.8654,0.5341,0.5545,0.749,0.8659,0.5341
yahoo-a1,gru,random-buffer,16,16,168,B7,50.0,,,0.5,,,,-0.0047587820003793,-0.0732849984268859,0.0047587820003793,0.8534912156506809,0.8456686914560265,0.9949319818618296,8,28,28,0.9897,0.9782,0.9896,0.9539,0.9841,0.9774,0.9909,0.9564,0.0001883406958637,0.0002845343676841,0.0001293344414346,0.0001551999262495,93.1,105,8,93.2,r-random-buffer_sl16_st16_sp168_bu50_re0.5,0.653,0.8153,0.8854,0.5629,0.6005,0.807,0.886,0.5629
yahoo-a1,gru,reservoir,16,16,168,B7,50.0,,,0.5,,,,-0.0058726432159258,-0.0728329903830499,0.0058726432159258,0.854266522013887,0.8473576757264554,0.9928869920867788,8,28,28,0.9897,0.9799,0.9895,0.958,0.9837,0.9786,0.9892,0.9569,0.0001922060361459,0.0002903739030435,0.0001319888507514,0.0001583850522921,95.0,111,8,95.0,r-reservoir_sl16_st16_sp168_bu50_re0.5,0.6678,0.8175,0.8847,0.5471,0.623,0.8149,0.8855,0.5471
yahoo-a1,gru,ewc,16,16,168,B7,,,,,1000.0,,,-0.0139855078062534,-0.0885929587562438,0.0139855078062534,0.8343299110344482,0.8139912100135008,0.9942206810705077,8,28,28,0.9897,0.9789,0.9925,0.9639,0.9798,0.9719,0.9828,0.9516,0.0001500056550038,0.0002266199771634,0.0001030094863995,0.0001236104907638,74.2,81,8,74.2,r-ewc_sl16_st16_sp168_la1000,0.6444,0.7241,0.8617,0.5194,0.5607,0.6819,0.8639,0.5194
yahoo-a1,gru,lwf,16,16,168,B7,,,,,,1.0,2.0,-0.0149261504825234,-0.0872940954383435,0.0149261504825234,0.8396036762188988,0.8196744128718312,0.993687205477016,8,28,28,0.9897,0.9787,0.9927,0.9629,0.9766,0.9733,0.9819,0.9491,0.0001319613240538,0.0001993596324268,9.06184874985936e-05,0.0001087411449283,65.2,76,8,65.3,r-lwf_sl16_st16_sp168_al1.0_te2.0,0.6596,0.7312,0.8607,0.5414,0.5899,0.6818,0.8635,0.5414
yahoo-a1,gru,gdumb,16,16,168,B7,50.0,,,0.5,,,,-0.0026409718320274,-0.0701977674165197,0.0026409718320274,0.8548039897591988,0.8510484936934591,0.9949319818618296,8,28,28,0.9897,0.9782,0.992,0.9576,0.9849,0.9796,0.9916,0.9575,0.0001960786500381,0.0002962244269573,0.0001346482311938,0.0001615761957635,96.9,105,8,97.0,r-gdumb_sl16_st16_sp168_bu50_re0.5,0.6509,0.8181,0.8847,0.5672,0.6209,0.8203,0.8865,0.5672
yahoo-a1,gru,derpp,16,16,168,B7,50.0,,,0.5,,0.5,0.5,-0.0034620550620292,-0.0652843983547251,0.0034620550620292,0.8596168045079009,0.8566412997400548,0.9928869920867788,8,28,28,0.9897,0.9794,0.9886,0.9582,0.9834,0.9769,0.9879,0.9577,0.0002727341068379,0.0004120311135051,0.000187287879686,0.000224743233819,134.8,110,8,134.9,r-derpp_sl16_st16_sp168_bu50_re0.5_al0.5_te0.5,0.6956,0.8092,0.882,0.5742,0.6858,0.8045,0.8827,0.5742
yahoo-a1,gru,naive,24,24,168,B7,,,,,,,,-0.0213513409303259,-0.0731033706146146,0.0213513409303259,0.8427103508678786,0.8246920500295885,0.9959327661340528,8,28,28,0.9908,0.9796,0.9953,0.9555,0.9908,0.9629,0.9928,0.9377,0.0002419800066982,0.0003655695752972,0.0001661689436321,0.000199400631665,119.6,115,8,119.7,r-naive_sl24_st24_sp168,0.7869,0.603,0.8152,0.6153,0.6817,0.5922,0.8241,0.6153
yahoo-a1,gru,cumulative,24,24,168,B7,,,,,,,,-0.0181746660867975,-0.0999991034642437,0.0181746660867975,0.8180066805242208,0.7907377852784792,0.9953517327246316,8,28,28,0.9908,0.9846,0.9924,0.9593,0.9869,0.971,0.9934,0.8999,0.0006562599166051,0.0009914400047816,0.0004506558594332,0.0005407841453483,324.5,376,8,324.5,r-cumulative_sl24_st24_sp168,0.67,0.5928,0.8044,0.5497,0.5529,0.5801,0.792,0.5497
yahoo-a1,gru,experts,24,24,168,B7,,,,,,,,0.0024421371616093,-0.0989110043003099,-0.0024421371616093,0.815113708042909,0.8194660511683665,0.998172970351898,8,28,28,0.9908,0.9874,0.9975,0.9434,0.9982,0.9779,0.9922,0.932,0.000283606827127,0.0004284569984062,0.0001947538892382,0.0002337031091679,140.2,323,8,140.2,r-experts_sl24_st24_sp168,0.5872,0.683,0.7352,0.5963,0.5771,0.6646,0.8173,0.5963
yahoo-a1,gru,strb,24,24,168,B7,50.0,0.2,0.9,0.5,,,,-0.0080381558033897,-0.0466204554321905,0.0080381558033897,0.864656443471135,0.8536233870094891,0.9929860967005604,8,28,28,0.9908,0.9744,0.9923,0.9506,0.984,0.9704,0.991,0.9611,0.0002406983945963,0.0003636333889232,0.0001652886223953,0.0001983447665278,119.0,127,8,119.0,r-strb_sl24_st24_sp168_bu50_no0.2_re0.9_re0.5,0.7146,0.7837,0.9032,0.6076,0.6335,0.7779,0.9035,0.6076
yahoo-a1,gru,random-buffer,24,24,168,B7,50.0,,,0.5,,,,-0.0145844454559999,-0.0398449929724141,0.0145844454559999,0.8629758067401048,0.8421255762358699,0.9960572732932144,8,28,28,0.9908,0.9752,0.9961,0.9449,0.9916,0.9746,0.9939,0.9599,0.0002475869679399,0.0003740402521429,0.0001700190743644,0.0002040211777784,122.4,131,8,122.4,r-random-buffer_sl24_st24_sp168_bu50_re0.5,0.7538,0.7679,0.8887,0.5865,0.5891,0.7495,0.8917,0.5865
yahoo-a1,gru,reservoir,24,24,168,B7,50.0,,,0.5,,,,-0.0168132448426261,-0.0273272581339431,0.0168132448426261,0.8746211530526535,0.8472805968476456,0.9952687279518572,8,28,28,0.9908,0.9784,0.9953,0.9572,0.9857,0.9767,0.9942,0.9611,0.0002400986840795,0.0003627273805222,0.0001648767171893,0.0001978506633328,118.7,120,8,118.7,r-reservoir_sl24_st24_sp168_bu50_re0.5,0.8192,0.7633,0.8987,0.594,0.609,0.7573,0.9003,0.594
yahoo-a1,gru,ewc,24,24,168,B7,,,,,1000.0,,,-0.0217226727772829,-0.0623836216960108,0.0217226727772829,0.8457295961281941,0.8263765912398529,0.9958912637476656,8,28,28,0.9908,0.9802,0.9955,0.9492,0.99,0.9677,0.9937,0.9525,0.0002336494269831,0.0003529842112006,0.0001604484043963,0.0001925358068042,115.5,118,8,115.5,r-ewc_sl24_st24_sp168_la1000,0.8029,0.6224,0.8267,0.5981,0.6476,0.6233,0.8382,0.5981
yahoo-a1,gru,lwf,24,24,168,B7,,,,,,1.0,2.0,-0.0158533846313811,-0.0688644706625456,0.0158533846313811,0.8363456985594535,0.825742012057157,0.9959327661340528,8,28,28,0.9908,0.9795,0.9953,0.9577,0.992,0.9617,0.9917,0.9316,0.0002704909579145,0.0004086422922116,0.0001857473986708,0.0002228948935408,133.7,123,8,133.7,r-lwf_sl24_st24_sp168_al1.0_te2.0,0.7648,0.5879,0.8152,0.5996,0.7012,0.6033,0.8249,0.5996
yahoo-a1,gru,gdumb,24,24,168,B7,50.0,,,0.5,,,,-0.0073468484448368,-0.0334947702846047,0.0073468484448368,0.8724814507097125,0.8614801739910867,0.995019713633534,8,28,28,0.9908,0.9752,0.995,0.9452,0.9916,0.9733,0.9947,0.9604,0.0002504583113397,0.0003783781137766,0.000171991036344,0.0002063870774325,123.8,122,8,123.8,r-gdumb_sl24_st24_sp168_bu50_re0.5,0.7783,0.7752,0.8966,0.6235,0.6808,0.7699,0.8977,0.6235
yahoo-a1,gru,derpp,24,24,168,B7,50.0,,,0.5,,0.5,0.5,-0.0149870604572214,-0.018294398720091,0.0149870604572214,0.8844533115127737,0.8592028099904402,0.9955592446565678,8,28,28,0.9908,0.9786,0.9954,0.9713,0.9834,0.976,0.9941,0.9489,0.0002988367103809,0.0004514654362888,0.0002052132147577,0.000246252221531,147.8,123,8,147.8,r-derpp_sl24_st24_sp168_bu50_re0.5_al0.5_te0.5,0.8375,0.7879,0.8954,0.6187,0.6767,0.7779,0.8979,0.6187
yahoo-a1,gru,naive,8,4,168,B7,,,,,,,,0.0200916889492144,-0.0707205220336106,-0.0200916889492144,0.8137753762645825,0.8398457092045519,0.9833733440028452,8,28,28,0.9364,0.9761,0.9792,0.9236,0.9463,0.9802,0.9742,0.9369,0.0001724188797182,0.0002604805971034,0.0001184010144652,0.0001420795826381,85.2,82,8,85.3,r-naive_sl8_st4_sp168,0.5702,0.6787,0.9106,0.5355,0.7661,0.6635,0.9159,0.5355
yahoo-a1,gru,cumulative,8,4,168,B7,,,,,,,,-0.0083625225739037,-0.0726184347610495,0.0083625225739037,0.8219626049989832,0.8066788773831663,0.9835511692006758,8,28,28,0.9364,0.9757,0.9721,0.9203,0.9364,0.9776,0.9747,0.9025,0.0008977252979503,0.0013562321134845,0.0006164708183444,0.00073976129514,443.9,198,8,443.9,r-cumulative_sl8_st4_sp168,0.6948,0.6609,0.9118,0.5038,0.5626,0.6827,0.9131,0.5038
yahoo-a1,gru,experts,8,4,168,B7,,,,,,,,0.0022453971334348,-0.0802222452328283,-0.0022453971334348,0.83621730486294,0.8417315618826449,0.9830176936071842,8,28,28,0.9364,0.9736,0.9787,0.9296,0.9503,0.97,0.9695,0.9085,0.0002788685427036,0.0004212986688899,0.0001915002500011,0.0002297984188888,137.9,187,8,138.0,r-experts_sl8_st4_sp168,0.7358,0.6837,0.8822,0.5696,0.8241,0.6559,0.886,0.5696
yahoo-a1,gru,strb,8,4,168,B7,50.0,0.2,0.9,0.5,,,,0.0003474337918404,-0.0458110139094845,-0.0003474337918404,0.8430698732668516,0.8384135604964038,0.9828398684093536,8,28,28,0.9364,0.9754,0.9804,0.9407,0.9557,0.9762,0.9791,0.939,0.000231518879596,0.0003497655018778,0.0001589847250013,0.0001907807768764,114.5,107,8,114.5,r-strb_sl8_st4_sp168_bu50_no0.2_re0.9_re0.5,0.7403,0.6747,0.9123,0.5843,0.6793,0.6811,0.9126,0.5843
yahoo-a1,gru,random-buffer,8,4,168,B7,50.0,,,0.5,,,,-0.0022213399359292,-0.0570720457184695,0.0022213399359292,0.8402800679255633,0.8317031197589777,0.9862075102331376,8,28,28,0.9364,0.9803,0.9816,0.9334,0.9302,0.985,0.9824,0.9485,0.0002231268420381,0.000337087290782,0.0001532219099508,0.0001838653808312,110.3,112,8,110.3,r-random-buffer_sl8_st4_sp168_bu50_re0.5,0.7399,0.7024,0.9241,0.5242,0.6631,0.6954,0.9247,0.5242
yahoo-a1,gru,reservoir,8,4,168,B7,50.0,,,0.5,,,,0.0046892881969719,-0.0940587429171463,-0.0046892881969719,0.8070116654008793,0.8111880139750115,0.9870187605583712,8,28,28,0.9364,0.9737,0.98,0.927,0.9654,0.9729,0.9764,0.9118,0.0002905193720007,0.0004389000764446,0.0001995009097794,0.0002393991666651,143.6,94,8,143.7,r-reservoir_sl8_st4_sp168_bu50_re0.5,0.5717,0.6616,0.912,0.4936,0.6023,0.6538,0.9132,0.4936
yahoo-a1,gru,ewc,8,4,168,B7,,,,,1000.0,,,0.0081354670725629,-0.0632244424869087,-0.0081354670725629,0.8277296898616329,0.8388157067409105,0.98328443140393,8,28,28,0.9364,0.977,0.981,0.9283,0.9345,0.9784,0.9755,0.9336,0.0001915893920525,0.0002894423123619,0.0001315652989588,0.0001578770134031,94.7,82,8,94.7,r-ewc_sl8_st4_sp168_la1000,0.6446,0.689,0.9126,0.553,0.751,0.6718,0.9128,0.553
yahoo-a1,gru,lwf,8,4,168,B7,,,,,,1.0,2.0,0.0162828981343935,-0.0672450759057654,-0.0162828981343935,0.8190220072279163,0.8441500162470628,0.98328443140393,8,28,28,0.9364,0.9764,0.9812,0.9255,0.946,0.9779,0.9739,0.937,0.0001797129410567,0.0002715000484295,0.0001234095995385,0.0001480904488909,88.9,78,8,88.9,r-lwf_sl8_st4_sp168_al1.0_te2.0,0.5962,0.6715,0.9134,0.5517,0.7835,0.6695,0.9137,0.5517
yahoo-a1,lstm,gdumb,12,12,336,B1,50.0,,,0.5,,,,-0.17660059174151443,-0.09586067952087285,0.17660059174151443,0.7415863789843022,0.6304179548719799,0.8834677033775704,4,6,6,0.8527,0.8426,0.6363,0.6347,0.4372,0.8392,0.6106,0.6347,0.0002738858455204,0.0004137710945339,0.0001880813012714,0.0002256897932624,135.4,95,4,135.4,r-gdumb_sl12_st12_sp336_bu50_re0.5,,,,,,,,
yahoo-a1,lstm,gdumb,12,12,336,B1,100.0,,,0.5,,,,-0.23162464014083387,-0.14055966081551727,0.23162464014083387,0.7117137310144123,0.6006371386950077,0.8834677033775704,4,6,6,0.8527,0.8369,0.5278,0.6295,0.3607,0.8319,0.5805,0.6295,0.0001800947277147,0.0002720768299096,0.0001236717827566,0.0001484050471529,89.0,72,4,89.1,r-gdumb_sl12_st12_sp336_bu100_re0.5,,,,,,,,
yahoo-a1,lstm,gdumb,12,12,336,B1,250.0,,,0.5,,,,-0.19018036707121397,-0.11365456831813893,0.19018036707121397,0.7150313746271106,0.6065844145138335,0.8834677033775704,4,6,6,0.8527,0.8219,0.5428,0.6427,0.3734,0.8288,0.5814,0.6427,0.0001512382349458,0.0002284820885504,0.0001038558881348,0.0001246262004156,74.8,59,4,74.8,r-gdumb_sl12_st12_sp336_bu250_re0.5,,,,,,,,
yahoo-a1,lstm,gdumb,12,12,336,B1,500.0,,,0.5,,,,-0.1884163806037459,-0.12225555199729506,0.1884163806037459,0.7204295057483125,0.6333099907804653,0.8834677033775704,4,6,6,0.8527,0.8285,0.5593,0.6412,0.4395,0.8318,0.6208,0.6412,0.0001815390458548,0.0002742588232746,0.0001246636874424,0.0001495951358322,89.8,63,4,89.8,r-gdumb_sl12_st12_sp336_bu500_re0.5,,,,,,,,
yahoo-a1,lstm,gdumb,12,12,336,B1,1000.0,,,0.5,,,,-0.20391919518387114,-0.11685694423172603,0.20391919518387114,0.7160873893573767,0.5992438186273896,0.8834677033775704,4,6,6,0.8527,0.8259,0.5407,0.6451,0.3685,0.8267,0.5567,0.6451,0.0001578645406988,0.0002384927328717,0.0001084063280089,0.0001300864048628,78.1,56,4,78.1,r-gdumb_sl12_st12_sp336_bu1000_re0.5,,,,,,,,
yahoo-a1,lstm,gdumb,12,12,336,B1,50.0,,,,,,,-0.2328732024636241,-0.12725572922629028,0.2328732024636241,0.7143469414931798,0.5808489138215932,0.8834677033775704,4,6,6,0.8527,0.8283,0.5275,0.6489,0.3159,0.8276,0.5311,0.6489,0.0001372183167459,0.0002073015967735,9.422851649449312e-05,0.000113073080279,67.8,59,4,67.9,r-gdumb_sl12_st12_sp336_bu50,,,,,,,,
yahoo-a1,lstm,gdumb,12,12,336,B1,50.0,,,0.3,,,,-0.1911052854100493,-0.11515128165006566,0.1911052854100493,0.7230966953150968,0.6242589152261999,0.8834677033775704,4,6,6,0.8527,0.8374,0.5578,0.6445,0.4163,0.8355,0.6007,0.6445,0.0001555785207334,0.0002350391444563,0.0001068365284164,0.0001282026160399,76.9,63,4,76.9,r-gdumb_sl12_st12_sp336_bu50_re0.3,,,,,,,,
yahoo-a1,lstm,derpp,12,12,336,B1,50.0,,,0.5,,0.5,0.5,-0.1627077616543945,-0.09838494758470556,0.1627077616543945,0.7464346039185992,0.6663168551418959,0.8834677033775704,4,6,6,0.8527,0.8553,0.6368,0.6409,0.5262,0.826,0.6722,0.6409,0.0002984921148564,0.0004509448410494,0.0002049758738986,0.0002459689671507,147.6,83,4,147.6,r-derpp_sl12_st12_sp336_bu50_re0.5_al0.5_te0.5,,,,,,,,
yahoo-a1,lstm,derpp,12,12,336,B1,100.0,,,0.5,,0.5,0.5,-0.22993908219548798,-0.11318340662550504,0.22993908219548798,0.720633245332491,0.5823013927273651,0.8834677033775704,4,6,6,0.8527,0.8451,0.5373,0.6475,0.322,0.8324,0.5273,0.6475,0.0002315883979737,0.0003498705262729,0.0001590327429391,0.0001908377833338,114.5,64,4,114.5,r-derpp_sl12_st12_sp336_bu100_re0.5_al0.5_te0.5,,,,,,,,
yahoo-a1,lstm,derpp,12,12,336,B1,250.0,,,0.5,,0.5,0.5,-0.19193942344691214,-0.1059071343154566,0.19193942344691206,0.7230928490436701,0.596936746560384,0.8834677033775704,4,6,6,0.8527,0.83,0.5717,0.638,0.3671,0.8365,0.5461,0.638,0.0001983442533924,0.0002996471711224,0.0001362039614003,0.0001634432097221,98.1,52,4,98.1,r-derpp_sl12_st12_sp336_bu250_re0.5_al0.5_te0.5,,,,,,,,
yahoo-a1,lstm,derpp,12,12,336,B1,500.0,,,0.5,,0.5,0.5,-0.19975238090130476,-0.10846372355629104,0.19975238090130476,0.7213530532957889,0.601307667983872,0.8834677033775704,4,6,6,0.8527,0.8368,0.543,0.653,0.3775,0.8332,0.5416,0.653,0.0002269166663898,0.0003428127409859,0.0001558245808468,0.0001869881601391,112.2,57,4,112.2,r-derpp_sl12_st12_sp336_bu500_re0.5_al0.5_te0.5,,,,,,,,
yahoo-a1,lstm,derpp,12,12,336,B1,1000.0,,,0.5,,0.5,0.5,-0.18421805789145615,-0.10028806511359684,0.18421805789145615,0.716618972200601,0.5997516050371002,0.8834677033775704,4,6,6,0.8527,0.8262,0.5419,0.6457,0.3782,0.8281,0.547,0.6457,0.0001927559440486,0.0002912046724991,0.0001323664052069,0.0001588382672922,95.3,52,4,95.3,r-derpp_sl12_st12_sp336_bu1000_re0.5_al0.5_te0.5,,,,,,,,
yahoo-a1,lstm,derpp,12,12,336,B1,50.0,,,,,0.5,0.5,-0.1960993284590747,-0.11509787586980287,0.1960993284590747,0.7093815249431235,0.5992041704623525,0.8834677033775704,4,6,6,0.8527,0.8244,0.5334,0.6271,0.3799,0.8218,0.5681,0.6271,0.0001761279750081,0.0002660840864509,0.0001209478823513,0.0001451362040995,87.1,58,4,87.1,r-derpp_sl12_st12_sp336_bu50_al0.5_te0.5,,,,,,,,
yahoo-a1,lstm,derpp,12,12,336,B1,50.0,,,0.3,,0.5,0.5,-0.1657218036079042,-0.10112233403561642,0.1657218036079042,0.7316936928283949,0.6389820043911176,0.8834677033775704,4,6,6,0.8527,0.8361,0.6007,0.6373,0.467,0.8233,0.6284,0.6373,0.0002297729657666,0.0003471278749688,0.0001577861921887,0.00018934168278,113.6,65,4,113.6,r-derpp_sl12_st12_sp336_bu50_re0.3_al0.5_te0.5,,,,,,,,
yahoo-a1,lstm,derpp,12,12,336,B1,50.0,,,0.5,,0.1,0.5,-0.1589112876724584,-0.10380406695376947,0.1589112876724584,0.7346936600993058,0.656076534155983,0.8834677033775704,4,6,6,0.8527,0.8371,0.6071,0.6419,0.5057,0.8247,0.652,0.6419,0.0002562416291645,0.0003871152200768,0.0001759624346618,0.0002111527854149,126.7,75,4,126.7,r-derpp_sl12_st12_sp336_bu50_re0.5_al0.1_te0.5,,,,,,,,
yahoo-a1,lstm,derpp,12,12,336,B1,50.0,,,0.5,,1.0,0.5,-0.17043286594614834,-0.09595758962566664,0.17043286594614834,0.7562976632940738,0.6704181546099223,0.8834677033775704,4,6,6,0.8527,0.861,0.6728,0.6388,0.534,0.8356,0.6734,0.6388,0.0003022909791398,0.0004566839482658,0.0002075844593772,0.0002490994888885,149.5,87,4,149.5,r-derpp_sl12_st12_sp336_bu50_re0.5_al1.0_te0.5,,,,,,,,
yahoo-a1,lstm,derpp,12,12,336,B1,50.0,,,0.5,,0.5,0.1,-0.18692985208912302,-0.10536818958136297,0.18692985208912302,0.7415938662698245,0.6403219554408351,0.8834677033775704,4,6,6,0.8527,0.8454,0.6295,0.6388,0.4593,0.8326,0.6307,0.6388,0.0002875633876882,0.0004344343441535,0.0001974710240779,0.0002369633200756,142.2,86,4,142.2,r-derpp_sl12_st12_sp336_bu50_re0.5_al0.5_te0.1,,,,,,,,
yahoo-a1,lstm,derpp,12,12,336,B1,50.0,,,0.5,,0.5,1.0,-0.14796295697334402,-0.08972585884626004,0.14796295697334402,0.7494186187770566,0.665289205926344,0.8834677033775704,4,6,6,0.8527,0.8506,0.6548,0.6397,0.5273,0.827,0.6672,0.6397,0.0002683834370216,0.0004054583700015,0.0001843003982645,0.0002211579717369,132.7,76,4,132.7,r-derpp_sl12_st12_sp336_bu50_re0.5_al0.5_te1.0,,,,,,,,
yahoo-a1,lstm,gdumb,6,6,336,B2,50.0,,,0.5,,,,-0.11733773249978312,-0.05431343223858981,0.11733773249978312,0.7523821069128438,0.6812820063316258,0.8750706110619904,4,6,6,0.807,0.8751,0.7007,0.6268,0.5243,0.8673,0.7067,0.6268,0.0001992208943871,0.0003009715502746,0.0001368059725662,0.0001641655777084,98.5,70,4,98.5,r-gdumb_sl6_st6_sp336_bu50_re0.5,,,,,,,,
yahoo-a1,lstm,derpp,6,6,336,B2,50.0,,,0.5,,0.5,0.5,-0.12633489131870057,-0.05583487959276808,0.12633489131870057,0.7611402648368786,0.6831243463625415,0.8660109048040083,4,6,6,0.807,0.866,0.7437,0.6279,0.5454,0.8487,0.7105,0.6279,0.0002250638794798,0.0003400136563299,0.0001545525235505,0.0001854611327794,111.3,53,4,111.3,r-derpp_sl6_st6_sp336_bu50_re0.5_al0.5_te0.5,,,,,,,,
yahoo-a1,lstm,gdumb,8,8,336,B2,50.0,,,0.5,,,,-0.18899873136931808,-0.08552537760710728,0.1889987313693181,0.7036494217772706,0.5897508909327367,0.8640140734116122,4,6,6,0.7944,0.84,0.5921,0.5881,0.3475,0.8411,0.5823,0.5881,0.0002457666187018,0.0003712901724692,0.0001687690404534,0.0002025211320157,121.5,94,4,121.5,r-gdumb_sl8_st8_sp336_bu50_re0.5,,,,,,,,
yahoo-a1,lstm,derpp,8,8,336,B2,50.0,,,0.5,,0.5,0.5,-0.16899931284404224,-0.05926242071764239,0.16899931284404224,0.7340467142611249,0.6088970887715414,0.8640140734116122,4,6,6,0.7944,0.8598,0.664,0.618,0.3731,0.8396,0.6049,0.618,0.0002872370049736,0.0004339412637872,0.0001972468782979,0.0002366943854892,142.0,81,4,142.0,r-derpp_sl8_st8_sp336_bu50_re0.5_al0.5_te0.5,,,,,,,,
yahoo-a1,lstm,gdumb,10,10,336,B2,50.0,,,0.5,,,,-0.2220394328449614,-0.09999882229915985,0.2220394328449613,0.7169324979011025,0.5990978001910944,0.8725478137875899,4,6,6,0.8026,0.8534,0.5923,0.6195,0.3415,0.8426,0.5928,0.6195,0.0002313382642425,0.0003494926385163,0.0001588610129618,0.0001906316255545,114.4,83,4,114.4,r-gdumb_sl10_st10_sp336_bu50_re0.5,,,,,,,,
yahoo-a1,lstm,derpp,10,10,336,B2,50.0,,,0.5,,0.5,0.5,-0.18410736992135193,-0.06848103101646097,0.18410736992135188,0.7163590016538198,0.5927107472848736,0.8725478137875899,4,6,6,0.8026,0.8565,0.6088,0.5975,0.3281,0.8469,0.5982,0.5975,0.0002942377423109,0.0004445175779632,0.0002020541806711,0.0002424633972921,145.5,76,4,145.5,r-derpp_sl10_st10_sp336_bu50_re0.5_al0.5_te0.5,,,,,,,,
yahoo-a1,lstm,gdumb,16,16,336,B2,50.0,,,0.5,,,,-0.18605700176717588,-0.09621341269912305,0.18605700176717588,0.7115284525587433,0.602504604267341,0.869554180548945,4,6,6,0.7787,0.8685,0.5372,0.6617,0.3717,0.8391,0.5375,0.6617,0.0002309354073549,0.0003488840253365,0.0001585843691557,0.0001902996561808,114.2,82,4,114.2,r-gdumb_sl16_st16_sp336_bu50_re0.5,,,,,,,,
yahoo-a1,lstm,derpp,16,16,336,B2,50.0,,,0.5,,0.5,0.5,-0.16123427867072174,-0.08375579277046813,0.16123427867072174,0.7189041955611719,0.6164269957292007,0.869554180548945,4,6,6,0.7787,0.8662,0.5718,0.6589,0.394,0.8495,0.5634,0.6589,0.0002732709099127,0.0004128420849351,0.0001876562604189,0.0002251858245162,135.1,71,4,135.1,r-derpp_sl16_st16_sp336_bu50_re0.5_al0.5_te0.5,,,,,,,,
yahoo-a1,lstm,gdumb,24,24,336,B2,50.0,,,0.5,,,,-0.20964368754968868,-0.09937329951523304,0.20964368754968868,0.7952676538720903,0.6541701797310431,0.9196586728302847,4,6,6,0.9082,0.8853,0.6672,0.7203,0.4517,0.8542,0.5904,0.7203,0.0002312911352058,0.0003494214386591,0.0001588287511581,0.0001905926875009,114.4,81,4,114.4,r-gdumb_sl24_st24_sp336_bu50_re0.5,,,,,,,,
yahoo-a1,lstm,derpp,24,24,336,B2,50.0,,,0.5,,0.5,0.5,-0.19359715138052905,-0.09519630701034215,0.19359715138052905,0.7940527061970181,0.6731394677837008,0.9196586728302847,4,6,6,0.9082,0.8929,0.6363,0.7388,0.4904,0.853,0.6104,0.7388,0.0002957179337642,0.0004467537666811,0.0002030707548055,0.0002436830118756,146.2,88,4,146.2,r-derpp_sl24_st24_sp336_bu50_re0.5_al0.5_te0.5,,,,,,,,
yahoo-a1,lstm,gdumb,12,12,168,B5,50.0,,,0.5,,,,-0.008895527277830328,-0.11655705457938179,0.008895527277830328,0.820580972742955,0.8121594724569781,0.9899377334993773,8,28,28,0.9764,0.9769,0.9821,0.8493,0.9648,0.9774,0.981,0.8608,0.0001729313038559,0.0002612547382275,0.0001187528012139,0.0001425019370135,85.5,93,8,85.5,r-gdumb_sl12_st12_sp168_bu50_re0.5,0.6514,0.6603,0.922,0.5463,0.5823,0.6628,0.9219,0.5463
yahoo-a1,lstm,derpp,12,12,168,B5,50.0,,,0.5,,0.5,0.5,-0.010423068360481094,-0.10427776199448512,0.010423068360481094,0.8392734466900884,0.8306123831590584,0.9899377334993773,8,28,28,0.9764,0.9767,0.9828,0.9238,0.9632,0.9706,0.982,0.9138,0.0002473820011997,0.0003737306000968,0.0001698784755808,0.000203852124516,122.3,93,8,122.3,r-derpp_sl12_st12_sp168_bu50_re0.5_al0.5_te0.5,0.6953,0.6715,0.9081,0.5795,0.6422,0.6844,0.9092,0.5795
yahoo-a1,tcn,gdumb,12,12,336,B1,50.0,,,0.5,,,,-0.21749177204441397,-0.09067848869252691,0.21749177204441397,0.7153469502592744,0.552057542078733,0.879670337167574,4,6,6,0.7988,0.8509,0.6013,0.6104,0.2839,0.8315,0.4824,0.6104,0.000208145054433,0.0003144536616375,0.0001429341021957,0.0001715195594417,102.9,60,4,102.9,r-gdumb_sl12_st12_sp336_bu50_re0.5,,,,,,,,
yahoo-a1,tcn,gdumb,12,12,336,B1,100.0,,,0.5,,,,-0.23223708108694996,-0.12331275439032306,0.23223708108694996,0.6859801853966551,0.5454750897330938,0.879670337167574,4,6,6,0.7988,0.8514,0.4888,0.6049,0.2896,0.8028,0.4846,0.6049,0.0002121785213415,0.0003205471931025,0.000145703861226,0.0001748433318765,104.9,61,4,104.9,r-gdumb_sl12_st12_sp336_bu100_re0.5,,,,,,,,
yahoo-a1,tcn,gdumb,12,12,336,B1,250.0,,,0.5,,,,-0.2108555359739757,-0.11210784853748519,0.21085553597397566,0.682361961242909,0.540221555633287,0.879670337167574,4,6,6,0.7988,0.8473,0.4845,0.5989,0.2828,0.7912,0.488,0.5989,0.0002229468037262,0.0003368152991818,0.0001530986836238,0.0001837166155579,110.2,49,4,110.2,r-gdumb_sl12_st12_sp336_bu250_re0.5,,,,,,,,
yahoo-a1,tcn,gdumb,12,12,336,B1,500.0,,,0.5,,,,-0.2194855336486458,-0.11365412172051209,0.2194855336486458,0.6830986151951435,0.5299270554940956,0.879670337167574,4,6,6,0.7988,0.8396,0.4916,0.6025,0.2531,0.8075,0.4567,0.6025,8.652685469674496e-05,0.0001307198307616,5.941841701278464e-05,7.130141374887899e-05,42.8,46,4,42.8,r-gdumb_sl12_st12_sp336_bu500_re0.5,,,,,,,,
yahoo-a1,tcn,gdumb,12,12,336,B1,1000.0,,,0.5,,,,-0.23380577101965574,-0.12639694494441436,0.23380577101965574,0.6815059674916677,0.5283047072931937,0.879670337167574,4,6,6,0.7988,0.8339,0.4987,0.5946,0.2616,0.7962,0.4608,0.5946,0.0002255370419974,0.0003407284832404,0.0001548774765028,0.0001858510067375,111.5,53,4,111.5,r-gdumb_sl12_st12_sp336_bu1000_re0.5,,,,,,,,
yahoo-a1,tcn,gdumb,12,12,336,B1,50.0,,,,,,,-0.27480061991989035,-0.14584195925984983,0.27480061991989035,0.6700978588242728,0.5157302937003159,0.879670337167574,4,6,6,0.7988,0.8281,0.4638,0.5897,0.2504,0.7769,0.4459,0.5897,0.000125986068708,0.0001903325578812,8.651527690946952e-05,0.0001038172809717,62.3,41,4,62.3,r-gdumb_sl12_st12_sp336_bu50,,,,,,,,
yahoo-a1,tcn,gdumb,12,12,336,B1,50.0,,,0.3,,,,-0.23262804457661726,-0.12467369482042229,0.23262804457661726,0.6958652767148935,0.5510769260230421,0.879670337167574,4,6,6,0.7988,0.8488,0.5176,0.6182,0.2886,0.8104,0.487,0.6182,0.0002372717501526,0.000358456610184,0.0001629355115751,0.0001955210986089,117.3,55,4,117.3,r-gdumb_sl12_st12_sp336_bu50_re0.3,,,,,,,,
yahoo-a1,tcn,derpp,12,12,336,B1,50.0,,,0.5,,0.5,0.5,-0.19660523449084413,-0.12621933557190881,0.19660523449084413,0.6850673154552771,0.5809644764437164,0.879670337167574,4,6,6,0.7988,0.8467,0.5188,0.5759,0.3576,0.8233,0.5671,0.5759,0.0001134820022941,0.0001714421284163,7.79287006376156e-05,9.351342777876804e-05,56.1,53,4,56.1,r-derpp_sl12_st12_sp336_bu50_re0.5_al0.5_te0.5,,,,,,,,
yahoo-a1,tcn,derpp,12,12,336,B1,100.0,,,0.5,,0.5,0.5,-0.20338331214312075,-0.09615384751367667,0.20338331214312075,0.7125637315235513,0.5487492068758322,0.879670337167574,4,6,6,0.7988,0.8483,0.6081,0.5951,0.2928,0.8203,0.4868,0.5951,0.000230264929954,0.0003478711063685,0.0001581239053248,0.0001897472010436,113.9,52,4,113.9,r-derpp_sl12_st12_sp336_bu100_re0.5_al0.5_te0.5,,,,,,,,
yahoo-a1,tcn,derpp,12,12,336,B1,250.0,,,0.5,,0.5,0.5,-0.1831757036668873,-0.07420098876175708,0.1831757036668873,0.7117724077439166,0.5757404187204214,0.879670337167574,4,6,6,0.7988,0.8533,0.5708,0.6242,0.3246,0.8182,0.536,0.6242,0.0002512767378565,0.0003796145458201,0.0001725529570016,0.0002070615888185,124.2,52,4,124.3,r-derpp_sl12_st12_sp336_bu250_re0.5_al0.5_te0.5,,,,,,,,
yahoo-a1,tcn,derpp,12,12,336,B1,500.0,,,0.5,,0.5,0.5,-0.1964452037435788,-0.08158137238931712,0.1964452037435788,0.7140066223372923,0.5443259539148706,0.879670337167574,4,6,6,0.7988,0.8352,0.6168,0.6052,0.2889,0.7978,0.4854,0.6052,0.000224821438376,0.0003396473901554,0.0001543858572381,0.0001852615329173,111.2,45,4,111.2,r-derpp_sl12_st12_sp336_bu500_re0.5_al0.5_te0.5,,,,,,,,
yahoo-a1,tcn,derpp,12,12,336,B1,1000.0,,,0.5,,0.5,0.5,-0.20035547078948146,-0.09340135569078306,0.20035547078948146,0.7012668087195372,0.5468851227518363,0.879670337167574,4,6,6,0.7988,0.8431,0.55,0.6132,0.281,0.8156,0.4777,0.6132,0.0001581162976777,0.0002388730729382,0.0001085791818273,0.0001302938911109,78.2,43,4,78.2,r-derpp_sl12_st12_sp336_bu1000_re0.5_al0.5_te0.5,,,,,,,,
yahoo-a1,tcn,derpp,12,12,336,B1,50.0,,,,,0.5,0.5,-0.20359158669597063,-0.10335051201990482,0.20359158669597063,0.6945831481844389,0.5656976327814205,0.879670337167574,4,6,6,0.7988,0.8603,0.5104,0.6088,0.3214,0.822,0.5106,0.6088,0.0002130248715583,0.0003218258106771,0.0001462853358819,0.0001755404747952,105.3,43,4,105.3,r-derpp_sl12_st12_sp336_bu50_al0.5_te0.5,,,,,,,,
yahoo-a1,tcn,derpp,12,12,336,B1,50.0,,,0.3,,0.5,0.5,-0.18919008191556616,-0.09034272248695306,0.18919008191556616,0.703934726362136,0.5647176437403234,0.879670337167574,4,6,6,0.7988,0.8582,0.5668,0.5919,0.3316,0.8152,0.5202,0.5919,0.0002106910823542,0.000318300055224,0.0001446824815408,0.0001736175736831,104.2,46,4,104.2,r-derpp_sl12_st12_sp336_bu50_re0.3_al0.5_te0.5,,,,,,,,
yahoo-a1,tcn,derpp,12,12,336,B1,50.0,,,0.5,,0.1,0.5,-0.2151626701235232,-0.10926886830278552,0.2151626701235232,0.7071718452783411,0.5520506318194287,0.879670337167574,4,6,6,0.7988,0.8529,0.5788,0.5982,0.3039,0.8176,0.4884,0.5982,0.0002302867796965,0.0003479041157117,0.0001581390175903,0.0001897650981213,113.9,49,4,113.9,r-derpp_sl12_st12_sp336_bu50_re0.5_al0.1_te0.5,,,,,,,,
yahoo-a1,tcn,derpp,12,12,336,B1,50.0,,,0.5,,1.0,0.5,-0.1942710578842793,-0.11950806421636685,0.1942710578842793,0.6872540789623496,0.5767325469721839,0.879670337167574,4,6,6,0.7988,0.8458,0.5369,0.5675,0.3595,0.8222,0.5576,0.5675,0.0002368894170139,0.0003578790031121,0.0001626729885989,0.0001952060145131,117.1,53,4,117.1,r-derpp_sl12_st12_sp336_bu50_re0.5_al1.0_te0.5,,,,,,,,
yahoo-a1,tcn,derpp,12,12,336,B1,50.0,,,0.5,,0.5,0.1,-0.1998700951301128,-0.11645527554393965,0.1998700951301128,0.6947616233138025,0.5742332962532813,0.879670337167574,4,6,6,0.7988,0.8471,0.5534,0.5797,0.3526,0.8225,0.5422,0.5797,0.0002229749293292,0.0003368577897366,0.0001531179537628,0.0001837398359738,110.2,56,4,110.3,r-derpp_sl12_st12_sp336_bu50_re0.5_al0.5_te0.1,,,,,,,,
yahoo-a1,tcn,derpp,12,12,336,B1,50.0,,,0.5,,0.5,1.0,-0.19563905313793195,-0.10174383121490753,0.19563905313793192,0.7168366049248144,0.5884412018986579,0.879670337167574,4,6,6,0.7988,0.8575,0.6276,0.5834,0.3619,0.8331,0.5753,0.5834,0.000248772875351,0.0003758318533356,0.000170833438889,0.0002049984144465,123.0,56,4,123.0,r-derpp_sl12_st12_sp336_bu50_re0.5_al0.5_te1.0,,,,,,,,
yahoo-a1,tcn,gdumb,6,6,336,B2,50.0,,,0.5,,,,-0.13359261681651585,-0.06624002572876418,0.13359261681651585,0.793878355053029,0.6869627479509421,0.9175769861380235,4,6,6,0.9066,0.8638,0.7985,0.6066,0.5545,0.8665,0.7203,0.6066,0.0002378618983542,0.0003593481723851,0.0001633408929395,0.0001960072794455,117.6,66,4,117.6,r-gdumb_sl6_st6_sp336_bu50_re0.5,,,,,,,,
yahoo-a1,tcn,derpp,6,6,336,B2,50.0,,,0.5,,0.5,0.5,-0.1173401597055938,-0.07451761808802025,0.1173401597055938,0.7825563006263673,0.6945190770223276,0.9175769861380235,4,6,6,0.9066,0.8624,0.7544,0.6069,0.5887,0.8538,0.7286,0.6069,0.0002527922373263,0.000381904075873,0.0001735936768501,0.0002083103990228,125.0,49,4,125.0,r-derpp_sl6_st6_sp336_bu50_re0.5_al0.5_te0.5,,,,,,,,
yahoo-a1,tcn,gdumb,8,8,336,B2,50.0,,,0.5,,,,-0.20582541026811843,-0.09090111230716348,0.20582541026811843,0.7028053806291129,0.5597231728682218,0.8494969644405899,4,6,6,0.74,0.8294,0.6606,0.5813,0.3148,0.8112,0.5316,0.5813,0.000223712952515,0.0003379727530192,0.0001536248064211,0.000184347946598,110.6,51,4,110.6,r-gdumb_sl8_st8_sp336_bu50_re0.5,,,,,,,,
yahoo-a1,tcn,derpp,8,8,336,B2,50.0,,,0.5,,0.5,0.5,-0.08058348698979459,-0.02232862298378026,0.08058348698979459,0.7372718463875771,0.6437834066563615,0.8494969644405899,4,6,6,0.74,0.8291,0.7632,0.6167,0.4796,0.8141,0.6647,0.6167,0.0002059294894816,0.0003111065126338,0.0001414128027759,0.0001696937098579,101.8,52,4,101.8,r-derpp_sl8_st8_sp336_bu50_re0.5_al0.5_te0.5,,,,,,,,
yahoo-a1,tcn,gdumb,10,10,336,B2,50.0,,,0.5,,,,-0.15894392549419742,-0.06587507105157131,0.15894392549419742,0.7099395142518257,0.5597610552848435,0.8692022547212048,4,6,6,0.7606,0.8342,0.6256,0.6194,0.2931,0.8126,0.514,0.6194,0.0002266843269298,0.000342461735798,0.0001556651592015,0.0001867965765964,112.1,51,4,112.1,r-gdumb_sl10_st10_sp336_bu50_re0.5,,,,,,,,
yahoo-a1,tcn,derpp,10,10,336,B2,50.0,,,0.5,,0.5,0.5,-0.15563360959216593,-0.06256587050707992,0.15563360959216593,0.7280149144917878,0.5775786180266644,0.8692022547212048,4,6,6,0.7606,0.8467,0.6906,0.6142,0.3364,0.8225,0.5372,0.6142,0.0002330143057653,0.0003520247063347,0.0001600120266802,0.0001920126796544,115.2,46,4,115.2,r-derpp_sl10_st10_sp336_bu50_re0.5_al0.5_te0.5,,,,,,,,
yahoo-a1,tcn,gdumb,16,16,336,B2,50.0,,,0.5,,,,-0.06750202603117848,-0.038706669025881234,0.06750202603117848,0.7194642864383332,0.6588152049229232,0.9078509623012241,4,6,6,0.6917,0.8801,0.6655,0.6405,0.5055,0.8728,0.6164,0.6405,5.4427171828054686e-05,8.222546300954289e-05,3.7375423147912245e-05,4.485003986163065e-05,26.9,60,4,26.9,r-gdumb_sl16_st16_sp336_bu50_re0.5,,,,,,,,
yahoo-a1,tcn,derpp,16,16,336,B2,50.0,,,0.5,,0.5,0.5,-0.09421016103979259,-0.04975539648527035,0.09421016103979259,0.7147995551744641,0.6369459537169957,0.9078509623012241,4,6,6,0.6917,0.8832,0.6228,0.6615,0.4351,0.8748,0.5764,0.6615,0.0002658697381673,0.000401660817323,0.0001825758970452,0.0002190849202778,131.5,67,4,131.5,r-derpp_sl16_st16_sp336_bu50_re0.5_al0.5_te0.5,,,,,,,,
yahoo-a1,tcn,gdumb,24,24,336,B2,50.0,,,0.5,,,,-0.11750316873344095,-0.07239712864484614,0.11750316873344095,0.6424112161321816,0.5498265248373635,0.8262484802537453,4,6,6,0.5963,0.8262,0.5095,0.6375,0.3466,0.7587,0.4564,0.6375,0.0001768102042912,0.0002671147594916,0.0001214164042819,0.0001456983552097,87.4,66,4,87.4,r-gdumb_sl24_st24_sp336_bu50_re0.5,,,,,,,,
yahoo-a1,tcn,derpp,24,24,336,B2,50.0,,,0.5,,0.5,0.5,-0.08650427154273171,-0.005037537452078984,0.08650427154273171,0.6915749018539813,0.592281503559998,0.8628686441774068,4,6,6,0.5963,0.8629,0.6261,0.681,0.365,0.8143,0.5088,0.681,0.0002261968788936,0.0003417253271417,0.0001553304865154,0.0001863948406263,111.8,70,4,111.9,r-derpp_sl24_st24_sp336_bu50_re0.5_al0.5_te0.5,,,,,,,,
yahoo-a1,tcn,gdumb,12,12,168,B5,50.0,,,0.5,,,,-0.015624000891555828,-0.05831838042376945,0.015624000891555828,0.8207819113916746,0.8099676721661857,0.9888916562889165,8,28,28,0.9823,0.9806,0.9882,0.9122,0.9732,0.9799,0.9857,0.9002,0.0001621672755399,0.0002449930589521,0.0001113611330472,0.0001336319259049,80.2,71,8,80.2,r-gdumb_sl12_st12_sp168_bu50_re0.5,0.7644,0.5796,0.7958,0.5631,0.6494,0.6158,0.8124,0.5631
yahoo-a1,tcn,derpp,12,12,168,B5,50.0,,,0.5,,0.5,0.5,-0.009972711018076872,-0.05160661042812028,0.009972711018076872,0.8266791774429484,0.8153971753307376,0.9899377334993774,8,28,28,0.9823,0.98,0.9885,0.9164,0.9735,0.9718,0.988,0.8899,0.0002364785673252,0.0003572583148649,0.0001623908072916,0.0001948675075732,116.9,72,8,116.9,r-derpp_sl12_st12_sp168_bu50_re0.5_al0.5_te0.5,0.7421,0.6232,0.799,0.5818,0.6885,0.6233,0.8064,0.5818
yahoo-a1,vgru,gdumb,12,12,336,B1,50.0,,,0.5,,,,-0.02620081182648959,-0.023532080357516878,0.02620081182648959,0.8934538294686435,0.868519045241407,0.9840241527633574,4,6,6,0.984,0.9127,0.9433,0.7338,0.9133,0.8944,0.9326,0.7338,0.0001461938785886,0.0002208613630355,0.0001003920414355,0.0001204693216,72.3,36,4,72.3,r-gdumb_sl12_st12_sp336_bu50_re0.5,,,,,,,,
yahoo-a1,vgru,gdumb,12,12,336,B1,100.0,,,0.5,,,,-0.016416723376458497,-0.01609772634886747,0.016416723376458497,0.8980203840415603,0.8800298262611422,0.9840241527633574,4,6,6,0.984,0.9169,0.9474,0.7438,0.9345,0.9009,0.9409,0.7438,0.0001519090882747,0.000229495575449,0.0001043168536458,0.0001251787218032,75.1,33,4,75.1,r-gdumb_sl12_st12_sp336_bu100_re0.5,,,,,,,,
yahoo-a1,vgru,gdumb,12,12,336,B1,250.0,,,0.5,,,,-0.014199695352075456,-0.01615715808937825,0.014199695352075456,0.8988824651252674,0.8848403358239803,0.9840241527633574,4,6,6,0.984,0.9168,0.945,0.7497,0.944,0.9042,0.9414,0.7497,0.0001511361960425,0.0002283279340024,0.0001037858890052,0.0001245420449972,74.7,37,4,74.7,r-gdumb_sl12_st12_sp336_bu250_re0.5,,,,,,,,
yahoo-a1,vgru,gdumb,12,12,336,B1,500.0,,,0.5,,,,-0.013744720691768667,-0.015420178389817149,0.013744720691768667,0.8996058288611043,0.8854079858261253,0.9840241527633574,4,6,6,0.984,0.9172,0.9464,0.7509,0.9443,0.9057,0.9408,0.7509,0.0001633915179016,0.000246842574399,0.0001122017783565,0.0001346407960425,80.8,36,4,80.8,r-gdumb_sl12_st12_sp336_bu500_re0.5,,,,,,,,
yahoo-a1,vgru,gdumb,12,12,336,B1,1000.0,,,0.5,,,,-0.016439725363341446,-0.01608047134625527,0.016439725363341446,0.8976890255744745,0.879069237566031,0.9840241527633574,4,6,6,0.984,0.9167,0.946,0.744,0.9323,0.9017,0.9382,0.744,0.0001456315541251,0.0002200118353489,0.0001000059736116,0.0001200058617372,72.0,34,4,72.0,r-gdumb_sl12_st12_sp336_bu1000_re0.5,,,,,,,,
yahoo-a1,vgru,gdumb,12,12,336,B1,50.0,,,,,,,-0.035605983740971035,-0.028145819292340297,0.035605983740971035,0.88991023291551,0.8589592311503005,0.9840241527633574,4,6,6,0.984,0.9158,0.9328,0.727,0.8944,0.8905,0.924,0.727,0.0001472695218428,0.0002224863834368,0.0001011306706583,0.0001213557127785,72.8,47,4,72.8,r-gdumb_sl12_st12_sp336_bu50,,,,,,,,
yahoo-a1,vgru,gdumb,12,12,336,B1,50.0,,,0.3,,,,-0.02889900315111049,-0.023901576431542688,0.02889900315111049,0.8934041515697954,0.8659329742250902,0.9840241527633574,4,6,6,0.984,0.9145,0.9403,0.7348,0.9084,0.8924,0.9282,0.7348,0.0001477640823646,0.0002232335372302,0.0001014702620941,0.000121763275136,73.1,43,4,73.1,r-gdumb_sl12_st12_sp336_bu50_re0.3,,,,,,,,
yahoo-a1,vgru,derpp,12,12,336,B1,50.0,,,0.5,,0.5,0.5,-0.013274204388710612,-0.013459144098667572,0.013274204388710612,0.9007604856497863,0.8878446797970021,0.9840241527633574,4,6,6,0.984,0.9177,0.9454,0.756,0.9468,0.9075,0.9411,0.756,0.0002189506093226,0.0003307780768886,0.0001503543926512,0.0001804236842373,108.3,37,4,108.3,r-derpp_sl12_st12_sp336_bu50_re0.5_al0.5_te0.5,,,,,,,,
yahoo-a1,vgru,derpp,12,12,336,B1,100.0,,,0.5,,0.5,0.5,-0.006868730754506928,-0.008328679610296189,0.006868730754506928,0.9049439591326356,0.8984692646047547,0.9848040458749395,4,6,6,0.984,0.9174,0.9477,0.7707,0.9661,0.911,0.946,0.7707,0.0002675734870286,0.0004042347438061,0.0001837439549181,0.000220490788888,132.3,45,4,132.3,r-derpp_sl12_st12_sp336_bu100_re0.5_al0.5_te0.5,,,,,,,,
yahoo-a1,vgru,derpp,12,12,336,B1,250.0,,,0.5,,0.5,0.5,-0.010074175481341615,-0.011727656163031138,0.010074175481341615,0.9023967146700715,0.8930161556077265,0.9840241527633574,4,6,6,0.984,0.9179,0.9463,0.7613,0.9583,0.909,0.9435,0.7613,0.0002248990667757,0.0003397646667086,0.0001544393119829,0.0001853253547257,111.2,43,4,111.2,r-derpp_sl12_st12_sp336_bu250_re0.5_al0.5_te0.5,,,,,,,,
yahoo-a1,vgru,derpp,12,12,336,B1,500.0,,,0.5,,0.5,0.5,-0.008129653505144552,-0.009463216698442098,0.008129653505144552,0.9041648824303723,0.8958020736000436,0.9840241527633574,4,6,6,0.984,0.9187,0.9485,0.7655,0.9622,0.9103,0.9452,0.7655,0.0002447454034898,0.0003697473788458,0.0001680678016221,0.0002016795772236,121.0,39,4,121.0,r-derpp_sl12_st12_sp336_bu500_re0.5_al0.5_te0.5,,,,,,,,
yahoo-a1,vgru,derpp,12,12,336,B1,1000.0,,,0.5,,0.5,0.5,-0.007239222340307179,-0.010048980138468444,0.007239222340307179,0.9036073923455554,0.8961419244790492,0.9840241527633574,4,6,6,0.984,0.9174,0.9478,0.7652,0.9633,0.9111,0.9449,0.7652,0.0002503702384912,0.0003782450583468,0.0001719305700816,0.0002063144882651,123.8,45,4,123.8,r-derpp_sl12_st12_sp336_bu1000_re0.5_al0.5_te0.5,,,,,,,,
yahoo-a1,vgru,derpp,12,12,336,B1,50.0,,,,,0.5,0.5,-0.01661861990545684,-0.016666764965648357,0.01661861990545684,0.8990995975780183,0.8830629834375845,0.9840241527633574,4,6,6,0.984,0.9169,0.9442,0.7513,0.9378,0.9031,0.9401,0.7513,0.000148234280414,0.0002239438855915,0.0001017931793408,0.0001221507062506,73.3,37,4,73.3,r-derpp_sl12_st12_sp336_bu50_al0.5_te0.5,,,,,,,,
yahoo-a1,vgru,derpp,12,12,336,B1,50.0,,,0.3,,0.5,0.5,-0.01302726355999545,-0.014656787517124903,0.01302726355999545,0.9007812784368937,0.889110237981236,0.9840241527633574,4,6,6,0.984,0.9172,0.9454,0.7565,0.9506,0.9079,0.9414,0.7565,0.0002222599852709,0.0003357776930819,0.0001526270082181,0.0001831506848637,109.9,46,4,109.9,r-derpp_sl12_st12_sp336_bu50_re0.3_al0.5_te0.5,,,,,,,,
yahoo-a1,vgru,derpp,12,12,336,B1,50.0,,,0.5,,0.1,0.5,-0.012055438940404395,-0.013587404453242117,0.012055438940404395,0.9017126892907135,0.8905414250138304,0.9840241527633574,4,6,6,0.984,0.9176,0.9458,0.7595,0.9525,0.9081,0.9421,0.7595,0.0002511455256531,0.0003794163179164,0.0001724629163198,0.0002069534015965,124.2,42,4,124.2,r-derpp_sl12_st12_sp336_bu50_re0.5_al0.1_te0.5,,,,,,,,
yahoo-a1,vgru,derpp,12,12,336,B1,50.0,,,0.5,,1.0,0.5,-0.013048080041816845,-0.015057018980740411,0.013048080041816845,0.9004118516790361,0.8881899865500402,0.9840241527633574,4,6,6,0.984,0.9161,0.9453,0.7563,0.9474,0.9079,0.9412,0.7563,0.0002312406963824,0.0003493452385651,0.0001587940228009,0.0001905512157641,114.3,39,4,114.3,r-derpp_sl12_st12_sp336_bu50_re0.5_al1.0_te0.5,,,,,,,,
yahoo-a1,vgru,derpp,12,12,336,B1,50.0,,,0.5,,0.5,0.1,-0.01798064151555484,-0.01667612808411469,0.01798064151555484,0.8983192919993208,0.8807007328964618,0.9840241527633574,4,6,6,0.984,0.9173,0.9433,0.7486,0.9332,0.9036,0.9374,0.7486,0.0002153135574405,0.0003252834266073,0.0001478568360526,0.0001774265905547,106.5,37,4,106.5,r-derpp_sl12_st12_sp336_bu50_re0.5_al0.5_te0.1,,,,,,,,
yahoo-a1,vgru,derpp,12,12,336,B1,50.0,,,0.5,,0.5,1.0,-0.008938946775870057,-0.010244758749424024,0.008938946775870057,0.9034916281093903,0.8950091834637468,0.9840241527633574,4,6,6,0.984,0.9184,0.9465,0.765,0.9599,0.911,0.9442,0.765,0.0002412153861756,0.0003644144302772,0.0001656437069436,0.0001987707233335,119.3,43,4,119.3,r-derpp_sl12_st12_sp336_bu50_re0.5_al0.5_te1.0,,,,,,,,
yahoo-a1,vgru,gdumb,6,6,336,B2,50.0,,,0.5,,,,-0.016706504344083845,-0.01686846939322754,0.016706504344083845,0.8993097940249161,0.8832221963585825,0.9857812460411969,4,6,6,0.9858,0.9238,0.9468,0.7408,0.9445,0.9045,0.9431,0.7408,0.0001232489881198,0.0001861975328357,8.463586533649101e-05,0.0001015616674992,60.9,31,4,61.0,r-gdumb_sl6_st6_sp336_bu50_re0.5,,,,,,,,
yahoo-a1,vgru,derpp,6,6,336,B2,50.0,,,0.5,,0.5,0.5,-0.009614643246939706,-0.013763396398396058,0.009614643246939706,0.9023330741475818,0.8936041668096479,0.9857812460411969,4,6,6,0.9858,0.9235,0.9475,0.7526,0.9631,0.9134,0.9454,0.7526,0.000194888723657,0.0002944267541342,0.0001338311484387,0.0001605956056954,96.4,32,4,96.3,r-derpp_sl6_st6_sp336_bu50_re0.5_al0.5_te0.5,,,,,,,,
yahoo-a1,vgru,gdumb,8,8,336,B2,50.0,,,0.5,,,,-0.01758254577661089,-0.014805701517291473,0.01758254577661089,0.8999400737559397,0.8796001917960333,0.9855737933022248,4,6,6,0.9856,0.9296,0.948,0.7365,0.9346,0.9064,0.9408,0.7365,0.0001339463066443,0.0002023584307677,9.198158403095377e-05,0.0001103768467367,66.2,33,4,66.2,r-gdumb_sl8_st8_sp336_bu50_re0.5,,,,,,,,
yahoo-a1,vgru,derpp,8,8,336,B2,50.0,,,0.5,,0.5,0.5,-0.00625251221463724,-0.008074096345118834,0.00625251221463724,0.9076327792488437,0.9006809123555328,0.9855737933022248,4,6,6,0.9856,0.9296,0.9511,0.7643,0.9694,0.9207,0.9483,0.7643,0.0002515832746544,0.0003800776441088,0.0001727634732048,0.0002073141709039,124.4,40,4,124.5,r-derpp_sl8_st8_sp336_bu50_re0.5_al0.5_te0.5,,,,,,,,
yahoo-a1,vgru,gdumb,10,10,336,B2,50.0,,,0.5,,,,-0.026214736633886276,-0.025979118197227313,0.026214736633886276,0.8925526693859275,0.8654548621916073,0.9849598034292624,4,6,6,0.985,0.9157,0.9457,0.7239,0.9071,0.8977,0.933,0.7239,0.0001504957286504,0.0002273603524419,0.0001033460638311,0.0001240142886107,74.4,37,4,74.4,r-gdumb_sl10_st10_sp336_bu50_re0.5,,,,,,,,
yahoo-a1,vgru,derpp,10,10,336,B2,50.0,,,0.5,,0.5,0.5,-0.0026278694641772384,-0.004074902346802782,0.0026278694641772384,0.9090303601725164,0.9053953137768754,0.9870317916116168,4,6,6,0.985,0.9256,0.9517,0.7739,0.9777,0.9195,0.9506,0.7739,0.0002164964886368,0.0003270705315047,0.0001486692896985,0.0001784012418061,107.0,35,4,107.1,r-derpp_sl10_st10_sp336_bu50_re0.5_al0.5_te0.5,,,,,,,,
yahoo-a1,vgru,gdumb,16,16,336,B2,50.0,,,0.5,,,,-0.024920660172385367,-0.02111334405648581,0.024920660172385367,0.9000179669003379,0.8740477776667589,0.9846430630838428,4,6,6,0.9846,0.923,0.9402,0.7522,0.9139,0.9025,0.9276,0.7522,0.0001725261995665,0.0002606427298014,0.0001184744412616,0.0001421682885397,85.3,36,4,85.3,r-gdumb_sl16_st16_sp336_bu50_re0.5,,,,,,,,
yahoo-a1,vgru,derpp,16,16,336,B2,50.0,,,0.5,,0.5,0.5,-0.004994998636519883,-0.006860208670041316,0.004994998636519883,0.911462380796223,0.9057390385374575,0.9846430630838428,4,6,6,0.9846,0.9247,0.9499,0.7866,0.9702,0.9198,0.9463,0.7866,0.0002568413720165,0.0003880212773279,0.0001763742307291,0.0002116470465987,127.0,40,4,127.0,r-derpp_sl16_st16_sp336_bu50_re0.5_al0.5_te0.5,,,,,,,,
yahoo-a1,vgru,gdumb,24,24,336,B2,50.0,,,0.5,,,,-0.011250026401732505,-0.009517625781853908,0.011250026401732505,0.912174048211234,0.9015387912711987,0.9824427798585103,4,6,6,0.9824,0.9269,0.9454,0.7939,0.9528,0.9174,0.942,0.7939,0.0002129957186928,0.0003217817681928,0.0001462651024294,0.0001755166657633,105.3,39,4,105.3,r-gdumb_sl24_st24_sp336_bu50_re0.5,,,,,,,,
yahoo-a1,vgru,derpp,24,24,336,B2,50.0,,,0.5,,0.5,0.5,-0.005516979525708732,-0.0042060760356335365,0.005516979525708732,0.915258222246105,0.9087384432347363,0.9854681647940075,4,6,6,0.9824,0.9273,0.9472,0.8041,0.965,0.9215,0.9444,0.8041,0.0002496285810971,0.0003771246047098,0.0001714212257505,0.0002057033789592,123.4,39,4,123.4,r-derpp_sl24_st24_sp336_bu50_re0.5_al0.5_te0.5,,,,,,,,
yahoo-a1,vgru,gdumb,12,12,168,B5,50.0,,,0.5,,,,0.003511742710858539,0.003990837025387899,-0.003511742710858539,0.9625728786895331,0.9647716585345252,0.9997509339975094,8,28,28,0.9641,0.9924,0.9997,0.9915,0.9842,0.987,0.9998,0.9924,0.0001575887815387,0.0002380761316805,0.0001082170256381,0.0001298591060424,77.9,68,8,77.9,r-gdumb_sl12_st12_sp168_bu50_re0.5,0.9659,0.9376,0.9729,0.8765,0.9665,0.9372,0.9745,0.8765
yahoo-a1,vgru,derpp,12,12,168,B5,50.0,,,0.5,,0.5,0.5,0.0037624815652498194,0.002908149549164185,-0.0037624815652498194,0.961273579509192,0.9640253168698254,0.9998007471980075,8,28,28,0.9641,0.9922,0.9998,0.9921,0.9856,0.9858,0.9997,0.9926,0.0002314866222487,0.0003497167693197,0.0001589631089694,0.0001907536603502,114.5,69,8,114.5,r-derpp_sl12_st12_sp168_bu50_re0.5_al0.5_te0.5,0.9635,0.9331,0.9706,0.8748,0.9666,0.9332,0.9739,0.8748
yahoo-a1,vlstm,gdumb,12,12,336,B1,50.0,,,0.5,,,,-0.02579007381457708,-0.02253036616718564,0.02579007381457708,0.8941148525287597,0.8686338400998637,0.9843925685277245,4,6,6,0.9844,0.9158,0.9433,0.7329,0.9143,0.895,0.9323,0.7329,0.0001418842827315,0.0002143506717239,9.743255040375516e-05,0.0001169181213201,70.2,30,4,70.2,r-gdumb_sl12_st12_sp336_bu50_re0.5,,,,,,,,
yahoo-a1,vlstm,gdumb,12,12,336,B1,100.0,,,0.5,,,,-0.015249363812526931,-0.014979007412914377,0.015249363812526931,0.8991656953440745,0.8827513080889013,0.9843925685277245,4,6,6,0.9844,0.9174,0.9469,0.748,0.9384,0.9033,0.9412,0.748,0.0001491469094955,0.00022532263349,0.0001024198180006,0.0001229028154894,73.7,31,4,73.8,r-gdumb_sl12_st12_sp336_bu100_re0.5,,,,,,,,
yahoo-a1,vlstm,gdumb,12,12,336,B1,250.0,,,0.5,,,,-0.014594144249367483,-0.016470975719155474,0.014594144249367483,0.8987478662480063,0.8849057676710377,0.9843925685277245,4,6,6,0.9844,0.9158,0.9448,0.75,0.9436,0.9048,0.9411,0.75,0.000131649395354,0.0001988883883606,9.040430578946448e-05,0.0001084840825712,65.1,27,4,65.1,r-gdumb_sl12_st12_sp336_bu250_re0.5,,,,,,,,
yahoo-a1,vlstm,gdumb,12,12,336,B1,500.0,,,0.5,,,,-0.01468947508990065,-0.015432929761936406,0.01468947508990065,0.8995596955022561,0.8846786189683165,0.9843925685277245,4,6,6,0.9844,0.9169,0.9459,0.751,0.9413,0.9051,0.9414,0.751,0.0001413955364145,0.0002136123016991,9.709700364490143e-05,0.0001165152980542,69.9,28,4,69.9,r-gdumb_sl12_st12_sp336_bu500_re0.5,,,,,,,,
yahoo-a1,vlstm,gdumb,12,12,336,B1,1000.0,,,0.5,,,,-0.017525912816190554,-0.01762311592977493,0.017525912816190554,0.8978194161765707,0.8800004536498274,0.9843925685277245,4,6,6,0.9844,0.9162,0.9448,0.7459,0.9341,0.9019,0.938,0.7459,0.0001394490322566,0.0002106716343769,9.576035069702711e-05,0.0001149112836799,68.9,31,4,68.9,r-gdumb_sl12_st12_sp336_bu1000_re0.5,,,,,,,,
yahoo-a1,vlstm,gdumb,12,12,336,B1,50.0,,,,,,,-0.03731240856407051,-0.02948236220537855,0.03731240856407051,0.8888024211753437,0.8560743445048331,0.9843925685277245,4,6,6,0.9844,0.9129,0.9335,0.7245,0.8884,0.8886,0.9228,0.7245,0.0001168364574713,0.0001765098477342,8.023215439882027e-05,9.627769333543256e-05,57.8,30,4,57.8,r-gdumb_sl12_st12_sp336_bu50,,,,,,,,
yahoo-a1,vlstm,gdumb,12,12,336,B1,50.0,,,0.3,,,,-0.030673390834748016,-0.02446321255486289,0.030673390834748016,0.8929958012061019,0.8637599107148908,0.9843925685277245,4,6,6,0.9844,0.9153,0.9406,0.7316,0.902,0.8932,0.9282,0.7316,0.0001353439036726,0.000204469840545,9.294133304372532e-05,0.0001115285075013,66.9,30,4,66.9,r-gdumb_sl12_st12_sp336_bu50_re0.3,,,,,,,,
yahoo-a1,vlstm,derpp,12,12,336,B1,50.0,,,0.5,,0.5,0.5,-0.013326233378110508,-0.01378346839345207,0.013326233378110508,0.90156082256865,0.8896265355713968,0.9843925685277245,4,6,6,0.9844,0.9179,0.9457,0.7583,0.9502,0.9079,0.9422,0.7583,0.0002115742983283,0.0003196343674796,0.0001452890792829,0.0001743452881967,104.6,31,4,104.6,r-derpp_sl12_st12_sp336_bu50_re0.5_al0.5_te0.5,,,,,,,,
yahoo-a1,vlstm,derpp,12,12,336,B1,100.0,,,0.5,,0.5,0.5,-0.006810649942827392,-0.007470355191367258,0.006810649942827392,0.9058270453312239,0.8990742547810853,0.9843925685277245,4,6,6,0.9844,0.9184,0.9489,0.7716,0.9666,0.9118,0.9463,0.7716,0.0001892253638723,0.0002858708735905,0.0001299418681721,0.0001559290054184,93.6,27,4,93.6,r-derpp_sl12_st12_sp336_bu100_re0.5_al0.5_te0.5,,,,,,,,
yahoo-a1,vlstm,derpp,12,12,336,B1,250.0,,,0.5,,0.5,0.5,-0.010637260841321994,-0.01284040844067789,0.010637260841321994,0.9022923723573412,0.893349995156958,0.9843925685277245,4,6,6,0.9844,0.9175,0.9461,0.7612,0.9578,0.9102,0.9442,0.7612,0.0002133709992589,0.0003223487206408,0.0001465229850145,0.0001758257356262,105.5,28,4,105.5,r-derpp_sl12_st12_sp336_bu250_re0.5_al0.5_te0.5,,,,,,,,
yahoo-a1,vlstm,derpp,12,12,336,B1,500.0,,,0.5,,0.5,0.5,-0.00799346153207505,-0.009801546617336268,0.00799346153207505,0.9039812018439286,0.8959829568781639,0.9843925685277245,4,6,6,0.9844,0.9179,0.948,0.7656,0.9624,0.9108,0.9452,0.7656,0.000206174984471,0.0003114773924443,0.0001415812228592,0.000169896169585,101.9,28,4,102.0,r-derpp_sl12_st12_sp336_bu500_re0.5_al0.5_te0.5,,,,,,,,
yahoo-a1,vlstm,derpp,12,12,336,B1,1000.0,,,0.5,,0.5,0.5,-0.007647716824798904,-0.00950716320257968,0.007647716824798904,0.904175264917575,0.8963571612154756,0.9843925685277245,4,6,6,0.9844,0.918,0.9484,0.766,0.9623,0.9117,0.9453,0.766,0.0001887237558969,0.0002851130729069,0.0001295976042236,0.0001555154686832,93.3,28,4,93.3,r-derpp_sl12_st12_sp336_bu1000_re0.5_al0.5_te0.5,,,,,,,,
yahoo-a1,vlstm,derpp,12,12,336,B1,50.0,,,,,0.5,0.5,-0.016833776964653158,-0.017029443074855877,0.016833776964653158,0.899125169312478,0.883609508611676,0.9843925685277245,4,6,6,0.9844,0.9168,0.944,0.7512,0.9387,0.9045,0.94,0.7512,0.0001614491793397,0.0002439082002214,0.0001108680103588,0.0001330401898625,79.8,30,4,79.8,r-derpp_sl12_st12_sp336_bu50_al0.5_te0.5,,,,,,,,
yahoo-a1,vlstm,derpp,12,12,336,B1,50.0,,,0.3,,0.5,0.5,-0.012488782082776465,-0.014244877784229023,0.012488782082776465,0.9008551114721552,0.8888089642024822,0.9843925685277245,4,6,6,0.9844,0.9178,0.9457,0.7555,0.9503,0.9082,0.9412,0.7555,0.0001991698079521,0.0003008943718061,0.0001367709864577,0.0001641233853483,98.5,36,4,98.5,r-derpp_sl12_st12_sp336_bu50_re0.3_al0.5_te0.5,,,,,,,,
yahoo-a1,vlstm,derpp,12,12,336,B1,50.0,,,0.5,,0.1,0.5,-0.012716710489072339,-0.013952412469387462,0.012716710489072339,0.9017919002653654,0.8909986534546485,0.9843925685277245,4,6,6,0.9844,0.9174,0.9456,0.7598,0.9527,0.9086,0.9429,0.7598,0.0002278360685412,0.0003442017212516,0.0001564560225705,0.0001877456986811,112.6,34,4,112.7,r-derpp_sl12_st12_sp336_bu50_re0.5_al0.1_te0.5,,,,,,,,
yahoo-a1,vlstm,derpp,12,12,336,B1,50.0,,,0.5,,1.0,0.5,-0.013134966831762351,-0.01330178359225879,0.013134966831762351,0.9017992013603098,0.8897632765034735,0.9843925685277245,4,6,6,0.9844,0.9182,0.946,0.7586,0.9502,0.9081,0.9421,0.7586,0.0001962367739383,0.0002964633115157,0.0001347566875583,0.0001617066239573,97.0,31,4,97.0,r-derpp_sl12_st12_sp336_bu50_re0.5_al1.0_te0.5,,,,,,,,
yahoo-a1,vlstm,derpp,12,12,336,B1,50.0,,,0.5,,0.5,0.1,-0.018098118909971744,-0.016938662273230858,0.018098118909971744,0.8991757966822838,0.8825132836055884,0.9843925685277245,4,6,6,0.9844,0.9175,0.9439,0.7509,0.9362,0.9041,0.9389,0.7509,0.0002105637847485,0.0003181077412709,0.0001445951352982,0.0001735126059727,104.1,31,4,104.1,r-derpp_sl12_st12_sp336_bu50_re0.5_al0.5_te0.1,,,,,,,,
yahoo-a1,vlstm,derpp,12,12,336,B1,50.0,,,0.5,,0.5,1.0,-0.009621731813935644,-0.010110000410216627,0.009621731813935644,0.9039253224287921,0.8957272580862476,0.9843925685277245,4,6,6,0.9844,0.9184,0.9465,0.7664,0.9601,0.9115,0.9449,0.7664,0.0001875483190346,0.0002833372900213,0.0001287902648146,0.0001545470252066,92.7,26,4,92.7,r-derpp_sl12_st12_sp336_bu50_re0.5_al0.5_te1.0,,,,,,,,
yahoo-a1,vlstm,gdumb,6,6,336,B2,50.0,,,0.5,,,,-0.017177450989238136,-0.018495411149465363,0.017177450989238136,0.8998374842348291,0.8834473143697117,0.9862322328916364,4,6,6,0.9862,0.9256,0.9464,0.7411,0.9453,0.9048,0.9426,0.7411,0.0001229081681825,0.0001856826415378,8.44016770250164e-05,0.0001012809645128,60.8,31,4,60.8,r-gdumb_sl6_st6_sp336_bu50_re0.5,,,,,,,,
yahoo-a1,vlstm,derpp,6,6,336,B2,50.0,,,0.5,,0.5,0.5,-0.009525247382508891,-0.01592262359324607,0.009525247382508891,0.9024206125480958,0.8937240370141477,0.9862322328916364,4,6,6,0.9862,0.9232,0.9476,0.7526,0.9633,0.9133,0.9457,0.7526,0.0001559451134176,0.0002355929717486,0.0001070882565406,0.0001285047152079,77.1,27,4,77.1,r-derpp_sl6_st6_sp336_bu50_re0.5_al0.5_te0.5,,,,,,,,
yahoo-a1,vlstm,gdumb,8,8,336,B2,50.0,,,0.5,,,,-0.01876148822976938,-0.01891708438944989,0.01876148822976938,0.8997001747089228,0.8792960399051276,0.9860856428681466,4,6,6,0.9861,0.9283,0.9477,0.7366,0.9344,0.9057,0.9404,0.7366,0.0001195273619301,0.0001805751125204,8.208003182662651e-05,9.849508069378012e-05,59.1,25,4,59.1,r-gdumb_sl8_st8_sp336_bu50_re0.5,,,,,,,,
yahoo-a1,vlstm,derpp,8,8,336,B2,50.0,,,0.5,,0.5,0.5,-0.0061816705530459886,-0.01091445871844345,0.0061816705530459886,0.9079146526965811,0.9012030543966055,0.9860856428681466,4,6,6,0.9861,0.9294,0.9506,0.7656,0.9711,0.9205,0.9477,0.7656,0.000259686056707,0.000392318864506,0.0001783276156826,0.0002139912488233,128.4,41,4,128.4,r-derpp_sl8_st8_sp336_bu50_re0.5_al0.5_te0.5,,,,,,,,
yahoo-a1,vlstm,gdumb,10,10,336,B2,50.0,,,0.5,,,,-0.027678576787752967,-0.024971147896592365,0.027678576787752967,0.8919367965501998,0.8635391726499397,0.9851206872175393,4,6,6,0.9851,0.9163,0.9448,0.7215,0.9053,0.896,0.9314,0.7215,0.0001104877525974,0.000166918586968,7.587248981516394e-05,9.104609715286642e-05,54.6,27,4,54.6,r-gdumb_sl10_st10_sp336_bu50_re0.5,,,,,,,,
yahoo-a1,vlstm,derpp,10,10,336,B2,50.0,,,0.5,,0.5,0.5,-0.002657959621996664,-0.0033768742528934395,0.002657959621996664,0.9084055265961587,0.9045326317606346,0.9873730602534163,4,6,6,0.9851,0.9253,0.9521,0.7712,0.9775,0.9188,0.9507,0.7712,0.0001996597857739,0.000301634602318,0.0001371072564843,0.0001645273458336,98.7,32,4,98.7,r-derpp_sl10_st10_sp336_bu50_re0.5_al0.5_te0.5,,,,,,,,
yahoo-a1,vlstm,gdumb,16,16,336,B2,50.0,,,0.5,,,,-0.023264273248968886,-0.020426097718141023,0.023264273248968886,0.901124475654574,0.8779330153054066,0.9846430630838426,4,6,6,0.9846,0.9221,0.9405,0.7572,0.9205,0.9046,0.9294,0.7572,0.0001532533224056,0.0002315263676085,0.0001052399578148,0.0001262864097937,75.8,26,4,75.8,r-gdumb_sl16_st16_sp336_bu50_re0.5,,,,,,,,
yahoo-a1,vlstm,derpp,16,16,336,B2,50.0,,,0.5,,0.5,0.5,-0.004814155528663304,-0.006463586898974934,0.004814155528663304,0.9126152380550294,0.9071507024758584,0.9846430630838426,4,6,6,0.9846,0.9235,0.9498,0.7925,0.9704,0.9194,0.9462,0.7925,0.0002318935663023,0.0003503315571564,0.000159242275698,0.0001910892814584,114.7,30,4,114.7,r-derpp_sl16_st16_sp336_bu50_re0.5_al0.5_te0.5,,,,,,,,
yahoo-a1,vlstm,gdumb,24,24,336,B2,50.0,,,0.5,,,,-0.011176728207727582,-0.008659044768733323,0.011176728207727582,0.9123766225145948,0.9011713962942955,0.9837952559300873,4,6,6,0.9838,0.9284,0.9459,0.7914,0.9551,0.9163,0.9418,0.7914,0.0002087782835691,0.0003154103080542,0.0001433690124993,0.0001720412955549,103.2,42,4,103.2,r-gdumb_sl24_st24_sp336_bu50_re0.5,,,,,,,,
yahoo-a1,vlstm,derpp,24,24,336,B2,50.0,,,0.5,,0.5,0.5,-0.0050617226699716245,-0.0032156036037133497,0.0050617226699716245,0.9159585089687988,0.9089002950123483,0.9874448605909281,4,6,6,0.9838,0.9277,0.9485,0.8038,0.966,0.9216,0.9442,0.8038,0.0002491408060141,0.00037638770197,0.0001710861943299,0.00020530150764,123.2,39,4,123.2,r-derpp_sl24_st24_sp336_bu50_re0.5_al0.5_te0.5,,,,,,,,
yahoo-a1,vlstm,gdumb,12,12,168,B5,50.0,,,0.5,,,,0.0026059335650730764,0.0035836209370915368,-0.0026059335650730764,0.9626597284531377,0.9639519002675102,0.9998007471980075,8,28,28,0.9685,0.9917,0.9997,0.9925,0.9848,0.9853,0.9997,0.9922,0.0001592448381748,0.0002405780074733,0.0001093541820591,0.0001312238254141,78.7,66,8,78.7,r-gdumb_sl12_st12_sp168_bu50_re0.5,0.9664,0.9358,0.9732,0.8735,0.9676,0.9345,0.974,0.8735
yahoo-a1,vlstm,derpp,12,12,168,B5,50.0,,,0.5,,0.5,0.5,0.002765781566791339,0.001974240495340499,-0.002765781566791339,0.9611377910466606,0.9632760926203603,0.9998007471980075,8,28,28,0.9685,0.9923,0.9996,0.9909,0.9858,0.9846,0.9997,0.9927,0.0002310399499555,0.0003490419623273,0.0001586562692718,0.0001903856930555,114.2,67,8,114.3,r-derpp_sl12_st12_sp168_bu50_re0.5_al0.5_te0.5,0.9632,0.9324,0.9706,0.8716,0.9681,0.9309,0.973,0.8716
yahoo-a1,vtcn,gdumb,12,12,336,B1,50.0,,,0.5,,,,-0.03269783461830913,-0.02718434050881365,0.03269783461830913,0.8935186844339545,0.8633141360386282,0.9890049425127869,4,6,6,0.989,0.9152,0.9404,0.7295,0.9031,0.8919,0.9288,0.7295,0.0002158300607734,0.0003260637303466,0.0001482129552084,0.0001778507751381,106.7,37,4,106.7,r-gdumb_sl12_st12_sp336_bu50_re0.5,,,,,,,,
yahoo-a1,vtcn,gdumb,12,12,336,B1,100.0,,,0.5,,,,-0.020712999326214915,-0.02015212656098801,0.020712999326214915,0.8982342668829439,0.8751328595554979,0.9890049425127869,4,6,6,0.989,0.916,0.9485,0.7395,0.9256,0.8988,0.9366,0.7395,0.000209713836502,0.0003168236879985,0.0001440115329285,0.0001728121550699,103.7,40,4,103.7,r-gdumb_sl12_st12_sp336_bu100_re0.5,,,,,,,,
yahoo-a1,vtcn,gdumb,12,12,336,B1,250.0,,,0.5,,,,-0.019499866871895328,-0.019634900382531444,0.019499866871895328,0.8999114986597869,0.8804058460141794,0.9890049425127869,4,6,6,0.989,0.9169,0.9475,0.7463,0.9336,0.9022,0.9395,0.7463,0.0002326842965925,0.0003515261473224,0.0001597854831579,0.0001917406641645,115.0,42,4,115.1,r-gdumb_sl12_st12_sp336_bu250_re0.5,,,,,,,,
yahoo-a1,vtcn,gdumb,12,12,336,B1,500.0,,,0.5,,,,-0.01786511293636524,-0.021136606191433278,0.01786511293636524,0.9002622364424959,0.8855571679932839,0.9890049425127869,4,6,6,0.989,0.9154,0.945,0.7517,0.9434,0.9058,0.9413,0.7517,0.0002508643286081,0.0003789915014793,0.00017226976759,0.0002067217338892,124.0,48,4,124.0,r-gdumb_sl12_st12_sp336_bu500_re0.5,,,,,,,,
yahoo-a1,vtcn,gdumb,12,12,336,B1,1000.0,,,0.5,,,,-0.013633823865291625,-0.020685218473438422,0.013633823865291625,0.9016536775484121,0.8904395731533419,0.9890049425127869,4,6,6,0.989,0.9118,0.9484,0.7574,0.9534,0.9076,0.9434,0.7574,6.059844859251451e-05,9.154867552039732e-05,4.161323767362369e-05,4.993543784677361e-05,30.0,36,4,30.0,r-gdumb_sl12_st12_sp336_bu1000_re0.5,,,,,,,,
yahoo-a1,vtcn,gdumb,12,12,336,B1,50.0,,,,,,,-0.03861229509142161,-0.03384416467279918,0.03861229509142161,0.8914540624860122,0.8626987343322272,0.9890049425127869,4,6,6,0.989,0.9137,0.9311,0.732,0.8997,0.8926,0.9265,0.732,0.0001833737806304,0.0002770306357967,0.0001259236984375,0.0001511069373592,90.7,44,4,90.7,r-gdumb_sl12_st12_sp336_bu50,,,,,,,,
yahoo-a1,vtcn,gdumb,12,12,336,B1,50.0,,,0.3,,,,-0.03519584428435026,-0.027365994175956698,0.03519584428435026,0.8933475168868086,0.8552530277887354,0.9890049425127869,4,6,6,0.989,0.9157,0.9439,0.7248,0.8851,0.8885,0.9227,0.7248,0.0001965486949154,0.0002969345439149,0.0001349710130785,0.0001619635308363,97.2,36,4,97.2,r-gdumb_sl12_st12_sp336_bu50_re0.3,,,,,,,,
yahoo-a1,vtcn,derpp,12,12,336,B1,50.0,,,0.5,,0.5,0.5,-0.01530255635333666,-0.01859629750102948,0.01530255635333666,0.902567748937274,0.8894638671871037,0.9890049425127869,4,6,6,0.989,0.9167,0.9462,0.7584,0.9501,0.9077,0.9417,0.7584,0.0002622186043601,0.0003961448928734,0.0001800668689823,0.0002160780238911,129.6,45,4,129.7,r-derpp_sl12_st12_sp336_bu50_re0.5_al0.5_te0.5,,,,,,,,
yahoo-a1,vtcn,derpp,12,12,336,B1,100.0,,,0.5,,0.5,0.5,-0.007815250010773675,-0.00856407388458715,0.007815250010773675,0.9081526329953666,0.9012599898937013,0.9890049425127869,4,6,6,0.989,0.9178,0.9495,0.7763,0.9689,0.9125,0.9473,0.7763,0.0002320991558371,0.0003506421500849,0.0001593835436305,0.0001912586064543,114.8,40,4,114.8,r-derpp_sl12_st12_sp336_bu100_re0.5_al0.5_te0.5,,,,,,,,
yahoo-a1,vtcn,derpp,12,12,336,B1,250.0,,,0.5,,0.5,0.5,-0.010662716686292909,-0.01324336674286175,0.010662716686292909,0.9059576798598112,0.8970504657105909,0.9890049425127869,4,6,6,0.989,0.9181,0.9483,0.7684,0.9629,0.9112,0.9457,0.7684,0.0002243007194412,0.0003388607177256,0.0001540305297427,0.0001848301879828,110.9,44,4,110.9,r-derpp_sl12_st12_sp336_bu250_re0.5_al0.5_te0.5,,,,,,,,
yahoo-a1,vtcn,derpp,12,12,336,B1,500.0,,,0.5,,0.5,0.5,-0.007988467186636095,-0.011020357022066071,0.007988467186636095,0.9054551131025015,0.8968309515719675,0.9890049425127869,4,6,6,0.989,0.9144,0.9509,0.7675,0.9634,0.9107,0.9457,0.7675,0.000235566053938,0.0003558797417507,0.0001617643315403,0.0001941154102104,116.5,34,4,116.5,r-derpp_sl12_st12_sp336_bu500_re0.5_al0.5_te0.5,,,,,,,,
yahoo-a1,vtcn,derpp,12,12,336,B1,1000.0,,,0.5,,0.5,0.5,-0.007689846522927739,-0.011496503650280617,0.007689846522927739,0.9065452368556066,0.8989078761244043,0.9890049425127869,4,6,6,0.989,0.9172,0.9502,0.7698,0.9663,0.912,0.9475,0.7698,0.00022901473063,0.0003459823766252,0.0001572655641228,0.0001887168125024,113.2,38,4,113.3,r-derpp_sl12_st12_sp336_bu1000_re0.5_al0.5_te0.5,,,,,,,,
yahoo-a1,vtcn,derpp,12,12,336,B1,50.0,,,,,0.5,0.5,-0.012224340635218675,-0.013708519778168282,0.012224340635218675,0.9014098139789889,0.8876790062860963,0.9890049425127869,4,6,6,0.989,0.9128,0.9483,0.7555,0.946,0.9067,0.9426,0.7555,0.0001108147204596,0.000167412551342,7.609707766225458e-05,9.131547367976356e-05,54.8,37,4,54.8,r-derpp_sl12_st12_sp336_bu50_al0.5_te0.5,,,,,,,,
yahoo-a1,vtcn,derpp,12,12,336,B1,50.0,,,0.3,,0.5,0.5,-0.013307693878148045,-0.015452705096081284,0.013307693878148045,0.9034256122415361,0.8891118089149666,0.9890049425127869,4,6,6,0.989,0.919,0.9487,0.757,0.9489,0.9091,0.9415,0.757,0.0002594549577437,0.0003919697333898,0.0001781690694999,0.0002138006638898,128.3,46,4,128.3,r-derpp_sl12_st12_sp336_bu50_re0.3_al0.5_te0.5,,,,,,,,
yahoo-a1,vtcn,derpp,12,12,336,B1,50.0,,,0.5,,0.1,0.5,-0.012831411983205828,-0.016569593130341804,0.012831411983205828,0.9032207645387855,0.89200253858271,0.9890049425127869,4,6,6,0.989,0.9161,0.947,0.7607,0.9548,0.9093,0.9432,0.7607,0.0002294771575538,0.0003466809848137,0.0001575830221059,0.0001890979627077,113.5,42,4,113.5,r-derpp_sl12_st12_sp336_bu50_re0.5_al0.1_te0.5,,,,,,,,
yahoo-a1,vtcn,derpp,12,12,336,B1,50.0,,,0.5,,1.0,0.5,-0.015653874066903346,-0.019065065056564818,0.015653874066903346,0.9018441772309405,0.8878891883922666,0.9890049425127869,4,6,6,0.989,0.9159,0.946,0.7565,0.9467,0.9071,0.9412,0.7565,0.0002459487632089,0.0003715653459888,0.000168894123555,0.0002026712224337,121.6,44,4,121.6,r-derpp_sl12_st12_sp336_bu50_re0.5_al1.0_te0.5,,,,,,,,
yahoo-a1,vtcn,derpp,12,12,336,B1,50.0,,,0.5,,0.5,0.1,-0.021840073134132998,-0.023574661185004748,0.021840073134132998,0.8992228674456548,0.879322189681047,0.9890049425127869,4,6,6,0.989,0.9177,0.9424,0.7478,0.931,0.9021,0.9365,0.7478,0.0002404045475496,0.0003631894615857,0.0001650869955431,0.0001981024660426,118.9,42,4,118.9,r-derpp_sl12_st12_sp336_bu50_re0.5_al0.5_te0.1,,,,,,,,
yahoo-a1,vtcn,derpp,12,12,336,B1,50.0,,,0.5,,0.5,1.0,-0.010046841825397446,-0.013563667524602621,0.010046841825397446,0.9057283238926671,0.8973718027060285,0.9890049425127869,4,6,6,0.989,0.9175,0.9477,0.7687,0.9633,0.9124,0.9451,0.7687,0.000238919809024,0.0003609464034106,0.0001640674679954,0.0001968789354152,118.1,45,4,118.1,r-derpp_sl12_st12_sp336_bu50_re0.5_al0.5_te1.0,,,,,,,,
yahoo-a1,vtcn,gdumb,6,6,336,B2,50.0,,,0.5,,,,-0.015759982599403793,-0.013396797023341974,0.015759982599403793,0.8996718962655277,0.8837877780971519,0.9850515594517216,4,6,6,0.9851,0.9264,0.9469,0.7403,0.9472,0.9048,0.9428,0.7403,0.0002257665196819,0.0003410751650214,0.000155034778009,0.0001860403870123,111.6,41,4,111.6,r-gdumb_sl6_st6_sp336_bu50_re0.5,,,,,,,,
yahoo-a1,vtcn,derpp,6,6,336,B2,50.0,,,0.5,,0.5,0.5,-0.00898959727756865,-0.012690862220615162,0.00898959727756865,0.901740239223842,0.8938617638615334,0.9850515594517216,4,6,6,0.9851,0.9211,0.9475,0.7534,0.9638,0.9124,0.9459,0.7534,0.0002064941353358,0.0003119595473449,0.0001418005389452,0.0001701590083997,102.1,33,4,102.1,r-derpp_sl6_st6_sp336_bu50_re0.5_al0.5_te0.5,,,,,,,,
yahoo-a1,vtcn,gdumb,8,8,336,B2,50.0,,,0.5,,,,-0.01567927078852425,-0.014919020520341516,0.01567927078852425,0.8985324980770442,0.8818705290548807,0.9827611053962859,4,6,6,0.9828,0.9257,0.9483,0.7373,0.9404,0.9079,0.9418,0.7373,0.0002280482261374,0.0003445222368322,0.0001566017884263,0.0001879204484059,112.8,42,4,112.8,r-gdumb_sl8_st8_sp336_bu50_re0.5,,,,,,,,
yahoo-a1,vtcn,derpp,8,8,336,B2,50.0,,,0.5,,0.5,0.5,-0.004972627387316668,-0.006443101998149643,0.004972627387316668,0.906346153405265,0.9006008115973472,0.9827611053962859,4,6,6,0.9828,0.9278,0.9511,0.7637,0.9705,0.9192,0.9491,0.7637,0.0002429473611841,0.0003670309992116,0.000166833254281,0.0002001977449306,120.1,48,4,120.1,r-derpp_sl8_st8_sp336_bu50_re0.5_al0.5_te0.5,,,,,,,,
yahoo-a1,vtcn,gdumb,10,10,336,B2,50.0,,,0.5,,,,-0.025115830222024554,-0.021894598012409894,0.025115830222024554,0.8921713430291212,0.8662106520996612,0.9827025551270738,4,6,6,0.9827,0.916,0.9453,0.7246,0.9096,0.8969,0.9337,0.7246,0.0002205296341406,0.0003331635774099,0.0001514386657424,0.0001817249116674,109.0,43,4,109.1,r-gdumb_sl10_st10_sp336_bu50_re0.5,,,,,,,,
yahoo-a1,vtcn,derpp,10,10,336,B2,50.0,,,0.5,,0.5,0.5,-0.0017643187838124463,-0.0015285538937168848,0.0017643187838124463,0.9078345899080273,0.9049547147516734,0.9849159260324595,4,6,6,0.9827,0.9257,0.9513,0.7716,0.978,0.9197,0.9505,0.7716,0.0001807966638129,0.000273137274881,0.0001241538912025,0.0001489833836785,89.4,45,4,89.4,r-derpp_sl10_st10_sp336_bu50_re0.5_al0.5_te0.5,,,,,,,,
yahoo-a1,vtcn,gdumb,16,16,336,B2,50.0,,,0.5,,,,-0.02480241818488199,-0.015208185141321292,0.02480241818488199,0.8987617079219122,0.8735405758320266,0.9800668896321071,4,6,6,0.9801,0.9232,0.9384,0.7534,0.9122,0.902,0.9266,0.7534,0.0002236379182472,0.0003378593955324,0.0001535734376152,0.0001842859579172,110.6,47,4,110.6,r-gdumb_sl16_st16_sp336_bu50_re0.5,,,,,,,,
yahoo-a1,vtcn,derpp,16,16,336,B2,50.0,,,0.5,,0.5,0.5,-0.0023019104427988157,-0.0012983253424252255,0.0023019104427988157,0.910553628836548,0.9067179420979897,0.9814877176796217,4,6,6,0.9801,0.9236,0.9489,0.7897,0.971,0.9196,0.9465,0.7897,0.0002379430683035,0.0003594707993092,0.0001633966357641,0.000196074163545,117.6,37,4,117.7,r-derpp_sl16_st16_sp336_bu50_re0.5_al0.5_te0.5,,,,,,,,
yahoo-a1,vtcn,gdumb,24,24,336,B2,50.0,,,0.5,,,,-0.008582142140221035,-0.012051385720287447,0.008582142140221035,0.9137923996688264,0.9073783983571406,0.9860133166874739,4,6,6,0.986,0.9265,0.9445,0.7982,0.9644,0.922,0.9449,0.7982,7.861475260363073e-05,0.000118766678758,5.398519334396244e-05,6.478148541413248e-05,38.9,35,4,38.9,r-gdumb_sl24_st24_sp336_bu50_re0.5,,,,,,,,
yahoo-a1,vtcn,derpp,24,24,336,B2,50.0,,,0.5,,0.5,0.5,-0.006708850727401461,-0.00808870487779371,0.006708850727401461,0.9164620874460327,0.9098699243767427,0.9867415730337078,4,6,6,0.986,0.9273,0.9471,0.8055,0.9671,0.9222,0.9447,0.8055,0.0001925291808146,0.000290862091555,0.0001322108196773,0.0001586512718776,95.2,42,4,95.2,r-derpp_sl24_st24_sp336_bu50_re0.5_al0.5_te0.5,,,,,,,,
yahoo-a1,vtcn,gdumb,12,12,168,B5,50.0,,,0.5,,,,0.0014994776498100262,-0.0016284462349597,-0.0014994776498100262,0.9633904276288314,0.9645566756967718,0.9998505603985056,8,28,28,0.9732,0.9918,0.9997,0.9892,0.9837,0.986,0.9995,0.9919,0.0002406706734087,0.000363591509336,0.0001652696515608,0.0001983218577752,119.0,84,8,119.0,r-gdumb_sl12_st12_sp168_bu50_re0.5,0.9663,0.9381,0.9729,0.8759,0.9664,0.938,0.9751,0.8759
yahoo-a1,vtcn,derpp,12,12,168,B5,50.0,,,0.5,,0.5,0.5,0.0009510139164928544,-0.003472469538591681,-0.0009510139164928544,0.9626235805902088,0.9641465364275379,1.0,8,28,28,0.9732,0.993,0.9999,0.9915,0.9853,0.9862,1.0,0.9922,0.0002302721151903,0.0003478819614131,0.0001581290082178,0.0001897529531953,113.9,79,8,113.9,r-derpp_sl12_st12_sp168_bu50_re0.5_al0.5_te0.5,0.9631,0.9338,0.9709,0.8756,0.9667,0.9329,0.9741,0.8756
yahoo-a1,vgru-kl,gdumb,12,12,336,B1,50.0,,,0.5,,,,-0.09673868895496028,-0.04000033503307008,0.09673868895496028,0.8798341022262809,0.7879217775432906,0.9828375669248767,4,6,6,0.9828,0.9244,0.8941,0.7179,0.7096,0.8953,0.8288,0.7179,0.0001204663844264,0.0001819937340827,8.272486568247487e-05,9.926886840024964e-05,59.6,26,4,59.6,r-gdumb_sl12_st12_sp336_bu50_re0.5,,,,,,,,
yahoo-a1,vgru-kl,gdumb,12,12,336,B1,100.0,,,0.5,,,,-0.0929750126866797,-0.036184359869447104,0.0929750126866797,0.8776201630890654,0.7925609089737992,0.9828375669248767,4,6,6,0.9828,0.9277,0.8726,0.7273,0.6955,0.9207,0.8268,0.7273,0.0001323081026889,0.0001998835257853,9.085666967568817e-05,0.0001090268561096,65.4,27,4,65.4,r-gdumb_sl12_st12_sp336_bu100_re0.5,,,,,,,,
yahoo-a1,vgru-kl,gdumb,12,12,336,B1,250.0,,,0.5,,,,-0.12187602650849277,-0.043602861452292495,0.12187602650849277,0.8757952814956236,0.758134478783167,0.9828375669248767,4,6,6,0.9828,0.9299,0.8712,0.7192,0.6283,0.908,0.7772,0.7192,0.000131865539133,0.0001992149260386,9.055271527678188e-05,0.0001086622107618,65.2,26,4,65.2,r-gdumb_sl12_st12_sp336_bu250_re0.5,,,,,,,,
yahoo-a1,vgru-kl,gdumb,12,12,336,B1,500.0,,,0.5,,,,-0.11472732376104637,-0.04412447266144696,0.11472732376104637,0.8734932365119281,0.7693467135633372,0.9828375669248767,4,6,6,0.9828,0.9288,0.8557,0.7267,0.6513,0.9119,0.7875,0.7267,0.0001467848479427,0.000221754165787,0.0001007977818287,0.0001209563839583,72.6,26,4,72.6,r-gdumb_sl12_st12_sp336_bu500_re0.5,,,,,,,,
yahoo-a1,vgru-kl,gdumb,12,12,336,B1,1000.0,,,0.5,,,,-0.10746158588871302,-0.03465197507332644,0.10746158588871302,0.8784763827339113,0.7664515735435691,0.9828375669248767,4,6,6,0.9828,0.9234,0.8934,0.7143,0.6489,0.9019,0.8007,0.7143,0.000134640378564,0.0002034069949873,9.245819276547992e-05,0.0001109488022218,66.6,27,4,66.6,r-gdumb_sl12_st12_sp336_bu1000_re0.5,,,,,,,,
yahoo-a1,vgru-kl,gdumb,12,12,336,B1,50.0,,,,,,,-0.15235382121546043,-0.05250566707530796,0.15235382121546043,0.8656826171336363,0.7353553576676563,0.9828375669248767,4,6,6,0.9828,0.9326,0.8394,0.7078,0.574,0.8815,0.778,0.7078,0.0001178233373152,0.0001780007694444,8.090981770850098e-05,9.70909517359299e-05,58.3,29,4,58.3,r-gdumb_sl12_st12_sp336_bu50,,,,,,,,
yahoo-a1,vgru-kl,gdumb,12,12,336,B1,50.0,,,0.3,,,,-0.1318720935044185,-0.044960322436226795,0.1318720935044185,0.8710850945498575,0.7429136983403973,0.9828375669248767,4,6,6,0.9828,0.9285,0.8671,0.706,0.5964,0.8919,0.7775,0.706,0.0001150387788888,0.0001737940175924,7.899766238406301e-05,9.4796355208382e-05,56.9,27,4,56.9,r-gdumb_sl12_st12_sp336_bu50_re0.3,,,,,,,,
yahoo-a1,vgru-kl,derpp,12,12,336,B1,50.0,,,0.5,,0.5,0.5,-0.08478029137897235,-0.03361851280985558,0.08478029137897235,0.8815695634222166,0.7959280537742878,0.9828375669248767,4,6,6,0.9828,0.9339,0.8924,0.7171,0.72,0.9188,0.8277,0.7171,0.0001815416591733,0.0002742627713269,0.0001246655322307,0.0001495972390961,89.8,26,4,89.8,r-derpp_sl12_st12_sp336_bu50_re0.5_al0.5_te0.5,,,,,,,,
yahoo-a1,vgru-kl,derpp,12,12,336,B1,100.0,,,0.5,,0.5,0.5,-0.11720959616267902,-0.049359634163984145,0.11720959616267902,0.8590773072548783,0.7558029848231266,0.9828375669248767,4,6,6,0.9828,0.9275,0.8158,0.7102,0.6357,0.9074,0.7699,0.7102,0.000180989005336,0.00027342785347,0.0001242860038189,0.0001491418496511,89.5,26,4,89.5,r-derpp_sl12_st12_sp336_bu100_re0.5_al0.5_te0.5,,,,,,,,
yahoo-a1,vgru-kl,derpp,12,12,336,B1,250.0,,,0.5,,0.5,0.5,-0.10386461694221227,-0.031877549786383574,0.10386461694221227,0.8803850168265664,0.7671768503805241,0.9828375669248767,4,6,6,0.9828,0.9277,0.8849,0.7261,0.6491,0.9224,0.7711,0.7261,0.0001952640319442,0.0002949937484616,0.0001340889997114,0.0001609047487502,96.5,29,4,96.6,r-derpp_sl12_st12_sp336_bu250_re0.5_al0.5_te0.5,,,,,,,,
yahoo-a1,vgru-kl,derpp,12,12,336,B1,500.0,,,0.5,,0.5,0.5,-0.11523877435655107,-0.041042753249651454,0.11523877435655107,0.8723151174189833,0.759380662058149,0.9828375669248767,4,6,6,0.9828,0.931,0.8508,0.7246,0.6416,0.9117,0.7595,0.7246,0.0001933720831567,0.0002921355002775,0.0001327894906248,0.0001593460096527,95.6,26,4,95.6,r-derpp_sl12_st12_sp336_bu500_re0.5_al0.5_te0.5,,,,,,,,
yahoo-a1,vgru-kl,derpp,12,12,336,B1,1000.0,,,0.5,,0.5,0.5,-0.11637822178314626,-0.036074787734536574,0.11637822178314626,0.8754105760965777,0.7522763405414303,0.9828375669248767,4,6,6,0.9828,0.927,0.8681,0.7237,0.6187,0.9081,0.7587,0.7237,0.0001782173932487,0.0002692406602078,0.0001223826381927,0.000146858022015,88.1,27,4,88.1,r-derpp_sl12_st12_sp336_bu1000_re0.5_al0.5_te0.5,,,,,,,,
yahoo-a1,vgru-kl,derpp,12,12,336,B1,50.0,,,,,0.5,0.5,-0.09664874254227994,-0.03696292929912287,0.09664874254227994,0.8773754643090852,0.7852897497128297,0.9828375669248767,4,6,6,0.9828,0.9321,0.8732,0.7214,0.6905,0.9122,0.8171,0.7214,0.0001426908297339,0.0002155691568755,9.798642083381614e-05,0.0001175827360417,70.6,29,4,70.6,r-derpp_sl12_st12_sp336_bu50_al0.5_te0.5,,,,,,,,
yahoo-a1,vgru-kl,derpp,12,12,336,B1,50.0,,,0.3,,0.5,0.5,-0.10888382438349957,-0.04198915963126835,0.10888382438349957,0.8732877811741766,0.7660148296499145,0.9828375669248767,4,6,6,0.9828,0.9359,0.8713,0.7031,0.6493,0.9103,0.8014,0.7031,0.0001542601638056,0.0002330474460977,0.0001059312830413,0.0001271161630563,76.3,26,4,76.3,r-derpp_sl12_st12_sp336_bu50_re0.3_al0.5_te0.5,,,,,,,,
yahoo-a1,vgru-kl,derpp,12,12,336,B1,50.0,,,0.5,,0.1,0.5,-0.11118743559186467,-0.042372523963234654,0.11118743559186467,0.8691561959520212,0.7617142797374962,0.9828375669248767,4,6,6,0.9828,0.9312,0.8501,0.7125,0.6262,0.9284,0.7797,0.7125,0.0001802742398686,0.0002723480266201,0.0001237951255785,0.0001485529010416,89.1,26,4,89.2,r-derpp_sl12_st12_sp336_bu50_re0.5_al0.1_te0.5,,,,,,,,
yahoo-a1,vgru-kl,derpp,12,12,336,B1,50.0,,,0.5,,1.0,0.5,-0.05990155144550291,-0.03192463085780186,0.05990155144550291,0.8856852346050186,0.826627492448822,0.9828375669248767,4,6,6,0.9828,0.9278,0.91,0.7221,0.7971,0.9182,0.869,0.7221,0.0001949242281626,0.0002944803923136,0.0001338553998845,0.0001606249924291,96.4,29,4,96.4,r-derpp_sl12_st12_sp336_bu50_re0.5_al1.0_te0.5,,,,,,,,
yahoo-a1,vgru-kl,derpp,12,12,336,B1,50.0,,,0.5,,0.5,0.1,-0.0872411390048722,-0.04040269553546816,0.0872411390048722,0.8789972772365483,0.7920041870662653,0.9828375669248767,4,6,6,0.9828,0.9274,0.8995,0.7063,0.7211,0.9135,0.8272,0.7063,0.000193719284569,0.0002926600323435,0.0001330280750543,0.0001596319572891,95.8,27,4,95.8,r-derpp_sl12_st12_sp336_bu50_re0.5_al0.5_te0.1,,,,,,,,
yahoo-a1,vgru-kl,derpp,12,12,336,B1,50.0,,,0.5,,0.5,1.0,-0.09003406082941066,-0.036199100459360554,0.09003406082941066,0.8750063022368854,0.7846149419017155,0.9828375669248767,4,6,6,0.9828,0.9312,0.867,0.7191,0.6731,0.9306,0.8156,0.7191,0.0001790632834765,0.0002705185828575,0.0001229636044551,0.0001475549784023,88.5,26,4,88.6,r-derpp_sl12_st12_sp336_bu50_re0.5_al0.5_te1.0,,,,,,,,
yahoo-a1,vgru-kl,gdumb,6,6,336,B2,50.0,,,0.5,,,,-0.11886710422788256,-0.0451965814466064,0.11886710422788256,0.8557395233684696,0.7350579479144628,0.9404380341880342,4,6,6,0.9379,0.9386,0.8651,0.6814,0.5986,0.9098,0.7505,0.6814,9.972884313241364e-05,0.0001506646409604,6.84842201971656e-05,8.218042076332496e-05,49.3,24,4,49.3,r-gdumb_sl6_st6_sp336_bu50_re0.5,,,,,,,,
yahoo-a1,vgru-kl,derpp,6,6,336,B2,50.0,,,0.5,,0.5,0.5,-0.06770888907379773,-0.04189293116634363,0.06770888907379773,0.8534023536440584,0.7955573040427604,0.9404380341880342,4,6,6,0.9379,0.9317,0.8549,0.6891,0.7324,0.9236,0.837,0.6891,0.0001630723461995,0.0002463603880185,0.0001119824074642,0.0001343779805543,80.6,24,4,80.7,r-derpp_sl6_st6_sp336_bu50_re0.5_al0.5_te0.5,,,,,,,,
yahoo-a1,vgru-kl,gdumb,8,8,336,B2,50.0,,,0.5,,,,-0.12743606220759374,-0.0681239266983469,0.12743606220759374,0.8494119749592008,0.7540249321669559,0.9764449811410767,4,6,6,0.9764,0.9376,0.7864,0.6972,0.6537,0.9272,0.738,0.6972,0.0001080905598619,0.0001632970450804,7.422637008065876e-05,8.907067499977226e-05,53.4,24,4,53.5,r-gdumb_sl8_st8_sp336_bu50_re0.5,,,,,,,,
yahoo-a1,vgru-kl,derpp,8,8,336,B2,50.0,,,0.5,,0.5,0.5,-0.1159403719096639,-0.039022456942835015,0.1159403719096639,0.8705418208606905,0.746155700857395,0.9764449811410767,4,6,6,0.9764,0.9396,0.8555,0.7107,0.6306,0.9282,0.7151,0.7107,0.0001781164910562,0.0002690882229376,0.0001223134043982,0.0001467748185394,88.1,25,4,88.1,r-derpp_sl8_st8_sp336_bu50_re0.5_al0.5_te0.5,,,,,,,,
yahoo-a1,vgru-kl,gdumb,10,10,336,B2,50.0,,,0.5,,,,-0.09445805407899327,-0.05628714966793735,0.09445805407899327,0.86459876867902,0.7876103782245689,0.9741805896147077,4,6,6,0.9742,0.9356,0.8364,0.7123,0.7258,0.9241,0.7882,0.7123,0.0001237428671855,0.0001869436571241,8.497480948830748e-05,0.0001019688476358,61.2,25,4,61.2,r-gdumb_sl10_st10_sp336_bu50_re0.5,,,,,,,,
yahoo-a1,vgru-kl,derpp,10,10,336,B2,50.0,,,0.5,,0.5,0.5,-0.09024062803320644,-0.05807103134943246,0.09024062803320644,0.8601804769843132,0.7814366445467041,0.9741805896147077,4,6,6,0.9742,0.9359,0.8296,0.7011,0.7084,0.9291,0.7871,0.7011,0.0001713567651066,0.0002588760150026,0.0001176714586811,0.0001412045563214,84.7,25,4,84.7,r-derpp_sl10_st10_sp336_bu50_re0.5_al0.5_te0.5,,,,,,,,
yahoo-a1,vgru-kl,gdumb,16,16,336,B2,50.0,,,0.5,,,,-0.05450164486104218,-0.03208799243917532,0.05450164486104218,0.8908303165281698,0.8368240208181902,0.9861100219121208,4,6,6,0.9861,0.928,0.9007,0.7485,0.8122,0.9298,0.8568,0.7485,0.0001545293846093,0.0002334541695134,0.0001061161499994,0.0001273380195139,76.4,27,4,76.4,r-gdumb_sl16_st16_sp336_bu50_re0.5,,,,,,,,
yahoo-a1,vgru-kl,derpp,16,16,336,B2,50.0,,,0.5,,0.5,0.5,-0.08705413714318994,-0.027601892071689244,0.08705413714318994,0.8901901187327813,0.7954376266405356,0.9861100219121208,4,6,6,0.9861,0.9271,0.8932,0.7544,0.7166,0.9104,0.8003,0.7544,0.0001953064479461,0.000295057828135,0.0001341179360532,0.0001609398920818,96.6,26,4,96.6,r-derpp_sl16_st16_sp336_bu50_re0.5_al0.5_te0.5,,,,,,,,
yahoo-a1,vgru-kl,gdumb,24,24,336,B2,50.0,,,0.5,,,,-0.041047997854460117,-0.012051375002293455,0.041047997854460117,0.9097826457327957,0.8634293006373931,0.9855638784852269,4,6,6,0.9856,0.9303,0.9232,0.8,0.8585,0.9292,0.866,0.8,0.0001849808841158,0.0002794585559652,0.000127027202838,0.0001524313531272,91.5,28,4,91.5,r-gdumb_sl24_st24_sp336_bu50_re0.5,,,,,,,,
yahoo-a1,vgru-kl,derpp,24,24,336,B2,50.0,,,0.5,,0.5,0.5,-0.06186422709557258,-0.011891024477562332,0.06186422709557258,0.9052519084267288,0.8312032908888498,0.9860715771951727,4,6,6,0.9856,0.9289,0.9115,0.7951,0.7722,0.9344,0.8231,0.7951,0.0002322969642205,0.0003509409876943,0.0001595195285277,0.0001914214591666,114.9,25,4,114.9,r-derpp_sl24_st24_sp336_bu50_re0.5_al0.5_te0.5,,,,,,,,
yahoo-a1,vgru-kl,gdumb,12,12,168,B5,50.0,,,0.5,,,,0.004366606893972023,-0.029181331295431313,-0.004366606893972023,0.9279991786099779,0.9299836834602628,0.9997011207970112,8,28,28,0.9575,0.9936,0.9996,0.9913,0.9803,0.9889,0.9992,0.991,0.000145161569957,0.0002193018101072,9.968313420217276e-05,0.0001196186759051,71.8,59,8,71.8,r-gdumb_sl12_st12_sp168_bu50_re0.5,0.9255,0.9083,0.9075,0.7407,0.9175,0.9095,0.9128,0.7407
yahoo-a1,vgru-kl,derpp,12,12,168,B5,50.0,,,0.5,,0.5,0.5,0.0052970272091570425,-0.03742614939043781,-0.0052970272091570425,0.9230919722558266,0.9278097036944395,0.9997509339975094,8,28,28,0.9575,0.9952,0.9993,0.9886,0.986,0.9894,0.999,0.9881,0.0002002636335079,0.0003025468609905,0.0001375220057845,0.0001650248552059,99.0,53,8,99.0,r-derpp_sl12_st12_sp168_bu50_re0.5_al0.5_te0.5,0.9272,0.8833,0.9013,0.7325,0.9269,0.8826,0.918,0.7325
yahoo-a1,vlstm-kl,gdumb,12,12,336,B1,50.0,,,0.5,,,,-0.048610051293913825,-0.01860516140699849,0.048610051293913825,0.8928966631455835,0.8406306350597954,0.9815552886800668,4,6,6,0.9816,0.9155,0.9267,0.7478,0.8476,0.8901,0.8771,0.7478,0.0001265680066239,0.0001912117164516,8.691515555256046e-05,0.000104296560899,62.6,25,4,62.6,r-gdumb_sl12_st12_sp336_bu50_re0.5,,,,,,,,
yahoo-a1,vlstm-kl,gdumb,12,12,336,B1,100.0,,,0.5,,,,-0.07797277485325098,-0.03177940775104252,0.07797277485325098,0.8804641304571195,0.8050203017483024,0.9815552886800668,4,6,6,0.9816,0.9281,0.8819,0.7302,0.738,0.9194,0.8324,0.7302,0.000132113599694,0.0001995896817681,9.072313281164194e-05,0.0001088665489565,65.3,25,4,65.3,r-gdumb_sl12_st12_sp336_bu100_re0.5,,,,,,,,
yahoo-a1,vlstm-kl,gdumb,12,12,336,B1,250.0,,,0.5,,,,-0.10029709957710344,-0.02787989933706801,0.10029709957710344,0.8820307697065624,0.7586124683630495,0.9815552886800668,4,6,6,0.9816,0.9237,0.9092,0.7137,0.646,0.9057,0.769,0.7137,0.0001317983361805,0.0001991133996558,9.050639757123364e-05,0.0001086070020846,65.2,27,4,65.2,r-gdumb_sl12_st12_sp336_bu250_re0.5,,,,,,,,
yahoo-a1,vlstm-kl,gdumb,12,12,336,B1,500.0,,,0.5,,,,-0.09479319357507628,-0.02497025596379045,0.09479319357507628,0.888949640549835,0.7763173262393752,0.9815552886800668,4,6,6,0.9816,0.9287,0.9169,0.7286,0.6689,0.9099,0.7978,0.7286,0.0001351689216266,0.0002042054876626,9.282121620490216e-05,0.0001113842714577,66.8,26,4,66.8,r-gdumb_sl12_st12_sp336_bu500_re0.5,,,,,,,,
yahoo-a1,vlstm-kl,gdumb,12,12,336,B1,1000.0,,,0.5,,,,-0.11394358387020409,-0.03456890087899467,0.11394358387020409,0.8787884335134074,0.7575674418530081,0.9815552886800668,4,6,6,0.9816,0.9308,0.8825,0.7204,0.6363,0.8949,0.7787,0.7204,0.0001239086115218,0.0001871940542021,8.508864774226419e-05,0.0001021054064598,61.3,25,4,61.3,r-gdumb_sl12_st12_sp336_bu1000_re0.5,,,,,,,,
yahoo-a1,vlstm-kl,gdumb,12,12,336,B1,50.0,,,,,,,-0.15953441267679172,-0.060173813466295946,0.15953441267679172,0.8562387941185138,0.709766264441846,0.9815552886800668,4,6,6,0.9816,0.9349,0.8188,0.6897,0.5495,0.8721,0.7278,0.6897,0.0001023845960269,0.0001546768007706,7.030800549546256e-05,8.436879527522251e-05,50.6,24,4,50.6,r-gdumb_sl12_st12_sp336_bu50,,,,,,,,
yahoo-a1,vlstm-kl,gdumb,12,12,336,B1,50.0,,,0.3,,,,-0.11581604427600854,-0.03793664291746043,0.11581604427600854,0.874463226498137,0.7516498969906333,0.9815552886800668,4,6,6,0.9816,0.9238,0.8873,0.7052,0.6348,0.8854,0.7813,0.7052,0.0001224625464533,0.0001850094216776,8.409560202401029e-05,0.0001009138196536,60.5,26,4,60.6,r-gdumb_sl12_st12_sp336_bu50_re0.3,,,,,,,,
yahoo-a1,vlstm-kl,derpp,12,12,336,B1,50.0,,,0.5,,0.5,0.5,-0.03435920139173698,-0.01884852924627084,0.03435920139173698,0.8974536148938795,0.8560442841600191,0.9815552886800668,4,6,6,0.9816,0.9291,0.9448,0.7344,0.861,0.9346,0.8942,0.7344,0.0001758080198884,0.0002656007165279,0.000120728169791,0.0001448725467369,86.9,25,4,87.0,r-derpp_sl12_st12_sp336_bu50_re0.5_al0.5_te0.5,,,,,,,,
yahoo-a1,vlstm-kl,derpp,12,12,336,B1,100.0,,,0.5,,0.5,0.5,-0.07990333514415153,-0.029860118735812752,0.07990333514415153,0.8802358761113842,0.7949637524858773,0.9815552886800668,4,6,6,0.9816,0.9236,0.8959,0.7199,0.7172,0.9173,0.8254,0.7199,0.0001881694294762,0.0002842756282066,0.0001292168561905,0.000155058772016,93.0,26,4,93.1,r-derpp_sl12_st12_sp336_bu100_re0.5_al0.5_te0.5,,,,,,,,
yahoo-a1,vlstm-kl,derpp,12,12,336,B1,250.0,,,0.5,,0.5,0.5,-0.09318152262752794,-0.03064821885928587,0.09318152262752794,0.8820648196485835,0.7711288266416251,0.9815552886800668,4,6,6,0.9816,0.921,0.9091,0.7166,0.656,0.9251,0.7869,0.7166,0.0001952198451959,0.0002949269936457,0.0001340583980904,0.0001608685955552,96.5,27,4,96.6,r-derpp_sl12_st12_sp336_bu250_re0.5_al0.5_te0.5,,,,,,,,
yahoo-a1,vlstm-kl,derpp,12,12,336,B1,500.0,,,0.5,,0.5,0.5,-0.10159690257118636,-0.02824203013910302,0.10159690257118636,0.881104329331631,0.7629128322856762,0.9815552886800668,4,6,6,0.9816,0.9241,0.8908,0.728,0.6445,0.9249,0.7542,0.728,0.0001994380066904,0.0003012995511438,0.0001369549401039,0.0001643446110398,98.6,26,4,98.6,r-derpp_sl12_st12_sp336_bu500_re0.5_al0.5_te0.5,,,,,,,,
yahoo-a1,vlstm-kl,derpp,12,12,336,B1,1000.0,,,0.5,,0.5,0.5,-0.1189930885422461,-0.031240698720013227,0.1189930885422461,0.8768774211794472,0.7395134008598512,0.9815552886800668,4,6,6,0.9816,0.9286,0.8754,0.722,0.5752,0.9235,0.7374,0.722,0.0001688623358305,0.0002551075737024,0.0001159583793985,0.0001391491943039,83.5,25,4,83.5,r-derpp_sl12_st12_sp336_bu1000_re0.5_al0.5_te0.5,,,,,,,,
yahoo-a1,vlstm-kl,derpp,12,12,336,B1,50.0,,,,,0.5,0.5,-0.10526515773251842,-0.034954296604033486,0.10526515773251842,0.8775794102577847,0.7764346898290395,0.9815552886800668,4,6,6,0.9816,0.934,0.8685,0.7263,0.6575,0.9249,0.7971,0.7263,0.0001434005306438,0.000216641332481,9.847380289445734e-05,0.0001181675295865,70.9,27,4,70.9,r-derpp_sl12_st12_sp336_bu50_al0.5_te0.5,,,,,,,,
yahoo-a1,vlstm-kl,derpp,12,12,336,B1,50.0,,,0.3,,0.5,0.5,-0.0486200315911444,-0.021421987907769797,0.0486200315911444,0.8957907162987708,0.8377983452343132,0.9815552886800668,4,6,6,0.9816,0.9305,0.9386,0.7325,0.8054,0.9292,0.8841,0.7325,0.0001576071603688,0.0002381038973674,0.0001082296732657,0.0001298742241016,77.9,25,4,77.9,r-derpp_sl12_st12_sp336_bu50_re0.3_al0.5_te0.5,,,,,,,,
yahoo-a1,vlstm-kl,derpp,12,12,336,B1,50.0,,,0.5,,0.1,0.5,-0.08092159432769448,-0.022455780489774164,0.08092159432769448,0.8920033477941827,0.7845843863551719,0.9815552886800668,4,6,6,0.9816,0.9298,0.9374,0.7192,0.6836,0.9411,0.7945,0.7192,0.0001740042039593,0.0002628756144332,0.0001194894719325,0.0001433861425006,86.0,24,4,86.0,r-derpp_sl12_st12_sp336_bu50_re0.5_al0.1_te0.5,,,,,,,,
yahoo-a1,vlstm-kl,derpp,12,12,336,B1,50.0,,,0.5,,1.0,0.5,-0.04616802917531815,-0.024448280438199743,0.04616802917531815,0.8929913832858113,0.8427540460683466,0.9815552886800668,4,6,6,0.9816,0.9313,0.9299,0.7292,0.8228,0.9351,0.8839,0.7292,0.0001928205684813,0.0002913023034014,0.0001324108510407,0.0001588914523607,95.3,27,4,95.4,r-derpp_sl12_st12_sp336_bu50_re0.5_al1.0_te0.5,,,,,,,,
yahoo-a1,vlstm-kl,derpp,12,12,336,B1,50.0,,,0.5,,0.5,0.1,-0.04139206565037538,-0.024515105326808062,0.04139206565037538,0.8909052492177474,0.8431755370935184,0.9815552886800668,4,6,6,0.9816,0.9259,0.9367,0.7194,0.8465,0.9245,0.8823,0.7194,0.0001878611819959,0.0002838099455164,0.0001290052078088,0.0001548047377076,92.9,25,4,92.9,r-derpp_sl12_st12_sp336_bu50_re0.5_al0.5_te0.1,,,,,,,,
yahoo-a1,vlstm-kl,derpp,12,12,336,B1,50.0,,,0.5,,0.5,1.0,-0.015312519243462552,-0.011692746740036805,0.015312519243462552,0.903493770757283,0.8865874505141158,0.9815552886800668,4,6,6,0.9816,0.9316,0.9508,0.7501,0.9251,0.9321,0.9391,0.7501,0.0001795855219912,0.0002713075509818,0.0001233223148718,0.00014798523611,88.8,24,4,88.8,r-derpp_sl12_st12_sp336_bu50_re0.5_al0.5_te1.0,,,,,,,,
yahoo-a1,vlstm-kl,gdumb,6,6,336,B2,50.0,,,0.5,,,,-0.09213445102886413,-0.06867342380318513,0.09213445102886413,0.8557393716374944,0.7839512390479477,0.9660239681775571,4,6,6,0.966,0.9457,0.8443,0.667,0.7462,0.9164,0.8062,0.667,0.0001044553830802,0.0001578052275938,7.17300856485963e-05,8.607514194523294e-05,51.6,25,4,51.7,r-gdumb_sl6_st6_sp336_bu50_re0.5,,,,,,,,
yahoo-a1,vlstm-kl,derpp,6,6,336,B2,50.0,,,0.5,,0.5,0.5,-0.0683562265260405,-0.05259724981557464,0.0683562265260405,0.862861058422679,0.79589563004045,0.9660239681775571,4,6,6,0.966,0.9397,0.8749,0.6708,0.7523,0.9395,0.8209,0.6708,0.0001480550113219,0.0002236730560847,0.0001016699674765,0.0001220030886082,73.2,25,4,73.2,r-derpp_sl6_st6_sp336_bu50_re0.5_al0.5_te0.5,,,,,,,,
yahoo-a1,vlstm-kl,gdumb,8,8,336,B2,50.0,,,0.5,,,,-0.14021880266208198,-0.0587096844717099,0.14021880266208198,0.8512450197679263,0.726241303699071,0.9744323687702193,4,6,6,0.9744,0.9494,0.7803,0.7008,0.5867,0.9266,0.6909,0.7008,0.0001115996161545,0.0001685983269346,7.663604346129837e-05,9.196228347330663e-05,55.2,25,4,55.2,r-gdumb_sl8_st8_sp336_bu50_re0.5,,,,,,,,
yahoo-a1,vlstm-kl,derpp,8,8,336,B2,50.0,,,0.5,,0.5,0.5,-0.13506055820876856,-0.04473255776948656,0.13506055820876856,0.8655630612717288,0.7257524892552499,0.9744323687702193,4,6,6,0.9744,0.9501,0.8219,0.7158,0.5844,0.9361,0.6667,0.7158,0.0001652594807133,0.0002496645859406,0.0001134845970496,0.000136179988891,81.7,25,4,81.7,r-derpp_sl8_st8_sp336_bu50_re0.5_al0.5_te0.5,,,,,,,,
yahoo-a1,vlstm-kl,gdumb,10,10,336,B2,50.0,,,0.5,,,,-0.12290902767085345,-0.06458538507279525,0.12290902767085345,0.8463960154476217,0.7473113854506851,0.9723279884163673,4,6,6,0.9723,0.9281,0.7823,0.7029,0.6748,0.8953,0.7163,0.7029,0.0001172424828713,0.0001771232477215,8.051098883281359e-05,9.661225888878108e-05,58.0,25,4,58.0,r-gdumb_sl10_st10_sp336_bu50_re0.5,,,,,,,,
yahoo-a1,vlstm-kl,derpp,10,10,336,B2,50.0,,,0.5,,0.5,0.5,-0.12567817795971215,-0.06686255775618061,0.12567817795971215,0.8437107434921087,0.747688508549018,0.9723279884163673,4,6,6,0.9723,0.9372,0.7646,0.7008,0.6511,0.9126,0.7263,0.7008,0.0001734093135022,0.0002619768879032,0.0001190810292234,0.0001428958586797,85.7,25,4,85.8,r-derpp_sl10_st10_sp336_bu50_re0.5_al0.5_te0.5,,,,,,,,
yahoo-a1,vlstm-kl,gdumb,16,16,336,B2,50.0,,,0.5,,,,-0.10192138037267479,-0.045263876379520306,0.10192138037267479,0.8719632792705507,0.7673278914881161,0.9856394879483336,4,6,6,0.9856,0.9207,0.8464,0.7351,0.6864,0.9079,0.74,0.7351,0.0001549605444642,0.0002341055411998,0.0001064122068281,0.0001276933343716,76.6,25,4,76.6,r-gdumb_sl16_st16_sp336_bu50_re0.5,,,,,,,,
yahoo-a1,vlstm-kl,derpp,16,16,336,B2,50.0,,,0.5,,0.5,0.5,-0.1444720296745521,-0.03998883797175088,0.1444720296745521,0.8719076440524071,0.7030858788224955,0.9856394879483336,4,6,6,0.9856,0.9215,0.8508,0.7298,0.5228,0.9137,0.646,0.7298,0.0001965061069769,0.0002968702044895,0.0001349416789333,0.0001619285255561,97.2,26,4,97.2,r-derpp_sl16_st16_sp336_bu50_re0.5_al0.5_te0.5,,,,,,,,
yahoo-a1,vlstm-kl,gdumb,24,24,336,B2,50.0,,,0.5,,,,-0.047766445346587326,-0.01717715153798712,0.047766445346587326,0.9011085852220133,0.8384475986907505,0.9833624635871827,4,6,6,0.9834,0.9304,0.9215,0.7692,0.8112,0.933,0.8405,0.7692,0.0001813331332705,0.0002739477423013,0.0001245221870944,0.0001494255552068,89.7,29,4,89.7,r-gdumb_sl24_st24_sp336_bu50_re0.5,,,,,,,,
yahoo-a1,vlstm-kl,derpp,24,24,336,B2,50.0,,,0.5,,0.5,0.5,-0.06319162378630173,-0.020261637161857676,0.06319162378630173,0.8948952076572068,0.8103806509850142,0.987511444028298,4,6,6,0.9834,0.9282,0.9162,0.7518,0.7485,0.9412,0.8,0.7518,0.000233714931926,0.0003530831723274,0.0001604932713542,0.0001925899009732,115.6,27,4,115.5,r-derpp_sl24_st24_sp336_bu50_re0.5_al0.5_te0.5,,,,,,,,
yahoo-a1,vlstm-kl,gdumb,12,12,168,B5,50.0,,,0.5,,,,0.0024388422838233425,-0.039500020566635374,-0.0024388422838233425,0.918623135399492,0.9199504373915781,0.9995516811955167,8,28,28,0.9681,0.9947,0.9996,0.9915,0.9846,0.9903,0.9992,0.9925,0.0001356458141646,0.0002049259496751,9.314858599488312e-05,0.0001117773636803,67.1,52,8,67.1,r-gdumb_sl12_st12_sp168_bu50_re0.5,0.9355,0.852,0.8837,0.724,0.9201,0.8481,0.9008,0.724
yahoo-a1,vlstm-kl,derpp,12,12,168,B5,50.0,,,0.5,,0.5,0.5,5.611936440538812e-05,-0.06309783548605058,-5.611936440538812e-05,0.8977245173302097,0.8947522042209921,0.9996014943960149,8,28,28,0.9681,0.9948,0.9994,0.9931,0.9883,0.9922,0.9988,0.9924,0.000192420298995,0.0002906975991198,0.0001321360300928,0.0001585615690269,95.1,50,8,95.2,r-derpp_sl12_st12_sp168_bu50_re0.5_al0.5_te0.5,0.9344,0.8042,0.8111,0.6768,0.9162,0.7747,0.8187,0.6768
yahoo-a1,vtcn-kl,gdumb,12,12,336,B1,50.0,,,0.5,,,,-0.13746990115366117,-0.05752398493698596,0.13746990115366117,0.8595637455845173,0.731411285419854,0.9873207561613948,4,6,6,0.9873,0.9144,0.845,0.6916,0.6172,0.8637,0.7533,0.6916,0.0001736901486426,0.0002624011575957,0.0001192738953712,0.0001431272622244,85.9,25,4,85.9,r-gdumb_sl12_st12_sp336_bu50_re0.5,,,,,,,,
yahoo-a1,vtcn-kl,gdumb,12,12,336,B1,100.0,,,0.5,,,,-0.15344695667367558,-0.060467811498397105,0.15344695667367558,0.8510499521513595,0.7237777531113987,0.9873207561613948,4,6,6,0.9873,0.922,0.7852,0.7097,0.5783,0.8828,0.7243,0.7097,0.0001824799755116,0.000275680326066,0.0001253098950242,0.0001503704310418,90.2,25,4,90.2,r-gdumb_sl12_st12_sp336_bu100_re0.5,,,,,,,,
yahoo-a1,vtcn-kl,gdumb,12,12,336,B1,250.0,,,0.5,,,,-0.15369536860846142,-0.0537952441492218,0.15369536860846142,0.8649943716788833,0.719591990077693,0.9873207561613948,4,6,6,0.9873,0.9221,0.836,0.7145,0.582,0.8809,0.7009,0.7145,0.0001836171816539,0.0002773983521631,0.0001260909315373,0.0001513074206258,90.8,25,4,90.8,r-gdumb_sl12_st12_sp336_bu250_re0.5,,,,,,,,
yahoo-a1,vtcn-kl,gdumb,12,12,336,B1,500.0,,,0.5,,,,-0.12278930513299534,-0.04154838588657985,0.12278930513299534,0.8715290529895798,0.7464340831890766,0.9873207561613948,4,6,6,0.9873,0.92,0.8541,0.7247,0.6396,0.8897,0.7318,0.7247,0.0001659600269688,0.0002507229312171,0.0001139655845491,0.0001367573466679,82.1,25,4,82.1,r-gdumb_sl12_st12_sp336_bu500_re0.5,,,,,,,,
yahoo-a1,vtcn-kl,gdumb,12,12,336,B1,1000.0,,,0.5,,,,-0.16121071581981128,-0.06456856705836533,0.16121071581981128,0.8500575255791023,0.7038983778166337,0.9873207561613948,4,6,6,0.9873,0.9162,0.7986,0.6981,0.5616,0.8563,0.6996,0.6981,0.0001743468416688,0.0002633932519176,0.0001197247699058,0.0001436684820118,86.2,25,4,86.2,r-gdumb_sl12_st12_sp336_bu1000_re0.5,,,,,,,,
yahoo-a1,vtcn-kl,gdumb,12,12,336,B1,50.0,,,,,,,-0.16437014281455506,-0.08027036169457857,0.16437014281455506,0.8418324920948442,0.7507657598245076,0.9873207561613948,4,6,6,0.9873,0.9145,0.7477,0.7178,0.6464,0.8677,0.7712,0.7178,0.0001624592137613,0.0002454341025452,0.0001115616268497,0.0001338724756954,80.3,28,4,80.3,r-gdumb_sl12_st12_sp336_bu50,,,,,,,,
yahoo-a1,vtcn-kl,gdumb,12,12,336,B1,50.0,,,0.3,,,,-0.15425312796663135,-0.07219270410603751,0.15425312796663135,0.8488512920108396,0.7340261969772545,0.9873207561613948,4,6,6,0.9873,0.9168,0.7873,0.704,0.6079,0.8747,0.7495,0.704,0.0001615406321382,0.0002440463618868,0.000110931240222,0.0001331151216647,79.9,27,4,79.9,r-gdumb_sl12_st12_sp336_bu50_re0.3,,,,,,,,
yahoo-a1,vtcn-kl,derpp,12,12,336,B1,50.0,,,0.5,,0.5,0.5,-0.13619174956832797,-0.055215473278984684,0.13619174956832797,0.8582588599110492,0.7304670479456439,0.9873207561613948,4,6,6,0.9873,0.9216,0.8205,0.7037,0.6094,0.8888,0.7199,0.7037,0.0002246708877626,0.0003394199468862,0.0001542827381364,0.0001851372087498,111.1,25,4,111.1,r-derpp_sl12_st12_sp336_bu50_re0.5_al0.5_te0.5,,,,,,,,
yahoo-a1,vtcn-kl,derpp,12,12,336,B1,100.0,,,0.5,,0.5,0.5,-0.11739974576896915,-0.060143484546444415,0.11739974576896915,0.8467060818395039,0.7489467709197338,0.9873207561613948,4,6,6,0.9873,0.8918,0.7915,0.7161,0.6396,0.8889,0.7511,0.7161,0.000158196768421,0.0002389946435417,0.0001086345006931,0.0001303601428486,78.2,26,4,78.2,r-derpp_sl12_st12_sp336_bu100_re0.5_al0.5_te0.5,,,,,,,,
yahoo-a1,vtcn-kl,derpp,12,12,336,B1,250.0,,,0.5,,0.5,0.5,-0.14076127543545158,-0.04896941197188309,0.14076127543545158,0.8619772820731506,0.716108161636954,0.9873207561613948,4,6,6,0.9873,0.913,0.8286,0.719,0.5836,0.8933,0.6686,0.719,0.0002178387585787,0.0003290983562796,0.0001495908925329,0.0001795074637467,107.7,27,4,107.7,r-derpp_sl12_st12_sp336_bu250_re0.5_al0.5_te0.5,,,,,,,,
yahoo-a1,vtcn-kl,derpp,12,12,336,B1,500.0,,,0.5,,0.5,0.5,-0.12889337332436454,-0.05328350376372074,0.12889337332436454,0.858858829103614,0.7401864047048963,0.9873207561613948,4,6,6,0.9873,0.9226,0.8165,0.7091,0.6479,0.8743,0.7295,0.7091,0.0002262016128488,0.0003417324789309,0.000155333757405,0.0001863987215259,111.8,26,4,111.9,r-derpp_sl12_st12_sp336_bu500_re0.5_al0.5_te0.5,,,,,,,,
yahoo-a1,vtcn-kl,derpp,12,12,336,B1,1000.0,,,0.5,,0.5,0.5,-0.13654973564649422,-0.044673796059409854,0.13654973564649422,0.8657523705651574,0.7306627845978392,0.9873207561613948,4,6,6,0.9873,0.923,0.8374,0.7153,0.6167,0.8732,0.7175,0.7153,0.0001465425621349,0.0002213881342248,0.0001006315108214,0.0001207566234034,72.5,27,4,72.5,r-derpp_sl12_st12_sp336_bu1000_re0.5_al0.5_te0.5,,,,,,,,
yahoo-a1,vtcn-kl,derpp,12,12,336,B1,50.0,,,,,0.5,0.5,-0.16162497392153613,-0.07611516447184609,0.16162497392153613,0.8317431347548776,0.7232955047525707,0.9873207561613948,4,6,6,0.9873,0.9236,0.6983,0.7177,0.5936,0.8745,0.7074,0.7177,0.0001846678769749,0.0002789856826517,0.0001268123162619,0.0001521733663898,91.3,28,4,91.3,r-derpp_sl12_st12_sp336_bu50_al0.5_te0.5,,,,,,,,
yahoo-a1,vtcn-kl,derpp,12,12,336,B1,50.0,,,0.3,,0.5,0.5,-0.20781303764423784,-0.07884431138483998,0.20781303764423784,0.8250638213750564,0.6267694837894645,0.9873207561613948,4,6,6,0.9873,0.9177,0.7187,0.6765,0.3975,0.8538,0.5792,0.6765,0.0002065505761072,0.0003120448148391,0.0001418393910894,0.0001702054237496,102.1,25,4,102.1,r-derpp_sl12_st12_sp336_bu50_re0.3_al0.5_te0.5,,,,,,,,
yahoo-a1,vtcn-kl,derpp,12,12,336,B1,50.0,,,0.5,,0.1,0.5,-0.14009770387788098,-0.057219170798905226,0.14009770387788098,0.848144989956972,0.716616135056425,0.9873207561613948,4,6,6,0.9873,0.9271,0.7643,0.7139,0.5938,0.8853,0.6734,0.7139,0.0002275173760604,0.0003437202588514,0.0001562373494774,0.0001874829093739,112.5,25,4,112.5,r-derpp_sl12_st12_sp336_bu50_re0.5_al0.1_te0.5,,,,,,,,
yahoo-a1,vtcn-kl,derpp,12,12,336,B1,50.0,,,0.5,,1.0,0.5,-0.10877230637832781,-0.05521576273041717,0.10877230637832781,0.864740204541708,0.7751304122846425,0.9873207561613948,4,6,6,0.9873,0.9141,0.8426,0.715,0.6789,0.8992,0.8074,0.715,7.10896265034806e-05,0.0001073981479855,4.881767499933227e-05,5.858047298621387e-05,35.1,26,4,35.2,r-derpp_sl12_st12_sp336_bu50_re0.5_al1.0_te0.5,,,,,,,,
yahoo-a1,vtcn-kl,derpp,12,12,336,B1,50.0,,,0.5,,0.5,0.1,-0.1445699052517951,-0.05393664128495638,0.1445699052517951,0.8699511463110859,0.7292695679798018,0.9873207561613948,4,6,6,0.9873,0.9259,0.8673,0.6993,0.5948,0.8831,0.7399,0.6993,0.0002423501691299,0.0003661287955602,0.0001664230819461,0.000199705713614,119.8,26,4,119.8,r-derpp_sl12_st12_sp336_bu50_re0.5_al0.5_te0.1,,,,,,,,
yahoo-a1,vtcn-kl,derpp,12,12,336,B1,50.0,,,0.5,,0.5,1.0,-0.09876165069375353,-0.05354450361348858,0.09876165069375353,0.8535067709321518,0.7836180800556455,0.9873207561613948,4,6,6,0.9873,0.9255,0.7671,0.734,0.7094,0.901,0.7901,0.734,0.0001811019976208,0.0002735985557613,0.0001243634309024,0.0001492351248588,89.5,26,4,89.6,r-derpp_sl12_st12_sp336_bu50_re0.5_al0.5_te1.0,,,,,,,,
yahoo-a1,vtcn-kl,gdumb,6,6,336,B2,50.0,,,0.5,,,,-0.10223134264231325,-0.03237699315554047,0.10223134264231325,0.8710441046060784,0.7606479527738319,0.9677569738275609,4,6,6,0.9678,0.9253,0.88,0.7111,0.6669,0.8994,0.7652,0.7111,0.0002316871374384,0.0003500196962174,0.0001591006835068,0.0001909190127106,114.6,25,4,114.6,r-gdumb_sl6_st6_sp336_bu50_re0.5,,,,,,,,
yahoo-a1,vtcn-kl,derpp,6,6,336,B2,50.0,,,0.5,,0.5,0.5,-0.05460024367395946,-0.03353209998040727,0.05460024367395946,0.8751256572937838,0.8384676849889088,0.9677569738275609,4,6,6,0.9678,0.9195,0.8832,0.7301,0.841,0.8985,0.8843,0.7301,0.0002480806236337,0.0003747860389737,0.0001703581624438,0.0002044278765299,122.7,26,4,122.7,r-derpp_sl6_st6_sp336_bu50_re0.5_al0.5_te0.5,,,,,,,,
yahoo-a1,vtcn-kl,gdumb,8,8,336,B2,50.0,,,0.5,,,,-0.08265827536822233,-0.06640683478361747,0.08265827536822233,0.8387337537426163,0.7741690687880001,0.9714507208133936,4,6,6,0.9715,0.9195,0.7856,0.6783,0.7821,0.8775,0.7588,0.6783,0.0001880657433508,0.0002841189851294,0.0001291456611704,0.000154973323959,93.0,26,4,93.0,r-gdumb_sl8_st8_sp336_bu50_re0.5,,,,,,,,
yahoo-a1,vtcn-kl,derpp,8,8,336,B2,50.0,,,0.5,,0.5,0.5,-0.11817427683297875,-0.05531627871145347,0.11817427683297875,0.8528943255570065,0.7268516963313398,0.9714507208133936,4,6,6,0.9715,0.9247,0.8406,0.6749,0.6517,0.9133,0.6675,0.6749,0.000257959418284,0.0003897103577803,0.0001771420229161,0.0002125683348641,127.5,29,4,127.6,r-derpp_sl8_st8_sp336_bu50_re0.5_al0.5_te0.5,,,,,,,,
yahoo-a1,vtcn-kl,gdumb,10,10,336,B2,50.0,,,0.5,,,,-0.12661335472436927,-0.06077456437197237,0.12661335472436927,0.857551539093368,0.7531552814547489,0.9711627997679373,4,6,6,0.9712,0.9282,0.8279,0.7029,0.6453,0.8933,0.7711,0.7029,0.0001595717008642,0.0002410718129583,0.0001095789299734,0.0001314928829848,78.9,25,4,78.9,r-gdumb_sl10_st10_sp336_bu50_re0.5,,,,,,,,
yahoo-a1,vtcn-kl,derpp,10,10,336,B2,50.0,,,0.5,,0.5,0.5,-0.0965137568246231,-0.05048060508397162,0.0965137568246231,0.8624967760033551,0.7888170119459486,0.9711627997679373,4,6,6,0.9712,0.9262,0.8297,0.7229,0.7069,0.9173,0.8081,0.7229,0.0002597571070676,0.0003924262033334,0.0001783764958336,0.0002140497074997,128.4,25,4,128.4,r-derpp_sl10_st10_sp336_bu50_re0.5_al0.5_te0.5,,,,,,,,
yahoo-a1,vtcn-kl,gdumb,16,16,336,B2,50.0,,,0.5,,,,-0.08313481738964336,-0.03695952311622521,0.08313481738964336,0.8683469505004384,0.7898040480053776,0.9721785261215546,4,6,6,0.9722,0.9244,0.8537,0.7232,0.7438,0.8912,0.801,0.7232,0.0001280671180177,0.0001934764883351,8.794440416645052e-05,0.0001055320841687,63.3,25,4,63.3,r-gdumb_sl16_st16_sp336_bu50_re0.5,,,,,,,,
yahoo-a1,vtcn-kl,derpp,16,16,336,B2,50.0,,,0.5,,0.5,0.5,-0.10930031148339085,-0.0397362512138536,0.10930031148339085,0.8588695736076613,0.7434013403873097,0.9729996540191442,4,6,6,0.9722,0.9255,0.8388,0.699,0.6902,0.8559,0.7285,0.699,0.0001967618165942,0.0002972565159765,0.0001351172902168,0.0001621392257596,97.3,25,4,97.3,r-derpp_sl16_st16_sp336_bu50_re0.5_al0.5_te0.5,,,,,,,,
yahoo-a1,vtcn-kl,gdumb,24,24,336,B2,50.0,,,0.5,,,,-0.028909192979903298,-0.01881338749406349,0.028909192979903298,0.9063458057018989,0.878426615694575,0.9864461090303788,4,6,6,0.9864,0.9309,0.9204,0.7877,0.9022,0.9254,0.8984,0.7877,0.0001317532438803,0.0001990452767837,9.047565844828368e-05,0.0001085696183354,65.1,34,4,65.2,r-gdumb_sl24_st24_sp336_bu50_re0.5,,,,,,,,
yahoo-a1,vtcn-kl,derpp,24,24,336,B2,50.0,,,0.5,,0.5,0.5,-0.07125678306234423,-0.028384189551772205,0.07125678306234423,0.8905842942766711,0.8097388927385543,0.9871993341656262,4,6,6,0.9864,0.9271,0.8819,0.7668,0.7669,0.9188,0.7864,0.7668,0.0001553304583802,0.0002346643860193,0.0001066661167825,0.0001279982692368,76.8,33,4,76.8,r-derpp_sl24_st24_sp336_bu50_re0.5_al0.5_te0.5,,,,,,,,
yahoo-a1,vtcn-kl,gdumb,12,12,168,B5,50.0,,,0.5,,,,-0.0027147712297703464,-0.04238996134519142,0.0027147712297703464,0.9156225188493021,0.9131207661677041,0.9996014943960149,8,28,28,0.9594,0.9943,0.9986,0.9931,0.9781,0.9853,0.9972,0.9909,0.0002463178183521,0.0003721228934233,0.0001691476734943,0.0002029752199289,121.8,56,8,121.8,r-gdumb_sl12_st12_sp168_bu50_re0.5,0.8821,0.9173,0.8547,0.7255,0.8454,0.9125,0.8702,0.7255
yahoo-a1,vtcn-kl,derpp,12,12,168,B5,50.0,,,0.5,,0.5,0.5,-0.003781662011578392,-0.07081277205225238,0.003781662011578392,0.8812298301404133,0.8758674745566593,0.9996014943960149,8,28,28,0.9594,0.9938,0.9989,0.9943,0.9693,0.9895,0.9963,0.9927,0.0002325877994867,0.0003513803650057,0.0001597190829892,0.0001916612820164,115.0,53,8,115.0,r-derpp_sl12_st12_sp168_bu50_re0.5_al0.5_te0.5,0.9089,0.8229,0.6982,0.6735,0.8615,0.8025,0.7217,0.6735
